"location","origin","clock","epidemic","model","nll","convergence","max_gradient","gradient_status","finite_fit","finite_prediction","leakage_ok","use_random","fit_seconds","warnings"
"Alabama",2025-01-02,"calendar","hsgp","hurdle_ztnb",509.057978834346,0,0.00147635533554735,"pass",TRUE,TRUE,TRUE,FALSE,4.711,""
"Alabama",2025-01-02,"calendar","hsgp","hurdle_ztpoisson",870.451838297391,0,0.0341163857443658,"pass",TRUE,TRUE,TRUE,FALSE,5.811,""
"Alabama",2025-01-02,"calendar","sir","hurdle_ztnb",616.280055737232,0,0.00304877815583393,"pass",TRUE,TRUE,TRUE,FALSE,4.19499999999999,""
"Alabama",2025-01-02,"calendar","sir","hurdle_ztpoisson",640.703571806613,0,0.00864654240352962,"pass",TRUE,TRUE,TRUE,FALSE,4.36199999999999,""
"Alabama",2025-02-15,"calendar","hsgp","hurdle_ztnb",620.051875339169,0,0.00118144234912876,"pass",TRUE,TRUE,TRUE,FALSE,4.22399999999999,""
"Alabama",2025-02-15,"calendar","hsgp","hurdle_ztpoisson",2213.5631477032,0,0.0100374158700987,"pass",TRUE,TRUE,TRUE,FALSE,4.17400000000001,""
"Alabama",2025-02-15,"calendar","sir","hurdle_ztnb",738.015629317092,0,0.00297090712800976,"pass",TRUE,TRUE,TRUE,FALSE,4.425,""
"Alabama",2025-02-15,"calendar","sir","hurdle_ztpoisson",962.021168760475,0,0.00311535404352067,"pass",TRUE,TRUE,TRUE,FALSE,4.756,""
"Alabama",2025-03-29,"calendar","hsgp","hurdle_ztnb",707.868289850876,0,0.00190981238781218,"pass",TRUE,TRUE,TRUE,FALSE,4.62700000000001,""
"Alabama",2025-03-29,"calendar","hsgp","hurdle_ztpoisson",2495.90919826798,0,0.0166311345708976,"pass",TRUE,TRUE,TRUE,FALSE,3.879,""
"Alabama",2025-03-29,"calendar","sir","hurdle_ztnb",840.337486523007,0,0.0036315359236383,"pass",TRUE,TRUE,TRUE,FALSE,4.104,""
"Alabama",2025-03-29,"calendar","sir","hurdle_ztpoisson",1074.86308093384,0,0.00693415186267277,"pass",TRUE,TRUE,TRUE,FALSE,4.23099999999999,""
"Alabama",2025-04-26,"calendar","hsgp","hurdle_ztnb",860.952959031122,0,0.00162932565651625,"pass",TRUE,TRUE,TRUE,FALSE,4.402,""
"Alabama",2025-04-26,"calendar","hsgp","hurdle_ztpoisson",2723.96975687129,0,0.0404893449933226,"pass",TRUE,TRUE,TRUE,FALSE,3.97499999999999,""
"Alabama",2025-04-26,"calendar","sir","hurdle_ztnb",1015.72558140616,0,0.000558416098318415,"pass",TRUE,TRUE,TRUE,FALSE,4.38200000000001,""
"Alabama",2025-04-26,"calendar","sir","hurdle_ztpoisson",1243.79438373502,0,0.00470568555732041,"pass",TRUE,TRUE,TRUE,FALSE,4.66199999999999,""
"Alabama",2025-05-31,"calendar","hsgp","hurdle_ztnb",1006.84784870733,0,0.00414228704444675,"pass",TRUE,TRUE,TRUE,FALSE,4.50600000000001,""
"Alabama",2025-05-31,"calendar","hsgp","hurdle_ztpoisson",2925.04155382322,0,0.0116909083272322,"pass",TRUE,TRUE,TRUE,FALSE,4.31399999999999,""
"Alabama",2025-05-31,"calendar","sir","hurdle_ztnb",1191.59875552265,0,0.00318262341432596,"pass",TRUE,TRUE,TRUE,FALSE,4.81,""
"Alabama",2025-05-31,"calendar","sir","hurdle_ztpoisson",1428.56150092252,0,0.00313341530445843,"pass",TRUE,TRUE,TRUE,FALSE,5.04599999999999,""
"Alaska",2025-01-02,"calendar","hsgp","hurdle_ztnb",475.607717226282,0,0.00346263937086111,"pass",TRUE,TRUE,TRUE,FALSE,3.52100000000002,""
"Alaska",2025-01-02,"calendar","hsgp","hurdle_ztpoisson",482.223324675469,0,0.00247034882690705,"pass",TRUE,TRUE,TRUE,FALSE,3.322,""
"Alaska",2025-01-02,"calendar","sir","hurdle_ztnb",546.677406451986,0,0.00290880996917264,"pass",TRUE,TRUE,TRUE,FALSE,3.821,""
"Alaska",2025-01-02,"calendar","sir","hurdle_ztpoisson",551.886191756793,0,0.00209143534195599,"pass",TRUE,TRUE,TRUE,FALSE,3.756,""
"Alaska",2025-02-15,"calendar","hsgp","hurdle_ztnb",551.102359143115,0,0.000906504162721672,"pass",TRUE,TRUE,TRUE,FALSE,3.72300000000001,""
"Alaska",2025-02-15,"calendar","hsgp","hurdle_ztpoisson",628.276237925042,0,0.00467069099323103,"pass",TRUE,TRUE,TRUE,FALSE,3.77199999999999,""
"Alaska",2025-02-15,"calendar","sir","hurdle_ztnb",626.257009578852,0,0.00975215740532742,"pass",TRUE,TRUE,TRUE,FALSE,3.95499999999998,""
"Alaska",2025-02-15,"calendar","sir","hurdle_ztpoisson",652.414610185056,0,0.00220593923936652,"pass",TRUE,TRUE,TRUE,FALSE,3.86499999999998,""
"Alaska",2025-03-29,"calendar","hsgp","hurdle_ztnb",632.84088538651,0,0.00120134740306543,"pass",TRUE,TRUE,TRUE,FALSE,3.97,""
"Alaska",2025-03-29,"calendar","hsgp","hurdle_ztpoisson",742.400143485842,0,0.00409797453382071,"pass",TRUE,TRUE,TRUE,FALSE,3.886,""
"Alaska",2025-03-29,"calendar","sir","hurdle_ztnb",713.093086686538,0,0.000527316592023319,"pass",TRUE,TRUE,TRUE,FALSE,4.40400000000002,""
"Alaska",2025-03-29,"calendar","sir","hurdle_ztpoisson",753.188843296858,0,0.0030671230623176,"pass",TRUE,TRUE,TRUE,FALSE,4.179,""
"Alaska",2025-04-26,"calendar","hsgp","hurdle_ztnb",671.991892170449,0,0.00160116700772536,"pass",TRUE,TRUE,TRUE,FALSE,4.14499999999998,""
"Alaska",2025-04-26,"calendar","hsgp","hurdle_ztpoisson",786.432321885335,0,0.00189495800830486,"pass",TRUE,TRUE,TRUE,FALSE,3.90699999999998,""
"Alaska",2025-04-26,"calendar","sir","hurdle_ztnb",755.205315428725,0,0.00287944559211795,"pass",TRUE,TRUE,TRUE,FALSE,4.47,""
"Alaska",2025-04-26,"calendar","sir","hurdle_ztpoisson",792.479365319311,0,0.0106841641129547,"pass",TRUE,TRUE,TRUE,FALSE,4.22900000000001,""
"Alaska",2025-05-31,"calendar","hsgp","hurdle_ztnb",718.704845016965,0,0.00142206528504474,"pass",TRUE,TRUE,TRUE,FALSE,4.483,""
"Alaska",2025-05-31,"calendar","hsgp","hurdle_ztpoisson",830.362940339852,0,0.00509426062670082,"pass",TRUE,TRUE,TRUE,FALSE,4.13800000000001,""
"Alaska",2025-05-31,"calendar","sir","hurdle_ztnb",805.924388174107,0,0.0269534091667155,"pass",TRUE,TRUE,TRUE,FALSE,4.97499999999999,""
"Alaska",2025-05-31,"calendar","sir","hurdle_ztpoisson",842.693849990472,0,0.00310622451096521,"pass",TRUE,TRUE,TRUE,FALSE,4.428,""
"Arizona",2025-01-02,"calendar","hsgp","hurdle_ztnb",890.935382852588,0,0.00120963534807528,"pass",TRUE,TRUE,TRUE,FALSE,3.85300000000001,""
"Arizona",2025-01-02,"calendar","hsgp","hurdle_ztpoisson",4363.01088712375,0,0.0244515054596474,"pass",TRUE,TRUE,TRUE,FALSE,3.90299999999999,""
"Arizona",2025-01-02,"calendar","sir","hurdle_ztnb",1022.50195552223,0,0.0020170177728609,"pass",TRUE,TRUE,TRUE,FALSE,4.071,""
"Arizona",2025-01-02,"calendar","sir","hurdle_ztpoisson",3350.97173866576,0,0.0146665981163573,"pass",TRUE,TRUE,TRUE,FALSE,4.25099999999998,""
"Arizona",2025-02-15,"calendar","hsgp","hurdle_ztnb",1333.65751890272,0,0.00220309170944116,"pass",TRUE,TRUE,TRUE,FALSE,4.70699999999999,""
"Arizona",2025-02-15,"calendar","hsgp","hurdle_ztpoisson",14035.3059495245,0,0.0851343779398567,"pass",TRUE,TRUE,TRUE,FALSE,4.74699999999999,""
"Arizona",2025-02-15,"calendar","sir","hurdle_ztnb",1480.9743766099,0,0.00535383649623711,"pass",TRUE,TRUE,TRUE,FALSE,5.00800000000001,""
"Arizona",2025-02-15,"calendar","sir","hurdle_ztpoisson",9651.46351256036,0,0.125778133279745,"warning",TRUE,TRUE,TRUE,FALSE,23.212,"The `hurdle_ztpoisson` optimizer did not pass the stability gate.
✖ Optimizer code 0: L-BFGS-B polish: CONVERGENCE: REL_REDUCTION_OF_F <=
  FACTR*EPSMCH
✖ Maximum absolute gradient: 0.1258.
ℹ Try `count_cumulative_process(observation = ""hurdle_ztnb"")`; the ZTNB
  magnitude law was stable in the package-wide sweep.
ℹ This finite fit is returned with `gradient_status = ""warning""`; inspect
  `fit$opt` before using it."
"Arizona",2025-03-29,"calendar","hsgp","hurdle_ztnb",1596.20152338796,0,0.00171635695830397,"pass",TRUE,TRUE,TRUE,FALSE,5.13100000000003,""
"Arizona",2025-03-29,"calendar","hsgp","hurdle_ztpoisson",17780.6101083124,0,0.052900770620797,"pass",TRUE,TRUE,TRUE,FALSE,5.05400000000003,""
"Arizona",2025-03-29,"calendar","sir","hurdle_ztnb",1762.76962261503,0,0.0128584336514238,"pass",TRUE,TRUE,TRUE,FALSE,5.49099999999999,""
"Arizona",2025-03-29,"calendar","sir","hurdle_ztpoisson",12342.1278507724,0,0.042534596848796,"pass",TRUE,TRUE,TRUE,FALSE,8.28300000000002,""
"Arizona",2025-04-26,"calendar","hsgp","hurdle_ztnb",1675.28090899583,0,0.00602799222141837,"pass",TRUE,TRUE,TRUE,FALSE,5.14299999999997,""
"Arizona",2025-04-26,"calendar","hsgp","hurdle_ztpoisson",18216.7548375267,0,4.77906466708007,"warning",TRUE,TRUE,TRUE,FALSE,18.849,"The `hurdle_ztpoisson` optimizer did not pass the stability gate.
✖ Optimizer code 0: relative convergence (4)
✖ Maximum absolute gradient: 4.779.
ℹ Try `count_cumulative_process(observation = ""hurdle_ztnb"")`; the ZTNB
  magnitude law was stable in the package-wide sweep.
ℹ This finite fit is returned with `gradient_status = ""warning""`; inspect
  `fit$opt` before using it."
"Arizona",2025-04-26,"calendar","sir","hurdle_ztnb",1849.02410997782,0,0.0125213606096917,"pass",TRUE,TRUE,TRUE,FALSE,5.649,""
"Arizona",2025-04-26,"calendar","sir","hurdle_ztpoisson",12788.3297960573,0,0.0337309154816645,"pass",TRUE,TRUE,TRUE,FALSE,9.887,""
"Arizona",2025-05-31,"calendar","hsgp","hurdle_ztnb",1736.51365398101,0,0.0059967035558488,"pass",TRUE,TRUE,TRUE,FALSE,5.23200000000003,""
"Arizona",2025-05-31,"calendar","hsgp","hurdle_ztpoisson",18588.0396486113,0,0.0605051256411246,"pass",TRUE,TRUE,TRUE,FALSE,5.488,""
"Arizona",2025-05-31,"calendar","sir","hurdle_ztnb",1921.26148812346,0,0.0117135153942352,"pass",TRUE,TRUE,TRUE,FALSE,5.83100000000002,""
"Arizona",2025-05-31,"calendar","sir","hurdle_ztpoisson",12956.1189815766,0,0.274202861454363,"warning",TRUE,TRUE,TRUE,FALSE,32.213,"The `hurdle_ztpoisson` optimizer did not pass the stability gate.
✖ Optimizer code 0: L-BFGS-B polish: CONVERGENCE: REL_REDUCTION_OF_F <=
  FACTR*EPSMCH
✖ Maximum absolute gradient: 0.2742.
ℹ Try `count_cumulative_process(observation = ""hurdle_ztnb"")`; the ZTNB
  magnitude law was stable in the package-wide sweep.
ℹ This finite fit is returned with `gradient_status = ""warning""`; inspect
  `fit$opt` before using it."
"Arkansas",2025-01-02,"calendar","hsgp","hurdle_ztnb",714.215410970669,0,0.00102195241265729,"pass",TRUE,TRUE,TRUE,FALSE,3.93699999999995,""
"Arkansas",2025-01-02,"calendar","hsgp","hurdle_ztpoisson",779.483355409757,0,0.00607962152884312,"pass",TRUE,TRUE,TRUE,FALSE,3.84100000000001,""
"Arkansas",2025-01-02,"calendar","sir","hurdle_ztnb",805.285133285398,0,0.00884697120851463,"pass",TRUE,TRUE,TRUE,FALSE,4.11000000000001,""
"Arkansas",2025-01-02,"calendar","sir","hurdle_ztpoisson",814.90140766015,1,0.00769994837193955,"pass",TRUE,TRUE,TRUE,FALSE,34.743,""
"Arkansas",2025-02-15,"calendar","hsgp","hurdle_ztnb",858.579805740717,0,0.00124834756624903,"pass",TRUE,TRUE,TRUE,FALSE,4.38799999999998,""
"Arkansas",2025-02-15,"calendar","hsgp","hurdle_ztpoisson",1783.57825175875,0,0.00427731747174787,"pass",TRUE,TRUE,TRUE,FALSE,4.05000000000001,""
"Arkansas",2025-02-15,"calendar","sir","hurdle_ztnb",992.801921262804,0,0.00155553243737372,"pass",TRUE,TRUE,TRUE,FALSE,4.44600000000003,""
"Arkansas",2025-02-15,"calendar","sir","hurdle_ztpoisson",1399.75399507731,0,0.0146644384491164,"pass",TRUE,TRUE,TRUE,FALSE,4.411,""
"Arkansas",2025-03-29,"calendar","hsgp","hurdle_ztnb",1082.10928544526,0,0.00254034264401048,"pass",TRUE,TRUE,TRUE,FALSE,4.73399999999998,""
"Arkansas",2025-03-29,"calendar","hsgp","hurdle_ztpoisson",2244.82847220053,0,0.0115438929695955,"pass",TRUE,TRUE,TRUE,FALSE,4.41800000000001,""
"Arkansas",2025-03-29,"calendar","sir","hurdle_ztnb",1245.21327904259,0,0.0182606412472186,"pass",TRUE,TRUE,TRUE,FALSE,4.84300000000002,""
"Arkansas",2025-03-29,"calendar","sir","hurdle_ztpoisson",1890.12071431159,0,0.0200088492237313,"pass",TRUE,TRUE,TRUE,FALSE,4.96500000000003,""
"Arkansas",2025-04-26,"calendar","hsgp","hurdle_ztnb",1146.93623397257,0,0.00503938956235639,"pass",TRUE,TRUE,TRUE,FALSE,4.83999999999997,""
"Arkansas",2025-04-26,"calendar","hsgp","hurdle_ztpoisson",2318.60326830087,0,0.0309490219774,"pass",TRUE,TRUE,TRUE,FALSE,4.62799999999999,""
"Arkansas",2025-04-26,"calendar","sir","hurdle_ztnb",1239.78741020351,0,0.000592962887609239,"pass",TRUE,TRUE,TRUE,FALSE,5.60199999999998,""
"Arkansas",2025-04-26,"calendar","sir","hurdle_ztpoisson",1962.12121190698,0,0.0453284716419231,"pass",TRUE,TRUE,TRUE,FALSE,5.25400000000002,""
"Arkansas",2025-05-31,"calendar","hsgp","hurdle_ztnb",1212.04030734254,0,0.0042676255040055,"pass",TRUE,TRUE,TRUE,FALSE,5.17400000000004,""
"Arkansas",2025-05-31,"calendar","hsgp","hurdle_ztpoisson",2393.03584526689,0,0.0248499697693371,"pass",TRUE,TRUE,TRUE,FALSE,4.66899999999998,""
"Arkansas",2025-05-31,"calendar","sir","hurdle_ztnb",1309.14551303595,0,0.0404416662683293,"pass",TRUE,TRUE,TRUE,FALSE,5.577,""
"Arkansas",2025-05-31,"calendar","sir","hurdle_ztpoisson",2043.31126307841,0,0.0214775235951961,"pass",TRUE,TRUE,TRUE,FALSE,5.36000000000007,""
"California",2025-01-02,"calendar","hsgp","hurdle_ztnb",1123.98954236834,0,0.00453242826187505,"pass",TRUE,TRUE,TRUE,FALSE,4.28100000000006,""
"California",2025-01-02,"calendar","hsgp","hurdle_ztpoisson",4332.50083705016,0,0.0106570392340306,"pass",TRUE,TRUE,TRUE,FALSE,4.17200000000003,""
"California",2025-01-02,"calendar","sir","hurdle_ztnb",1303.24165481216,0,0.000285980069624991,"pass",TRUE,TRUE,TRUE,FALSE,4.49099999999999,""
"California",2025-01-02,"calendar","sir","hurdle_ztpoisson",2357.58302215057,0,0.0120906838532446,"pass",TRUE,TRUE,TRUE,FALSE,4.91999999999996,""
"California",2025-02-15,"calendar","hsgp","hurdle_ztnb",1367.59786904101,0,0.00380169777315853,"pass",TRUE,TRUE,TRUE,FALSE,4.774,""
"California",2025-02-15,"calendar","hsgp","hurdle_ztpoisson",11264.6861947895,0,0.0278824465153378,"pass",TRUE,TRUE,TRUE,FALSE,4.52700000000004,""
"California",2025-02-15,"calendar","sir","hurdle_ztnb",1600.80990158366,0,0.0025875585267201,"pass",TRUE,TRUE,TRUE,FALSE,5.01199999999994,""
"California",2025-02-15,"calendar","sir","hurdle_ztpoisson",4492.04846391537,1,1.4969052103454,"warning",TRUE,TRUE,TRUE,FALSE,50.478,"The `hurdle_ztpoisson` optimizer did not pass the stability gate.
✖ Optimizer code 1: L-BFGS-B polish: NEW_X
✖ Maximum absolute gradient: 1.497.
ℹ Try `count_cumulative_process(observation = ""hurdle_ztnb"")`; the ZTNB
  magnitude law was stable in the package-wide sweep.
ℹ This finite fit is returned with `gradient_status = ""warning""`; inspect
  `fit$opt` before using it."
"California",2025-03-29,"calendar","hsgp","hurdle_ztnb",1625.59272614667,0,0.00434245295010949,"pass",TRUE,TRUE,TRUE,FALSE,5.16399999999999,""
"California",2025-03-29,"calendar","hsgp","hurdle_ztpoisson",12968.0576167272,0,0.0279114145838502,"pass",TRUE,TRUE,TRUE,FALSE,5.351,""
"California",2025-03-29,"calendar","sir","hurdle_ztnb",1886.82615868935,0,0.00210809186070415,"pass",TRUE,TRUE,TRUE,FALSE,5.57100000000003,""
"California",2025-03-29,"calendar","sir","hurdle_ztpoisson",5464.88600767463,0,0.106375208878968,"warning",TRUE,TRUE,TRUE,FALSE,42.6740000000001,"The `hurdle_ztpoisson` optimizer did not pass the stability gate.
✖ Optimizer code 0: L-BFGS-B polish: CONVERGENCE: REL_REDUCTION_OF_F <=
  FACTR*EPSMCH
✖ Maximum absolute gradient: 0.1064.
ℹ Try `count_cumulative_process(observation = ""hurdle_ztnb"")`; the ZTNB
  magnitude law was stable in the package-wide sweep.
ℹ This finite fit is returned with `gradient_status = ""warning""`; inspect
  `fit$opt` before using it."
"California",2025-04-26,"calendar","hsgp","hurdle_ztnb",1705.74502725863,0,0.00655485394672883,"pass",TRUE,TRUE,TRUE,FALSE,5.49199999999996,""
"California",2025-04-26,"calendar","hsgp","hurdle_ztpoisson",13122.217222784,0,0.0781203206683151,"pass",TRUE,TRUE,TRUE,FALSE,6.37900000000002,""
"California",2025-04-26,"calendar","sir","hurdle_ztnb",1899.97461334347,0,0.0389763336420758,"pass",TRUE,TRUE,TRUE,FALSE,6.13800000000003,""
"California",2025-04-26,"calendar","sir","hurdle_ztpoisson",5655.4419010066,0,0.0385623043667325,"pass",TRUE,TRUE,TRUE,FALSE,12.7189999999999,""
"California",2025-05-31,"calendar","hsgp","hurdle_ztnb",1799.12059737555,0,0.00400873888123277,"pass",TRUE,TRUE,TRUE,FALSE,5.58799999999997,""
"California",2025-05-31,"calendar","hsgp","hurdle_ztpoisson",13394.9271429703,0,0.0451319007427775,"pass",TRUE,TRUE,TRUE,FALSE,5.56600000000003,""
"California",2025-05-31,"calendar","sir","hurdle_ztnb",2010.94184931727,0,0.00104472247673759,"pass",TRUE,TRUE,TRUE,FALSE,6.57499999999993,""
"California",2025-05-31,"calendar","sir","hurdle_ztpoisson",5934.13506803452,0,0.566291049706993,"warning",TRUE,TRUE,TRUE,FALSE,56.498,"The `hurdle_ztpoisson` optimizer did not pass the stability gate.
✖ Optimizer code 0: L-BFGS-B polish: CONVERGENCE: REL_REDUCTION_OF_F <=
  FACTR*EPSMCH
✖ Maximum absolute gradient: 0.5663.
ℹ Try `count_cumulative_process(observation = ""hurdle_ztnb"")`; the ZTNB
  magnitude law was stable in the package-wide sweep.
ℹ This finite fit is returned with `gradient_status = ""warning""`; inspect
  `fit$opt` before using it."
"Colorado",2025-01-02,"calendar","hsgp","hurdle_ztnb",668.527746178795,0,0.00224814643144544,"pass",TRUE,TRUE,TRUE,FALSE,3.83799999999997,""
"Colorado",2025-01-02,"calendar","hsgp","hurdle_ztpoisson",970.216998673308,0,0.00197967366989205,"pass",TRUE,TRUE,TRUE,FALSE,3.56399999999996,""
"Colorado",2025-01-02,"calendar","sir","hurdle_ztnb",783.688558222161,0,0.00232600881361256,"pass",TRUE,TRUE,TRUE,FALSE,4.14399999999989,""
"Colorado",2025-01-02,"calendar","sir","hurdle_ztpoisson",835.704800891058,0,0.0341709466342389,"pass",TRUE,TRUE,TRUE,FALSE,3.84399999999994,""
"Colorado",2025-02-15,"calendar","hsgp","hurdle_ztnb",803.003356763519,0,0.00354937713786763,"pass",TRUE,TRUE,TRUE,FALSE,4.14400000000001,""
"Colorado",2025-02-15,"calendar","hsgp","hurdle_ztpoisson",2347.25008369361,0,0.0275068849746405,"pass",TRUE,TRUE,TRUE,FALSE,4.08899999999994,""
"Colorado",2025-02-15,"calendar","sir","hurdle_ztnb",887.80209759397,0,0.0148395528553638,"pass",TRUE,TRUE,TRUE,FALSE,4.43499999999995,""
"Colorado",2025-02-15,"calendar","sir","hurdle_ztpoisson",1185.63897168879,0,0.0174341307715984,"pass",TRUE,TRUE,TRUE,FALSE,4.36300000000006,""
"Colorado",2025-03-29,"calendar","hsgp","hurdle_ztnb",906.835812926729,0,0.00512797075657145,"pass",TRUE,TRUE,TRUE,FALSE,4.36900000000003,""
"Colorado",2025-03-29,"calendar","hsgp","hurdle_ztpoisson",2855.08462013461,0,0.0131260444148711,"pass",TRUE,TRUE,TRUE,FALSE,4.02999999999997,""
"Colorado",2025-03-29,"calendar","sir","hurdle_ztnb",995.807031344581,0,0.0105002714114569,"pass",TRUE,TRUE,TRUE,FALSE,4.65999999999997,""
"Colorado",2025-03-29,"calendar","sir","hurdle_ztpoisson",1373.93272653187,0,0.0231541386610965,"pass",TRUE,TRUE,TRUE,FALSE,4.69599999999991,""
"Colorado",2025-04-26,"calendar","hsgp","hurdle_ztnb",947.892601291257,0,0.00160937120863336,"pass",TRUE,TRUE,TRUE,FALSE,4.34399999999994,""
"Colorado",2025-04-26,"calendar","hsgp","hurdle_ztpoisson",2919.7647071804,0,0.00463551060647172,"pass",TRUE,TRUE,TRUE,FALSE,4.21400000000006,""
"Colorado",2025-04-26,"calendar","sir","hurdle_ztnb",1041.53456785419,0,0.0068567624821233,"pass",TRUE,TRUE,TRUE,FALSE,4.98199999999997,""
"Colorado",2025-04-26,"calendar","sir","hurdle_ztpoisson",1429.2882800964,0,0.0799646340915416,"pass",TRUE,TRUE,TRUE,FALSE,4.69500000000005,""
"Colorado",2025-05-31,"calendar","hsgp","hurdle_ztnb",984.490337870826,0,0.00664397716464138,"pass",TRUE,TRUE,TRUE,FALSE,4.37800000000004,""
"Colorado",2025-05-31,"calendar","hsgp","hurdle_ztpoisson",2958.97019110847,0,0.0219424230516544,"pass",TRUE,TRUE,TRUE,FALSE,4.33300000000008,""
"Colorado",2025-05-31,"calendar","sir","hurdle_ztnb",1082.21606706958,0,0.00162849806167453,"pass",TRUE,TRUE,TRUE,FALSE,5.07599999999991,""
"Colorado",2025-05-31,"calendar","sir","hurdle_ztpoisson",1478.58707785867,0,0.0411821592115185,"pass",TRUE,TRUE,TRUE,FALSE,5.279,""
"Connecticut",2025-01-02,"calendar","hsgp","hurdle_ztnb",495.616134569635,0,0.00190857275741441,"pass",TRUE,TRUE,TRUE,FALSE,3.50400000000002,""
"Connecticut",2025-01-02,"calendar","hsgp","hurdle_ztpoisson",519.984229594629,0,0.0169267657357872,"pass",TRUE,TRUE,TRUE,FALSE,3.38599999999997,""
"Connecticut",2025-01-02,"calendar","sir","hurdle_ztnb",569.173390941199,0,0.000245120036747259,"pass",TRUE,TRUE,TRUE,FALSE,3.55500000000006,""
"Connecticut",2025-01-02,"calendar","sir","hurdle_ztpoisson",560.046047359786,0,0.0266833494359207,"pass",TRUE,TRUE,TRUE,FALSE,5.14600000000007,""
"Connecticut",2025-02-15,"calendar","hsgp","hurdle_ztnb",617.550371199357,0,0.0017744254286991,"pass",TRUE,TRUE,TRUE,FALSE,3.72400000000005,""
"Connecticut",2025-02-15,"calendar","hsgp","hurdle_ztpoisson",1090.72458686979,0,0.0026548344269085,"pass",TRUE,TRUE,TRUE,FALSE,3.66499999999996,""
"Connecticut",2025-02-15,"calendar","sir","hurdle_ztnb",717.407238274365,0,0.000502898592862788,"pass",TRUE,TRUE,TRUE,FALSE,3.93399999999997,""
"Connecticut",2025-02-15,"calendar","sir","hurdle_ztpoisson",808.824572736084,0,0.00123306431137883,"pass",TRUE,TRUE,TRUE,FALSE,4.08100000000002,""
"Connecticut",2025-03-29,"calendar","hsgp","hurdle_ztnb",689.276503239682,0,0.00392947434740876,"pass",TRUE,TRUE,TRUE,FALSE,4.07099999999991,""
"Connecticut",2025-03-29,"calendar","hsgp","hurdle_ztpoisson",1210.28349720996,0,0.0139222102289603,"pass",TRUE,TRUE,TRUE,FALSE,3.726,""
"Connecticut",2025-03-29,"calendar","sir","hurdle_ztnb",792.926961539051,0,0.00059797744899015,"pass",TRUE,TRUE,TRUE,FALSE,4.08600000000001,""
"Connecticut",2025-03-29,"calendar","sir","hurdle_ztpoisson",884.288327143336,0,0.0372796362079488,"pass",TRUE,TRUE,TRUE,FALSE,4.17499999999995,""
"Connecticut",2025-04-26,"calendar","hsgp","hurdle_ztnb",716.723949615726,0,0.00171213686355992,"pass",TRUE,TRUE,TRUE,FALSE,3.947,""
"Connecticut",2025-04-26,"calendar","hsgp","hurdle_ztpoisson",1247.62884633876,0,0.0231220761731813,"pass",TRUE,TRUE,TRUE,FALSE,4.00400000000002,""
"Connecticut",2025-04-26,"calendar","sir","hurdle_ztnb",826.465170852157,0,0.00122088262982079,"pass",TRUE,TRUE,TRUE,FALSE,4.26599999999996,""
"Connecticut",2025-04-26,"calendar","sir","hurdle_ztpoisson",910.961306058665,0,0.0248702742442584,"pass",TRUE,TRUE,TRUE,FALSE,4.303,""
"Connecticut",2025-05-31,"calendar","hsgp","hurdle_ztnb",751.757240076664,0,0.00277718763690105,"pass",TRUE,TRUE,TRUE,FALSE,4.13900000000001,""
"Connecticut",2025-05-31,"calendar","hsgp","hurdle_ztpoisson",1275.29387147355,0,0.00887993076811444,"pass",TRUE,TRUE,TRUE,FALSE,3.99000000000001,""
"Connecticut",2025-05-31,"calendar","sir","hurdle_ztnb",868.442832163711,0,0.000501904053544777,"pass",TRUE,TRUE,TRUE,FALSE,4.40099999999995,""
"Connecticut",2025-05-31,"calendar","sir","hurdle_ztpoisson",944.905694726496,0,0.00423491213634009,"pass",TRUE,TRUE,TRUE,FALSE,4.39400000000001,""
"Delaware",2025-01-02,"calendar","hsgp","hurdle_ztnb",316.526036644417,0,0.000896542893245589,"pass",TRUE,TRUE,TRUE,FALSE,3.32999999999993,""
"Delaware",2025-01-02,"calendar","hsgp","hurdle_ztpoisson",340.214427765444,0,0.00471709083390914,"pass",TRUE,TRUE,TRUE,FALSE,3.27499999999998,""
"Delaware",2025-01-02,"calendar","sir","hurdle_ztnb",1387.9940337054,0,0.000142961588322388,"pass",TRUE,TRUE,TRUE,FALSE,3.46600000000001,""
"Delaware",2025-01-02,"calendar","sir","hurdle_ztpoisson",1626.26032506495,0,0.000309030763195217,"pass",TRUE,TRUE,TRUE,FALSE,3.21199999999999,""
"Delaware",2025-02-15,"calendar","hsgp","hurdle_ztnb",400.684972550073,0,0.00133733128523805,"pass",TRUE,TRUE,TRUE,FALSE,3.48599999999999,""
"Delaware",2025-02-15,"calendar","hsgp","hurdle_ztpoisson",554.18615254133,0,0.00317598510606798,"pass",TRUE,TRUE,TRUE,FALSE,3.423,""
"Delaware",2025-02-15,"calendar","sir","hurdle_ztnb",1688.64511575069,0,0.00440045409571077,"pass",TRUE,TRUE,TRUE,FALSE,3.57799999999997,""
"Delaware",2025-02-15,"calendar","sir","hurdle_ztpoisson",2717.08538782356,0,0.000201941313491716,"pass",TRUE,TRUE,TRUE,FALSE,3.28800000000001,""
"Delaware",2025-03-29,"calendar","hsgp","hurdle_ztnb",461.475103073627,0,0.00318963786462634,"pass",TRUE,TRUE,TRUE,FALSE,3.69200000000001,""
"Delaware",2025-03-29,"calendar","hsgp","hurdle_ztpoisson",633.016822425432,0,0.000893539023828785,"pass",TRUE,TRUE,TRUE,FALSE,3.779,""
"Delaware",2025-03-29,"calendar","sir","hurdle_ztnb",1947.06562917589,0,0.000840193661044708,"pass",TRUE,TRUE,TRUE,FALSE,3.66600000000005,""
"Delaware",2025-03-29,"calendar","sir","hurdle_ztpoisson",3047.51985011263,0,0.00261816238401735,"pass",TRUE,TRUE,TRUE,FALSE,3.60400000000004,""
"Delaware",2025-04-26,"calendar","hsgp","hurdle_ztnb",483.521261679065,0,0.000979075784687158,"pass",TRUE,TRUE,TRUE,FALSE,3.82399999999996,""
"Delaware",2025-04-26,"calendar","hsgp","hurdle_ztpoisson",661.856757144382,0,0.0004932693155697,"pass",TRUE,TRUE,TRUE,FALSE,3.80799999999999,""
"Delaware",2025-04-26,"calendar","sir","hurdle_ztnb",2074.74025189571,0,0.00197116385376805,"pass",TRUE,TRUE,TRUE,FALSE,3.97000000000003,""
"Delaware",2025-04-26,"calendar","sir","hurdle_ztpoisson",3233.16978541147,0,0.000813659818021506,"pass",TRUE,TRUE,TRUE,FALSE,3.61000000000001,""
"Delaware",2025-05-31,"calendar","hsgp","hurdle_ztnb",497.187240277014,0,0.00322060439381122,"pass",TRUE,TRUE,TRUE,FALSE,4.23699999999997,""
"Delaware",2025-05-31,"calendar","hsgp","hurdle_ztpoisson",672.19177671653,0,0.00451224331045497,"pass",TRUE,TRUE,TRUE,FALSE,3.61699999999996,""
"Delaware",2025-05-31,"calendar","sir","hurdle_ztnb",2150.46640332124,0,0.00139949694287456,"pass",TRUE,TRUE,TRUE,FALSE,3.81799999999998,""
"Delaware",2025-05-31,"calendar","sir","hurdle_ztpoisson",3362.06945205312,0,0.00488021579410258,"pass",TRUE,TRUE,TRUE,FALSE,3.84299999999996,""
"District of Columbia",2025-01-02,"calendar","hsgp","hurdle_ztnb",390.017938663083,0,0.00452179965808835,"pass",TRUE,TRUE,TRUE,FALSE,3.37,""
"District of Columbia",2025-01-02,"calendar","hsgp","hurdle_ztpoisson",389.37160659953,0,0.000604407438253074,"pass",TRUE,TRUE,TRUE,FALSE,3.28700000000003,""
"District of Columbia",2025-01-02,"calendar","sir","hurdle_ztnb",1787.31239787185,0,0.00172791412570739,"pass",TRUE,TRUE,TRUE,FALSE,3.40899999999999,""
"District of Columbia",2025-01-02,"calendar","sir","hurdle_ztpoisson",1932.00779134811,0,0.00021937941457395,"pass",TRUE,TRUE,TRUE,FALSE,3.41800000000001,""
"District of Columbia",2025-02-15,"calendar","hsgp","hurdle_ztnb",495.030006025303,0,0.00138845171519381,"pass",TRUE,TRUE,TRUE,FALSE,3.7940000000001,""
"District of Columbia",2025-02-15,"calendar","hsgp","hurdle_ztpoisson",660.909214548525,0,0.00429118723471067,"pass",TRUE,TRUE,TRUE,FALSE,3.67399999999998,""
"District of Columbia",2025-02-15,"calendar","sir","hurdle_ztnb",2196.37556192051,0,0.00286627205381618,"pass",TRUE,TRUE,TRUE,FALSE,3.77200000000005,""
"District of Columbia",2025-02-15,"calendar","sir","hurdle_ztpoisson",3308.88703583479,0,0.000637344536061235,"pass",TRUE,TRUE,TRUE,FALSE,3.58200000000011,""
"District of Columbia",2025-03-29,"calendar","hsgp","hurdle_ztnb",593.978344917301,0,0.00333422764611124,"pass",TRUE,TRUE,TRUE,FALSE,4.04599999999982,""
"District of Columbia",2025-03-29,"calendar","hsgp","hurdle_ztpoisson",834.061987549174,0,0.00716122740090619,"pass",TRUE,TRUE,TRUE,FALSE,3.82300000000009,""
"District of Columbia",2025-03-29,"calendar","sir","hurdle_ztnb",2617.47768582079,0,0.00118951639679477,"pass",TRUE,TRUE,TRUE,FALSE,3.92399999999998,""
"District of Columbia",2025-03-29,"calendar","sir","hurdle_ztpoisson",3906.4532383104,0,0.00134802381191612,"pass",TRUE,TRUE,TRUE,FALSE,3.77099999999996,""
"District of Columbia",2025-04-26,"calendar","hsgp","hurdle_ztnb",709.464472974252,0,0.0021862591130124,"pass",TRUE,TRUE,TRUE,FALSE,4.06100000000015,""
"District of Columbia",2025-04-26,"calendar","hsgp","hurdle_ztpoisson",993.420845068163,0,0.00113655496689202,"pass",TRUE,TRUE,TRUE,FALSE,4.09699999999998,""
"District of Columbia",2025-04-26,"calendar","sir","hurdle_ztnb",3045.15811823058,0,0.000710613940074545,"pass",TRUE,TRUE,TRUE,FALSE,4.02199999999993,""
"District of Columbia",2025-04-26,"calendar","sir","hurdle_ztpoisson",4442.8002597793,0,0.0284313837671704,"pass",TRUE,TRUE,TRUE,FALSE,3.81399999999985,""
"District of Columbia",2025-05-31,"calendar","hsgp","hurdle_ztnb",736.145907158292,0,0.00169577393901754,"pass",TRUE,TRUE,TRUE,FALSE,4.23199999999997,""
"District of Columbia",2025-05-31,"calendar","hsgp","hurdle_ztpoisson",1027.57823174995,0,0.00916884731587819,"pass",TRUE,TRUE,TRUE,FALSE,4.1110000000001,""
"District of Columbia",2025-05-31,"calendar","sir","hurdle_ztnb",3215.75461632474,0,0.00221454915129993,"pass",TRUE,TRUE,TRUE,FALSE,4.12599999999998,""
"District of Columbia",2025-05-31,"calendar","sir","hurdle_ztpoisson",4737.77037010718,0,0.00132525503565972,"pass",TRUE,TRUE,TRUE,FALSE,3.97400000000016,""
"Florida",2025-01-02,"calendar","hsgp","hurdle_ztnb",1206.87145849131,0,0.00166084073031669,"pass",TRUE,TRUE,TRUE,FALSE,4.45399999999995,""
"Florida",2025-01-02,"calendar","hsgp","hurdle_ztpoisson",4851.46386221252,0,0.0421618764148185,"pass",TRUE,TRUE,TRUE,FALSE,4.3900000000001,""
"Florida",2025-01-02,"calendar","sir","hurdle_ztnb",1357.2743726561,0,0.00325227492839253,"pass",TRUE,TRUE,TRUE,FALSE,4.57199999999989,""
"Florida",2025-01-02,"calendar","sir","hurdle_ztpoisson",3320.54776517004,0,0.0140505994150146,"pass",TRUE,TRUE,TRUE,FALSE,4.98000000000002,""
"Florida",2025-02-15,"calendar","hsgp","hurdle_ztnb",1428.18866642786,0,0.00347478642010302,"pass",TRUE,TRUE,TRUE,FALSE,4.65099999999984,""
"Florida",2025-02-15,"calendar","hsgp","hurdle_ztpoisson",10167.5963296127,0,0.0235852617013914,"pass",TRUE,TRUE,TRUE,FALSE,4.85000000000014,""
"Florida",2025-02-15,"calendar","sir","hurdle_ztnb",1626.11223816489,0,8.52518644336442e-05,"pass",TRUE,TRUE,TRUE,FALSE,5.06999999999994,""
"Florida",2025-02-15,"calendar","sir","hurdle_ztpoisson",5178.58137024748,0,0.0306246817053959,"pass",TRUE,TRUE,TRUE,FALSE,7.54000000000019,""
"Florida",2025-03-29,"calendar","hsgp","hurdle_ztnb",1655.11163124892,0,0.00328410942025137,"pass",TRUE,TRUE,TRUE,FALSE,5.11300000000006,""
"Florida",2025-03-29,"calendar","hsgp","hurdle_ztpoisson",11881.6974816649,0,0.0775690898851638,"pass",TRUE,TRUE,TRUE,FALSE,5.1389999999999,""
"Florida",2025-03-29,"calendar","sir","hurdle_ztnb",1890.85388474666,0,0.00330107963680604,"pass",TRUE,TRUE,TRUE,FALSE,5.45800000000008,""
"Florida",2025-03-29,"calendar","sir","hurdle_ztpoisson",6637.07024701783,0,0.0180185053560372,"pass",TRUE,TRUE,TRUE,FALSE,10.0510000000002,""
"Florida",2025-04-26,"calendar","hsgp","hurdle_ztnb",1726.10763975039,0,0.00840622536230295,"pass",TRUE,TRUE,TRUE,FALSE,5.23700000000008,""
"Florida",2025-04-26,"calendar","hsgp","hurdle_ztpoisson",12093.5308258121,0,0.0770509152748189,"pass",TRUE,TRUE,TRUE,FALSE,5.22399999999993,""
"Florida",2025-04-26,"calendar","sir","hurdle_ztnb",1974.48597764284,0,0.00288418644215049,"pass",TRUE,TRUE,TRUE,FALSE,5.81400000000008,""
"Florida",2025-04-26,"calendar","sir","hurdle_ztpoisson",6789.44127596236,0,0.0340687379217301,"pass",TRUE,TRUE,TRUE,FALSE,12.0360000000001,""
"Florida",2025-05-31,"calendar","hsgp","hurdle_ztnb",1835.44365447812,0,0.00288191826566564,"pass",TRUE,TRUE,TRUE,FALSE,5.4369999999999,""
"Florida",2025-05-31,"calendar","hsgp","hurdle_ztpoisson",12511.638024148,0,0.0209147595762484,"pass",TRUE,TRUE,TRUE,FALSE,5.47199999999998,""
"Florida",2025-05-31,"calendar","sir","hurdle_ztnb",2103.95879041601,0,0.00267972795813698,"pass",TRUE,TRUE,TRUE,FALSE,6.01700000000005,""
"Florida",2025-05-31,"calendar","sir","hurdle_ztpoisson",7111.55314204559,0,0.394045071143837,"warning",TRUE,TRUE,TRUE,FALSE,60.364,"The `hurdle_ztpoisson` optimizer did not pass the stability gate.
✖ Optimizer code 0: L-BFGS-B polish: CONVERGENCE: REL_REDUCTION_OF_F <=
  FACTR*EPSMCH
✖ Maximum absolute gradient: 0.394.
ℹ Try `count_cumulative_process(observation = ""hurdle_ztnb"")`; the ZTNB
  magnitude law was stable in the package-wide sweep.
ℹ This finite fit is returned with `gradient_status = ""warning""`; inspect
  `fit$opt` before using it."
"Georgia",2025-01-02,"calendar","hsgp","hurdle_ztnb",936.818797119473,0,0.000973736938841618,"pass",TRUE,TRUE,TRUE,FALSE,4.33699999999999,""
"Georgia",2025-01-02,"calendar","hsgp","hurdle_ztpoisson",2043.60782491492,0,0.0217748798293015,"pass",TRUE,TRUE,TRUE,FALSE,4.18200000000002,""
"Georgia",2025-01-02,"calendar","sir","hurdle_ztnb",1063.03893807079,0,0.00560273121812516,"pass",TRUE,TRUE,TRUE,FALSE,4.654,""
"Georgia",2025-01-02,"calendar","sir","hurdle_ztpoisson",1758.821138435,0,0.0382985222014186,"pass",TRUE,TRUE,TRUE,FALSE,4.39499999999998,""
"Georgia",2025-02-15,"calendar","hsgp","hurdle_ztnb",1100.06437626906,0,0.00270620726378634,"pass",TRUE,TRUE,TRUE,FALSE,4.69900000000007,""
"Georgia",2025-02-15,"calendar","hsgp","hurdle_ztpoisson",4272.2390314484,0,0.0116594922372319,"pass",TRUE,TRUE,TRUE,FALSE,4.15899999999988,""
"Georgia",2025-02-15,"calendar","sir","hurdle_ztnb",1262.76230276289,0,0.00107704630784,"pass",TRUE,TRUE,TRUE,FALSE,4.51499999999987,""
"Georgia",2025-02-15,"calendar","sir","hurdle_ztpoisson",2506.15682369295,0,0.0092937141189352,"pass",TRUE,TRUE,TRUE,FALSE,5.02999999999997,""
"Georgia",2025-03-29,"calendar","hsgp","hurdle_ztnb",1308.60639723063,0,0.00752744639617386,"pass",TRUE,TRUE,TRUE,FALSE,4.62699999999995,""
"Georgia",2025-03-29,"calendar","hsgp","hurdle_ztpoisson",5090.28855597349,0,0.00709542951876185,"pass",TRUE,TRUE,TRUE,FALSE,4.60299999999984,""
"Georgia",2025-03-29,"calendar","sir","hurdle_ztnb",1498.39060456968,0,0.00435687142727714,"pass",TRUE,TRUE,TRUE,FALSE,4.84099999999989,""
"Georgia",2025-03-29,"calendar","sir","hurdle_ztpoisson",3290.87959295231,0,0.0193284709618099,"pass",TRUE,TRUE,TRUE,FALSE,5.37400000000002,""
"Georgia",2025-04-26,"calendar","hsgp","hurdle_ztnb",1391.92422160379,0,0.00328852288741777,"pass",TRUE,TRUE,TRUE,FALSE,4.90699999999993,""
"Georgia",2025-04-26,"calendar","hsgp","hurdle_ztpoisson",5244.29707261681,0,0.0128165954150506,"pass",TRUE,TRUE,TRUE,FALSE,4.91899999999987,""
"Georgia",2025-04-26,"calendar","sir","hurdle_ztnb",1499.69735536539,0,0.00907983660723488,"pass",TRUE,TRUE,TRUE,FALSE,5.60300000000007,""
"Georgia",2025-04-26,"calendar","sir","hurdle_ztpoisson",3404.98774718156,0,0.0100359510541632,"pass",TRUE,TRUE,TRUE,FALSE,8.07500000000005,""
"Georgia",2025-05-31,"calendar","hsgp","hurdle_ztnb",1487.82589107283,0,0.00441220766972361,"pass",TRUE,TRUE,TRUE,FALSE,5.01999999999998,""
"Georgia",2025-05-31,"calendar","hsgp","hurdle_ztpoisson",5429.59895472963,0,0.0198691334552168,"pass",TRUE,TRUE,TRUE,FALSE,5.41699999999992,""
"Georgia",2025-05-31,"calendar","sir","hurdle_ztnb",1599.4806735114,0,0.0374776205232008,"pass",TRUE,TRUE,TRUE,FALSE,5.7349999999999,""
"Georgia",2025-05-31,"calendar","sir","hurdle_ztpoisson",3544.13155937506,0,0.0458836812164731,"pass",TRUE,TRUE,TRUE,FALSE,5.92000000000007,""
"Hawaii",2025-01-02,"calendar","hsgp","hurdle_ztnb",483.471018933763,0,0.000992718271154658,"pass",TRUE,TRUE,TRUE,FALSE,3.38000000000011,""
"Hawaii",2025-01-02,"calendar","hsgp","hurdle_ztpoisson",492.497494720957,0,0.000472167019632874,"pass",TRUE,TRUE,TRUE,FALSE,3.16300000000001,""
"Hawaii",2025-01-02,"calendar","sir","hurdle_ztnb",560.401602008314,0,0.00169765472405403,"pass",TRUE,TRUE,TRUE,FALSE,3.43499999999995,""
"Hawaii",2025-01-02,"calendar","sir","hurdle_ztpoisson",558.880063610283,0,0.00730105285504679,"pass",TRUE,TRUE,TRUE,FALSE,3.51099999999997,""
"Hawaii",2025-02-15,"calendar","hsgp","hurdle_ztnb",581.711706482203,0,0.00232721742352604,"pass",TRUE,TRUE,TRUE,FALSE,3.41600000000017,""
"Hawaii",2025-02-15,"calendar","hsgp","hurdle_ztpoisson",689.142796753307,0,0.00437183973690103,"pass",TRUE,TRUE,TRUE,FALSE,3.67600000000016,""
"Hawaii",2025-02-15,"calendar","sir","hurdle_ztnb",670.286559316452,0,0.00142731126316265,"pass",TRUE,TRUE,TRUE,FALSE,3.61400000000003,""
"Hawaii",2025-02-15,"calendar","sir","hurdle_ztpoisson",703.149235160301,0,0.00358733037674763,"pass",TRUE,TRUE,TRUE,FALSE,4.05999999999995,""
"Hawaii",2025-03-29,"calendar","hsgp","hurdle_ztnb",670.210792862582,0,0.00160329598688413,"pass",TRUE,TRUE,TRUE,FALSE,3.82299999999987,""
"Hawaii",2025-03-29,"calendar","hsgp","hurdle_ztpoisson",800.838752150542,0,0.00687477392593147,"pass",TRUE,TRUE,TRUE,FALSE,3.65100000000007,""
"Hawaii",2025-03-29,"calendar","sir","hurdle_ztnb",769.569977800879,0,0.00216639531192131,"pass",TRUE,TRUE,TRUE,FALSE,4.06999999999994,""
"Hawaii",2025-03-29,"calendar","sir","hurdle_ztpoisson",800.051227768197,0,0.0134052664373255,"pass",TRUE,TRUE,TRUE,FALSE,3.94000000000005,""
"Hawaii",2025-04-26,"calendar","hsgp","hurdle_ztnb",705.599121768052,0,0.00599414022688904,"pass",TRUE,TRUE,TRUE,FALSE,3.97000000000003,""
"Hawaii",2025-04-26,"calendar","hsgp","hurdle_ztpoisson",845.10996440358,0,0.00641747179683083,"pass",TRUE,TRUE,TRUE,FALSE,3.83999999999992,""
"Hawaii",2025-04-26,"calendar","sir","hurdle_ztnb",810.189549129899,0,0.00384666102911124,"pass",TRUE,TRUE,TRUE,FALSE,4.19700000000012,""
"Hawaii",2025-04-26,"calendar","sir","hurdle_ztpoisson",839.254678192119,0,0.00693874091434199,"pass",TRUE,TRUE,TRUE,FALSE,4.05499999999984,""
"Hawaii",2025-05-31,"calendar","hsgp","hurdle_ztnb",741.606044021595,0,0.00647891854821525,"pass",TRUE,TRUE,TRUE,FALSE,4.24600000000009,""
"Hawaii",2025-05-31,"calendar","hsgp","hurdle_ztpoisson",886.752392445972,0,0.0205307000083228,"pass",TRUE,TRUE,TRUE,FALSE,3.97000000000003,""
"Hawaii",2025-05-31,"calendar","sir","hurdle_ztnb",852.587057696617,0,0.000542066992960777,"pass",TRUE,TRUE,TRUE,FALSE,4.52199999999993,""
"Hawaii",2025-05-31,"calendar","sir","hurdle_ztpoisson",878.156269344548,0,0.00146134460411584,"pass",TRUE,TRUE,TRUE,FALSE,4.05799999999999,""
"Idaho",2025-01-02,"calendar","hsgp","hurdle_ztnb",371.151528030788,0,0.00166932220464211,"pass",TRUE,TRUE,TRUE,FALSE,2.99000000000001,""
"Idaho",2025-01-02,"calendar","hsgp","hurdle_ztpoisson",551.179851512069,0,0.000652772903123711,"pass",TRUE,TRUE,TRUE,FALSE,3.09100000000012,""
"Idaho",2025-01-02,"calendar","sir","hurdle_ztnb",1634.38639777097,0,0.000197589599451153,"pass",TRUE,TRUE,TRUE,FALSE,3.423,""
"Idaho",2025-01-02,"calendar","sir","hurdle_ztpoisson",2822.29445110355,0,0.00221620683105117,"pass",TRUE,TRUE,TRUE,FALSE,3.13299999999981,""
"Idaho",2025-02-15,"calendar","hsgp","hurdle_ztnb",462.852035596101,0,0.00179607978127505,"pass",TRUE,TRUE,TRUE,FALSE,3.3130000000001,""
"Idaho",2025-02-15,"calendar","hsgp","hurdle_ztpoisson",893.027245620497,0,0.00578635770110197,"pass",TRUE,TRUE,TRUE,FALSE,3.12899999999991,""
"Idaho",2025-02-15,"calendar","sir","hurdle_ztnb",2023.1733678797,0,0.000444371950867106,"pass",TRUE,TRUE,TRUE,FALSE,3.41499999999996,""
"Idaho",2025-02-15,"calendar","sir","hurdle_ztpoisson",3809.00204430695,0,0.0018094930201471,"pass",TRUE,TRUE,TRUE,FALSE,3.16100000000006,""
"Idaho",2025-03-29,"calendar","hsgp","hurdle_ztnb",603.579972488744,0,0.00141439779890873,"pass",TRUE,TRUE,TRUE,FALSE,3.73800000000006,""
"Idaho",2025-03-29,"calendar","hsgp","hurdle_ztpoisson",1186.15622685262,0,0.00241303166047158,"pass",TRUE,TRUE,TRUE,FALSE,3.47199999999998,""
"Idaho",2025-03-29,"calendar","sir","hurdle_ztnb",2654.06495545242,0,0.00129556613706883,"pass",TRUE,TRUE,TRUE,FALSE,3.56299999999987,""
"Idaho",2025-03-29,"calendar","sir","hurdle_ztpoisson",4617.35028659825,0,0.00249869294488558,"pass",TRUE,TRUE,TRUE,FALSE,3.30899999999997,""
"Idaho",2025-04-26,"calendar","hsgp","hurdle_ztnb",638.33243233937,0,0.0014121579040316,"pass",TRUE,TRUE,TRUE,FALSE,3.96799999999985,""
"Idaho",2025-04-26,"calendar","hsgp","hurdle_ztpoisson",1277.90854592128,0,0.0101361846162815,"pass",TRUE,TRUE,TRUE,FALSE,3.83899999999994,""
"Idaho",2025-04-26,"calendar","sir","hurdle_ztnb",2837.31323128066,0,0.000473749894022601,"pass",TRUE,TRUE,TRUE,FALSE,3.52800000000002,""
"Idaho",2025-04-26,"calendar","sir","hurdle_ztpoisson",4969.47372311583,0,0.000655474651274801,"pass",TRUE,TRUE,TRUE,FALSE,3.5920000000001,""
"Idaho",2025-05-31,"calendar","hsgp","hurdle_ztnb",678.211964284629,0,0.00294247562223759,"pass",TRUE,TRUE,TRUE,FALSE,3.77399999999989,""
"Idaho",2025-05-31,"calendar","hsgp","hurdle_ztpoisson",1295.34259561224,0,0.0106956182306561,"pass",TRUE,TRUE,TRUE,FALSE,3.81999999999994,""
"Idaho",2025-05-31,"calendar","sir","hurdle_ztnb",3091.25467378612,0,0.000391325066553261,"pass",TRUE,TRUE,TRUE,FALSE,3.74000000000001,""
"Idaho",2025-05-31,"calendar","sir","hurdle_ztpoisson",5483.94568752313,0,0.00217609680444042,"pass",TRUE,TRUE,TRUE,FALSE,3.73000000000002,""
"Illinois",2025-01-02,"calendar","hsgp","hurdle_ztnb",849.636687275401,0,0.00313842869710967,"pass",TRUE,TRUE,TRUE,FALSE,3.69299999999998,""
"Illinois",2025-01-02,"calendar","hsgp","hurdle_ztpoisson",1344.86087638955,0,0.0146172307897813,"pass",TRUE,TRUE,TRUE,FALSE,3.77999999999997,""
"Illinois",2025-01-02,"calendar","sir","hurdle_ztnb",972.795155391805,0,0.00332363609489472,"pass",TRUE,TRUE,TRUE,FALSE,3.92800000000011,""
"Illinois",2025-01-02,"calendar","sir","hurdle_ztpoisson",1042.46183979864,0,0.0176973794682904,"pass",TRUE,TRUE,TRUE,FALSE,4.18100000000004,""
"Illinois",2025-02-15,"calendar","hsgp","hurdle_ztnb",1033.02934843653,0,0.0045647847917305,"pass",TRUE,TRUE,TRUE,FALSE,4.02400000000011,""
"Illinois",2025-02-15,"calendar","hsgp","hurdle_ztpoisson",4666.92844070479,0,0.0475209705044343,"pass",TRUE,TRUE,TRUE,FALSE,4.17000000000007,""
"Illinois",2025-02-15,"calendar","sir","hurdle_ztnb",1194.20238278014,0,0.020694237814969,"pass",TRUE,TRUE,TRUE,FALSE,4.18200000000002,""
"Illinois",2025-02-15,"calendar","sir","hurdle_ztpoisson",1959.80338805142,0,0.00364461120398385,"pass",TRUE,TRUE,TRUE,FALSE,4.53899999999999,""
"Illinois",2025-03-29,"calendar","hsgp","hurdle_ztnb",1264.96669498043,0,0.00458502904301294,"pass",TRUE,TRUE,TRUE,FALSE,4.44599999999991,""
"Illinois",2025-03-29,"calendar","hsgp","hurdle_ztpoisson",5893.0631198144,0,0.0485480668212293,"pass",TRUE,TRUE,TRUE,FALSE,4.44800000000009,""
"Illinois",2025-03-29,"calendar","sir","hurdle_ztnb",1462.73114645972,0,0.0079252124712027,"pass",TRUE,TRUE,TRUE,FALSE,4.68900000000008,""
"Illinois",2025-03-29,"calendar","sir","hurdle_ztpoisson",2892.898778044,0,0.0251818429562476,"pass",TRUE,TRUE,TRUE,FALSE,5.49700000000007,""
"Illinois",2025-04-26,"calendar","hsgp","hurdle_ztnb",1461.4476190766,0,0.00725089536785295,"pass",TRUE,TRUE,TRUE,FALSE,4.846,""
"Illinois",2025-04-26,"calendar","hsgp","hurdle_ztpoisson",6229.79012286017,0,0.0512488961117086,"pass",TRUE,TRUE,TRUE,FALSE,5.0010000000002,""
"Illinois",2025-04-26,"calendar","sir","hurdle_ztnb",1583.53857003676,0,0.0025066562368126,"pass",TRUE,TRUE,TRUE,FALSE,5.4530000000002,""
"Illinois",2025-04-26,"calendar","sir","hurdle_ztpoisson",3376.86761826273,0,0.106323652037181,"warning",TRUE,TRUE,TRUE,FALSE,20.472,"The `hurdle_ztpoisson` optimizer did not pass the stability gate.
✖ Optimizer code 0: L-BFGS-B polish: CONVERGENCE: REL_REDUCTION_OF_F <=
  FACTR*EPSMCH
✖ Maximum absolute gradient: 0.1063.
ℹ Try `count_cumulative_process(observation = ""hurdle_ztnb"")`; the ZTNB
  magnitude law was stable in the package-wide sweep.
ℹ This finite fit is returned with `gradient_status = ""warning""`; inspect
  `fit$opt` before using it."
"Illinois",2025-05-31,"calendar","hsgp","hurdle_ztnb",1560.68183449301,0,0.00414318286225512,"pass",TRUE,TRUE,TRUE,FALSE,5.02700000000004,""
"Illinois",2025-05-31,"calendar","hsgp","hurdle_ztpoisson",6474.80286127487,0,0.0250356497330721,"pass",TRUE,TRUE,TRUE,FALSE,4.87900000000013,""
"Illinois",2025-05-31,"calendar","sir","hurdle_ztnb",1687.94128972815,0,0.00312107201658369,"pass",TRUE,TRUE,TRUE,FALSE,5.59099999999989,""
"Illinois",2025-05-31,"calendar","sir","hurdle_ztpoisson",3603.91424527309,0,0.00640984050487913,"pass",TRUE,TRUE,TRUE,FALSE,5.83500000000004,""
"Indiana",2025-01-02,"calendar","hsgp","hurdle_ztnb",972.402797485704,0,0.00194168513002158,"pass",TRUE,TRUE,TRUE,FALSE,3.81299999999987,""
"Indiana",2025-01-02,"calendar","hsgp","hurdle_ztpoisson",1359.00325067223,0,0.00647510267472828,"pass",TRUE,TRUE,TRUE,FALSE,3.66799999999989,""
"Indiana",2025-01-02,"calendar","sir","hurdle_ztnb",1044.86128376655,0,0.0476249796821919,"pass",TRUE,TRUE,TRUE,FALSE,4.154,""
"Indiana",2025-01-02,"calendar","sir","hurdle_ztpoisson",1219.81275877975,0,0.00356227319473994,"pass",TRUE,TRUE,TRUE,FALSE,4.07999999999993,""
"Indiana",2025-02-15,"calendar","hsgp","hurdle_ztnb",1085.22473217926,0,0.00160078232247785,"pass",TRUE,TRUE,TRUE,FALSE,4.17000000000007,""
"Indiana",2025-02-15,"calendar","hsgp","hurdle_ztpoisson",3399.39911367563,0,0.0269423728967793,"pass",TRUE,TRUE,TRUE,FALSE,4.17399999999998,""
"Indiana",2025-02-15,"calendar","sir","hurdle_ztnb",1169.45315564541,0,0.00361653113195959,"pass",TRUE,TRUE,TRUE,FALSE,4.24499999999989,""
"Indiana",2025-02-15,"calendar","sir","hurdle_ztpoisson",1548.22683003081,0,0.023753924768563,"pass",TRUE,TRUE,TRUE,FALSE,4.93799999999987,""
"Indiana",2025-03-29,"calendar","hsgp","hurdle_ztnb",1288.91907304976,0,0.00281031129164228,"pass",TRUE,TRUE,TRUE,FALSE,4.37400000000002,""
"Indiana",2025-03-29,"calendar","hsgp","hurdle_ztpoisson",4134.02085547491,0,0.022540034602056,"pass",TRUE,TRUE,TRUE,FALSE,4.22000000000003,""
"Indiana",2025-03-29,"calendar","sir","hurdle_ztnb",1381.99567886193,0,0.00263074967084136,"pass",TRUE,TRUE,TRUE,FALSE,4.75499999999988,""
"Indiana",2025-03-29,"calendar","sir","hurdle_ztpoisson",2132.95202741286,0,0.251505418160604,"warning",TRUE,TRUE,TRUE,FALSE,23.385,"The `hurdle_ztpoisson` optimizer did not pass the stability gate.
✖ Optimizer code 0: L-BFGS-B polish: CONVERGENCE: REL_REDUCTION_OF_F <=
  FACTR*EPSMCH
✖ Maximum absolute gradient: 0.2515.
ℹ Try `count_cumulative_process(observation = ""hurdle_ztnb"")`; the ZTNB
  magnitude law was stable in the package-wide sweep.
ℹ This finite fit is returned with `gradient_status = ""warning""`; inspect
  `fit$opt` before using it."
"Indiana",2025-04-26,"calendar","hsgp","hurdle_ztnb",1339.60960774443,0,0.0021471695750952,"pass",TRUE,TRUE,TRUE,FALSE,4.44599999999991,""
"Indiana",2025-04-26,"calendar","hsgp","hurdle_ztpoisson",4223.48412598265,0,0.0519697972132418,"pass",TRUE,TRUE,TRUE,FALSE,5.15600000000018,""
"Indiana",2025-04-26,"calendar","sir","hurdle_ztnb",1437.74777026461,0,0.00322435594123327,"pass",TRUE,TRUE,TRUE,FALSE,4.93299999999999,""
"Indiana",2025-04-26,"calendar","sir","hurdle_ztpoisson",2206.73923033929,0,0.0279009405025474,"pass",TRUE,TRUE,TRUE,FALSE,5.26400000000012,""
"Indiana",2025-05-31,"calendar","hsgp","hurdle_ztnb",1390.78379278007,0,0.0034579426226955,"pass",TRUE,TRUE,TRUE,FALSE,4.56900000000019,""
"Indiana",2025-05-31,"calendar","hsgp","hurdle_ztpoisson",4264.13268496378,0,0.025195236483909,"pass",TRUE,TRUE,TRUE,FALSE,4.48800000000006,""
"Indiana",2025-05-31,"calendar","sir","hurdle_ztnb",1495.6528313885,0,0.0103543765500593,"pass",TRUE,TRUE,TRUE,FALSE,5.24800000000005,""
"Indiana",2025-05-31,"calendar","sir","hurdle_ztpoisson",2288.01731315461,0,0.110307024811209,"warning",TRUE,TRUE,TRUE,FALSE,19.8209999999999,"The `hurdle_ztpoisson` optimizer did not pass the stability gate.
✖ Optimizer code 0: L-BFGS-B polish: CONVERGENCE: REL_REDUCTION_OF_F <=
  FACTR*EPSMCH
✖ Maximum absolute gradient: 0.1103.
ℹ Try `count_cumulative_process(observation = ""hurdle_ztnb"")`; the ZTNB
  magnitude law was stable in the package-wide sweep.
ℹ This finite fit is returned with `gradient_status = ""warning""`; inspect
  `fit$opt` before using it."
"Iowa",2025-01-02,"calendar","hsgp","hurdle_ztnb",539.388849400107,0,0.00163790553178678,"pass",TRUE,TRUE,TRUE,FALSE,3.44500000000016,""
"Iowa",2025-01-02,"calendar","hsgp","hurdle_ztpoisson",619.372033084956,0,0.0205777922671075,"pass",TRUE,TRUE,TRUE,FALSE,3.28399999999988,""
"Iowa",2025-01-02,"calendar","sir","hurdle_ztnb",614.505798631901,0,0.00111613759453211,"pass",TRUE,TRUE,TRUE,FALSE,3.46000000000004,""
"Iowa",2025-01-02,"calendar","sir","hurdle_ztpoisson",665.531482317729,0,0.021090924298474,"pass",TRUE,TRUE,TRUE,FALSE,3.68500000000017,""
"Iowa",2025-02-15,"calendar","hsgp","hurdle_ztnb",645.311793783939,0,0.00284352579311653,"pass",TRUE,TRUE,TRUE,FALSE,3.93499999999995,""
"Iowa",2025-02-15,"calendar","hsgp","hurdle_ztpoisson",1112.8163025903,0,0.00748613770718631,"pass",TRUE,TRUE,TRUE,FALSE,3.36000000000013,""
"Iowa",2025-02-15,"calendar","sir","hurdle_ztnb",751.199652380052,0,0.00919780513741153,"pass",TRUE,TRUE,TRUE,FALSE,3.77700000000004,""
"Iowa",2025-02-15,"calendar","sir","hurdle_ztpoisson",854.941252518117,0,0.0184337027564566,"pass",TRUE,TRUE,TRUE,FALSE,3.79700000000003,""
"Iowa",2025-03-29,"calendar","hsgp","hurdle_ztnb",822.019453593646,0,0.00328088060463638,"pass",TRUE,TRUE,TRUE,FALSE,4.02800000000002,""
"Iowa",2025-03-29,"calendar","hsgp","hurdle_ztpoisson",1438.82950990814,0,0.00235303931432539,"pass",TRUE,TRUE,TRUE,FALSE,3.88200000000006,""
"Iowa",2025-03-29,"calendar","sir","hurdle_ztnb",957.315764919879,0,0.00140078868517479,"pass",TRUE,TRUE,TRUE,FALSE,4.18900000000008,""
"Iowa",2025-03-29,"calendar","sir","hurdle_ztpoisson",1143.69614103289,0,0.0473193364165319,"pass",TRUE,TRUE,TRUE,FALSE,4.33699999999999,""
"Iowa",2025-04-26,"calendar","hsgp","hurdle_ztnb",878.862839994967,0,0.00133178428034597,"pass",TRUE,TRUE,TRUE,FALSE,4.12199999999984,""
"Iowa",2025-04-26,"calendar","hsgp","hurdle_ztpoisson",1497.87742384459,0,0.0061038862788596,"pass",TRUE,TRUE,TRUE,FALSE,3.91499999999996,""
"Iowa",2025-04-26,"calendar","sir","hurdle_ztnb",1026.05485189506,0,0.00548200366559204,"pass",TRUE,TRUE,TRUE,FALSE,4.40100000000007,""
"Iowa",2025-04-26,"calendar","sir","hurdle_ztpoisson",1205.14173242774,0,0.00420861649495485,"pass",TRUE,TRUE,TRUE,FALSE,4.26300000000015,""
"Iowa",2025-05-31,"calendar","hsgp","hurdle_ztnb",904.87020659423,0,0.000847443643395174,"pass",TRUE,TRUE,TRUE,FALSE,4.33400000000006,""
"Iowa",2025-05-31,"calendar","hsgp","hurdle_ztpoisson",1519.97207200588,0,0.00379768698764038,"pass",TRUE,TRUE,TRUE,FALSE,4.25999999999999,""
"Iowa",2025-05-31,"calendar","sir","hurdle_ztnb",1061.43312405036,0,0.00700391185547544,"pass",TRUE,TRUE,TRUE,FALSE,4.42700000000013,""
"Iowa",2025-05-31,"calendar","sir","hurdle_ztpoisson",1242.1980918891,0,0.00516691041056192,"pass",TRUE,TRUE,TRUE,FALSE,4.59100000000012,""
"Kansas",2025-01-02,"calendar","hsgp","hurdle_ztnb",611.447470438026,0,0.000559967702172592,"pass",TRUE,TRUE,TRUE,FALSE,3.48400000000015,""
"Kansas",2025-01-02,"calendar","hsgp","hurdle_ztpoisson",765.380052883011,0,0.00914263005387217,"pass",TRUE,TRUE,TRUE,FALSE,3.24000000000001,""
"Kansas",2025-01-02,"calendar","sir","hurdle_ztnb",681.750196821701,0,0.0085686745307989,"pass",TRUE,TRUE,TRUE,FALSE,3.78399999999988,""
"Kansas",2025-01-02,"calendar","sir","hurdle_ztpoisson",754.119304146771,0,0.0050837676053761,"pass",TRUE,TRUE,TRUE,FALSE,3.69800000000009,""
"Kansas",2025-02-15,"calendar","hsgp","hurdle_ztnb",738.129466846599,0,0.00255539220140155,"pass",TRUE,TRUE,TRUE,FALSE,3.80300000000011,""
"Kansas",2025-02-15,"calendar","hsgp","hurdle_ztpoisson",1484.06250607831,0,0.0327311175935137,"pass",TRUE,TRUE,TRUE,FALSE,3.64599999999996,""
"Kansas",2025-02-15,"calendar","sir","hurdle_ztnb",815.389500454748,0,0.00238311889285647,"pass",TRUE,TRUE,TRUE,FALSE,4.15599999999995,""
"Kansas",2025-02-15,"calendar","sir","hurdle_ztpoisson",1033.06945931721,0,0.0280166813024632,"pass",TRUE,TRUE,TRUE,FALSE,4.00099999999998,""
"Kansas",2025-03-29,"calendar","hsgp","hurdle_ztnb",904.64813447373,0,0.00329144416279892,"pass",TRUE,TRUE,TRUE,FALSE,4.15300000000002,""
"Kansas",2025-03-29,"calendar","hsgp","hurdle_ztpoisson",1795.13916854051,0,0.0231256298933995,"pass",TRUE,TRUE,TRUE,FALSE,3.93100000000004,""
"Kansas",2025-03-29,"calendar","sir","hurdle_ztnb",987.313677159334,0,0.0104113167763611,"pass",TRUE,TRUE,TRUE,FALSE,4.93100000000004,""
"Kansas",2025-03-29,"calendar","sir","hurdle_ztpoisson",1280.87902916895,0,0.0213939736457662,"pass",TRUE,TRUE,TRUE,FALSE,4.32100000000014,""
"Kansas",2025-04-26,"calendar","hsgp","hurdle_ztnb",945.549062736099,0,0.00252728206412245,"pass",TRUE,TRUE,TRUE,FALSE,4.30200000000013,""
"Kansas",2025-04-26,"calendar","hsgp","hurdle_ztpoisson",1850.19726351913,0,0.00877474717292026,"pass",TRUE,TRUE,TRUE,FALSE,3.90599999999995,""
"Kansas",2025-04-26,"calendar","sir","hurdle_ztnb",1032.60856521081,0,0.017057695483339,"pass",TRUE,TRUE,TRUE,FALSE,4.82300000000009,""
"Kansas",2025-04-26,"calendar","sir","hurdle_ztpoisson",1334.42253090739,0,0.0150717975218568,"pass",TRUE,TRUE,TRUE,FALSE,4.31500000000005,""
"Kansas",2025-05-31,"calendar","hsgp","hurdle_ztnb",978.319877103008,0,0.00175161233604587,"pass",TRUE,TRUE,TRUE,FALSE,4.54100000000017,""
"Kansas",2025-05-31,"calendar","hsgp","hurdle_ztpoisson",1875.41573489601,0,0.0159863410998705,"pass",TRUE,TRUE,TRUE,FALSE,4.23500000000013,""
"Kansas",2025-05-31,"calendar","sir","hurdle_ztnb",1071.42102055978,0,0.00355252292704655,"pass",TRUE,TRUE,TRUE,FALSE,4.86999999999989,""
"Kansas",2025-05-31,"calendar","sir","hurdle_ztpoisson",1379.32863503833,0,0.0362577376363884,"pass",TRUE,TRUE,TRUE,FALSE,4.65499999999997,""
"Kentucky",2025-01-02,"calendar","hsgp","hurdle_ztnb",596.349110906494,0,0.000759603988554236,"pass",TRUE,TRUE,TRUE,FALSE,3.29200000000014,""
"Kentucky",2025-01-02,"calendar","hsgp","hurdle_ztpoisson",798.415622565178,0,0.0220163314280645,"pass",TRUE,TRUE,TRUE,FALSE,3.19299999999998,""
"Kentucky",2025-01-02,"calendar","sir","hurdle_ztnb",675.927951021657,0,0.00414848242892418,"pass",TRUE,TRUE,TRUE,FALSE,3.65900000000011,""
"Kentucky",2025-01-02,"calendar","sir","hurdle_ztpoisson",713.528525666993,0,0.0230582565240718,"pass",TRUE,TRUE,TRUE,FALSE,3.46800000000007,""
"Kentucky",2025-02-15,"calendar","hsgp","hurdle_ztnb",725.500403343254,0,0.0029605221588318,"pass",TRUE,TRUE,TRUE,FALSE,3.67599999999993,""
"Kentucky",2025-02-15,"calendar","hsgp","hurdle_ztpoisson",2238.96934674717,0,0.0075802610661031,"pass",TRUE,TRUE,TRUE,FALSE,3.55800000000022,""
"Kentucky",2025-02-15,"calendar","sir","hurdle_ztnb",839.972693216676,0,0.00295333478862148,"pass",TRUE,TRUE,TRUE,FALSE,3.72299999999996,""
"Kentucky",2025-02-15,"calendar","sir","hurdle_ztpoisson",989.795750403192,0,0.00964326603440213,"pass",TRUE,TRUE,TRUE,FALSE,3.87900000000013,""
"Kentucky",2025-03-29,"calendar","hsgp","hurdle_ztnb",949.734217342875,0,0.000937512606365209,"pass",TRUE,TRUE,TRUE,FALSE,3.97800000000007,""
"Kentucky",2025-03-29,"calendar","hsgp","hurdle_ztpoisson",2782.93181594768,0,0.00661081315887058,"pass",TRUE,TRUE,TRUE,FALSE,3.95499999999993,""
"Kentucky",2025-03-29,"calendar","sir","hurdle_ztnb",1097.59462778421,0,0.00386742024025999,"pass",TRUE,TRUE,TRUE,FALSE,4.22499999999991,""
"Kentucky",2025-03-29,"calendar","sir","hurdle_ztpoisson",1404.90227586125,0,0.0209512227583071,"pass",TRUE,TRUE,TRUE,FALSE,4.16899999999987,""
"Kentucky",2025-04-26,"calendar","hsgp","hurdle_ztnb",1028.30891119766,0,0.00151300903353205,"pass",TRUE,TRUE,TRUE,FALSE,4.077,""
"Kentucky",2025-04-26,"calendar","hsgp","hurdle_ztpoisson",2890.42499929414,0,0.020680932485682,"pass",TRUE,TRUE,TRUE,FALSE,4.17000000000007,""
"Kentucky",2025-04-26,"calendar","sir","hurdle_ztnb",1189.54480516022,0,0.00056920419286044,"pass",TRUE,TRUE,TRUE,FALSE,4.33100000000013,""
"Kentucky",2025-04-26,"calendar","sir","hurdle_ztpoisson",1519.35687838369,0,0.0136278264387702,"pass",TRUE,TRUE,TRUE,FALSE,4.65599999999995,""
"Kentucky",2025-05-31,"calendar","hsgp","hurdle_ztnb",1078.61023409983,0,0.00133246449210844,"pass",TRUE,TRUE,TRUE,FALSE,4.25799999999981,""
"Kentucky",2025-05-31,"calendar","hsgp","hurdle_ztpoisson",2931.40520450303,0,0.0185917138441944,"pass",TRUE,TRUE,TRUE,FALSE,4.20699999999988,""
"Kentucky",2025-05-31,"calendar","sir","hurdle_ztnb",1250.83622766352,0,0.00119978680040411,"pass",TRUE,TRUE,TRUE,FALSE,4.79299999999989,""
"Kentucky",2025-05-31,"calendar","sir","hurdle_ztpoisson",1594.8547303937,0,0.0136594106947001,"pass",TRUE,TRUE,TRUE,FALSE,4.59100000000012,""
"Louisiana",2025-01-02,"calendar","hsgp","hurdle_ztnb",639.959952277028,0,0.00145657130470767,"pass",TRUE,TRUE,TRUE,FALSE,3.4219999999998,""
"Louisiana",2025-01-02,"calendar","hsgp","hurdle_ztpoisson",1049.88400876388,0,0.0192521348921586,"pass",TRUE,TRUE,TRUE,FALSE,3.34099999999989,""
"Louisiana",2025-01-02,"calendar","sir","hurdle_ztnb",735.264629190131,0,0.00172475914936243,"pass",TRUE,TRUE,TRUE,FALSE,3.55299999999988,""
"Louisiana",2025-01-02,"calendar","sir","hurdle_ztpoisson",804.235446673179,0,0.045554210418407,"pass",TRUE,TRUE,TRUE,FALSE,3.54899999999998,""
"Louisiana",2025-02-15,"calendar","hsgp","hurdle_ztnb",763.982403815947,0,0.00190577713793619,"pass",TRUE,TRUE,TRUE,FALSE,3.654,""
"Louisiana",2025-02-15,"calendar","hsgp","hurdle_ztpoisson",1949.47723384082,0,0.00525829462975591,"pass",TRUE,TRUE,TRUE,FALSE,3.57100000000014,""
"Louisiana",2025-02-15,"calendar","sir","hurdle_ztnb",871.540463691569,0,0.00112302989752094,"pass",TRUE,TRUE,TRUE,FALSE,3.69299999999998,""
"Louisiana",2025-02-15,"calendar","sir","hurdle_ztpoisson",1195.43575168282,0,0.0384457933040663,"pass",TRUE,TRUE,TRUE,FALSE,3.93399999999997,""
"Louisiana",2025-03-29,"calendar","hsgp","hurdle_ztnb",964.447140799584,0,0.00118591539730162,"pass",TRUE,TRUE,TRUE,FALSE,4.13200000000006,""
"Louisiana",2025-03-29,"calendar","hsgp","hurdle_ztpoisson",2863.73640524089,0,0.0372108815594518,"pass",TRUE,TRUE,TRUE,FALSE,3.77800000000002,""
"Louisiana",2025-03-29,"calendar","sir","hurdle_ztnb",1087.26777382071,0,0.000920042743094207,"pass",TRUE,TRUE,TRUE,FALSE,4.22299999999996,""
"Louisiana",2025-03-29,"calendar","sir","hurdle_ztpoisson",1909.26238973936,0,0.00873810682404752,"pass",TRUE,TRUE,TRUE,FALSE,4.41300000000001,""
"Louisiana",2025-04-26,"calendar","hsgp","hurdle_ztnb",1024.94734202608,0,0.00296731232863057,"pass",TRUE,TRUE,TRUE,FALSE,4.06600000000003,""
"Louisiana",2025-04-26,"calendar","hsgp","hurdle_ztpoisson",3176.16109489241,0,0.0264150051105281,"pass",TRUE,TRUE,TRUE,FALSE,3.86599999999999,""
"Louisiana",2025-04-26,"calendar","sir","hurdle_ztnb",1152.75390876327,0,0.00258759573849066,"pass",TRUE,TRUE,TRUE,FALSE,4.2349999999999,""
"Louisiana",2025-04-26,"calendar","sir","hurdle_ztpoisson",2086.32209720534,0,0.0204767523921179,"pass",TRUE,TRUE,TRUE,FALSE,4.279,""
"Louisiana",2025-05-31,"calendar","hsgp","hurdle_ztnb",1323.99384545666,0,0.0022174985977029,"pass",TRUE,TRUE,TRUE,FALSE,4.452,""
"Louisiana",2025-05-31,"calendar","hsgp","hurdle_ztpoisson",3557.10427770805,0,0.0241901706715811,"pass",TRUE,TRUE,TRUE,FALSE,4.3599999999999,""
"Louisiana",2025-05-31,"calendar","sir","hurdle_ztnb",1473.01553898657,0,0.00223301589247349,"pass",TRUE,TRUE,TRUE,FALSE,4.73199999999974,""
"Louisiana",2025-05-31,"calendar","sir","hurdle_ztpoisson",2489.11875645722,0,0.0678687382217311,"pass",TRUE,TRUE,TRUE,FALSE,5.00099999999975,""
"Maine",2025-01-02,"calendar","hsgp","hurdle_ztnb",438.419661440374,0,0.00319236827023506,"pass",TRUE,TRUE,TRUE,FALSE,3.03400000000011,""
"Maine",2025-01-02,"calendar","hsgp","hurdle_ztpoisson",452.120948267612,0,0.000771839964653687,"pass",TRUE,TRUE,TRUE,FALSE,2.98299999999972,""
"Maine",2025-01-02,"calendar","sir","hurdle_ztnb",1842.55373272209,0,0.000787844801268811,"pass",TRUE,TRUE,TRUE,FALSE,3.21900000000005,""
"Maine",2025-01-02,"calendar","sir","hurdle_ztpoisson",2247.69631247748,0,0.00126516895878837,"pass",TRUE,TRUE,TRUE,FALSE,3.00099999999975,""
"Maine",2025-02-15,"calendar","hsgp","hurdle_ztnb",533.24384602069,0,0.00279010969458415,"pass",TRUE,TRUE,TRUE,FALSE,3.45299999999997,""
"Maine",2025-02-15,"calendar","hsgp","hurdle_ztpoisson",724.909162141202,0,0.00181398079236517,"pass",TRUE,TRUE,TRUE,FALSE,3.3130000000001,""
"Maine",2025-02-15,"calendar","sir","hurdle_ztnb",2183.15427867959,0,0.000544310052538854,"pass",TRUE,TRUE,TRUE,FALSE,3.27100000000019,""
"Maine",2025-02-15,"calendar","sir","hurdle_ztpoisson",3404.31607377886,0,0.00665351076237641,"pass",TRUE,TRUE,TRUE,FALSE,3.2199999999998,""
"Maine",2025-03-29,"calendar","hsgp","hurdle_ztnb",642.271170746555,0,0.00154047170343824,"pass",TRUE,TRUE,TRUE,FALSE,3.6850000000004,""
"Maine",2025-03-29,"calendar","hsgp","hurdle_ztpoisson",917.412366933378,0,0.00140828033560325,"pass",TRUE,TRUE,TRUE,FALSE,3.46599999999989,""
"Maine",2025-03-29,"calendar","sir","hurdle_ztnb",2756.16915196704,0,0.00255199400167604,"pass",TRUE,TRUE,TRUE,FALSE,3.66499999999996,""
"Maine",2025-03-29,"calendar","sir","hurdle_ztpoisson",4478.89087887517,0,0.0277415357040667,"pass",TRUE,TRUE,TRUE,FALSE,3.51099999999997,""
"Maine",2025-04-26,"calendar","hsgp","hurdle_ztnb",672.052525026582,0,0.00148961030393435,"pass",TRUE,TRUE,TRUE,FALSE,3.6880000000001,""
"Maine",2025-04-26,"calendar","hsgp","hurdle_ztpoisson",945.228406295391,0,0.00256050963892368,"pass",TRUE,TRUE,TRUE,FALSE,3.54799999999977,""
"Maine",2025-04-26,"calendar","sir","hurdle_ztnb",2891.64655678832,0,0.00178334041905615,"pass",TRUE,TRUE,TRUE,FALSE,3.8159999999998,""
"Maine",2025-04-26,"calendar","sir","hurdle_ztpoisson",4647.85330120195,0,0.00400347599037332,"pass",TRUE,TRUE,TRUE,FALSE,3.52400000000034,""
"Maine",2025-05-31,"calendar","hsgp","hurdle_ztnb",699.599655005623,0,0.00250217654745999,"pass",TRUE,TRUE,TRUE,FALSE,3.8779999999997,""
"Maine",2025-05-31,"calendar","hsgp","hurdle_ztpoisson",970.955646328732,0,0.00220024282502562,"pass",TRUE,TRUE,TRUE,FALSE,3.75399999999991,""
"Maine",2025-05-31,"calendar","sir","hurdle_ztnb",3061.92927156795,0,0.000834689607280836,"pass",TRUE,TRUE,TRUE,FALSE,3.85699999999997,""
"Maine",2025-05-31,"calendar","sir","hurdle_ztpoisson",5033.76258673375,0,0.00045181836211583,"pass",TRUE,TRUE,TRUE,FALSE,3.60699999999997,""
"Maryland",2025-01-02,"calendar","hsgp","hurdle_ztnb",522.337727968431,0,0.00203030993370001,"pass",TRUE,TRUE,TRUE,FALSE,3.34799999999996,""
"Maryland",2025-01-02,"calendar","hsgp","hurdle_ztpoisson",667.028805120285,0,0.00706412831716396,"pass",TRUE,TRUE,TRUE,FALSE,3.1579999999999,""
"Maryland",2025-01-02,"calendar","sir","hurdle_ztnb",617.745396033415,0,0.0020224663131061,"pass",TRUE,TRUE,TRUE,FALSE,3.46799999999985,""
"Maryland",2025-01-02,"calendar","sir","hurdle_ztpoisson",634.201407220378,0,0.0093897297970742,"pass",TRUE,TRUE,TRUE,FALSE,4.40200000000004,""
"Maryland",2025-02-15,"calendar","hsgp","hurdle_ztnb",658.739753466397,0,0.00205161909376361,"pass",TRUE,TRUE,TRUE,FALSE,3.64499999999998,""
"Maryland",2025-02-15,"calendar","hsgp","hurdle_ztpoisson",1824.17514032394,0,0.0189315548482296,"pass",TRUE,TRUE,TRUE,FALSE,3.54100000000017,""
"Maryland",2025-02-15,"calendar","sir","hurdle_ztnb",781.558440707343,0,0.00032320022878829,"pass",TRUE,TRUE,TRUE,FALSE,3.76300000000037,""
"Maryland",2025-02-15,"calendar","sir","hurdle_ztpoisson",945.897760357861,0,0.00117263543155954,"pass",TRUE,TRUE,TRUE,FALSE,4.22400000000016,""
"Maryland",2025-03-29,"calendar","hsgp","hurdle_ztnb",815.646135651408,0,0.00247811157727185,"pass",TRUE,TRUE,TRUE,FALSE,3.67099999999982,""
"Maryland",2025-03-29,"calendar","hsgp","hurdle_ztpoisson",2290.07708181416,0,0.0177786766658762,"pass",TRUE,TRUE,TRUE,FALSE,3.63400000000001,""
"Maryland",2025-03-29,"calendar","sir","hurdle_ztnb",956.968880371144,0,0.00569272679136057,"pass",TRUE,TRUE,TRUE,FALSE,4.07799999999997,""
"Maryland",2025-03-29,"calendar","sir","hurdle_ztpoisson",1263.62302183284,0,0.00678763146499606,"pass",TRUE,TRUE,TRUE,FALSE,4.10500000000002,""
"Maryland",2025-04-26,"calendar","hsgp","hurdle_ztnb",874.57593565582,0,0.00527820527030243,"pass",TRUE,TRUE,TRUE,FALSE,3.99800000000005,""
"Maryland",2025-04-26,"calendar","hsgp","hurdle_ztpoisson",2354.74939887222,0,0.0178666811947541,"pass",TRUE,TRUE,TRUE,FALSE,3.79500000000007,""
"Maryland",2025-04-26,"calendar","sir","hurdle_ztnb",1027.04562390309,0,0.00144849491531992,"pass",TRUE,TRUE,TRUE,FALSE,4.30799999999999,""
"Maryland",2025-04-26,"calendar","sir","hurdle_ztpoisson",1333.41333427499,0,0.0268314664526207,"pass",TRUE,TRUE,TRUE,FALSE,4.20499999999993,""
"Maryland",2025-05-31,"calendar","hsgp","hurdle_ztnb",927.703120718441,0,0.00198656367052585,"pass",TRUE,TRUE,TRUE,FALSE,4.14800000000014,""
"Maryland",2025-05-31,"calendar","hsgp","hurdle_ztpoisson",2438.94585762465,0,0.043010488057232,"pass",TRUE,TRUE,TRUE,FALSE,3.93200000000024,""
"Maryland",2025-05-31,"calendar","sir","hurdle_ztnb",1029.86951179218,0,0.0052993152648344,"pass",TRUE,TRUE,TRUE,FALSE,4.60399999999981,""
"Maryland",2025-05-31,"calendar","sir","hurdle_ztpoisson",1421.88449991839,0,0.0373279186840776,"pass",TRUE,TRUE,TRUE,FALSE,5.19500000000016,""
"Massachusetts",2025-01-02,"calendar","hsgp","hurdle_ztnb",652.837166904357,0,0.00368960806390795,"pass",TRUE,TRUE,TRUE,FALSE,3.57600000000002,""
"Massachusetts",2025-01-02,"calendar","hsgp","hurdle_ztpoisson",1444.54384510278,0,0.0119242165135085,"pass",TRUE,TRUE,TRUE,FALSE,3.21000000000004,""
"Massachusetts",2025-01-02,"calendar","sir","hurdle_ztnb",783.707454108929,0,0.00174994051131261,"pass",TRUE,TRUE,TRUE,FALSE,3.48299999999972,""
"Massachusetts",2025-01-02,"calendar","sir","hurdle_ztpoisson",1281.58800799398,0,0.0112178239621712,"pass",TRUE,TRUE,TRUE,FALSE,3.50700000000006,""
"Massachusetts",2025-02-15,"calendar","hsgp","hurdle_ztnb",777.14213604517,0,0.00169679041130721,"pass",TRUE,TRUE,TRUE,FALSE,3.71900000000005,""
"Massachusetts",2025-02-15,"calendar","hsgp","hurdle_ztpoisson",3032.67858897454,0,0.00414246312297578,"pass",TRUE,TRUE,TRUE,FALSE,3.51800000000003,""
"Massachusetts",2025-02-15,"calendar","sir","hurdle_ztnb",958.07617095336,0,0.00267296190088118,"pass",TRUE,TRUE,TRUE,FALSE,3.72499999999991,""
"Massachusetts",2025-02-15,"calendar","sir","hurdle_ztpoisson",1701.03477789099,0,0.0343167851936745,"pass",TRUE,TRUE,TRUE,FALSE,4.06200000000035,""
"Massachusetts",2025-03-29,"calendar","hsgp","hurdle_ztnb",896.030163057895,0,0.00486283307780699,"pass",TRUE,TRUE,TRUE,FALSE,3.82900000000018,""
"Massachusetts",2025-03-29,"calendar","hsgp","hurdle_ztpoisson",3533.68468199308,0,0.00812475117073119,"pass",TRUE,TRUE,TRUE,FALSE,3.74499999999989,""
"Massachusetts",2025-03-29,"calendar","sir","hurdle_ztnb",1097.82310025661,0,0.000500342098806894,"pass",TRUE,TRUE,TRUE,FALSE,4.08300000000008,""
"Massachusetts",2025-03-29,"calendar","sir","hurdle_ztpoisson",2153.84658977931,0,0.0213343392776511,"pass",TRUE,TRUE,TRUE,FALSE,4.28099999999995,""
"Massachusetts",2025-04-26,"calendar","hsgp","hurdle_ztnb",951.590880690431,0,0.00366402525710519,"pass",TRUE,TRUE,TRUE,FALSE,3.99400000000014,""
"Massachusetts",2025-04-26,"calendar","hsgp","hurdle_ztpoisson",3618.98651791246,0,0.00707957488801547,"pass",TRUE,TRUE,TRUE,FALSE,3.91599999999971,""
"Massachusetts",2025-04-26,"calendar","sir","hurdle_ztnb",1164.22057062517,0,0.000545066563851115,"pass",TRUE,TRUE,TRUE,FALSE,4.1260000000002,""
"Massachusetts",2025-04-26,"calendar","sir","hurdle_ztpoisson",2278.28546613681,0,0.00677592136988281,"pass",TRUE,TRUE,TRUE,FALSE,4.85100000000011,""
"Massachusetts",2025-05-31,"calendar","hsgp","hurdle_ztnb",995.153270406135,0,0.00259049942235445,"pass",TRUE,TRUE,TRUE,FALSE,4.06899999999996,""
"Massachusetts",2025-05-31,"calendar","hsgp","hurdle_ztpoisson",3670.13363452574,0,0.0143397637998285,"pass",TRUE,TRUE,TRUE,FALSE,3.96199999999999,""
"Massachusetts",2025-05-31,"calendar","sir","hurdle_ztnb",1221.84276961019,0,0.0016932812813093,"pass",TRUE,TRUE,TRUE,FALSE,4.43000000000029,""
"Massachusetts",2025-05-31,"calendar","sir","hurdle_ztpoisson",2295.85339285466,0,0.00860655939091717,"pass",TRUE,TRUE,TRUE,FALSE,4.5659999999998,""
"Michigan",2025-01-02,"calendar","hsgp","hurdle_ztnb",971.532871099766,0,0.00118203154403174,"pass",TRUE,TRUE,TRUE,FALSE,3.67599999999993,""
"Michigan",2025-01-02,"calendar","hsgp","hurdle_ztpoisson",1877.81679198645,0,0.0312320787749042,"pass",TRUE,TRUE,TRUE,FALSE,3.6880000000001,""
"Michigan",2025-01-02,"calendar","sir","hurdle_ztnb",1069.56212486646,0,0.00226614174981621,"pass",TRUE,TRUE,TRUE,FALSE,3.92900000000009,""
"Michigan",2025-01-02,"calendar","sir","hurdle_ztpoisson",1487.17855408096,0,0.00603643146280319,"pass",TRUE,TRUE,TRUE,FALSE,3.84500000000025,""
"Michigan",2025-02-15,"calendar","hsgp","hurdle_ztnb",1223.39419092694,0,0.00166131087696242,"pass",TRUE,TRUE,TRUE,FALSE,4.20000000000027,""
"Michigan",2025-02-15,"calendar","hsgp","hurdle_ztpoisson",3945.45349317194,0,0.00482637851299428,"pass",TRUE,TRUE,TRUE,FALSE,4.07999999999993,""
"Michigan",2025-02-15,"calendar","sir","hurdle_ztnb",1370.41145308898,0,0.00206780884214375,"pass",TRUE,TRUE,TRUE,FALSE,4.48200000000043,""
"Michigan",2025-02-15,"calendar","sir","hurdle_ztpoisson",2613.57269014849,0,0.0106131810370504,"pass",TRUE,TRUE,TRUE,FALSE,4.43200000000024,""
"Michigan",2025-03-29,"calendar","hsgp","hurdle_ztnb",1392.16493770934,0,0.00666590917196941,"pass",TRUE,TRUE,TRUE,FALSE,4.39699999999993,""
"Michigan",2025-03-29,"calendar","hsgp","hurdle_ztpoisson",4789.12615751167,0,0.0341154114397184,"pass",TRUE,TRUE,TRUE,FALSE,4.09699999999975,""
"Michigan",2025-03-29,"calendar","sir","hurdle_ztnb",1562.09183555893,0,0.00199141470607289,"pass",TRUE,TRUE,TRUE,FALSE,4.76899999999978,""
"Michigan",2025-03-29,"calendar","sir","hurdle_ztpoisson",3090.06469783134,0,0.0149607297460221,"pass",TRUE,TRUE,TRUE,FALSE,4.98499999999967,""
"Michigan",2025-04-26,"calendar","hsgp","hurdle_ztnb",1452.74322405062,0,0.00135769156792431,"pass",TRUE,TRUE,TRUE,FALSE,4.44900000000007,""
"Michigan",2025-04-26,"calendar","hsgp","hurdle_ztpoisson",4945.48341184216,0,0.0130033585029533,"pass",TRUE,TRUE,TRUE,FALSE,4.60800000000017,""
"Michigan",2025-04-26,"calendar","sir","hurdle_ztnb",1633.02636353476,0,0.0137105573262183,"pass",TRUE,TRUE,TRUE,FALSE,4.84999999999991,""
"Michigan",2025-04-26,"calendar","sir","hurdle_ztpoisson",3201.53284886535,0,0.0229473693707747,"pass",TRUE,TRUE,TRUE,FALSE,5.47499999999991,""
"Michigan",2025-05-31,"calendar","hsgp","hurdle_ztnb",1523.3675622403,0,0.00223591477147567,"pass",TRUE,TRUE,TRUE,FALSE,4.81100000000015,""
"Michigan",2025-05-31,"calendar","hsgp","hurdle_ztpoisson",5033.71964645376,0,0.00345389335920832,"pass",TRUE,TRUE,TRUE,FALSE,4.65099999999984,""
"Michigan",2025-05-31,"calendar","sir","hurdle_ztnb",1712.68886324178,0,0.00390305092236698,"pass",TRUE,TRUE,TRUE,FALSE,5.23399999999992,""
"Michigan",2025-05-31,"calendar","sir","hurdle_ztpoisson",3296.90941784843,0,0.030794215313573,"pass",TRUE,TRUE,TRUE,FALSE,5.45499999999993,""
"Minnesota",2025-01-02,"calendar","hsgp","hurdle_ztnb",373.846107352886,0,0.00200211152451091,"pass",TRUE,TRUE,TRUE,FALSE,3.17999999999984,""
"Minnesota",2025-01-02,"calendar","hsgp","hurdle_ztpoisson",509.346950531285,0,0.00745883430043126,"pass",TRUE,TRUE,TRUE,FALSE,3.21000000000004,""
"Minnesota",2025-01-02,"calendar","sir","hurdle_ztnb",1584.05789428253,0,0.000134183853800707,"pass",TRUE,TRUE,TRUE,FALSE,3.15999999999985,""
"Minnesota",2025-01-02,"calendar","sir","hurdle_ztpoisson",3775.17779957335,0,0.00257775542927163,"pass",TRUE,TRUE,TRUE,FALSE,3.00999999999976,""
"Minnesota",2025-02-15,"calendar","hsgp","hurdle_ztnb",605.399097657443,0,0.00227916866292843,"pass",TRUE,TRUE,TRUE,FALSE,3.3420000000001,""
"Minnesota",2025-02-15,"calendar","hsgp","hurdle_ztpoisson",3159.92533735062,0,4.89183333414961,"warning",TRUE,TRUE,TRUE,FALSE,10.5110000000004,"The `hurdle_ztpoisson` optimizer did not pass the stability gate.
✖ Optimizer code 0: L-BFGS-B polish: CONVERGENCE: REL_REDUCTION_OF_F <=
  FACTR*EPSMCH
✖ Maximum absolute gradient: 4.892.
ℹ Try `count_cumulative_process(observation = ""hurdle_ztnb"")`; the ZTNB
  magnitude law was stable in the package-wide sweep.
ℹ This finite fit is returned with `gradient_status = ""warning""`; inspect
  `fit$opt` before using it."
"Minnesota",2025-02-15,"calendar","sir","hurdle_ztnb",2429.7600957843,0,0.00345317586149996,"pass",TRUE,TRUE,TRUE,FALSE,3.36100000000033,""
"Minnesota",2025-02-15,"calendar","sir","hurdle_ztpoisson",14468.9233122485,0,0.00357622847775474,"pass",TRUE,TRUE,TRUE,FALSE,3.11900000000014,""
"Minnesota",2025-03-29,"calendar","hsgp","hurdle_ztnb",753.367384819996,0,0.00321789602390277,"pass",TRUE,TRUE,TRUE,FALSE,3.75499999999965,""
"Minnesota",2025-03-29,"calendar","hsgp","hurdle_ztpoisson",4069.88504787937,0,0.0135799928290892,"pass",TRUE,TRUE,TRUE,FALSE,4.04800000000023,""
"Minnesota",2025-03-29,"calendar","sir","hurdle_ztnb",3089.43687494745,0,0.000748803640124862,"pass",TRUE,TRUE,TRUE,FALSE,3.54100000000017,""
"Minnesota",2025-03-29,"calendar","sir","hurdle_ztpoisson",15937.2560166783,0,0.000571394326147359,"pass",TRUE,TRUE,TRUE,FALSE,3.32700000000023,""
"Minnesota",2025-04-26,"calendar","hsgp","hurdle_ztnb",784.416282633881,0,0.00145466238838621,"pass",TRUE,TRUE,TRUE,FALSE,3.61499999999978,""
"Minnesota",2025-04-26,"calendar","hsgp","hurdle_ztpoisson",4273.18402599001,0,0.0223808792608593,"pass",TRUE,TRUE,TRUE,FALSE,3.78499999999985,""
"Minnesota",2025-04-26,"calendar","sir","hurdle_ztnb",3232.01023184544,0,0.00591323161133417,"pass",TRUE,TRUE,TRUE,FALSE,3.58200000000033,""
"Minnesota",2025-04-26,"calendar","sir","hurdle_ztpoisson",16493.8846249014,0,0.0100146306322699,"pass",TRUE,TRUE,TRUE,FALSE,3.49600000000009,""
"Minnesota",2025-05-31,"calendar","hsgp","hurdle_ztnb",812.855484176002,0,0.00362007061663439,"pass",TRUE,TRUE,TRUE,FALSE,3.90499999999975,""
"Minnesota",2025-05-31,"calendar","hsgp","hurdle_ztpoisson",4207.11895978627,0,0.0440114844545606,"pass",TRUE,TRUE,TRUE,FALSE,3.75700000000006,""
"Minnesota",2025-05-31,"calendar","sir","hurdle_ztnb",3395.91879405503,0,0.000174375183518372,"pass",TRUE,TRUE,TRUE,FALSE,3.89100000000008,""
"Minnesota",2025-05-31,"calendar","sir","hurdle_ztpoisson",17409.1987212433,0,0.0360081735636868,"pass",TRUE,TRUE,TRUE,FALSE,3.79100000000017,""
"Mississippi",2025-01-02,"calendar","hsgp","hurdle_ztnb",740.602771457878,0,0.00172218618279651,"pass",TRUE,TRUE,TRUE,FALSE,3.50099999999975,""
"Mississippi",2025-01-02,"calendar","hsgp","hurdle_ztpoisson",1019.57068240516,0,0.0111246903502114,"pass",TRUE,TRUE,TRUE,FALSE,3.5659999999998,""
"Mississippi",2025-01-02,"calendar","sir","hurdle_ztnb",834.794488316466,0,0.00256911459183806,"pass",TRUE,TRUE,TRUE,FALSE,3.75,""
"Mississippi",2025-01-02,"calendar","sir","hurdle_ztpoisson",966.275333342453,0,0.0233871312375853,"pass",TRUE,TRUE,TRUE,FALSE,3.6869999999999,""
"Mississippi",2025-02-15,"calendar","hsgp","hurdle_ztnb",839.908173242195,0,0.000897515982906327,"pass",TRUE,TRUE,TRUE,FALSE,3.83899999999994,""
"Mississippi",2025-02-15,"calendar","hsgp","hurdle_ztpoisson",1606.0938036924,0,0.0366719898737089,"pass",TRUE,TRUE,TRUE,FALSE,3.65200000000004,""
"Mississippi",2025-02-15,"calendar","sir","hurdle_ztnb",950.584238967469,0,0.00245526253275541,"pass",TRUE,TRUE,TRUE,FALSE,4.00399999999991,""
"Mississippi",2025-02-15,"calendar","sir","hurdle_ztpoisson",1248.03586434119,0,0.00534708240184045,"pass",TRUE,TRUE,TRUE,FALSE,4.09500000000025,""
"Mississippi",2025-03-29,"calendar","hsgp","hurdle_ztnb",955.378681787468,0,0.00223914730521091,"pass",TRUE,TRUE,TRUE,FALSE,4.07600000000002,""
"Mississippi",2025-03-29,"calendar","hsgp","hurdle_ztpoisson",1860.4172952689,0,0.0450713481940576,"pass",TRUE,TRUE,TRUE,FALSE,3.86599999999999,""
"Mississippi",2025-03-29,"calendar","sir","hurdle_ztnb",1074.11833072275,0,0.000633934957617655,"pass",TRUE,TRUE,TRUE,FALSE,4.40499999999975,""
"Mississippi",2025-03-29,"calendar","sir","hurdle_ztpoisson",1409.8720845761,0,0.00303048065655576,"pass",TRUE,TRUE,TRUE,FALSE,4.375,""
"Mississippi",2025-04-26,"calendar","hsgp","hurdle_ztnb",1001.2833730647,0,0.0064864928884556,"pass",TRUE,TRUE,TRUE,FALSE,4.28699999999981,""
"Mississippi",2025-04-26,"calendar","hsgp","hurdle_ztpoisson",1918.91104391971,0,0.00511793821469819,"pass",TRUE,TRUE,TRUE,FALSE,4.01499999999987,""
"Mississippi",2025-04-26,"calendar","sir","hurdle_ztnb",1129.36811662077,0,0.00092013007595293,"pass",TRUE,TRUE,TRUE,FALSE,4.71399999999994,""
"Mississippi",2025-04-26,"calendar","sir","hurdle_ztpoisson",1468.34795887172,0,0.0433380490219319,"pass",TRUE,TRUE,TRUE,FALSE,4.41800000000012,""
"Mississippi",2025-05-31,"calendar","hsgp","hurdle_ztnb",1049.77409133386,0,0.00465612203979826,"pass",TRUE,TRUE,TRUE,FALSE,4.52599999999984,""
"Mississippi",2025-05-31,"calendar","hsgp","hurdle_ztpoisson",1986.65723597637,0,0.0358404949119078,"pass",TRUE,TRUE,TRUE,FALSE,4.21900000000005,""
"Mississippi",2025-05-31,"calendar","sir","hurdle_ztnb",1185.66021914527,0,0.000810991585241227,"pass",TRUE,TRUE,TRUE,FALSE,4.70100000000002,""
"Mississippi",2025-05-31,"calendar","sir","hurdle_ztpoisson",1527.24399966163,0,0.0212905667220675,"pass",TRUE,TRUE,TRUE,FALSE,4.70700000000033,""
"Missouri",2025-01-02,"calendar","hsgp","hurdle_ztnb",833.699248790054,0,0.00643477879671872,"pass",TRUE,TRUE,TRUE,FALSE,3.84999999999991,""
"Missouri",2025-01-02,"calendar","hsgp","hurdle_ztpoisson",1141.77288225992,0,0.0136064686285648,"pass",TRUE,TRUE,TRUE,FALSE,3.67799999999988,""
"Missouri",2025-01-02,"calendar","sir","hurdle_ztnb",944.075651295976,0,0.00263811066288167,"pass",TRUE,TRUE,TRUE,FALSE,4.07499999999982,""
"Missouri",2025-01-02,"calendar","sir","hurdle_ztpoisson",1006.71907679142,0,0.0608679973502979,"pass",TRUE,TRUE,TRUE,FALSE,3.904,""
"Missouri",2025-02-15,"calendar","hsgp","hurdle_ztnb",1021.7217671218,0,0.00309234617736964,"pass",TRUE,TRUE,TRUE,FALSE,4.221,""
"Missouri",2025-02-15,"calendar","hsgp","hurdle_ztpoisson",3607.66643716895,0,0.0116254487597175,"pass",TRUE,TRUE,TRUE,FALSE,4.0300000000002,""
"Missouri",2025-02-15,"calendar","sir","hurdle_ztnb",1190.18179250334,0,0.00328350119420096,"pass",TRUE,TRUE,TRUE,FALSE,4.63100000000031,""
"Missouri",2025-02-15,"calendar","sir","hurdle_ztpoisson",2470.22849439986,0,0.0149966299340187,"pass",TRUE,TRUE,TRUE,FALSE,4.47800000000007,""
"Missouri",2025-03-29,"calendar","hsgp","hurdle_ztnb",1256.60036387367,0,0.00517447584449204,"pass",TRUE,TRUE,TRUE,FALSE,4.68200000000024,""
"Missouri",2025-03-29,"calendar","hsgp","hurdle_ztpoisson",5108.87771698659,0,0.0365682051757803,"pass",TRUE,TRUE,TRUE,FALSE,4.29100000000017,""
"Missouri",2025-03-29,"calendar","sir","hurdle_ztnb",1358.77018808187,0,0.0187847132917688,"pass",TRUE,TRUE,TRUE,FALSE,5.05999999999995,""
"Missouri",2025-03-29,"calendar","sir","hurdle_ztpoisson",3917.47107277168,0,0.022435044839101,"pass",TRUE,TRUE,TRUE,FALSE,4.6869999999999,""
"Missouri",2025-04-26,"calendar","hsgp","hurdle_ztnb",1341.57747308035,0,0.00116779210790752,"pass",TRUE,TRUE,TRUE,FALSE,4.83300000000008,""
"Missouri",2025-04-26,"calendar","hsgp","hurdle_ztpoisson",5368.22134049994,0,0.00165302275322188,"pass",TRUE,TRUE,TRUE,FALSE,4.72299999999996,""
"Missouri",2025-04-26,"calendar","sir","hurdle_ztnb",1447.95912404695,0,0.00376211500367951,"pass",TRUE,TRUE,TRUE,FALSE,5.14699999999993,""
"Missouri",2025-04-26,"calendar","sir","hurdle_ztpoisson",4156.60903524607,0,0.0265212104357182,"pass",TRUE,TRUE,TRUE,FALSE,5.78999999999996,""
"Missouri",2025-05-31,"calendar","hsgp","hurdle_ztnb",1418.11828836949,0,0.00538958527545663,"pass",TRUE,TRUE,TRUE,FALSE,4.93100000000004,""
"Missouri",2025-05-31,"calendar","hsgp","hurdle_ztpoisson",5490.56154584748,0,0.0462888772389634,"pass",TRUE,TRUE,TRUE,FALSE,4.81999999999971,""
"Missouri",2025-05-31,"calendar","sir","hurdle_ztnb",1528.90379172696,0,0.00828767584788803,"pass",TRUE,TRUE,TRUE,FALSE,5.26899999999978,""
"Missouri",2025-05-31,"calendar","sir","hurdle_ztpoisson",4283.84647335264,0,0.00847507550101945,"pass",TRUE,TRUE,TRUE,FALSE,5.45699999999988,""
"Montana",2025-01-02,"calendar","hsgp","hurdle_ztnb",400.073809479573,0,0.000543229830439852,"pass",TRUE,TRUE,TRUE,FALSE,3.07799999999997,""
"Montana",2025-01-02,"calendar","hsgp","hurdle_ztpoisson",429.703489596802,0,0.00169984968671777,"pass",TRUE,TRUE,TRUE,FALSE,3.10899999999992,""
"Montana",2025-01-02,"calendar","sir","hurdle_ztnb",1792.54739849606,0,0.000720939043852731,"pass",TRUE,TRUE,TRUE,FALSE,3.1260000000002,""
"Montana",2025-01-02,"calendar","sir","hurdle_ztpoisson",2394.31141157167,0,0.00174374543607314,"pass",TRUE,TRUE,TRUE,FALSE,2.98900000000003,""
"Montana",2025-02-15,"calendar","hsgp","hurdle_ztnb",497.896943149544,0,0.000823588275119747,"pass",TRUE,TRUE,TRUE,FALSE,3.55099999999993,""
"Montana",2025-02-15,"calendar","hsgp","hurdle_ztpoisson",675.705614588734,0,0.00185747053145979,"pass",TRUE,TRUE,TRUE,FALSE,3.16200000000026,""
"Montana",2025-02-15,"calendar","sir","hurdle_ztnb",2240.63649111225,0,0.00123421944593723,"pass",TRUE,TRUE,TRUE,FALSE,3.40900000000011,""
"Montana",2025-02-15,"calendar","sir","hurdle_ztpoisson",3195.51483707303,0,0.00908161530159646,"pass",TRUE,TRUE,TRUE,FALSE,3.17799999999988,""
"Montana",2025-03-29,"calendar","hsgp","hurdle_ztnb",607.840313824157,0,0.00243650842051168,"pass",TRUE,TRUE,TRUE,FALSE,3.67099999999982,""
"Montana",2025-03-29,"calendar","hsgp","hurdle_ztpoisson",814.678132893522,0,0.0106026645334634,"pass",TRUE,TRUE,TRUE,FALSE,3.51499999999987,""
"Montana",2025-03-29,"calendar","sir","hurdle_ztnb",2809.70876022409,0,0.00160073967988339,"pass",TRUE,TRUE,TRUE,FALSE,3.66599999999971,""
"Montana",2025-03-29,"calendar","sir","hurdle_ztpoisson",4087.0339210196,0,0.000378946909108419,"pass",TRUE,TRUE,TRUE,FALSE,3.64199999999983,""
"Montana",2025-04-26,"calendar","hsgp","hurdle_ztnb",642.315323691146,0,0.00452956615522151,"pass",TRUE,TRUE,TRUE,FALSE,3.71099999999979,""
"Montana",2025-04-26,"calendar","hsgp","hurdle_ztpoisson",879.276139980032,0,0.0222089268489523,"pass",TRUE,TRUE,TRUE,FALSE,3.66899999999987,""
"Montana",2025-04-26,"calendar","sir","hurdle_ztnb",2989.76972347204,0,0.000757787705590207,"pass",TRUE,TRUE,TRUE,FALSE,3.77300000000014,""
"Montana",2025-04-26,"calendar","sir","hurdle_ztpoisson",4334.86917990092,0,0.0179629407486352,"pass",TRUE,TRUE,TRUE,FALSE,3.57900000000018,""
"Montana",2025-05-31,"calendar","hsgp","hurdle_ztnb",898.696462926845,0,0.00317428025031335,"pass",TRUE,TRUE,TRUE,FALSE,4.0930000000003,""
"Montana",2025-05-31,"calendar","hsgp","hurdle_ztpoisson",1167.44953068862,0,0.0092422886771128,"pass",TRUE,TRUE,TRUE,FALSE,4.17100000000028,""
"Montana",2025-05-31,"calendar","sir","hurdle_ztnb",3918.14110868456,0,0.00283021726431443,"pass",TRUE,TRUE,TRUE,FALSE,4.09900000000016,""
"Montana",2025-05-31,"calendar","sir","hurdle_ztpoisson",5488.30458872481,0,0.00643218403807566,"pass",TRUE,TRUE,TRUE,FALSE,3.86900000000014,""
"Nebraska",2025-01-02,"calendar","hsgp","hurdle_ztnb",411.376309278364,0,0.0016508070169311,"pass",TRUE,TRUE,TRUE,FALSE,3.1279999999997,""
"Nebraska",2025-01-02,"calendar","hsgp","hurdle_ztpoisson",439.209517658513,0,0.00144488855149727,"pass",TRUE,TRUE,TRUE,FALSE,3.15299999999979,""
"Nebraska",2025-01-02,"calendar","sir","hurdle_ztnb",480.075509506785,0,0.000170515289701632,"pass",TRUE,TRUE,TRUE,FALSE,3.53600000000006,""
"Nebraska",2025-01-02,"calendar","sir","hurdle_ztpoisson",476.932519219658,0,0.000593697819236572,"pass",TRUE,TRUE,TRUE,FALSE,3.41100000000006,""
"Nebraska",2025-02-15,"calendar","hsgp","hurdle_ztnb",538.085134487288,0,0.00171810417605323,"pass",TRUE,TRUE,TRUE,FALSE,3.76299999999992,""
"Nebraska",2025-02-15,"calendar","hsgp","hurdle_ztpoisson",882.258272386742,0,0.00954023591841568,"pass",TRUE,TRUE,TRUE,FALSE,3.36400000000003,""
"Nebraska",2025-02-15,"calendar","sir","hurdle_ztnb",613.057901005051,0,0.00491432686723181,"pass",TRUE,TRUE,TRUE,FALSE,3.82999999999993,""
"Nebraska",2025-02-15,"calendar","sir","hurdle_ztpoisson",700.537844977404,0,0.0407896896334703,"pass",TRUE,TRUE,TRUE,FALSE,3.78700000000026,""
"Nebraska",2025-03-29,"calendar","hsgp","hurdle_ztnb",672.115072926133,0,0.000934102257368119,"pass",TRUE,TRUE,TRUE,FALSE,3.83200000000033,""
"Nebraska",2025-03-29,"calendar","hsgp","hurdle_ztpoisson",1106.10005716061,0,0.0186936566164511,"pass",TRUE,TRUE,TRUE,FALSE,3.721,""
"Nebraska",2025-03-29,"calendar","sir","hurdle_ztnb",753.816855595417,0,0.0109696949881011,"pass",TRUE,TRUE,TRUE,FALSE,4.25,""
"Nebraska",2025-03-29,"calendar","sir","hurdle_ztpoisson",922.118511182507,0,0.00606184185800906,"pass",TRUE,TRUE,TRUE,FALSE,4.27399999999989,""
"Nebraska",2025-04-26,"calendar","hsgp","hurdle_ztnb",701.778035932061,0,0.00508573716203015,"pass",TRUE,TRUE,TRUE,FALSE,3.91100000000006,""
"Nebraska",2025-04-26,"calendar","hsgp","hurdle_ztpoisson",1134.36110855658,0,0.00104275642869557,"pass",TRUE,TRUE,TRUE,FALSE,3.6840000000002,""
"Nebraska",2025-04-26,"calendar","sir","hurdle_ztnb",787.510537608533,0,0.0169836433131633,"pass",TRUE,TRUE,TRUE,FALSE,4.48600000000033,""
"Nebraska",2025-04-26,"calendar","sir","hurdle_ztpoisson",957.424677755404,0,0.00825726041925523,"pass",TRUE,TRUE,TRUE,FALSE,4.20400000000018,""
"Nebraska",2025-05-31,"calendar","hsgp","hurdle_ztnb",731.468262767563,0,0.00107372789907645,"pass",TRUE,TRUE,TRUE,FALSE,4.22599999999966,""
"Nebraska",2025-05-31,"calendar","hsgp","hurdle_ztpoisson",1166.77845943514,0,0.00291428109956615,"pass",TRUE,TRUE,TRUE,FALSE,3.85199999999986,""
"Nebraska",2025-05-31,"calendar","sir","hurdle_ztnb",820.857078259071,0,0.00579172137735529,"pass",TRUE,TRUE,TRUE,FALSE,4.54300000000012,""
"Nebraska",2025-05-31,"calendar","sir","hurdle_ztpoisson",1003.93520862868,0,0.0508942564713346,"pass",TRUE,TRUE,TRUE,FALSE,4.17800000000034,""
"Nevada",2025-01-02,"calendar","hsgp","hurdle_ztnb",582.013685817846,0,0.00319472263292597,"pass",TRUE,TRUE,TRUE,FALSE,3.44799999999987,""
"Nevada",2025-01-02,"calendar","hsgp","hurdle_ztpoisson",743.155061747483,0,0.0121298315036196,"pass",TRUE,TRUE,TRUE,FALSE,3.39100000000008,""
"Nevada",2025-01-02,"calendar","sir","hurdle_ztnb",656.268966671324,0,0.000652355877425403,"pass",TRUE,TRUE,TRUE,FALSE,3.66600000000017,""
"Nevada",2025-01-02,"calendar","sir","hurdle_ztpoisson",706.994481835824,0,0.0136989501736173,"pass",TRUE,TRUE,TRUE,FALSE,3.75199999999995,""
"Nevada",2025-02-15,"calendar","hsgp","hurdle_ztnb",745.536794219593,0,0.0013389803361521,"pass",TRUE,TRUE,TRUE,FALSE,3.88400000000001,""
"Nevada",2025-02-15,"calendar","hsgp","hurdle_ztpoisson",1433.0540587033,0,0.011322012613016,"pass",TRUE,TRUE,TRUE,FALSE,3.73900000000003,""
"Nevada",2025-02-15,"calendar","sir","hurdle_ztnb",822.963110251375,0,0.017829656911061,"pass",TRUE,TRUE,TRUE,FALSE,3.97200000000021,""
"Nevada",2025-02-15,"calendar","sir","hurdle_ztpoisson",1027.36434413893,0,0.00391970737275216,"pass",TRUE,TRUE,TRUE,FALSE,3.96500000000015,""
"Nevada",2025-03-29,"calendar","hsgp","hurdle_ztnb",844.391802573763,0,0.00310795709732847,"pass",TRUE,TRUE,TRUE,FALSE,4.10300000000007,""
"Nevada",2025-03-29,"calendar","hsgp","hurdle_ztpoisson",1606.35540167451,0,0.00644945665296459,"pass",TRUE,TRUE,TRUE,FALSE,4.0329999999999,""
"Nevada",2025-03-29,"calendar","sir","hurdle_ztnb",929.688772629801,0,0.002663629718473,"pass",TRUE,TRUE,TRUE,FALSE,4.33099999999968,""
"Nevada",2025-03-29,"calendar","sir","hurdle_ztpoisson",1175.77071611044,0,0.00122855383275796,"pass",TRUE,TRUE,TRUE,FALSE,4.24599999999964,""
"Nevada",2025-04-26,"calendar","hsgp","hurdle_ztnb",880.673113869611,0,0.00350437608008458,"pass",TRUE,TRUE,TRUE,FALSE,4.29199999999992,""
"Nevada",2025-04-26,"calendar","hsgp","hurdle_ztpoisson",1659.81063220567,0,0.00844496134793293,"pass",TRUE,TRUE,TRUE,FALSE,3.90700000000015,""
"Nevada",2025-04-26,"calendar","sir","hurdle_ztnb",970.829852374681,0,0.0338490445483599,"pass",TRUE,TRUE,TRUE,FALSE,4.55999999999995,""
"Nevada",2025-04-26,"calendar","sir","hurdle_ztpoisson",1222.79605647511,0,0.0102603805124843,"pass",TRUE,TRUE,TRUE,FALSE,4.47899999999981,""
"Nevada",2025-05-31,"calendar","hsgp","hurdle_ztnb",919.100765039998,0,0.00179838090659601,"pass",TRUE,TRUE,TRUE,FALSE,4.14599999999973,""
"Nevada",2025-05-31,"calendar","hsgp","hurdle_ztpoisson",1727.92358550878,0,0.00970622232547114,"pass",TRUE,TRUE,TRUE,FALSE,3.98399999999992,""
"Nevada",2025-05-31,"calendar","sir","hurdle_ztnb",1013.46869246477,0,0.0145557746784062,"pass",TRUE,TRUE,TRUE,FALSE,4.88799999999992,""
"Nevada",2025-05-31,"calendar","sir","hurdle_ztpoisson",1274.04778583203,0,0.0148964759224418,"pass",TRUE,TRUE,TRUE,FALSE,4.48800000000028,""
"New Hampshire",2025-01-02,"calendar","hsgp","hurdle_ztnb",244.263892693623,0,0.000396146523960361,"pass",TRUE,TRUE,TRUE,FALSE,2.89699999999993,""
"New Hampshire",2025-01-02,"calendar","hsgp","hurdle_ztpoisson",251.243331610513,0,0.00055867743082505,"pass",TRUE,TRUE,TRUE,FALSE,2.88200000000006,""
"New Hampshire",2025-01-02,"calendar","sir","hurdle_ztnb",346.620461441949,0,0.000446686962552068,"pass",TRUE,TRUE,TRUE,FALSE,3.25999999999976,""
"New Hampshire",2025-01-02,"calendar","sir","hurdle_ztpoisson",316.065814198405,0,0.0485599210902956,"pass",TRUE,TRUE,TRUE,FALSE,3.1869999999999,""
"New Hampshire",2025-02-15,"calendar","hsgp","hurdle_ztnb",426.644832553795,0,0.00062631272860747,"pass",TRUE,TRUE,TRUE,FALSE,3.26499999999987,""
"New Hampshire",2025-02-15,"calendar","hsgp","hurdle_ztpoisson",1081.67861350031,0,0.00603837700114562,"pass",TRUE,TRUE,TRUE,FALSE,3.25199999999995,""
"New Hampshire",2025-02-15,"calendar","sir","hurdle_ztnb",534.89248270529,0,0.000297378356974187,"pass",TRUE,TRUE,TRUE,FALSE,3.52400000000034,""
"New Hampshire",2025-02-15,"calendar","sir","hurdle_ztpoisson",628.120130355055,0,0.00915648043268669,"pass",TRUE,TRUE,TRUE,FALSE,3.36200000000008,""
"New Hampshire",2025-03-29,"calendar","hsgp","hurdle_ztnb",611.734159745553,0,0.00160689880831921,"pass",TRUE,TRUE,TRUE,FALSE,3.66699999999992,""
"New Hampshire",2025-03-29,"calendar","hsgp","hurdle_ztpoisson",1604.47080386715,0,0.0138119740820206,"pass",TRUE,TRUE,TRUE,FALSE,3.46199999999999,""
"New Hampshire",2025-03-29,"calendar","sir","hurdle_ztnb",750.065509346704,0,0.0052274262136951,"pass",TRUE,TRUE,TRUE,FALSE,3.89300000000003,""
"New Hampshire",2025-03-29,"calendar","sir","hurdle_ztpoisson",909.041026951392,0,0.00132403689985806,"pass",TRUE,TRUE,TRUE,FALSE,3.84699999999975,""
"New Hampshire",2025-04-26,"calendar","hsgp","hurdle_ztnb",659.151440183307,0,0.00203355663149951,"pass",TRUE,TRUE,TRUE,FALSE,3.70200000000023,""
"New Hampshire",2025-04-26,"calendar","hsgp","hurdle_ztpoisson",1786.90492002716,0,0.0343519762737055,"pass",TRUE,TRUE,TRUE,FALSE,3.70699999999988,""
"New Hampshire",2025-04-26,"calendar","sir","hurdle_ztnb",798.744165257126,0,0.000540940032038195,"pass",TRUE,TRUE,TRUE,FALSE,3.97400000000016,""
"New Hampshire",2025-04-26,"calendar","sir","hurdle_ztpoisson",982.334289883279,0,0.00354859776501648,"pass",TRUE,TRUE,TRUE,FALSE,3.95599999999968,""
"New Hampshire",2025-05-31,"calendar","hsgp","hurdle_ztnb",680.634479314898,0,0.00305490160715216,"pass",TRUE,TRUE,TRUE,FALSE,4.0600000000004,""
"New Hampshire",2025-05-31,"calendar","hsgp","hurdle_ztpoisson",1785.24622732732,0,0.0151395657341613,"pass",TRUE,TRUE,TRUE,FALSE,3.63999999999987,""
"New Hampshire",2025-05-31,"calendar","sir","hurdle_ztnb",832.26579131801,0,0.000106275485070695,"pass",TRUE,TRUE,TRUE,FALSE,4.09999999999991,""
"New Hampshire",2025-05-31,"calendar","sir","hurdle_ztpoisson",1015.84445800802,0,0.00919823644964137,"pass",TRUE,TRUE,TRUE,FALSE,4.04300000000012,""
"New Jersey",2025-01-02,"calendar","hsgp","hurdle_ztnb",737.926675771251,0,0.00330992448454559,"pass",TRUE,TRUE,TRUE,FALSE,3.47299999999996,""
"New Jersey",2025-01-02,"calendar","hsgp","hurdle_ztpoisson",1171.26353178357,0,0.00468102582856067,"pass",TRUE,TRUE,TRUE,FALSE,3.36200000000008,""
"New Jersey",2025-01-02,"calendar","sir","hurdle_ztnb",855.048427193005,0,0.00451554909069829,"pass",TRUE,TRUE,TRUE,FALSE,3.66800000000012,""
"New Jersey",2025-01-02,"calendar","sir","hurdle_ztpoisson",921.628985880964,0,0.0291960030557121,"pass",TRUE,TRUE,TRUE,FALSE,3.80099999999993,""
"New Jersey",2025-02-15,"calendar","hsgp","hurdle_ztnb",834.978144715691,0,0.00596725285132216,"pass",TRUE,TRUE,TRUE,FALSE,3.63299999999981,""
"New Jersey",2025-02-15,"calendar","hsgp","hurdle_ztpoisson",3721.57662901001,0,0.00965434749129823,"pass",TRUE,TRUE,TRUE,FALSE,3.54199999999992,""
"New Jersey",2025-02-15,"calendar","sir","hurdle_ztnb",992.589761616288,0,0.00767493599688918,"pass",TRUE,TRUE,TRUE,FALSE,3.85399999999981,""
"New Jersey",2025-02-15,"calendar","sir","hurdle_ztpoisson",1486.41723120425,0,0.0250075241926619,"pass",TRUE,TRUE,TRUE,FALSE,6.63699999999972,""
"New Jersey",2025-03-29,"calendar","hsgp","hurdle_ztnb",965.970186652751,0,0.00163651720520952,"pass",TRUE,TRUE,TRUE,FALSE,3.92700000000013,""
"New Jersey",2025-03-29,"calendar","hsgp","hurdle_ztpoisson",4442.17528417627,0,0.00809156807588862,"pass",TRUE,TRUE,TRUE,FALSE,4.23599999999988,""
"New Jersey",2025-03-29,"calendar","sir","hurdle_ztnb",1134.11494976729,0,0.0053147401133018,"pass",TRUE,TRUE,TRUE,FALSE,3.96599999999989,""
"New Jersey",2025-03-29,"calendar","sir","hurdle_ztpoisson",2281.56583033345,0,0.022943784595014,"pass",TRUE,TRUE,TRUE,FALSE,5.79300000000012,""
"New Jersey",2025-04-26,"calendar","hsgp","hurdle_ztnb",1004.66132868128,0,0.00259090183145638,"pass",TRUE,TRUE,TRUE,FALSE,4.01800000000003,""
"New Jersey",2025-04-26,"calendar","hsgp","hurdle_ztpoisson",4537.43191519693,0,0.0259210046331654,"pass",TRUE,TRUE,TRUE,FALSE,3.8420000000001,""
"New Jersey",2025-04-26,"calendar","sir","hurdle_ztnb",1178.33215859475,0,0.0227018659370338,"pass",TRUE,TRUE,TRUE,FALSE,4.10500000000002,""
"New Jersey",2025-04-26,"calendar","sir","hurdle_ztpoisson",2331.75976851094,0,0.0694187260624863,"pass",TRUE,TRUE,TRUE,FALSE,5.12100000000009,""
"New Jersey",2025-05-31,"calendar","hsgp","hurdle_ztnb",1120.26460619684,0,0.00387615181009293,"pass",TRUE,TRUE,TRUE,FALSE,4.31700000000001,""
"New Jersey",2025-05-31,"calendar","hsgp","hurdle_ztpoisson",4726.03019168254,0,0.0186362094331945,"pass",TRUE,TRUE,TRUE,FALSE,4.11599999999999,""
"New Jersey",2025-05-31,"calendar","sir","hurdle_ztnb",1312.93933608754,0,0.00055848225666244,"pass",TRUE,TRUE,TRUE,FALSE,4.39699999999993,""
"New Jersey",2025-05-31,"calendar","sir","hurdle_ztpoisson",2546.11064994523,0,0.00601818360260609,"pass",TRUE,TRUE,TRUE,FALSE,4.71100000000024,""
"New Mexico",2025-01-02,"calendar","hsgp","hurdle_ztnb",535.270470904674,0,0.00231988002130334,"pass",TRUE,TRUE,TRUE,FALSE,3.29399999999987,""
"New Mexico",2025-01-02,"calendar","hsgp","hurdle_ztpoisson",796.066026413324,0,0.00672706757226416,"pass",TRUE,TRUE,TRUE,FALSE,3.25,""
"New Mexico",2025-01-02,"calendar","sir","hurdle_ztnb",649.392477458762,0,0.00406129128268262,"pass",TRUE,TRUE,TRUE,FALSE,3.64699999999993,""
"New Mexico",2025-01-02,"calendar","sir","hurdle_ztpoisson",740.250567420835,0,0.00737151305137984,"pass",TRUE,TRUE,TRUE,FALSE,3.36299999999983,""
"New Mexico",2025-02-15,"calendar","hsgp","hurdle_ztnb",700.646024925106,0,0.00200679449869612,"pass",TRUE,TRUE,TRUE,FALSE,3.71199999999999,""
"New Mexico",2025-02-15,"calendar","hsgp","hurdle_ztpoisson",1446.13774718456,0,0.00581782332393066,"pass",TRUE,TRUE,TRUE,FALSE,3.54500000000007,""
"New Mexico",2025-02-15,"calendar","sir","hurdle_ztnb",781.868765461519,0,0.0026447332856725,"pass",TRUE,TRUE,TRUE,FALSE,3.93199999999979,""
"New Mexico",2025-02-15,"calendar","sir","hurdle_ztpoisson",1135.0161578897,0,0.0219940131867173,"pass",TRUE,TRUE,TRUE,FALSE,4.01999999999998,""
"New Mexico",2025-03-29,"calendar","hsgp","hurdle_ztnb",815.915569349907,0,0.00174518809082969,"pass",TRUE,TRUE,TRUE,FALSE,4.08300000000008,""
"New Mexico",2025-03-29,"calendar","hsgp","hurdle_ztpoisson",1689.05965652974,0,0.0190859411592939,"pass",TRUE,TRUE,TRUE,FALSE,3.71300000000019,""
"New Mexico",2025-03-29,"calendar","sir","hurdle_ztnb",904.592090994014,0,0.0462220087612413,"pass",TRUE,TRUE,TRUE,FALSE,4.41699999999992,""
"New Mexico",2025-03-29,"calendar","sir","hurdle_ztpoisson",1364.10905035066,0,0.00829057641861366,"pass",TRUE,TRUE,TRUE,FALSE,4.50700000000006,""
"New Mexico",2025-04-26,"calendar","hsgp","hurdle_ztnb",916.322131413681,0,0.00443583444307705,"pass",TRUE,TRUE,TRUE,FALSE,4.28499999999985,""
"New Mexico",2025-04-26,"calendar","hsgp","hurdle_ztpoisson",1830.58490126086,0,0.0116537746111099,"pass",TRUE,TRUE,TRUE,FALSE,4.00300000000016,""
"New Mexico",2025-04-26,"calendar","sir","hurdle_ztnb",1009.43280787532,0,0.0124908214039503,"pass",TRUE,TRUE,TRUE,FALSE,4.88899999999967,""
"New Mexico",2025-04-26,"calendar","sir","hurdle_ztpoisson",1501.99996596894,0,0.0238067946884983,"pass",TRUE,TRUE,TRUE,FALSE,4.27399999999989,""
"New Mexico",2025-05-31,"calendar","hsgp","hurdle_ztnb",977.367914697855,0,0.00247260086244161,"pass",TRUE,TRUE,TRUE,FALSE,4.50399999999991,""
"New Mexico",2025-05-31,"calendar","hsgp","hurdle_ztpoisson",1891.90457568444,0,0.00555266475143446,"pass",TRUE,TRUE,TRUE,FALSE,4.10999999999967,""
"New Mexico",2025-05-31,"calendar","sir","hurdle_ztnb",1073.14854978009,0,0.0324044340360781,"pass",TRUE,TRUE,TRUE,FALSE,4.91899999999987,""
"New Mexico",2025-05-31,"calendar","sir","hurdle_ztpoisson",1579.17089546467,0,0.0300827419148797,"pass",TRUE,TRUE,TRUE,FALSE,4.6880000000001,""
"New York",2025-01-02,"calendar","hsgp","hurdle_ztnb",866.238629438984,0,0.00143318623579913,"pass",TRUE,TRUE,TRUE,FALSE,3.6869999999999,""
"New York",2025-01-02,"calendar","hsgp","hurdle_ztpoisson",2096.96118969183,0,0.00770996699809534,"pass",TRUE,TRUE,TRUE,FALSE,3.56700000000001,""
"New York",2025-01-02,"calendar","sir","hurdle_ztnb",973.469430683033,0,0.0017868316993811,"pass",TRUE,TRUE,TRUE,FALSE,3.59799999999996,""
"New York",2025-01-02,"calendar","sir","hurdle_ztpoisson",1375.76318048583,0,0.0138012307213525,"pass",TRUE,TRUE,TRUE,FALSE,4.01499999999987,""
"New York",2025-02-15,"calendar","hsgp","hurdle_ztnb",1036.85348678161,0,0.00191633804252256,"pass",TRUE,TRUE,TRUE,FALSE,3.82300000000032,""
"New York",2025-02-15,"calendar","hsgp","hurdle_ztpoisson",7862.22703753713,0,0.0408240403923974,"pass",TRUE,TRUE,TRUE,FALSE,3.83100000000013,""
"New York",2025-02-15,"calendar","sir","hurdle_ztnb",1193.19628775514,0,0.00161045658372139,"pass",TRUE,TRUE,TRUE,FALSE,3.9680000000003,""
"New York",2025-02-15,"calendar","sir","hurdle_ztpoisson",3507.00334144046,1,24.1695986735771,"warning",TRUE,TRUE,TRUE,FALSE,17,"The `hurdle_ztpoisson` optimizer did not pass the stability gate.
✖ Optimizer code 1: iteration limit reached without convergence (10)
✖ Maximum absolute gradient: 24.17.
ℹ Try `count_cumulative_process(observation = ""hurdle_ztnb"")`; the ZTNB
  magnitude law was stable in the package-wide sweep.
ℹ This finite fit is returned with `gradient_status = ""warning""`; inspect
  `fit$opt` before using it. | CHOLMOD warning 'matrix not positive definite' at file 'Supernodal/t_cholmod_super_numeric_worker.c', line 1114"
"New York",2025-03-29,"calendar","hsgp","hurdle_ztnb",1324.74232910128,0,0.00529736389993263,"pass",TRUE,TRUE,TRUE,FALSE,4.3760000000002,""
"New York",2025-03-29,"calendar","hsgp","hurdle_ztpoisson",9156.84493477878,0,0.0333758477199322,"pass",TRUE,TRUE,TRUE,FALSE,4.38699999999972,""
"New York",2025-03-29,"calendar","sir","hurdle_ztnb",1522.6732529475,0,0.002084532800529,"pass",TRUE,TRUE,TRUE,FALSE,4.57799999999997,""
"New York",2025-03-29,"calendar","sir","hurdle_ztpoisson",3262.38772552202,0,0.0484477226456301,"pass",TRUE,TRUE,TRUE,FALSE,8.154,""
"New York",2025-04-26,"calendar","hsgp","hurdle_ztnb",1456.98154780393,0,0.00961861185711826,"pass",TRUE,TRUE,TRUE,FALSE,4.64300000000003,""
"New York",2025-04-26,"calendar","hsgp","hurdle_ztpoisson",9250.06425678743,0,0.0396975584659003,"pass",TRUE,TRUE,TRUE,FALSE,4.70299999999997,""
"New York",2025-04-26,"calendar","sir","hurdle_ztnb",1677.42387544691,0,0.00529845660249606,"pass",TRUE,TRUE,TRUE,FALSE,5.04400000000032,""
"New York",2025-04-26,"calendar","sir","hurdle_ztpoisson",3522.65152295913,0,0.0064795175756065,"pass",TRUE,TRUE,TRUE,FALSE,5.45299999999997,""
"New York",2025-05-31,"calendar","hsgp","hurdle_ztnb",1632.14925601733,0,0.0103213519164205,"pass",TRUE,TRUE,TRUE,FALSE,5.12300000000005,""
"New York",2025-05-31,"calendar","hsgp","hurdle_ztpoisson",9468.3960799266,0,0.0269808526355713,"pass",TRUE,TRUE,TRUE,FALSE,4.77800000000025,""
"New York",2025-05-31,"calendar","sir","hurdle_ztnb",1875.18225028114,0,0.00196280140357175,"pass",TRUE,TRUE,TRUE,FALSE,5.45000000000027,""
"New York",2025-05-31,"calendar","sir","hurdle_ztpoisson",3775.15216097123,0,0.0426616919688456,"pass",TRUE,TRUE,TRUE,FALSE,9.48499999999967,""
"North Carolina",2025-01-02,"calendar","hsgp","hurdle_ztnb",462.742913085067,0,0.000672400969645714,"pass",TRUE,TRUE,TRUE,FALSE,2.96100000000024,""
"North Carolina",2025-01-02,"calendar","hsgp","hurdle_ztpoisson",731.607818097094,0,0.0109767380417534,"pass",TRUE,TRUE,TRUE,FALSE,3.07099999999991,""
"North Carolina",2025-01-02,"calendar","sir","hurdle_ztnb",553.167872162209,0,0.000318181570576392,"pass",TRUE,TRUE,TRUE,FALSE,3.1880000000001,""
"North Carolina",2025-01-02,"calendar","sir","hurdle_ztpoisson",587.968359011884,1,0.390405377668665,"warning",TRUE,TRUE,TRUE,FALSE,21.982,"The `hurdle_ztpoisson` optimizer did not pass the stability gate.
✖ Optimizer code 1: L-BFGS-B polish: NEW_X
✖ Maximum absolute gradient: 0.3904.
ℹ Try `count_cumulative_process(observation = ""hurdle_ztnb"")`; the ZTNB
  magnitude law was stable in the package-wide sweep.
ℹ This finite fit is returned with `gradient_status = ""warning""`; inspect
  `fit$opt` before using it."
"North Carolina",2025-02-15,"calendar","hsgp","hurdle_ztnb",621.380209210365,0,0.00236504618763811,"pass",TRUE,TRUE,TRUE,FALSE,3.30099999999993,""
"North Carolina",2025-02-15,"calendar","hsgp","hurdle_ztpoisson",3277.15993409406,0,0.0251314057729233,"pass",TRUE,TRUE,TRUE,FALSE,3.35799999999972,""
"North Carolina",2025-02-15,"calendar","sir","hurdle_ztnb",740.929164669634,0,0.000556743058928166,"pass",TRUE,TRUE,TRUE,FALSE,3.45199999999977,""
"North Carolina",2025-02-15,"calendar","sir","hurdle_ztpoisson",1320.98074588891,52,1.18784364747839,"warning",TRUE,TRUE,TRUE,FALSE,24.7370000000001,"The `hurdle_ztpoisson` optimizer did not pass the stability gate.
✖ Optimizer code 52: L-BFGS-B polish: ERROR: ABNORMAL_TERMINATION_IN_LNSRCH
✖ Maximum absolute gradient: 1.188.
ℹ Try `count_cumulative_process(observation = ""hurdle_ztnb"")`; the ZTNB
  magnitude law was stable in the package-wide sweep.
ℹ This finite fit is returned with `gradient_status = ""warning""`; inspect
  `fit$opt` before using it."
"North Carolina",2025-03-29,"calendar","hsgp","hurdle_ztnb",777.292233891035,0,0.0013791198330031,"pass",TRUE,TRUE,TRUE,FALSE,3.61599999999999,""
"North Carolina",2025-03-29,"calendar","hsgp","hurdle_ztpoisson",4037.73815871699,0,0.0140300832998395,"pass",TRUE,TRUE,TRUE,FALSE,3.56800000000021,""
"North Carolina",2025-03-29,"calendar","sir","hurdle_ztnb",926.693089571424,0,0.00410621611066109,"pass",TRUE,TRUE,TRUE,FALSE,3.89300000000003,""
"North Carolina",2025-03-29,"calendar","sir","hurdle_ztpoisson",1679.63083556744,0,0.0946042823913913,"pass",TRUE,TRUE,TRUE,FALSE,6.16599999999971,""
"North Carolina",2025-04-26,"calendar","hsgp","hurdle_ztnb",850.899005941036,0,0.00325029924030956,"pass",TRUE,TRUE,TRUE,FALSE,3.78200000000015,""
"North Carolina",2025-04-26,"calendar","hsgp","hurdle_ztpoisson",4199.95664701957,0,0.0277985107656649,"pass",TRUE,TRUE,TRUE,FALSE,3.85600000000022,""
"North Carolina",2025-04-26,"calendar","sir","hurdle_ztnb",1011.34805608824,0,0.000508443193439678,"pass",TRUE,TRUE,TRUE,FALSE,3.971,""
"North Carolina",2025-04-26,"calendar","sir","hurdle_ztpoisson",1830.34299154862,0,0.0354137753187214,"pass",TRUE,TRUE,TRUE,FALSE,7.39100000000008,""
"North Carolina",2025-05-31,"calendar","hsgp","hurdle_ztnb",891.464667936409,0,0.00437059573063769,"pass",TRUE,TRUE,TRUE,FALSE,3.83799999999974,""
"North Carolina",2025-05-31,"calendar","hsgp","hurdle_ztpoisson",4185.49401980222,0,0.0200335409621922,"pass",TRUE,TRUE,TRUE,FALSE,3.92600000000039,""
"North Carolina",2025-05-31,"calendar","sir","hurdle_ztnb",1063.66299104011,0,0.0021301385264878,"pass",TRUE,TRUE,TRUE,FALSE,4.14199999999983,""
"North Carolina",2025-05-31,"calendar","sir","hurdle_ztpoisson",1915.67672787207,0,0.133765251230968,"warning",TRUE,TRUE,TRUE,FALSE,31.152,"The `hurdle_ztpoisson` optimizer did not pass the stability gate.
✖ Optimizer code 0: L-BFGS-B polish: CONVERGENCE: REL_REDUCTION_OF_F <=
  FACTR*EPSMCH
✖ Maximum absolute gradient: 0.1338.
ℹ Try `count_cumulative_process(observation = ""hurdle_ztnb"")`; the ZTNB
  magnitude law was stable in the package-wide sweep.
ℹ This finite fit is returned with `gradient_status = ""warning""`; inspect
  `fit$opt` before using it."
"North Dakota",2025-01-02,"calendar","hsgp","hurdle_ztnb",361.030116573038,0,0.00213176538431181,"pass",TRUE,TRUE,TRUE,FALSE,3.26099999999997,""
"North Dakota",2025-01-02,"calendar","hsgp","hurdle_ztpoisson",358.065417463842,0,0.00224368803652664,"pass",TRUE,TRUE,TRUE,FALSE,3.00700000000006,""
"North Dakota",2025-01-02,"calendar","sir","hurdle_ztnb",1867.1572646081,0,0.000625217096098751,"pass",TRUE,TRUE,TRUE,FALSE,3.33300000000008,""
"North Dakota",2025-01-02,"calendar","sir","hurdle_ztpoisson",2047.24542216543,0,0.00199969349928253,"pass",TRUE,TRUE,TRUE,FALSE,3.13799999999992,""
"North Dakota",2025-02-15,"calendar","hsgp","hurdle_ztnb",441.645473733093,0,0.000984231191912266,"pass",TRUE,TRUE,TRUE,FALSE,3.51300000000037,""
"North Dakota",2025-02-15,"calendar","hsgp","hurdle_ztpoisson",520.255279703592,0,0.00358435752109409,"pass",TRUE,TRUE,TRUE,FALSE,3.31999999999971,""
"North Dakota",2025-02-15,"calendar","sir","hurdle_ztnb",2146.58108717706,0,0.00105854634537048,"pass",TRUE,TRUE,TRUE,FALSE,3.36900000000014,""
"North Dakota",2025-02-15,"calendar","sir","hurdle_ztpoisson",2762.08578867381,0,0.000926473809886197,"pass",TRUE,TRUE,TRUE,FALSE,3.26800000000003,""
"North Dakota",2025-03-29,"calendar","hsgp","hurdle_ztnb",511.086725240914,0,0.00215321599786583,"pass",TRUE,TRUE,TRUE,FALSE,3.66199999999981,""
"North Dakota",2025-03-29,"calendar","hsgp","hurdle_ztpoisson",597.568264612776,0,0.00206722154378991,"pass",TRUE,TRUE,TRUE,FALSE,3.49299999999994,""
"North Dakota",2025-03-29,"calendar","sir","hurdle_ztnb",2492.31481638433,0,0.00170463462253474,"pass",TRUE,TRUE,TRUE,FALSE,3.79999999999973,""
"North Dakota",2025-03-29,"calendar","sir","hurdle_ztpoisson",3124.27037369066,0,0.00157569075860486,"pass",TRUE,TRUE,TRUE,FALSE,3.36999999999989,""
"North Dakota",2025-04-26,"calendar","hsgp","hurdle_ztnb",533.113311960703,0,0.00451491963662742,"pass",TRUE,TRUE,TRUE,FALSE,3.65200000000004,""
"North Dakota",2025-04-26,"calendar","hsgp","hurdle_ztpoisson",619.084978738657,0,0.00652261570044033,"pass",TRUE,TRUE,TRUE,FALSE,3.60200000000032,""
"North Dakota",2025-04-26,"calendar","sir","hurdle_ztnb",2620.31196809849,0,0.000593750984932306,"pass",TRUE,TRUE,TRUE,FALSE,3.57000000000016,""
"North Dakota",2025-04-26,"calendar","sir","hurdle_ztpoisson",3266.36514852721,0,0.0013414785947834,"pass",TRUE,TRUE,TRUE,FALSE,3.44999999999982,""
"North Dakota",2025-05-31,"calendar","hsgp","hurdle_ztnb",553.68588866551,0,0.0021419872342624,"pass",TRUE,TRUE,TRUE,FALSE,3.74399999999969,""
"North Dakota",2025-05-31,"calendar","hsgp","hurdle_ztpoisson",645.233964542399,0,0.000352264323634555,"pass",TRUE,TRUE,TRUE,FALSE,3.76800000000003,""
"North Dakota",2025-05-31,"calendar","sir","hurdle_ztnb",2743.42512318801,0,0.00135834368519117,"pass",TRUE,TRUE,TRUE,FALSE,3.70899999999983,""
"North Dakota",2025-05-31,"calendar","sir","hurdle_ztpoisson",3449.97307269299,0,0.00235265349127545,"pass",TRUE,TRUE,TRUE,FALSE,3.6569999999997,""
"Ohio",2025-01-02,"calendar","hsgp","hurdle_ztnb",917.575646821421,0,0.0016564470258702,"pass",TRUE,TRUE,TRUE,FALSE,3.80499999999984,""
"Ohio",2025-01-02,"calendar","hsgp","hurdle_ztpoisson",2797.52255406385,0,0.0187288152253497,"pass",TRUE,TRUE,TRUE,FALSE,3.55400000000009,""
"Ohio",2025-01-02,"calendar","sir","hurdle_ztnb",1029.87711919051,0,0.000674583738751024,"pass",TRUE,TRUE,TRUE,FALSE,3.97699999999986,""
"Ohio",2025-01-02,"calendar","sir","hurdle_ztpoisson",2349.72690754498,0,0.0172894815234585,"pass",TRUE,TRUE,TRUE,FALSE,4.46900000000005,""
"Ohio",2025-02-15,"calendar","hsgp","hurdle_ztnb",1072.50909154977,0,0.00915612851518954,"pass",TRUE,TRUE,TRUE,FALSE,3.84799999999996,""
"Ohio",2025-02-15,"calendar","hsgp","hurdle_ztpoisson",6472.27015792807,0,16.2358589986829,"warning",TRUE,TRUE,TRUE,FALSE,13.616,"The `hurdle_ztpoisson` optimizer did not pass the stability gate.
✖ Optimizer code 0: relative convergence (4)
✖ Maximum absolute gradient: 16.24.
ℹ Try `count_cumulative_process(observation = ""hurdle_ztnb"")`; the ZTNB
  magnitude law was stable in the package-wide sweep.
ℹ This finite fit is returned with `gradient_status = ""warning""`; inspect
  `fit$opt` before using it."
"Ohio",2025-02-15,"calendar","sir","hurdle_ztnb",1220.30522379713,0,0.000864265916209694,"pass",TRUE,TRUE,TRUE,FALSE,4.33300000000008,""
"Ohio",2025-02-15,"calendar","sir","hurdle_ztpoisson",3953.91512579949,0,0.147095650493056,"warning",TRUE,TRUE,TRUE,FALSE,32.223,"The `hurdle_ztpoisson` optimizer did not pass the stability gate.
✖ Optimizer code 0: L-BFGS-B polish: CONVERGENCE: REL_REDUCTION_OF_F <=
  FACTR*EPSMCH
✖ Maximum absolute gradient: 0.1471.
ℹ Try `count_cumulative_process(observation = ""hurdle_ztnb"")`; the ZTNB
  magnitude law was stable in the package-wide sweep.
ℹ This finite fit is returned with `gradient_status = ""warning""`; inspect
  `fit$opt` before using it."
"Ohio",2025-03-29,"calendar","hsgp","hurdle_ztnb",1286.45636543522,0,0.00620890386070805,"pass",TRUE,TRUE,TRUE,FALSE,4.32600000000002,""
"Ohio",2025-03-29,"calendar","hsgp","hurdle_ztpoisson",7952.09015885483,0,0.0557934799314159,"pass",TRUE,TRUE,TRUE,FALSE,10.817,""
"Ohio",2025-03-29,"calendar","sir","hurdle_ztnb",1462.12934397723,0,0.00356645742150069,"pass",TRUE,TRUE,TRUE,FALSE,4.71900000000005,""
"Ohio",2025-03-29,"calendar","sir","hurdle_ztpoisson",4560.93991599045,0,0.0685523579730523,"pass",TRUE,TRUE,TRUE,FALSE,7.52599999999984,""
"Ohio",2025-04-26,"calendar","hsgp","hurdle_ztnb",1341.80254797892,0,0.00203623336244996,"pass",TRUE,TRUE,TRUE,FALSE,4.47499999999991,""
"Ohio",2025-04-26,"calendar","hsgp","hurdle_ztpoisson",8423.35682347257,0,0.03815507148679,"pass",TRUE,TRUE,TRUE,FALSE,6.64100000000008,""
"Ohio",2025-04-26,"calendar","sir","hurdle_ztnb",1529.02887790715,0,0.00157319456463867,"pass",TRUE,TRUE,TRUE,FALSE,4.73600000000033,""
"Ohio",2025-05-31,"calendar","hsgp","hurdle_ztnb",1589.81569482379,0,0.00589731937733085,"pass",TRUE,TRUE,TRUE,FALSE,4.83099999999968,""
"Ohio",2025-05-31,"calendar","hsgp","hurdle_ztpoisson",8861.70653575778,0,1.02133452746042,"warning",TRUE,TRUE,TRUE,FALSE,18.6700000000001,"The `hurdle_ztpoisson` optimizer did not pass the stability gate.
✖ Optimizer code 0: relative convergence (4)
✖ Maximum absolute gradient: 1.021.
ℹ Try `count_cumulative_process(observation = ""hurdle_ztnb"")`; the ZTNB
  magnitude law was stable in the package-wide sweep.
ℹ This finite fit is returned with `gradient_status = ""warning""`; inspect
  `fit$opt` before using it."
"Ohio",2025-05-31,"calendar","sir","hurdle_ztnb",1780.8058892633,0,0.00369016465221716,"pass",TRUE,TRUE,TRUE,FALSE,5.08199999999988,""
"Ohio",2025-05-31,"calendar","sir","hurdle_ztpoisson",5145.59270279282,0,0.0434227199535954,"pass",TRUE,TRUE,TRUE,FALSE,10.0080000000003,""
"Oklahoma",2025-01-02,"calendar","hsgp","hurdle_ztnb",782.564142433008,0,0.00306470015912286,"pass",TRUE,TRUE,TRUE,FALSE,3.64499999999998,""
"Oklahoma",2025-01-02,"calendar","hsgp","hurdle_ztpoisson",1031.75061133642,0,0.0250491307743428,"pass",TRUE,TRUE,TRUE,FALSE,3.69800000000032,""
"Oklahoma",2025-01-02,"calendar","sir","hurdle_ztnb",896.282248061331,0,0.00440353783346081,"pass",TRUE,TRUE,TRUE,FALSE,4.05399999999963,""
"Oklahoma",2025-01-02,"calendar","sir","hurdle_ztpoisson",992.681653689079,0,0.00473590577635097,"pass",TRUE,TRUE,TRUE,FALSE,3.75199999999995,""
"Oklahoma",2025-02-15,"calendar","hsgp","hurdle_ztnb",941.04358653013,0,0.00288071951332336,"pass",TRUE,TRUE,TRUE,FALSE,4.029,""
"Oklahoma",2025-02-15,"calendar","hsgp","hurdle_ztpoisson",2571.33042144173,0,0.00860455900681389,"pass",TRUE,TRUE,TRUE,FALSE,4.10500000000002,""
"Oklahoma",2025-02-15,"calendar","sir","hurdle_ztnb",1105.07875695966,0,0.0057123702816817,"pass",TRUE,TRUE,TRUE,FALSE,4.17500000000018,""
"Oklahoma",2025-02-15,"calendar","sir","hurdle_ztpoisson",1981.06867939502,0,0.0120720082085497,"pass",TRUE,TRUE,TRUE,FALSE,4.29799999999977,""
"Oklahoma",2025-03-29,"calendar","hsgp","hurdle_ztnb",1125.43875518996,0,0.00680431531390635,"pass",TRUE,TRUE,TRUE,FALSE,4.90200000000004,""
"Oklahoma",2025-03-29,"calendar","hsgp","hurdle_ztpoisson",2983.23154899775,0,0.0191752003426147,"pass",TRUE,TRUE,TRUE,FALSE,4.19700000000012,""
"Oklahoma",2025-03-29,"calendar","sir","hurdle_ztnb",1310.9322507079,0,0.000368512394151588,"pass",TRUE,TRUE,TRUE,FALSE,4.66800000000012,""
"Oklahoma",2025-03-29,"calendar","sir","hurdle_ztpoisson",2491.80029171148,0,0.00439537629250448,"pass",TRUE,TRUE,TRUE,FALSE,4.75400000000036,""
"Oklahoma",2025-04-26,"calendar","hsgp","hurdle_ztnb",1184.58648269645,0,0.00408071359638207,"pass",TRUE,TRUE,TRUE,FALSE,4.57499999999982,""
"Oklahoma",2025-04-26,"calendar","hsgp","hurdle_ztpoisson",3059.14257106607,0,0.030961729089546,"pass",TRUE,TRUE,TRUE,FALSE,4.44900000000007,""
"Oklahoma",2025-04-26,"calendar","sir","hurdle_ztnb",1373.42764744052,0,0.00205713585356404,"pass",TRUE,TRUE,TRUE,FALSE,4.91499999999996,""
"Oklahoma",2025-04-26,"calendar","sir","hurdle_ztpoisson",2554.80566123905,0,0.00504059419754355,"pass",TRUE,TRUE,TRUE,FALSE,5.08800000000019,""
"Oklahoma",2025-05-31,"calendar","hsgp","hurdle_ztnb",1246.02979481806,0,0.00547546790691888,"pass",TRUE,TRUE,TRUE,FALSE,4.67900000000009,""
"Oklahoma",2025-05-31,"calendar","hsgp","hurdle_ztpoisson",3117.68673788098,0,0.00941146246800906,"pass",TRUE,TRUE,TRUE,FALSE,4.5319999999997,""
"Oklahoma",2025-05-31,"calendar","sir","hurdle_ztnb",1440.01208290282,0,0.00100060554851977,"pass",TRUE,TRUE,TRUE,FALSE,5.02800000000025,""
"Oklahoma",2025-05-31,"calendar","sir","hurdle_ztpoisson",2618.82835822065,0,0.00867420449572634,"pass",TRUE,TRUE,TRUE,FALSE,5.34999999999991,""
"Oregon",2025-01-02,"calendar","hsgp","hurdle_ztnb",647.033084246548,0,0.00176468581590794,"pass",TRUE,TRUE,TRUE,FALSE,3.404,""
"Oregon",2025-01-02,"calendar","hsgp","hurdle_ztpoisson",958.91304381694,0,0.00398111765152698,"pass",TRUE,TRUE,TRUE,FALSE,3.31200000000035,""
"Oregon",2025-01-02,"calendar","sir","hurdle_ztnb",741.87405483007,0,0.00326972960450933,"pass",TRUE,TRUE,TRUE,FALSE,3.58400000000029,""
"Oregon",2025-01-02,"calendar","sir","hurdle_ztpoisson",899.01566369521,0,0.00951385219874981,"pass",TRUE,TRUE,TRUE,FALSE,3.55700000000024,""
"Oregon",2025-02-15,"calendar","hsgp","hurdle_ztnb",790.806142427524,0,0.00258556249385754,"pass",TRUE,TRUE,TRUE,FALSE,3.70499999999993,""
"Oregon",2025-02-15,"calendar","hsgp","hurdle_ztpoisson",1701.30899381565,0,0.00855761016824363,"pass",TRUE,TRUE,TRUE,FALSE,3.69900000000007,""
"Oregon",2025-02-15,"calendar","sir","hurdle_ztnb",907.210093217293,0,0.003296479122183,"pass",TRUE,TRUE,TRUE,FALSE,3.90499999999975,""
"Oregon",2025-02-15,"calendar","sir","hurdle_ztpoisson",1226.21919424951,0,0.0166081675141896,"pass",TRUE,TRUE,TRUE,FALSE,3.84699999999975,""
"Oregon",2025-03-29,"calendar","hsgp","hurdle_ztnb",915.824558677618,0,0.00163107975082372,"pass",TRUE,TRUE,TRUE,FALSE,3.95000000000027,""
"Oregon",2025-03-29,"calendar","hsgp","hurdle_ztpoisson",2040.84790775973,0,0.0187779106997159,"pass",TRUE,TRUE,TRUE,FALSE,3.72000000000025,""
"Oregon",2025-03-29,"calendar","sir","hurdle_ztnb",1044.59593271634,0,0.000206942574892954,"pass",TRUE,TRUE,TRUE,FALSE,4.12899999999991,""
"Oregon",2025-03-29,"calendar","sir","hurdle_ztpoisson",1463.66780412488,0,0.0393652527570647,"pass",TRUE,TRUE,TRUE,FALSE,4.28899999999976,""
"Oregon",2025-04-26,"calendar","hsgp","hurdle_ztnb",992.996642640655,0,0.00273024635944141,"pass",TRUE,TRUE,TRUE,FALSE,4.19100000000026,""
"Oregon",2025-04-26,"calendar","hsgp","hurdle_ztpoisson",2137.6536921897,0,0.00753067932624618,"pass",TRUE,TRUE,TRUE,FALSE,4.06399999999985,""
"Oregon",2025-04-26,"calendar","sir","hurdle_ztnb",1085.06771576814,0,0.00277454367980079,"pass",TRUE,TRUE,TRUE,FALSE,4.48999999999978,""
"Oregon",2025-04-26,"calendar","sir","hurdle_ztpoisson",1568.11760956717,0,0.0101030921211662,"pass",TRUE,TRUE,TRUE,FALSE,4.45499999999993,""
"Oregon",2025-05-31,"calendar","hsgp","hurdle_ztnb",1089.49343912155,0,0.00317217950829995,"pass",TRUE,TRUE,TRUE,FALSE,4.45400000000018,""
"Oregon",2025-05-31,"calendar","hsgp","hurdle_ztpoisson",2245.78672397146,0,0.00681671944803428,"pass",TRUE,TRUE,TRUE,FALSE,4.22499999999991,""
"Oregon",2025-05-31,"calendar","sir","hurdle_ztnb",1184.67120031751,0,0.00487191478375093,"pass",TRUE,TRUE,TRUE,FALSE,4.76800000000003,""
"Oregon",2025-05-31,"calendar","sir","hurdle_ztpoisson",1688.99897278171,0,0.0165246563940116,"pass",TRUE,TRUE,TRUE,FALSE,4.65000000000009,""
"Pennsylvania",2025-01-02,"calendar","hsgp","hurdle_ztnb",873.383173057488,0,0.00369822600299408,"pass",TRUE,TRUE,TRUE,FALSE,3.66499999999996,""
"Pennsylvania",2025-01-02,"calendar","hsgp","hurdle_ztpoisson",2131.65842872638,0,0.0122128439089901,"pass",TRUE,TRUE,TRUE,FALSE,3.58399999999983,""
"Pennsylvania",2025-01-02,"calendar","sir","hurdle_ztnb",987.073890922649,0,0.00180119035850757,"pass",TRUE,TRUE,TRUE,FALSE,3.67399999999998,""
"Pennsylvania",2025-01-02,"calendar","sir","hurdle_ztpoisson",1484.92105825074,0,0.0011435484495661,"pass",TRUE,TRUE,TRUE,FALSE,3.78399999999965,""
"Pennsylvania",2025-02-15,"calendar","hsgp","hurdle_ztnb",1024.29598964637,0,0.00278221348883723,"pass",TRUE,TRUE,TRUE,FALSE,3.98199999999997,""
"Pennsylvania",2025-02-15,"calendar","hsgp","hurdle_ztpoisson",7880.64474145967,0,0.0423150517633741,"pass",TRUE,TRUE,TRUE,FALSE,3.67299999999977,""
"Pennsylvania",2025-02-15,"calendar","sir","hurdle_ztnb",1186.31740517041,0,0.00248994029633964,"pass",TRUE,TRUE,TRUE,FALSE,4.02500000000009,""
"Pennsylvania",2025-02-15,"calendar","sir","hurdle_ztpoisson",2841.65049501339,0,0.023675775311562,"pass",TRUE,TRUE,TRUE,FALSE,5.74200000000019,""
"Pennsylvania",2025-03-29,"calendar","hsgp","hurdle_ztnb",1213.90644324311,0,0.00889070547823856,"pass",TRUE,TRUE,TRUE,FALSE,4.12999999999965,""
"Pennsylvania",2025-03-29,"calendar","hsgp","hurdle_ztpoisson",9925.62608385313,0,0.00939632662723611,"pass",TRUE,TRUE,TRUE,FALSE,3.86799999999994,""
"Pennsylvania",2025-03-29,"calendar","sir","hurdle_ztnb",1401.80907098679,0,0.00605195934063485,"pass",TRUE,TRUE,TRUE,FALSE,4.35100000000011,""
"Pennsylvania",2025-03-29,"calendar","sir","hurdle_ztpoisson",3724.30299638672,0,0.00502978448980684,"pass",TRUE,TRUE,TRUE,FALSE,4.84099999999989,""
"Pennsylvania",2025-04-26,"calendar","hsgp","hurdle_ztnb",1280.21447418127,0,0.00545884954614617,"pass",TRUE,TRUE,TRUE,FALSE,4.16399999999976,""
"Pennsylvania",2025-04-26,"calendar","hsgp","hurdle_ztpoisson",10150.7937622433,0,0.0277540633345219,"pass",TRUE,TRUE,TRUE,FALSE,4.39199999999983,""
"Pennsylvania",2025-04-26,"calendar","sir","hurdle_ztnb",1477.99346992828,0,0.00261478301608942,"pass",TRUE,TRUE,TRUE,FALSE,4.6260000000002,""
"Pennsylvania",2025-04-26,"calendar","sir","hurdle_ztpoisson",3929.88817783112,0,0.0554620476141252,"pass",TRUE,TRUE,TRUE,FALSE,5.73099999999977,""
"Pennsylvania",2025-05-31,"calendar","hsgp","hurdle_ztnb",1369.12872871351,0,0.00492795678699842,"pass",TRUE,TRUE,TRUE,FALSE,4.57600000000002,""
"Pennsylvania",2025-05-31,"calendar","hsgp","hurdle_ztpoisson",10571.3364295239,0,0.0224792012138155,"pass",TRUE,TRUE,TRUE,FALSE,4.28500000000031,""
"Pennsylvania",2025-05-31,"calendar","sir","hurdle_ztnb",1576.57287736127,0,0.00162036198333815,"pass",TRUE,TRUE,TRUE,FALSE,4.88999999999987,""
"Pennsylvania",2025-05-31,"calendar","sir","hurdle_ztpoisson",4303.83777665381,0,0.0314026586124939,"pass",TRUE,TRUE,TRUE,FALSE,6.69000000000005,""
"Puerto Rico",2025-01-02,"calendar","hsgp","hurdle_ztnb",646.846710178353,0,0.00325549989068818,"pass",TRUE,TRUE,TRUE,FALSE,3.62800000000016,""
"Puerto Rico",2025-01-02,"calendar","hsgp","hurdle_ztpoisson",1236.17330694064,0,6.47828470941207,"warning",TRUE,TRUE,TRUE,FALSE,9.63799999999992,"The `hurdle_ztpoisson` optimizer did not pass the stability gate.
✖ Optimizer code 0: relative convergence (4)
✖ Maximum absolute gradient: 6.478.
ℹ Try `count_cumulative_process(observation = ""hurdle_ztnb"")`; the ZTNB
  magnitude law was stable in the package-wide sweep.
ℹ This finite fit is returned with `gradient_status = ""warning""`; inspect
  `fit$opt` before using it."
"Puerto Rico",2025-01-02,"calendar","sir","hurdle_ztnb",747.190494391453,0,0.000276809458020111,"pass",TRUE,TRUE,TRUE,FALSE,3.47199999999975,""
"Puerto Rico",2025-01-02,"calendar","sir","hurdle_ztpoisson",823.288633478109,0,0.00928870794051218,"pass",TRUE,TRUE,TRUE,FALSE,3.85100000000011,""
"Puerto Rico",2025-02-15,"calendar","hsgp","hurdle_ztnb",999.587853728888,0,0.0080784764535089,"pass",TRUE,TRUE,TRUE,FALSE,4.01299999999992,""
"Puerto Rico",2025-02-15,"calendar","hsgp","hurdle_ztpoisson",4934.59988701848,0,0.0200380803069735,"pass",TRUE,TRUE,TRUE,FALSE,3.82700000000023,""
"Puerto Rico",2025-02-15,"calendar","sir","hurdle_ztnb",1128.1946497997,0,0.00109217267127193,"pass",TRUE,TRUE,TRUE,FALSE,3.98600000000033,""
"Puerto Rico",2025-02-15,"calendar","sir","hurdle_ztpoisson",2633.92315435246,0,0.00339847783539802,"pass",TRUE,TRUE,TRUE,FALSE,4.23100000000022,""
"Puerto Rico",2025-03-29,"calendar","hsgp","hurdle_ztnb",1364.26797333501,0,0.00263542456568022,"pass",TRUE,TRUE,TRUE,FALSE,4.2829999999999,""
"Puerto Rico",2025-03-29,"calendar","hsgp","hurdle_ztpoisson",7621.47326138739,0,0.00870367304348907,"pass",TRUE,TRUE,TRUE,FALSE,4.5359999999996,""
"Puerto Rico",2025-03-29,"calendar","sir","hurdle_ztnb",1520.11227388018,0,0.00243499651938306,"pass",TRUE,TRUE,TRUE,FALSE,4.56700000000001,""
"Puerto Rico",2025-03-29,"calendar","sir","hurdle_ztpoisson",5781.14318484373,0,0.0151974551976255,"pass",TRUE,TRUE,TRUE,FALSE,4.85500000000002,""
"Puerto Rico",2025-04-26,"calendar","hsgp","hurdle_ztnb",1431.09987126907,0,0.00583053206108974,"pass",TRUE,TRUE,TRUE,FALSE,4.60899999999992,""
"Puerto Rico",2025-04-26,"calendar","hsgp","hurdle_ztpoisson",7458.67079508377,0,0.00629346288901766,"pass",TRUE,TRUE,TRUE,FALSE,6.76200000000017,""
"Puerto Rico",2025-04-26,"calendar","sir","hurdle_ztnb",1591.87130602729,0,0.00233212166522367,"pass",TRUE,TRUE,TRUE,FALSE,4.89199999999983,""
"Puerto Rico",2025-04-26,"calendar","sir","hurdle_ztpoisson",5922.64981779296,0,0.0345643324695197,"pass",TRUE,TRUE,TRUE,FALSE,5.68299999999999,""
"Puerto Rico",2025-05-31,"calendar","hsgp","hurdle_ztnb",1527.44268628126,0,0.0018584035775433,"pass",TRUE,TRUE,TRUE,FALSE,4.63299999999981,""
"Puerto Rico",2025-05-31,"calendar","hsgp","hurdle_ztpoisson",7888.37627765823,0,0.0084906804284352,"pass",TRUE,TRUE,TRUE,FALSE,5.19399999999996,""
"Puerto Rico",2025-05-31,"calendar","sir","hurdle_ztnb",1698.27527169748,0,0.00296540711144377,"pass",TRUE,TRUE,TRUE,FALSE,4.96199999999999,""
"Puerto Rico",2025-05-31,"calendar","sir","hurdle_ztpoisson",6135.65664350599,0,0.0082332003775798,"pass",TRUE,TRUE,TRUE,FALSE,5.16499999999996,""
"Rhode Island",2025-01-02,"calendar","hsgp","hurdle_ztnb",266.139745987201,0,0.000670460700007092,"pass",TRUE,TRUE,TRUE,FALSE,3.03400000000011,""
"Rhode Island",2025-01-02,"calendar","hsgp","hurdle_ztpoisson",270.206877487646,0,0.00349772258205183,"pass",TRUE,TRUE,TRUE,FALSE,2.8420000000001,""
"Rhode Island",2025-01-02,"calendar","sir","hurdle_ztnb",1203.34391445163,0,0.000927857516563776,"pass",TRUE,TRUE,TRUE,FALSE,2.98300000000017,""
"Rhode Island",2025-01-02,"calendar","sir","hurdle_ztpoisson",1343.25231309812,0,0.000484591108545818,"pass",TRUE,TRUE,TRUE,FALSE,2.82299999999987,""
"Rhode Island",2025-02-15,"calendar","hsgp","hurdle_ztnb",361.836962096108,0,0.00182473363415969,"pass",TRUE,TRUE,TRUE,FALSE,3.35800000000017,""
"Rhode Island",2025-02-15,"calendar","hsgp","hurdle_ztpoisson",494.324922846993,0,0.00509593609620429,"pass",TRUE,TRUE,TRUE,FALSE,3.10199999999986,""
"Rhode Island",2025-02-15,"calendar","sir","hurdle_ztnb",1581.85353247344,0,0.000345194537377313,"pass",TRUE,TRUE,TRUE,FALSE,3.05099999999993,""
"Rhode Island",2025-02-15,"calendar","sir","hurdle_ztpoisson",2533.12695114378,0,0.000932294066039674,"pass",TRUE,TRUE,TRUE,FALSE,3.18799999999965,""
"Rhode Island",2025-03-29,"calendar","hsgp","hurdle_ztnb",435.978361140179,0,0.00166094210968692,"pass",TRUE,TRUE,TRUE,FALSE,3.43499999999995,""
"Rhode Island",2025-03-29,"calendar","hsgp","hurdle_ztpoisson",583.692628501192,0,0.00556174766712714,"pass",TRUE,TRUE,TRUE,FALSE,3.42700000000013,""
"Rhode Island",2025-03-29,"calendar","sir","hurdle_ztnb",1943.89262665643,0,0.000113285933538432,"pass",TRUE,TRUE,TRUE,FALSE,3.29199999999992,""
"Rhode Island",2025-03-29,"calendar","sir","hurdle_ztpoisson",2988.909634505,0,0.0019045856482176,"pass",TRUE,TRUE,TRUE,FALSE,3.32700000000023,""
"Rhode Island",2025-04-26,"calendar","hsgp","hurdle_ztnb",495.28537664711,0,0.00267018362786331,"pass",TRUE,TRUE,TRUE,FALSE,3.73599999999988,""
"Rhode Island",2025-04-26,"calendar","hsgp","hurdle_ztpoisson",651.133101164132,0,0.00542386204012257,"pass",TRUE,TRUE,TRUE,FALSE,3.26399999999967,""
"Rhode Island",2025-04-26,"calendar","sir","hurdle_ztnb",2213.02235745419,0,0.00139652475616259,"pass",TRUE,TRUE,TRUE,FALSE,3.54300000000012,""
"Rhode Island",2025-04-26,"calendar","sir","hurdle_ztpoisson",3310.70562011947,0,0.00514019743000915,"pass",TRUE,TRUE,TRUE,FALSE,3.29400000000032,""
"Rhode Island",2025-05-31,"calendar","hsgp","hurdle_ztnb",512.450399080579,0,0.00147235515043898,"pass",TRUE,TRUE,TRUE,FALSE,3.65099999999984,""
"Rhode Island",2025-05-31,"calendar","hsgp","hurdle_ztpoisson",670.839011709447,0,0.00776834966714413,"pass",TRUE,TRUE,TRUE,FALSE,3.48399999999992,""
"Rhode Island",2025-05-31,"calendar","sir","hurdle_ztnb",2335.48559525715,0,0.00354585374791405,"pass",TRUE,TRUE,TRUE,FALSE,3.70399999999972,""
"Rhode Island",2025-05-31,"calendar","sir","hurdle_ztpoisson",3547.19136155299,0,0.00102904840519358,"pass",TRUE,TRUE,TRUE,FALSE,3.53900000000021,""
"South Carolina",2025-01-02,"calendar","hsgp","hurdle_ztnb",698.081477485283,0,0.00174268389191834,"pass",TRUE,TRUE,TRUE,FALSE,3.38999999999987,""
"South Carolina",2025-01-02,"calendar","hsgp","hurdle_ztpoisson",948.874959762766,0,0.0144623481777247,"pass",TRUE,TRUE,TRUE,FALSE,3.30499999999984,""
"South Carolina",2025-01-02,"calendar","sir","hurdle_ztnb",800.62530818308,0,0.000818294101818329,"pass",TRUE,TRUE,TRUE,FALSE,3.47300000000041,""
"South Carolina",2025-01-02,"calendar","sir","hurdle_ztpoisson",890.70969618445,0,0.00234413276224998,"pass",TRUE,TRUE,TRUE,FALSE,3.64999999999964,""
"South Carolina",2025-02-15,"calendar","hsgp","hurdle_ztnb",839.836674348912,0,0.00167415693688205,"pass",TRUE,TRUE,TRUE,FALSE,3.625,""
"South Carolina",2025-02-15,"calendar","hsgp","hurdle_ztpoisson",2480.21050199541,0,0.0107788769089237,"pass",TRUE,TRUE,TRUE,FALSE,3.96300000000019,""
"South Carolina",2025-02-15,"calendar","sir","hurdle_ztnb",977.186463100499,0,0.00019196503730079,"pass",TRUE,TRUE,TRUE,FALSE,3.93499999999995,""
"South Carolina",2025-02-15,"calendar","sir","hurdle_ztpoisson",1404.59353471827,0,0.0327135104515115,"pass",TRUE,TRUE,TRUE,FALSE,4.42399999999998,""
"South Carolina",2025-03-29,"calendar","hsgp","hurdle_ztnb",973.4368512228,0,0.00293120560634064,"pass",TRUE,TRUE,TRUE,FALSE,3.8420000000001,""
"South Carolina",2025-03-29,"calendar","hsgp","hurdle_ztpoisson",2919.9312722429,0,0.0126869788855369,"pass",TRUE,TRUE,TRUE,FALSE,3.71599999999989,""
"South Carolina",2025-03-29,"calendar","sir","hurdle_ztnb",1125.51688953534,0,0.000997956007428025,"pass",TRUE,TRUE,TRUE,FALSE,4.13000000000011,""
"South Carolina",2025-03-29,"calendar","sir","hurdle_ztpoisson",1657.14490883338,0,0.00514307263257107,"pass",TRUE,TRUE,TRUE,FALSE,4.13900000000012,""
"South Carolina",2025-04-26,"calendar","hsgp","hurdle_ztnb",1025.90106566642,0,0.00835482579537672,"pass",TRUE,TRUE,TRUE,FALSE,4.01999999999998,""
"South Carolina",2025-04-26,"calendar","hsgp","hurdle_ztpoisson",2997.5948971524,0,0.0138998395090065,"pass",TRUE,TRUE,TRUE,FALSE,4.48399999999992,""
"South Carolina",2025-04-26,"calendar","sir","hurdle_ztnb",1186.54159592427,0,0.00528468514598368,"pass",TRUE,TRUE,TRUE,FALSE,4.22599999999966,""
"South Carolina",2025-04-26,"calendar","sir","hurdle_ztpoisson",1743.20216668068,0,0.0495626753311182,"pass",TRUE,TRUE,TRUE,FALSE,4.60300000000007,""
"South Carolina",2025-05-31,"calendar","hsgp","hurdle_ztnb",1067.23741300159,0,0.00277364200061181,"pass",TRUE,TRUE,TRUE,FALSE,4.31700000000001,""
"South Carolina",2025-05-31,"calendar","hsgp","hurdle_ztpoisson",3057.0448524269,0,0.00885836517168359,"pass",TRUE,TRUE,TRUE,FALSE,4.01899999999978,""
"South Carolina",2025-05-31,"calendar","sir","hurdle_ztnb",1238.50844429635,0,0.00195321257787739,"pass",TRUE,TRUE,TRUE,FALSE,4.68099999999959,""
"South Carolina",2025-05-31,"calendar","sir","hurdle_ztpoisson",1813.81757857965,0,0.00327831439138038,"pass",TRUE,TRUE,TRUE,FALSE,4.84199999999964,""
"South Dakota",2025-01-02,"calendar","hsgp","hurdle_ztnb",310.241522187189,0,0.000267875302217058,"pass",TRUE,TRUE,TRUE,FALSE,3.09000000000015,""
"South Dakota",2025-01-02,"calendar","hsgp","hurdle_ztpoisson",318.991184123497,0,0.00227152921416152,"pass",TRUE,TRUE,TRUE,FALSE,2.87599999999929,""
"South Dakota",2025-01-02,"calendar","sir","hurdle_ztnb",383.844773755265,0,0.0313039987811203,"pass",TRUE,TRUE,TRUE,FALSE,3.38400000000001,""
"South Dakota",2025-01-02,"calendar","sir","hurdle_ztpoisson",378.510547414415,0,0.00232867534606424,"pass",TRUE,TRUE,TRUE,FALSE,3.66100000000006,""
"South Dakota",2025-02-15,"calendar","hsgp","hurdle_ztnb",391.443603414491,0,0.00226455708858947,"pass",TRUE,TRUE,TRUE,FALSE,3.34499999999935,""
"South Dakota",2025-02-15,"calendar","hsgp","hurdle_ztpoisson",472.393534929728,0,0.00057622746567354,"pass",TRUE,TRUE,TRUE,FALSE,3.30799999999999,""
"South Dakota",2025-02-15,"calendar","sir","hurdle_ztnb",503.206458271385,0,0.00261555410304026,"pass",TRUE,TRUE,TRUE,FALSE,3.42500000000018,""
"South Dakota",2025-02-15,"calendar","sir","hurdle_ztpoisson",499.970047366875,0,0.0116731259431682,"pass",TRUE,TRUE,TRUE,FALSE,3.43499999999949,""
"South Dakota",2025-03-29,"calendar","hsgp","hurdle_ztnb",505.414674160162,0,0.00172383123858777,"pass",TRUE,TRUE,TRUE,FALSE,3.65999999999985,""
"South Dakota",2025-03-29,"calendar","hsgp","hurdle_ztpoisson",623.533279846092,0,0.0055203237698207,"pass",TRUE,TRUE,TRUE,FALSE,3.50900000000001,""
"South Dakota",2025-03-29,"calendar","sir","hurdle_ztnb",591.667562326967,0,0.00111259583211232,"pass",TRUE,TRUE,TRUE,FALSE,3.97500000000036,""
"South Dakota",2025-03-29,"calendar","sir","hurdle_ztpoisson",652.234261949798,0,0.000578732500325356,"pass",TRUE,TRUE,TRUE,FALSE,3.77599999999984,""
"South Dakota",2025-04-26,"calendar","hsgp","hurdle_ztnb",531.709794844467,0,0.00259401776677171,"pass",TRUE,TRUE,TRUE,FALSE,3.90700000000015,""
"South Dakota",2025-04-26,"calendar","hsgp","hurdle_ztpoisson",647.156841038326,0,0.00429964217046175,"pass",TRUE,TRUE,TRUE,FALSE,3.47199999999975,""
"South Dakota",2025-04-26,"calendar","sir","hurdle_ztnb",621.571365808131,0,0.0276528879031489,"pass",TRUE,TRUE,TRUE,FALSE,4.22699999999986,""
"South Dakota",2025-04-26,"calendar","sir","hurdle_ztpoisson",678.518496938984,0,0.0139310962348733,"pass",TRUE,TRUE,TRUE,FALSE,4.02999999999975,""
"South Dakota",2025-05-31,"calendar","hsgp","hurdle_ztnb",638.314910833046,0,0.00335310499385533,"pass",TRUE,TRUE,TRUE,FALSE,4.03099999999995,""
"South Dakota",2025-05-31,"calendar","hsgp","hurdle_ztpoisson",755.598996824679,0,0.00115666866943576,"pass",TRUE,TRUE,TRUE,FALSE,3.63100000000031,""
"South Dakota",2025-05-31,"calendar","sir","hurdle_ztnb",732.709850401234,0,0.0103500950865967,"pass",TRUE,TRUE,TRUE,FALSE,4.6860000000006,""
"South Dakota",2025-05-31,"calendar","sir","hurdle_ztpoisson",790.809773479905,0,0.00311947976990323,"pass",TRUE,TRUE,TRUE,FALSE,4.24399999999969,""
"Tennessee",2025-01-02,"calendar","hsgp","hurdle_ztnb",908.817982014538,0,0.00332535435288417,"pass",TRUE,TRUE,TRUE,FALSE,3.71399999999994,""
"Tennessee",2025-01-02,"calendar","hsgp","hurdle_ztpoisson",1499.6838730895,0,0.0121429467408638,"pass",TRUE,TRUE,TRUE,FALSE,3.64699999999993,""
"Tennessee",2025-01-02,"calendar","sir","hurdle_ztnb",1023.96161604021,0,0.0013172329380918,"pass",TRUE,TRUE,TRUE,FALSE,3.9389999999994,""
"Tennessee",2025-01-02,"calendar","sir","hurdle_ztpoisson",1240.85635432226,0,0.0105003034607076,"pass",TRUE,TRUE,TRUE,FALSE,4.10699999999997,""
"Tennessee",2025-02-15,"calendar","hsgp","hurdle_ztnb",1066.38145737324,0,0.0057115643885095,"pass",TRUE,TRUE,TRUE,FALSE,4.1840000000002,""
"Tennessee",2025-02-15,"calendar","hsgp","hurdle_ztpoisson",3377.78922842161,0,0.014406328900513,"pass",TRUE,TRUE,TRUE,FALSE,4.0600000000004,""
"Tennessee",2025-02-15,"calendar","sir","hurdle_ztnb",1203.50179154385,0,0.00101787373636952,"pass",TRUE,TRUE,TRUE,FALSE,4.32499999999982,""
"Tennessee",2025-02-15,"calendar","sir","hurdle_ztpoisson",1871.54689694316,0,0.026087341767253,"pass",TRUE,TRUE,TRUE,FALSE,4.58699999999953,""
"Tennessee",2025-03-29,"calendar","hsgp","hurdle_ztnb",1215.9790512701,0,0.00111415066496068,"pass",TRUE,TRUE,TRUE,FALSE,4.24699999999939,""
"Tennessee",2025-03-29,"calendar","hsgp","hurdle_ztpoisson",4135.44764871596,0,0.00732109487970511,"pass",TRUE,TRUE,TRUE,FALSE,4.30199999999968,""
"Tennessee",2025-03-29,"calendar","sir","hurdle_ztnb",1366.37436070763,0,0.0109807568502096,"pass",TRUE,TRUE,TRUE,FALSE,4.58199999999943,""
"Tennessee",2025-03-29,"calendar","sir","hurdle_ztpoisson",2202.24064142875,0,0.0101439816243998,"pass",TRUE,TRUE,TRUE,FALSE,7.95799999999963,""
"Tennessee",2025-04-26,"calendar","hsgp","hurdle_ztnb",1290.30757899448,0,0.00237003875505171,"pass",TRUE,TRUE,TRUE,FALSE,4.4350000000004,""
"Tennessee",2025-04-26,"calendar","hsgp","hurdle_ztpoisson",4256.15465455139,0,0.0339271478903422,"pass",TRUE,TRUE,TRUE,FALSE,4.54299999999967,""
"Tennessee",2025-04-26,"calendar","sir","hurdle_ztnb",1447.15035230951,0,0.00478313281896714,"pass",TRUE,TRUE,TRUE,FALSE,4.77100000000064,""
"Tennessee",2025-04-26,"calendar","sir","hurdle_ztpoisson",2288.24008543854,0,0.037602227918245,"pass",TRUE,TRUE,TRUE,FALSE,5.29600000000028,""
"Tennessee",2025-05-31,"calendar","hsgp","hurdle_ztnb",1336.16474397499,0,0.0115935574681592,"pass",TRUE,TRUE,TRUE,FALSE,4.92599999999948,""
"Tennessee",2025-05-31,"calendar","hsgp","hurdle_ztpoisson",4390.79262599224,0,0.026493339222543,"pass",TRUE,TRUE,TRUE,FALSE,4.52199999999993,""
"Tennessee",2025-05-31,"calendar","sir","hurdle_ztnb",1504.29260606016,0,0.000734325777785205,"pass",TRUE,TRUE,TRUE,FALSE,4.84900000000016,""
"Tennessee",2025-05-31,"calendar","sir","hurdle_ztpoisson",2360.10850139258,0,0.0103661739186407,"pass",TRUE,TRUE,TRUE,FALSE,8.38300000000072,""
"Texas",2025-01-02,"calendar","hsgp","hurdle_ztnb",1081.54985456192,0,0.00151860270512505,"pass",TRUE,TRUE,TRUE,FALSE,3.71500000000015,""
"Texas",2025-01-02,"calendar","hsgp","hurdle_ztpoisson",3650.4072897584,0,0.0172754120155885,"pass",TRUE,TRUE,TRUE,FALSE,3.84599999999955,""
"Texas",2025-01-02,"calendar","sir","hurdle_ztnb",1209.60995978736,0,0.00147197746568661,"pass",TRUE,TRUE,TRUE,FALSE,3.95499999999993,""
"Texas",2025-01-02,"calendar","sir","hurdle_ztpoisson",2646.22958517141,0,0.00745131568437607,"pass",TRUE,TRUE,TRUE,FALSE,4.81999999999971,""
"Texas",2025-02-15,"calendar","hsgp","hurdle_ztnb",1319.25118221847,0,0.00441696486409526,"pass",TRUE,TRUE,TRUE,FALSE,4.16499999999996,""
"Texas",2025-02-15,"calendar","hsgp","hurdle_ztpoisson",8115.51766686646,0,0.0528641605863416,"pass",TRUE,TRUE,TRUE,FALSE,4.09899999999925,""
"Texas",2025-02-15,"calendar","sir","hurdle_ztnb",1492.84787003902,0,0.000672820438236688,"pass",TRUE,TRUE,TRUE,FALSE,4.26000000000022,""
"Texas",2025-02-15,"calendar","sir","hurdle_ztpoisson",3527.4110862051,0,0.0678801076478706,"pass",TRUE,TRUE,TRUE,FALSE,5.77499999999964,""
"Texas",2025-03-29,"calendar","hsgp","hurdle_ztnb",1632.35987293827,0,0.0027728720747493,"pass",TRUE,TRUE,TRUE,FALSE,4.65099999999984,""
"Texas",2025-03-29,"calendar","hsgp","hurdle_ztpoisson",9990.6715656158,0,0.0188813940137877,"pass",TRUE,TRUE,TRUE,FALSE,4.90200000000004,""
"Texas",2025-03-29,"calendar","sir","hurdle_ztnb",1848.62983732183,0,0.00118345987748469,"pass",TRUE,TRUE,TRUE,FALSE,4.90399999999954,""
"Texas",2025-03-29,"calendar","sir","hurdle_ztpoisson",4554.12160336247,0,0.0210117529301604,"pass",TRUE,TRUE,TRUE,FALSE,10.1080000000002,""
"Texas",2025-04-26,"calendar","hsgp","hurdle_ztnb",1716.22198362837,0,0.00521130094385989,"pass",TRUE,TRUE,TRUE,FALSE,4.82400000000052,""
"Texas",2025-04-26,"calendar","hsgp","hurdle_ztpoisson",10230.0743513804,0,0.0184635223997192,"pass",TRUE,TRUE,TRUE,FALSE,4.76600000000053,""
"Texas",2025-04-26,"calendar","sir","hurdle_ztnb",1946.68663920438,0,0.00264297584781792,"pass",TRUE,TRUE,TRUE,FALSE,5.1279999999997,""
"Texas",2025-04-26,"calendar","sir","hurdle_ztpoisson",4767.86841735403,0,0.0149668119358925,"pass",TRUE,TRUE,TRUE,FALSE,5.63199999999961,""
"Texas",2025-05-31,"calendar","hsgp","hurdle_ztnb",1955.20201135066,0,0.0176368988283873,"pass",TRUE,TRUE,TRUE,FALSE,5.39199999999983,""
"Texas",2025-05-31,"calendar","hsgp","hurdle_ztpoisson",10554.3425034313,0,0.0667638481772831,"pass",TRUE,TRUE,TRUE,FALSE,5.61599999999999,""
"Texas",2025-05-31,"calendar","sir","hurdle_ztnb",2216.36309343955,0,0.00165719840621392,"pass",TRUE,TRUE,TRUE,FALSE,5.58599999999933,""
"Texas",2025-05-31,"calendar","sir","hurdle_ztpoisson",5150.383376784,0,0.0285554913997508,"pass",TRUE,TRUE,TRUE,FALSE,11.3199999999997,""
"US",2025-01-02,"calendar","hsgp","hurdle_ztnb",2684.83997338196,0,0.0110733873658431,"pass",TRUE,TRUE,TRUE,FALSE,6.09799999999996,""
"US",2025-01-02,"calendar","hsgp","hurdle_ztpoisson",45644.0156566873,0,0.143312863648858,"warning",TRUE,TRUE,TRUE,FALSE,23.902,"The `hurdle_ztpoisson` optimizer did not pass the stability gate.
✖ Optimizer code 0: L-BFGS-B polish: CONVERGENCE: REL_REDUCTION_OF_F <=
  FACTR*EPSMCH
✖ Maximum absolute gradient: 0.1433.
ℹ Try `count_cumulative_process(observation = ""hurdle_ztnb"")`; the ZTNB
  magnitude law was stable in the package-wide sweep.
ℹ This finite fit is returned with `gradient_status = ""warning""`; inspect
  `fit$opt` before using it."
"US",2025-01-02,"calendar","sir","hurdle_ztnb",3220.58347862438,0,0.0028932545765723,"pass",TRUE,TRUE,TRUE,FALSE,6.29500000000007,""
"US",2025-01-02,"calendar","sir","hurdle_ztpoisson",33666.401936316,1,5.97232003594247,"warning",TRUE,TRUE,TRUE,FALSE,70.3669999999993,"The `hurdle_ztpoisson` optimizer did not pass the stability gate.
✖ Optimizer code 1: L-BFGS-B polish: NEW_X
✖ Maximum absolute gradient: 5.972.
ℹ Try `count_cumulative_process(observation = ""hurdle_ztnb"")`; the ZTNB
  magnitude law was stable in the package-wide sweep.
ℹ This finite fit is returned with `gradient_status = ""warning""`; inspect
  `fit$opt` before using it. | CHOLMOD warning 'matrix not positive definite' at file 'Supernodal/t_cholmod_super_numeric_worker.c', line 1114"
"US",2025-02-15,"calendar","hsgp","hurdle_ztnb",3308.5659968635,0,0.00753258528995615,"pass",TRUE,TRUE,TRUE,FALSE,6.95699999999943,""
"US",2025-02-15,"calendar","hsgp","hurdle_ztpoisson",140985.498516358,0,0.302828923551632,"warning",TRUE,TRUE,TRUE,FALSE,41.4560000000001,"The `hurdle_ztpoisson` optimizer did not pass the stability gate.
✖ Optimizer code 0: L-BFGS-B polish: CONVERGENCE: REL_REDUCTION_OF_F <=
  FACTR*EPSMCH
✖ Maximum absolute gradient: 0.3028.
ℹ Try `count_cumulative_process(observation = ""hurdle_ztnb"")`; the ZTNB
  magnitude law was stable in the package-wide sweep.
ℹ This finite fit is returned with `gradient_status = ""warning""`; inspect
  `fit$opt` before using it."
"US",2025-02-15,"calendar","sir","hurdle_ztnb",3984.09600937706,0,0.012894580201958,"pass",TRUE,TRUE,TRUE,FALSE,8.22299999999996,""
"US",2025-02-15,"calendar","sir","hurdle_ztpoisson",60126.7762780544,1,66.5393565795642,"warning",TRUE,TRUE,TRUE,FALSE,87.067,"The `hurdle_ztpoisson` optimizer did not pass the stability gate.
✖ Optimizer code 1: iteration limit reached without convergence (10)
✖ Maximum absolute gradient: 66.54.
ℹ Try `count_cumulative_process(observation = ""hurdle_ztnb"")`; the ZTNB
  magnitude law was stable in the package-wide sweep.
ℹ This finite fit is returned with `gradient_status = ""warning""`; inspect
  `fit$opt` before using it. | CHOLMOD warning 'matrix not positive definite' at file 'Supernodal/t_cholmod_super_numeric_worker.c', line 1114"
"US",2025-03-29,"calendar","hsgp","hurdle_ztnb",4038.00019933242,0,0.00720466597243341,"pass",TRUE,TRUE,TRUE,FALSE,8.0059999999994,""
"US",2025-03-29,"calendar","hsgp","hurdle_ztpoisson",158551.169524494,0,0.890214992804823,"warning",TRUE,TRUE,TRUE,FALSE,36.4110000000001,"The `hurdle_ztpoisson` optimizer did not pass the stability gate.
✖ Optimizer code 0: L-BFGS-B polish: CONVERGENCE: REL_REDUCTION_OF_F <=
  FACTR*EPSMCH
✖ Maximum absolute gradient: 0.8902.
ℹ Try `count_cumulative_process(observation = ""hurdle_ztnb"")`; the ZTNB
  magnitude law was stable in the package-wide sweep.
ℹ This finite fit is returned with `gradient_status = ""warning""`; inspect
  `fit$opt` before using it."
"US",2025-03-29,"calendar","sir","hurdle_ztnb",4885.88602653502,0,0.00381571533919234,"pass",TRUE,TRUE,TRUE,FALSE,9.83700000000044,""
"US",2025-03-29,"calendar","sir","hurdle_ztpoisson",72505.2253190974,1,40.9726850465863,"warning",TRUE,TRUE,TRUE,FALSE,103.465,"The `hurdle_ztpoisson` optimizer did not pass the stability gate.
✖ Optimizer code 1: L-BFGS-B polish: NEW_X
✖ Maximum absolute gradient: 40.97.
ℹ Try `count_cumulative_process(observation = ""hurdle_ztnb"")`; the ZTNB
  magnitude law was stable in the package-wide sweep.
ℹ This finite fit is returned with `gradient_status = ""warning""`; inspect
  `fit$opt` before using it. | CHOLMOD warning 'matrix not positive definite' at file 'Supernodal/t_cholmod_super_numeric_worker.c', line 1114"
"US",2025-04-26,"calendar","hsgp","hurdle_ztnb",4465.01448785553,0,0.0295480765708209,"pass",TRUE,TRUE,TRUE,FALSE,8.6230000000005,""
"US",2025-04-26,"calendar","hsgp","hurdle_ztpoisson",166137.677020222,0,0.857635426945054,"warning",TRUE,TRUE,TRUE,FALSE,43.7910000000002,"The `hurdle_ztpoisson` optimizer did not pass the stability gate.
✖ Optimizer code 0: L-BFGS-B polish: CONVERGENCE: REL_REDUCTION_OF_F <=
  FACTR*EPSMCH
✖ Maximum absolute gradient: 0.8576.
ℹ Try `count_cumulative_process(observation = ""hurdle_ztnb"")`; the ZTNB
  magnitude law was stable in the package-wide sweep.
ℹ This finite fit is returned with `gradient_status = ""warning""`; inspect
  `fit$opt` before using it."
"US",2025-04-26,"calendar","sir","hurdle_ztnb",5392.50404905621,0,0.0245853645521457,"pass",TRUE,TRUE,TRUE,FALSE,10.3830000000007,""
"US",2025-04-26,"calendar","sir","hurdle_ztpoisson",77628.9100392242,1,13.2051277459603,"warning",TRUE,TRUE,TRUE,FALSE,118.883,"The `hurdle_ztpoisson` optimizer did not pass the stability gate.
✖ Optimizer code 1: L-BFGS-B polish: NEW_X
✖ Maximum absolute gradient: 13.21.
ℹ Try `count_cumulative_process(observation = ""hurdle_ztnb"")`; the ZTNB
  magnitude law was stable in the package-wide sweep.
ℹ This finite fit is returned with `gradient_status = ""warning""`; inspect
  `fit$opt` before using it. | CHOLMOD warning 'matrix not positive definite' at file 'Supernodal/t_cholmod_super_numeric_worker.c', line 1114"
"US",2025-05-31,"calendar","hsgp","hurdle_ztnb",5134.58136577226,0,0.0367786383049067,"pass",TRUE,TRUE,TRUE,FALSE,9.8720000000003,""
"US",2025-05-31,"calendar","hsgp","hurdle_ztpoisson",168350.278238551,0,1.05083191060799,"warning",TRUE,TRUE,TRUE,FALSE,49.0689999999995,"The `hurdle_ztpoisson` optimizer did not pass the stability gate.
✖ Optimizer code 0: L-BFGS-B polish: CONVERGENCE: REL_REDUCTION_OF_F <=
  FACTR*EPSMCH
✖ Maximum absolute gradient: 1.051.
ℹ Try `count_cumulative_process(observation = ""hurdle_ztnb"")`; the ZTNB
  magnitude law was stable in the package-wide sweep.
ℹ This finite fit is returned with `gradient_status = ""warning""`; inspect
  `fit$opt` before using it."
"US",2025-05-31,"calendar","sir","hurdle_ztnb",6153.25354357828,0,0.0392574025348436,"pass",TRUE,TRUE,TRUE,FALSE,11.7200000000003,""
"US",2025-05-31,"calendar","sir","hurdle_ztpoisson",80611.2824458107,1,33.2582386871144,"warning",TRUE,TRUE,TRUE,FALSE,142.007000000001,"The `hurdle_ztpoisson` optimizer did not pass the stability gate.
✖ Optimizer code 1: L-BFGS-B polish: NEW_X
✖ Maximum absolute gradient: 33.26.
ℹ Try `count_cumulative_process(observation = ""hurdle_ztnb"")`; the ZTNB
  magnitude law was stable in the package-wide sweep.
ℹ This finite fit is returned with `gradient_status = ""warning""`; inspect
  `fit$opt` before using it. | CHOLMOD warning 'matrix not positive definite' at file 'Supernodal/t_cholmod_super_numeric_worker.c', line 1114"
"Utah",2025-01-02,"calendar","hsgp","hurdle_ztnb",322.491792328911,0,0.00109133333584288,"pass",TRUE,TRUE,TRUE,FALSE,3.03200000000015,""
"Utah",2025-01-02,"calendar","hsgp","hurdle_ztpoisson",401.791911324759,0,0.00241996958775914,"pass",TRUE,TRUE,TRUE,FALSE,3.14599999999973,""
"Utah",2025-01-02,"calendar","sir","hurdle_ztnb",393.194286002913,0,0.00772158203703222,"pass",TRUE,TRUE,TRUE,FALSE,3.34900000000016,""
"Utah",2025-01-02,"calendar","sir","hurdle_ztpoisson",437.640812962083,0,0.0273876999678677,"pass",TRUE,TRUE,TRUE,FALSE,3.47299999999996,""
"Utah",2025-02-15,"calendar","hsgp","hurdle_ztnb",412.139603580226,0,0.000407423619722402,"pass",TRUE,TRUE,TRUE,FALSE,3.2510000000002,""
"Utah",2025-02-15,"calendar","hsgp","hurdle_ztpoisson",852.183811856265,0,0.00594986982551965,"pass",TRUE,TRUE,TRUE,FALSE,3.125,""
"Utah",2025-02-15,"calendar","sir","hurdle_ztnb",488.604177127068,0,0.00129598920986473,"pass",TRUE,TRUE,TRUE,FALSE,3.5059999999994,""
"Utah",2025-02-15,"calendar","sir","hurdle_ztpoisson",635.214448210293,0,0.0276585752618955,"pass",TRUE,TRUE,TRUE,FALSE,3.45799999999963,""
"Utah",2025-03-29,"calendar","hsgp","hurdle_ztnb",492.725041916197,0,0.00397484696771044,"pass",TRUE,TRUE,TRUE,FALSE,3.60800000000017,""
"Utah",2025-03-29,"calendar","hsgp","hurdle_ztpoisson",1069.89362367829,0,0.0259426966538822,"pass",TRUE,TRUE,TRUE,FALSE,3.33500000000004,""
"Utah",2025-03-29,"calendar","sir","hurdle_ztnb",576.717256341563,0,0.00121147630643331,"pass",TRUE,TRUE,TRUE,FALSE,3.9429999999993,""
"Utah",2025-03-29,"calendar","sir","hurdle_ztpoisson",778.873158422278,0,0.0981368273931773,"pass",TRUE,TRUE,TRUE,FALSE,3.6899999999996,""
"Utah",2025-04-26,"calendar","hsgp","hurdle_ztnb",523.378367897485,0,0.00382546380339654,"pass",TRUE,TRUE,TRUE,FALSE,3.73700000000008,""
"Utah",2025-04-26,"calendar","hsgp","hurdle_ztpoisson",1131.35127248225,0,0.00681223413847387,"pass",TRUE,TRUE,TRUE,FALSE,3.33500000000004,""
"Utah",2025-04-26,"calendar","sir","hurdle_ztnb",612.146459869316,0,0.0201697163252006,"pass",TRUE,TRUE,TRUE,FALSE,4.04800000000068,""
"Utah",2025-04-26,"calendar","sir","hurdle_ztpoisson",825.208740635988,0,0.00648510651799017,"pass",TRUE,TRUE,TRUE,FALSE,4.09900000000016,""
"Utah",2025-05-31,"calendar","hsgp","hurdle_ztnb",549.545707865906,0,0.00179362707163527,"pass",TRUE,TRUE,TRUE,FALSE,3.72299999999996,""
"Utah",2025-05-31,"calendar","hsgp","hurdle_ztpoisson",1160.57567098405,0,0.003780922003498,"pass",TRUE,TRUE,TRUE,FALSE,3.75600000000031,""
"Utah",2025-05-31,"calendar","sir","hurdle_ztnb",641.815794895097,0,0.00424265791624356,"pass",TRUE,TRUE,TRUE,FALSE,4.07200000000012,""
"Utah",2025-05-31,"calendar","sir","hurdle_ztpoisson",859.372171280148,0,0.00154309629072813,"pass",TRUE,TRUE,TRUE,FALSE,4.2489999999998,""
"Vermont",2025-01-02,"calendar","hsgp","hurdle_ztnb",225.751264544231,0,0.00108999849489999,"pass",TRUE,TRUE,TRUE,FALSE,2.88100000000031,""
"Vermont",2025-01-02,"calendar","hsgp","hurdle_ztpoisson",220.727781419888,0,0.00152446010441365,"pass",TRUE,TRUE,TRUE,FALSE,2.79899999999998,""
"Vermont",2025-01-02,"calendar","sir","hurdle_ztnb",1194.28531524054,0,0.000572033830662733,"pass",TRUE,TRUE,TRUE,FALSE,2.98000000000047,""
"Vermont",2025-01-02,"calendar","sir","hurdle_ztpoisson",1277.46612985432,0,0.00317114351515846,"pass",TRUE,TRUE,TRUE,FALSE,3.01599999999962,""
"Vermont",2025-02-15,"calendar","hsgp","hurdle_ztnb",307.8728361528,0,0.00103710175436267,"pass",TRUE,TRUE,TRUE,FALSE,3.24299999999948,""
"Vermont",2025-02-15,"calendar","hsgp","hurdle_ztpoisson",339.231523266778,0,0.000496354696918333,"pass",TRUE,TRUE,TRUE,FALSE,3.01899999999932,""
"Vermont",2025-02-15,"calendar","sir","hurdle_ztnb",1521.63144312381,0,0.00115150252210372,"pass",TRUE,TRUE,TRUE,FALSE,3.1279999999997,""
"Vermont",2025-02-15,"calendar","sir","hurdle_ztpoisson",1945.43103466126,0,0.00111929964030333,"pass",TRUE,TRUE,TRUE,FALSE,3.01699999999983,""
"Vermont",2025-03-29,"calendar","hsgp","hurdle_ztnb",393.788216125066,0,0.00173058372479906,"pass",TRUE,TRUE,TRUE,FALSE,3.42499999999927,""
"Vermont",2025-03-29,"calendar","hsgp","hurdle_ztpoisson",429.665003147329,0,0.00446631220199906,"pass",TRUE,TRUE,TRUE,FALSE,3.41700000000037,""
"Vermont",2025-03-29,"calendar","sir","hurdle_ztnb",2027.37273536236,0,0.00147825776392496,"pass",TRUE,TRUE,TRUE,FALSE,3.38399999999911,""
"Vermont",2025-03-29,"calendar","sir","hurdle_ztpoisson",2510.95857835759,0,0.000271526335146266,"pass",TRUE,TRUE,TRUE,FALSE,3.26899999999932,""
"Vermont",2025-04-26,"calendar","hsgp","hurdle_ztnb",414.596523869821,0,0.00214175055906229,"pass",TRUE,TRUE,TRUE,FALSE,3.81899999999951,""
"Vermont",2025-04-26,"calendar","hsgp","hurdle_ztpoisson",453.843378068303,0,0.00144469341080233,"pass",TRUE,TRUE,TRUE,FALSE,3.28999999999996,""
"Vermont",2025-04-26,"calendar","sir","hurdle_ztnb",2131.12776831617,0,0.00175732677961809,"pass",TRUE,TRUE,TRUE,FALSE,3.40300000000025,""
"Vermont",2025-04-26,"calendar","sir","hurdle_ztpoisson",2627.79865813338,0,0.00229888957176927,"pass",TRUE,TRUE,TRUE,FALSE,3.40499999999975,""
"Vermont",2025-05-31,"calendar","hsgp","hurdle_ztnb",442.00807561871,0,0.00752871250259579,"pass",TRUE,TRUE,TRUE,FALSE,3.65499999999975,""
"Vermont",2025-05-31,"calendar","hsgp","hurdle_ztpoisson",486.105726690511,0,0.00307085360638149,"pass",TRUE,TRUE,TRUE,FALSE,3.5639999999994,""
"Vermont",2025-05-31,"calendar","sir","hurdle_ztnb",2298.03950698062,0,0.000161275609037226,"pass",TRUE,TRUE,TRUE,FALSE,3.71499999999924,""
"Vermont",2025-05-31,"calendar","sir","hurdle_ztpoisson",2876.49426962976,0,0.00283332980547807,"pass",TRUE,TRUE,TRUE,FALSE,3.4980000000005,""
"Virginia",2025-01-02,"calendar","hsgp","hurdle_ztnb",720.732464296177,0,0.00408044423260279,"pass",TRUE,TRUE,TRUE,FALSE,3.33700000000044,""
"Virginia",2025-01-02,"calendar","hsgp","hurdle_ztpoisson",1110.30629777471,0,0.0317079019627342,"pass",TRUE,TRUE,TRUE,FALSE,3.25200000000041,""
"Virginia",2025-01-02,"calendar","sir","hurdle_ztnb",827.316702585565,0,0.00238130964833927,"pass",TRUE,TRUE,TRUE,FALSE,3.56700000000001,""
"Virginia",2025-01-02,"calendar","sir","hurdle_ztpoisson",912.717414862676,0,0.0033310929275193,"pass",TRUE,TRUE,TRUE,FALSE,3.58700000000044,""
"Virginia",2025-02-15,"calendar","hsgp","hurdle_ztnb",852.017587509368,0,0.00413783104920595,"pass",TRUE,TRUE,TRUE,FALSE,3.63299999999981,""
"Virginia",2025-02-15,"calendar","hsgp","hurdle_ztpoisson",2646.1538503647,0,0.0150943909261876,"pass",TRUE,TRUE,TRUE,FALSE,3.83500000000004,""
"Virginia",2025-02-15,"calendar","sir","hurdle_ztnb",987.694910721906,0,0.00180625835610071,"pass",TRUE,TRUE,TRUE,FALSE,3.83799999999974,""
"Virginia",2025-02-15,"calendar","sir","hurdle_ztpoisson",1324.54916274238,0,0.0117993632576758,"pass",TRUE,TRUE,TRUE,FALSE,3.94599999999991,""
"Virginia",2025-03-29,"calendar","hsgp","hurdle_ztnb",1038.87607541987,0,0.00261336001070034,"pass",TRUE,TRUE,TRUE,FALSE,3.87899999999991,""
"Virginia",2025-03-29,"calendar","hsgp","hurdle_ztpoisson",3257.34751213129,0,0.00476959366243634,"pass",TRUE,TRUE,TRUE,FALSE,3.86500000000069,""
"Virginia",2025-03-29,"calendar","sir","hurdle_ztnb",1207.44663161157,0,0.00202907485171444,"pass",TRUE,TRUE,TRUE,FALSE,4.14800000000014,""
"Virginia",2025-03-29,"calendar","sir","hurdle_ztpoisson",1975.21009884137,0,0.0102780597446195,"pass",TRUE,TRUE,TRUE,FALSE,4.37899999999991,""
"Virginia",2025-04-26,"calendar","hsgp","hurdle_ztnb",1088.14674838379,0,0.00329154234690687,"pass",TRUE,TRUE,TRUE,FALSE,4.14900000000034,""
"Virginia",2025-04-26,"calendar","hsgp","hurdle_ztpoisson",3341.18926253174,0,0.0379487225459264,"pass",TRUE,TRUE,TRUE,FALSE,4.15000000000055,""
"Virginia",2025-04-26,"calendar","sir","hurdle_ztnb",1268.0399861162,0,0.00125007967606261,"pass",TRUE,TRUE,TRUE,FALSE,4.35100000000057,""
"Virginia",2025-04-26,"calendar","sir","hurdle_ztpoisson",2047.04699104083,0,0.00541955207268785,"pass",TRUE,TRUE,TRUE,FALSE,4.51400000000012,""
"Virginia",2025-05-31,"calendar","hsgp","hurdle_ztnb",1130.6215582503,0,0.00425087570092597,"pass",TRUE,TRUE,TRUE,FALSE,4.30699999999979,""
"Virginia",2025-05-31,"calendar","hsgp","hurdle_ztpoisson",3390.62465603723,0,0.0150042398643624,"pass",TRUE,TRUE,TRUE,FALSE,4.34000000000015,""
"Virginia",2025-05-31,"calendar","sir","hurdle_ztnb",1324.58925347343,0,0.006235684494167,"pass",TRUE,TRUE,TRUE,FALSE,4.51100000000042,""
"Virginia",2025-05-31,"calendar","sir","hurdle_ztpoisson",2106.34239971529,0,0.0163565780308695,"pass",TRUE,TRUE,TRUE,FALSE,4.82800000000043,""
"Washington",2025-01-02,"calendar","hsgp","hurdle_ztnb",707.112635461981,0,0.00226785170933086,"pass",TRUE,TRUE,TRUE,FALSE,3.47499999999945,""
"Washington",2025-01-02,"calendar","hsgp","hurdle_ztpoisson",938.838496039545,0,0.0120918100573177,"pass",TRUE,TRUE,TRUE,FALSE,3.30299999999988,""
"Washington",2025-01-02,"calendar","sir","hurdle_ztnb",805.467511686445,0,0.000649113090497089,"pass",TRUE,TRUE,TRUE,FALSE,3.53999999999996,""
"Washington",2025-01-02,"calendar","sir","hurdle_ztpoisson",913.035147304375,0,0.00290176382670848,"pass",TRUE,TRUE,TRUE,FALSE,3.51099999999951,""
"Washington",2025-02-15,"calendar","hsgp","hurdle_ztnb",917.24571706595,0,0.00449943922636753,"pass",TRUE,TRUE,TRUE,FALSE,3.66600000000017,""
"Washington",2025-02-15,"calendar","hsgp","hurdle_ztpoisson",2492.8426279404,0,0.040180994799496,"pass",TRUE,TRUE,TRUE,FALSE,3.6899999999996,""
"Washington",2025-02-15,"calendar","sir","hurdle_ztnb",1033.42057356799,0,0.00186199373958695,"pass",TRUE,TRUE,TRUE,FALSE,3.94900000000052,""
"Washington",2025-02-15,"calendar","sir","hurdle_ztpoisson",1947.6577239718,0,0.00931357822567769,"pass",TRUE,TRUE,TRUE,FALSE,3.91499999999996,""
"Washington",2025-03-29,"calendar","hsgp","hurdle_ztnb",1018.01696698185,0,0.00395190384679595,"pass",TRUE,TRUE,TRUE,FALSE,3.9970000000003,""
"Washington",2025-03-29,"calendar","hsgp","hurdle_ztpoisson",2866.35618278481,0,0.0483817001152651,"pass",TRUE,TRUE,TRUE,FALSE,3.67900000000009,""
"Washington",2025-03-29,"calendar","sir","hurdle_ztnb",1145.1665439147,0,0.0029987909588356,"pass",TRUE,TRUE,TRUE,FALSE,4.40699999999924,""
"Washington",2025-03-29,"calendar","sir","hurdle_ztpoisson",2142.49064185609,0,0.0424603623522439,"pass",TRUE,TRUE,TRUE,FALSE,5.67500000000018,""
"Washington",2025-04-26,"calendar","hsgp","hurdle_ztnb",1105.80836946534,0,0.00245567414910105,"pass",TRUE,TRUE,TRUE,FALSE,4.25300000000061,""
"Washington",2025-04-26,"calendar","hsgp","hurdle_ztpoisson",3002.12813329868,0,0.0472863367780814,"pass",TRUE,TRUE,TRUE,FALSE,3.91899999999987,""
"Washington",2025-04-26,"calendar","sir","hurdle_ztnb",1239.12313389446,0,0.00164189001953141,"pass",TRUE,TRUE,TRUE,FALSE,4.51700000000073,""
"Washington",2025-04-26,"calendar","sir","hurdle_ztpoisson",2313.52448461887,0,0.00456647936258414,"pass",TRUE,TRUE,TRUE,FALSE,4.60199999999986,""
"Washington",2025-05-31,"calendar","hsgp","hurdle_ztnb",1462.71920543026,0,0.00182310365638449,"pass",TRUE,TRUE,TRUE,FALSE,4.53699999999935,""
"Washington",2025-05-31,"calendar","hsgp","hurdle_ztpoisson",4166.79026497994,0,0.0457987469942513,"pass",TRUE,TRUE,TRUE,FALSE,4.58500000000004,""
"Washington",2025-05-31,"calendar","sir","hurdle_ztnb",1602.82928526571,0,0.000948417205514862,"pass",TRUE,TRUE,TRUE,FALSE,4.91899999999987,""
"Washington",2025-05-31,"calendar","sir","hurdle_ztpoisson",3850.86018962883,0,0.0482730059485683,"pass",TRUE,TRUE,TRUE,FALSE,5.50300000000061,""
"West Virginia",2025-01-02,"calendar","hsgp","hurdle_ztnb",329.338542510469,0,0.000898696610272642,"pass",TRUE,TRUE,TRUE,FALSE,3.10099999999966,""
"West Virginia",2025-01-02,"calendar","hsgp","hurdle_ztpoisson",371.359251954543,0,0.00274657976146186,"pass",TRUE,TRUE,TRUE,FALSE,3.07700000000023,""
"West Virginia",2025-01-02,"calendar","sir","hurdle_ztnb",446.988374498823,0,0.00122339993356835,"pass",TRUE,TRUE,TRUE,FALSE,3.49799999999959,""
"West Virginia",2025-01-02,"calendar","sir","hurdle_ztpoisson",400.767805984659,0,0.0214030150227553,"pass",TRUE,TRUE,TRUE,FALSE,3.16999999999916,""
"West Virginia",2025-02-15,"calendar","hsgp","hurdle_ztnb",416.812128475112,0,0.00127470469627933,"pass",TRUE,TRUE,TRUE,FALSE,3.15599999999995,""
"West Virginia",2025-02-15,"calendar","hsgp","hurdle_ztpoisson",957.700830532772,0,0.0142520410919307,"pass",TRUE,TRUE,TRUE,FALSE,3.3090000000002,""
"West Virginia",2025-02-15,"calendar","sir","hurdle_ztnb",554.776427714206,0,0.00464957693859169,"pass",TRUE,TRUE,TRUE,FALSE,3.37899999999991,""
"West Virginia",2025-02-15,"calendar","sir","hurdle_ztpoisson",589.280870213846,0,0.00202499216000973,"pass",TRUE,TRUE,TRUE,FALSE,3.35400000000027,""
"West Virginia",2025-03-29,"calendar","hsgp","hurdle_ztnb",501.44665842613,0,0.00531632478484112,"pass",TRUE,TRUE,TRUE,FALSE,3.50600000000031,""
"West Virginia",2025-03-29,"calendar","hsgp","hurdle_ztpoisson",1284.97203248664,0,0.0069171526001135,"pass",TRUE,TRUE,TRUE,FALSE,3.26999999999953,""
"West Virginia",2025-03-29,"calendar","sir","hurdle_ztnb",663.681666490935,0,0.00410409605378981,"pass",TRUE,TRUE,TRUE,FALSE,3.86300000000028,""
"West Virginia",2025-03-29,"calendar","sir","hurdle_ztpoisson",762.436304859773,0,0.0283872753031788,"pass",TRUE,TRUE,TRUE,FALSE,3.60600000000068,""
"West Virginia",2025-04-26,"calendar","hsgp","hurdle_ztnb",529.481436689201,0,0.0013686640030397,"pass",TRUE,TRUE,TRUE,FALSE,3.46400000000085,""
"West Virginia",2025-04-26,"calendar","hsgp","hurdle_ztpoisson",1337.65393340204,0,0.013440279342716,"pass",TRUE,TRUE,TRUE,FALSE,3.3809999999994,""
"West Virginia",2025-04-26,"calendar","sir","hurdle_ztnb",698.878363201288,0,0.00138069806712993,"pass",TRUE,TRUE,TRUE,FALSE,3.84699999999975,""
"West Virginia",2025-04-26,"calendar","sir","hurdle_ztpoisson",790.177744818406,0,0.0910395914491831,"pass",TRUE,TRUE,TRUE,FALSE,4.29899999999998,""
"West Virginia",2025-05-31,"calendar","hsgp","hurdle_ztnb",543.713067453165,0,0.00272029191322676,"pass",TRUE,TRUE,TRUE,FALSE,3.94799999999941,""
"West Virginia",2025-05-31,"calendar","hsgp","hurdle_ztpoisson",1325.81513865697,0,0.00244282463111611,"pass",TRUE,TRUE,TRUE,FALSE,3.59199999999964,""
"West Virginia",2025-05-31,"calendar","sir","hurdle_ztnb",724.091682536323,0,0.015858529905262,"pass",TRUE,TRUE,TRUE,FALSE,3.93199999999979,""
"West Virginia",2025-05-31,"calendar","sir","hurdle_ztpoisson",823.187061176613,0,0.0266051296315708,"pass",TRUE,TRUE,TRUE,FALSE,4.3149999999996,""
"Wisconsin",2025-01-02,"calendar","hsgp","hurdle_ztnb",586.211861462414,0,0.00114226360282577,"pass",TRUE,TRUE,TRUE,FALSE,3.39100000000053,""
"Wisconsin",2025-01-02,"calendar","hsgp","hurdle_ztpoisson",718.57113665724,0,0.00121843170877234,"pass",TRUE,TRUE,TRUE,FALSE,3.39500000000044,""
"Wisconsin",2025-01-02,"calendar","sir","hurdle_ztnb",666.266274828435,0,0.000170909850984557,"pass",TRUE,TRUE,TRUE,FALSE,3.37100000000009,""
"Wisconsin",2025-01-02,"calendar","sir","hurdle_ztpoisson",750.237356881828,0,0.0104055330406732,"pass",TRUE,TRUE,TRUE,FALSE,3.46000000000004,""
"Wisconsin",2025-02-15,"calendar","hsgp","hurdle_ztnb",717.134797243998,0,0.00356608959956173,"pass",TRUE,TRUE,TRUE,FALSE,3.64400000000023,""
"Wisconsin",2025-02-15,"calendar","hsgp","hurdle_ztpoisson",1971.0795114738,0,0.035796647516992,"pass",TRUE,TRUE,TRUE,FALSE,3.39799999999923,""
"Wisconsin",2025-02-15,"calendar","sir","hurdle_ztnb",830.176498184854,0,0.012077600465745,"pass",TRUE,TRUE,TRUE,FALSE,3.70100000000002,""
"Wisconsin",2025-02-15,"calendar","sir","hurdle_ztpoisson",1043.30371489076,0,0.00926306927919152,"pass",TRUE,TRUE,TRUE,FALSE,3.96600000000035,""
"Wisconsin",2025-03-29,"calendar","hsgp","hurdle_ztnb",870.803024171698,0,0.000890224159390718,"pass",TRUE,TRUE,TRUE,FALSE,3.90200000000004,""
"Wisconsin",2025-03-29,"calendar","hsgp","hurdle_ztpoisson",2601.37820438522,0,0.00676891679505842,"pass",TRUE,TRUE,TRUE,FALSE,3.6869999999999,""
"Wisconsin",2025-03-29,"calendar","sir","hurdle_ztnb",994.163999663264,0,0.00144876783285186,"pass",TRUE,TRUE,TRUE,FALSE,4.35199999999986,""
"Wisconsin",2025-03-29,"calendar","sir","hurdle_ztpoisson",1489.56441324356,0,0.0134800129800616,"pass",TRUE,TRUE,TRUE,FALSE,4.00699999999961,""
"Wisconsin",2025-04-26,"calendar","hsgp","hurdle_ztnb",916.408511812594,0,0.00372316745244572,"pass",TRUE,TRUE,TRUE,FALSE,3.96700000000055,""
"Wisconsin",2025-04-26,"calendar","hsgp","hurdle_ztpoisson",2653.08348970203,0,0.00464224142236147,"pass",TRUE,TRUE,TRUE,FALSE,3.88400000000001,""
"Wisconsin",2025-04-26,"calendar","sir","hurdle_ztnb",1047.02956372226,0,0.000843052432153435,"pass",TRUE,TRUE,TRUE,FALSE,4.10199999999986,""
"Wisconsin",2025-04-26,"calendar","sir","hurdle_ztpoisson",1540.97982619377,0,0.00650658823052262,"pass",TRUE,TRUE,TRUE,FALSE,4.21900000000005,""
"Wisconsin",2025-05-31,"calendar","hsgp","hurdle_ztnb",959.396931950796,0,0.00406570743531426,"pass",TRUE,TRUE,TRUE,FALSE,4.03200000000015,""
"Wisconsin",2025-05-31,"calendar","hsgp","hurdle_ztpoisson",2690.50615886818,0,0.0360966747645832,"pass",TRUE,TRUE,TRUE,FALSE,3.98499999999967,""
"Wisconsin",2025-05-31,"calendar","sir","hurdle_ztnb",1097.19574886713,0,0.00799069350353321,"pass",TRUE,TRUE,TRUE,FALSE,4.3149999999996,""
"Wisconsin",2025-05-31,"calendar","sir","hurdle_ztpoisson",1606.81435187466,0,0.0522995441205858,"pass",TRUE,TRUE,TRUE,FALSE,4.37800000000061,""
"Wyoming",2025-01-02,"calendar","hsgp","hurdle_ztnb",435.105511665347,0,0.000760939554087903,"pass",TRUE,TRUE,TRUE,FALSE,3.2510000000002,""
"Wyoming",2025-01-02,"calendar","hsgp","hurdle_ztpoisson",486.133508898358,0,0.00101440967135713,"pass",TRUE,TRUE,TRUE,FALSE,3.02899999999954,""
"Wyoming",2025-01-02,"calendar","sir","hurdle_ztnb",1828.95413449125,0,0.000171487628124467,"pass",TRUE,TRUE,TRUE,FALSE,3.11300000000028,""
"Wyoming",2025-01-02,"calendar","sir","hurdle_ztpoisson",2208.46413232574,0,0.00608884008691035,"pass",TRUE,TRUE,TRUE,FALSE,3.2529999999997,""
"Wyoming",2025-02-15,"calendar","hsgp","hurdle_ztnb",522.972125267283,0,0.00188978837279688,"pass",TRUE,TRUE,TRUE,FALSE,3.44200000000001,""
"Wyoming",2025-02-15,"calendar","hsgp","hurdle_ztpoisson",730.06964724542,0,0.00256969842939714,"pass",TRUE,TRUE,TRUE,FALSE,3.34400000000005,""
"Wyoming",2025-02-15,"calendar","sir","hurdle_ztnb",2135.80630810511,0,0.000601698436592413,"pass",TRUE,TRUE,TRUE,FALSE,3.27599999999984,""
"Wyoming",2025-02-15,"calendar","sir","hurdle_ztpoisson",2944.97146705014,0,0.000300460159667892,"pass",TRUE,TRUE,TRUE,FALSE,3.14500000000044,""
"Wyoming",2025-03-29,"calendar","hsgp","hurdle_ztnb",636.361279202905,0,0.00304771423008332,"pass",TRUE,TRUE,TRUE,FALSE,3.65000000000055,""
"Wyoming",2025-03-29,"calendar","hsgp","hurdle_ztpoisson",879.6675709466,0,0.0119592863846098,"pass",TRUE,TRUE,TRUE,FALSE,3.53099999999995,""
"Wyoming",2025-03-29,"calendar","sir","hurdle_ztnb",2682.07966781305,0,0.0007148770336034,"pass",TRUE,TRUE,TRUE,FALSE,3.64999999999964,""
"Wyoming",2025-03-29,"calendar","sir","hurdle_ztpoisson",3565.0234299866,0,0.000820830137275408,"pass",TRUE,TRUE,TRUE,FALSE,3.53600000000006,""
"Wyoming",2025-04-26,"calendar","hsgp","hurdle_ztnb",656.920372542944,0,0.00167493727861978,"pass",TRUE,TRUE,TRUE,FALSE,3.76199999999972,""
"Wyoming",2025-04-26,"calendar","hsgp","hurdle_ztpoisson",919.868841632378,0,0.00841439390050569,"pass",TRUE,TRUE,TRUE,FALSE,3.68599999999969,""
"Wyoming",2025-04-26,"calendar","sir","hurdle_ztnb",2802.79680371796,0,0.000892504359511381,"pass",TRUE,TRUE,TRUE,FALSE,3.69800000000032,""
"Wyoming",2025-04-26,"calendar","sir","hurdle_ztpoisson",3774.80901827597,0,0.00408320494727832,"pass",TRUE,TRUE,TRUE,FALSE,3.45600000000013,""
"Wyoming",2025-05-31,"calendar","hsgp","hurdle_ztnb",679.785058446633,0,0.00172494279077906,"pass",TRUE,TRUE,TRUE,FALSE,4.16600000000017,""
"Wyoming",2025-05-31,"calendar","hsgp","hurdle_ztpoisson",937.840453607576,0,0.0248401185536392,"pass",TRUE,TRUE,TRUE,FALSE,3.5619999999999,""
"Wyoming",2025-05-31,"calendar","sir","hurdle_ztnb",2948.29644602937,0,0.000418627551960649,"pass",TRUE,TRUE,TRUE,FALSE,3.77199999999993,""
"Wyoming",2025-05-31,"calendar","sir","hurdle_ztpoisson",4021.46489266478,0,0.000786629341091573,"pass",TRUE,TRUE,TRUE,FALSE,3.56800000000021,""
