"location","origin","clock","epidemic","model","event_date","event_year","age","current","truth","median","wis","absolute_error","coverage90"
"Alabama",2025-01-02,"calendar","hsgp","hurdle_ztnb",2024-11-30,2024,4,65,65,65,0.637727272727272,0,TRUE
"Alabama",2025-01-02,"calendar","hsgp","hurdle_ztnb",2024-12-07,2024,3,102,102,103,0.972727272727273,1,TRUE
"Alabama",2025-01-02,"calendar","hsgp","hurdle_ztnb",2024-12-14,2024,2,193,193,195,1.61424242424242,2,TRUE
"Alabama",2025-01-02,"calendar","hsgp","hurdle_ztnb",2024-12-21,2024,1,437,437,440,2.35590909090909,3,TRUE
"Alabama",2025-01-02,"calendar","hsgp","hurdle_ztnb",2024-12-28,2024,0,664,667,669,3.30348484848484,2,TRUE
"Alabama",2025-01-02,"calendar","hsgp","hurdle_ztpoisson",2024-11-30,2024,4,65,65,65,0.0272727272727273,0,TRUE
"Alabama",2025-01-02,"calendar","hsgp","hurdle_ztpoisson",2024-12-07,2024,3,102,102,102,0.1,0,TRUE
"Alabama",2025-01-02,"calendar","hsgp","hurdle_ztpoisson",2024-12-14,2024,2,193,193,193,0.514242424242424,0,TRUE
"Alabama",2025-01-02,"calendar","hsgp","hurdle_ztpoisson",2024-12-21,2024,1,437,437,437,1.36848484848485,0,TRUE
"Alabama",2025-01-02,"calendar","hsgp","hurdle_ztpoisson",2024-12-28,2024,0,664,667,668,4.62393939393939,1,TRUE
"Alabama",2025-01-02,"calendar","sir","hurdle_ztnb",2024-11-30,2024,4,65,65,65,0.0272727272727273,0,TRUE
"Alabama",2025-01-02,"calendar","sir","hurdle_ztnb",2024-12-07,2024,3,102,102,102,0.0636363636363637,0,TRUE
"Alabama",2025-01-02,"calendar","sir","hurdle_ztnb",2024-12-14,2024,2,193,193,193,0.0818181818181818,0,TRUE
"Alabama",2025-01-02,"calendar","sir","hurdle_ztnb",2024-12-21,2024,1,437,437,437,0.276515151515152,0,TRUE
"Alabama",2025-01-02,"calendar","sir","hurdle_ztnb",2024-12-28,2024,0,664,667,664,2.16242424242424,3,TRUE
"Alabama",2025-01-02,"calendar","sir","hurdle_ztpoisson",2024-11-30,2024,4,65,65,65,0.0090909090909091,0,TRUE
"Alabama",2025-01-02,"calendar","sir","hurdle_ztpoisson",2024-12-07,2024,3,102,102,105,1.98681818181818,3,TRUE
"Alabama",2025-01-02,"calendar","sir","hurdle_ztpoisson",2024-12-14,2024,2,193,193,193,0.128636363636364,0,TRUE
"Alabama",2025-01-02,"calendar","sir","hurdle_ztpoisson",2024-12-21,2024,1,437,437,437,0.6,0,TRUE
"Alabama",2025-01-02,"calendar","sir","hurdle_ztpoisson",2024-12-28,2024,0,664,667,664,2.32681818181818,3,TRUE
"Alabama",2025-02-15,"calendar","hsgp","hurdle_ztnb",2025-01-18,2025,4,490,490,490,1.06106060606061,0,TRUE
"Alabama",2025-02-15,"calendar","hsgp","hurdle_ztnb",2025-01-25,2025,3,632,632,633,1.84136363636363,1,TRUE
"Alabama",2025-02-15,"calendar","hsgp","hurdle_ztnb",2025-02-01,2025,2,742,742,744,2.45742424242424,2,TRUE
"Alabama",2025-02-15,"calendar","hsgp","hurdle_ztnb",2025-02-08,2025,1,652,663,658,4.7430303030303,5,TRUE
"Alabama",2025-02-15,"calendar","hsgp","hurdle_ztnb",2025-02-15,2025,0,391,415,401,10.3063636363636,14,TRUE
"Alabama",2025-02-15,"calendar","hsgp","hurdle_ztpoisson",2025-01-18,2025,4,490,490,490,0.0272727272727273,0,TRUE
"Alabama",2025-02-15,"calendar","hsgp","hurdle_ztpoisson",2025-01-25,2025,3,632,632,632,0.0751515151515151,0,TRUE
"Alabama",2025-02-15,"calendar","hsgp","hurdle_ztpoisson",2025-02-01,2025,2,742,742,742,0.255909090909091,0,TRUE
"Alabama",2025-02-15,"calendar","hsgp","hurdle_ztpoisson",2025-02-08,2025,1,652,663,652,6.77712121212121,11,TRUE
"Alabama",2025-02-15,"calendar","hsgp","hurdle_ztpoisson",2025-02-15,2025,0,391,415,391,21.9659090909091,24,TRUE
"Alabama",2025-02-15,"calendar","sir","hurdle_ztnb",2025-01-18,2025,4,490,490,490,0.0090909090909091,0,TRUE
"Alabama",2025-02-15,"calendar","sir","hurdle_ztnb",2025-01-25,2025,3,632,632,632,0.0454545454545455,0,TRUE
"Alabama",2025-02-15,"calendar","sir","hurdle_ztnb",2025-02-01,2025,2,742,742,742,0.204999999999997,0,TRUE
"Alabama",2025-02-15,"calendar","sir","hurdle_ztnb",2025-02-08,2025,1,652,663,652,7.78045454545456,11,TRUE
"Alabama",2025-02-15,"calendar","sir","hurdle_ztnb",2025-02-15,2025,0,391,415,391,16.6159090909091,24,TRUE
"Alabama",2025-02-15,"calendar","sir","hurdle_ztpoisson",2025-01-18,2025,4,490,490,491,0.836363636363636,1,TRUE
"Alabama",2025-02-15,"calendar","sir","hurdle_ztpoisson",2025-01-25,2025,3,632,632,632,0.0363636363636364,0,TRUE
"Alabama",2025-02-15,"calendar","sir","hurdle_ztpoisson",2025-02-01,2025,2,742,742,742,0.0818181818181818,0,TRUE
"Alabama",2025-02-15,"calendar","sir","hurdle_ztpoisson",2025-02-08,2025,1,652,663,652,9.74681818181819,11,FALSE
"Alabama",2025-02-15,"calendar","sir","hurdle_ztpoisson",2025-02-15,2025,0,391,415,391,20.4809090909091,24,FALSE
"Alabama",2025-03-29,"calendar","hsgp","hurdle_ztnb",2025-03-01,2025,4,330,330,330,0.2,0,TRUE
"Alabama",2025-03-29,"calendar","hsgp","hurdle_ztnb",2025-03-08,2025,3,315,315,315,0.392272727272727,0,TRUE
"Alabama",2025-03-29,"calendar","hsgp","hurdle_ztnb",2025-03-15,2025,2,273,273,273,0.596060606060606,0,TRUE
"Alabama",2025-03-29,"calendar","hsgp","hurdle_ztnb",2025-03-22,2025,1,193,193,193,1.17015151515151,0,TRUE
"Alabama",2025-03-29,"calendar","hsgp","hurdle_ztnb",2025-03-29,2025,0,162,169,163,3.35969696969697,6,TRUE
"Alabama",2025-03-29,"calendar","hsgp","hurdle_ztpoisson",2025-03-01,2025,4,330,330,330,0,0,TRUE
"Alabama",2025-03-29,"calendar","hsgp","hurdle_ztpoisson",2025-03-08,2025,3,315,315,315,0,0,TRUE
"Alabama",2025-03-29,"calendar","hsgp","hurdle_ztpoisson",2025-03-15,2025,2,273,273,273,0.0363636363636364,0,TRUE
"Alabama",2025-03-29,"calendar","hsgp","hurdle_ztpoisson",2025-03-22,2025,1,193,193,193,0.345454545454546,0,TRUE
"Alabama",2025-03-29,"calendar","hsgp","hurdle_ztpoisson",2025-03-29,2025,0,162,169,162,5.06848484848485,7,TRUE
"Alabama",2025-03-29,"calendar","sir","hurdle_ztnb",2025-03-01,2025,4,330,330,330,0,0,TRUE
"Alabama",2025-03-29,"calendar","sir","hurdle_ztnb",2025-03-08,2025,3,315,315,315,0.0104545454545453,0,TRUE
"Alabama",2025-03-29,"calendar","sir","hurdle_ztnb",2025-03-15,2025,2,273,273,273,0.0545454545454546,0,TRUE
"Alabama",2025-03-29,"calendar","sir","hurdle_ztnb",2025-03-22,2025,1,193,193,193,0.301363636363637,0,TRUE
"Alabama",2025-03-29,"calendar","sir","hurdle_ztnb",2025-03-29,2025,0,162,169,162,4.03348484848485,7,TRUE
"Alabama",2025-03-29,"calendar","sir","hurdle_ztpoisson",2025-03-01,2025,4,330,330,330,0,0,TRUE
"Alabama",2025-03-29,"calendar","sir","hurdle_ztpoisson",2025-03-08,2025,3,315,315,315,0,0,TRUE
"Alabama",2025-03-29,"calendar","sir","hurdle_ztpoisson",2025-03-15,2025,2,273,273,273,0,0,TRUE
"Alabama",2025-03-29,"calendar","sir","hurdle_ztpoisson",2025-03-22,2025,1,193,193,193,0,0,TRUE
"Alabama",2025-03-29,"calendar","sir","hurdle_ztpoisson",2025-03-29,2025,0,162,169,162,7,7,FALSE
"Alabama",2025-04-26,"calendar","hsgp","hurdle_ztnb",2025-03-29,2025,4,167,169,167,1.87272727272727,2,FALSE
"Alabama",2025-04-26,"calendar","hsgp","hurdle_ztnb",2025-04-05,2025,3,85,85,85,0.0674242424242421,0,TRUE
"Alabama",2025-04-26,"calendar","hsgp","hurdle_ztnb",2025-04-12,2025,2,53,54,53,0.746818181818182,1,TRUE
"Alabama",2025-04-26,"calendar","hsgp","hurdle_ztnb",2025-04-19,2025,1,50,50,50,0.290909090909091,0,TRUE
"Alabama",2025-04-26,"calendar","hsgp","hurdle_ztnb",2025-04-26,2025,0,34,35,34,1.05590909090909,1,TRUE
"Alabama",2025-04-26,"calendar","hsgp","hurdle_ztpoisson",2025-03-29,2025,4,167,169,167,2,2,FALSE
"Alabama",2025-04-26,"calendar","hsgp","hurdle_ztpoisson",2025-04-05,2025,3,85,85,85,0.0104545454545454,0,TRUE
"Alabama",2025-04-26,"calendar","hsgp","hurdle_ztpoisson",2025-04-12,2025,2,53,54,53,0.865,1,TRUE
"Alabama",2025-04-26,"calendar","hsgp","hurdle_ztpoisson",2025-04-19,2025,1,50,50,50,0.0856060606060603,0,TRUE
"Alabama",2025-04-26,"calendar","hsgp","hurdle_ztpoisson",2025-04-26,2025,0,34,35,34,1.04681818181818,1,TRUE
"Alabama",2025-04-26,"calendar","sir","hurdle_ztnb",2025-03-29,2025,4,167,169,167,2.01045454545455,2,FALSE
"Alabama",2025-04-26,"calendar","sir","hurdle_ztnb",2025-04-05,2025,3,85,85,85,0.0636363636363636,0,TRUE
"Alabama",2025-04-26,"calendar","sir","hurdle_ztnb",2025-04-12,2025,2,53,54,53,0.793636363636363,1,TRUE
"Alabama",2025-04-26,"calendar","sir","hurdle_ztnb",2025-04-19,2025,1,50,50,50,0.43,0,TRUE
"Alabama",2025-04-26,"calendar","sir","hurdle_ztnb",2025-04-26,2025,0,34,35,34,1.49136363636364,1,TRUE
"Alabama",2025-04-26,"calendar","sir","hurdle_ztpoisson",2025-03-29,2025,4,167,169,167,2,2,FALSE
"Alabama",2025-04-26,"calendar","sir","hurdle_ztpoisson",2025-04-05,2025,3,85,85,85,0,0,TRUE
"Alabama",2025-04-26,"calendar","sir","hurdle_ztpoisson",2025-04-12,2025,2,53,54,53,1,1,FALSE
"Alabama",2025-04-26,"calendar","sir","hurdle_ztpoisson",2025-04-19,2025,1,50,50,50,0,0,TRUE
"Alabama",2025-04-26,"calendar","sir","hurdle_ztpoisson",2025-04-26,2025,0,34,35,34,1,1,FALSE
"Alabama",2025-05-31,"calendar","hsgp","hurdle_ztnb",2025-05-03,2025,4,27,27,27,0.0363636363636364,0,TRUE
"Alabama",2025-05-31,"calendar","hsgp","hurdle_ztnb",2025-05-10,2025,3,33,33,33,0.0636363636363637,0,TRUE
"Alabama",2025-05-31,"calendar","hsgp","hurdle_ztnb",2025-05-17,2025,2,37,37,37,0.0818181818181818,0,TRUE
"Alabama",2025-05-31,"calendar","hsgp","hurdle_ztnb",2025-05-24,2025,1,28,28,28,0.181818181818182,0,TRUE
"Alabama",2025-05-31,"calendar","hsgp","hurdle_ztnb",2025-05-31,2025,0,11,11,11,0.518181818181818,0,TRUE
"Alabama",2025-05-31,"calendar","hsgp","hurdle_ztpoisson",2025-05-03,2025,4,27,27,27,0.0181818181818182,0,TRUE
"Alabama",2025-05-31,"calendar","hsgp","hurdle_ztpoisson",2025-05-10,2025,3,33,33,33,0.0090909090909091,0,TRUE
"Alabama",2025-05-31,"calendar","hsgp","hurdle_ztpoisson",2025-05-17,2025,2,37,37,37,0.0104545454545453,0,TRUE
"Alabama",2025-05-31,"calendar","hsgp","hurdle_ztpoisson",2025-05-24,2025,1,28,28,28,0.0272727272727273,0,TRUE
"Alabama",2025-05-31,"calendar","hsgp","hurdle_ztpoisson",2025-05-31,2025,0,11,11,11,0.193333333333333,0,TRUE
"Alabama",2025-05-31,"calendar","sir","hurdle_ztnb",2025-05-03,2025,4,27,27,27,0.181818181818182,0,TRUE
"Alabama",2025-05-31,"calendar","sir","hurdle_ztnb",2025-05-10,2025,3,33,33,33,0.209090909090909,0,TRUE
"Alabama",2025-05-31,"calendar","sir","hurdle_ztnb",2025-05-17,2025,2,37,37,37,0.576515151515151,0,TRUE
"Alabama",2025-05-31,"calendar","sir","hurdle_ztnb",2025-05-24,2025,1,28,28,28,0.768787878787878,0,TRUE
"Alabama",2025-05-31,"calendar","sir","hurdle_ztnb",2025-05-31,2025,0,11,11,12,1.52590909090909,1,TRUE
"Alabama",2025-05-31,"calendar","sir","hurdle_ztpoisson",2025-05-03,2025,4,27,27,27,0,0,TRUE
"Alabama",2025-05-31,"calendar","sir","hurdle_ztpoisson",2025-05-10,2025,3,33,33,33,0,0,TRUE
"Alabama",2025-05-31,"calendar","sir","hurdle_ztpoisson",2025-05-17,2025,2,37,37,37,0,0,TRUE
"Alabama",2025-05-31,"calendar","sir","hurdle_ztpoisson",2025-05-24,2025,1,28,28,28,0,0,TRUE
"Alabama",2025-05-31,"calendar","sir","hurdle_ztpoisson",2025-05-31,2025,0,11,11,11,0,0,TRUE
"Alaska",2025-01-02,"calendar","hsgp","hurdle_ztnb",2024-11-30,2024,4,9,10,9,0.565,1,TRUE
"Alaska",2025-01-02,"calendar","hsgp","hurdle_ztnb",2024-12-07,2024,3,17,18,17,0.581818181818182,1,TRUE
"Alaska",2025-01-02,"calendar","hsgp","hurdle_ztnb",2024-12-14,2024,2,25,27,25,0.855909090909091,2,TRUE
"Alaska",2025-01-02,"calendar","hsgp","hurdle_ztnb",2024-12-21,2024,1,18,22,18,2.13909090909091,4,TRUE
"Alaska",2025-01-02,"calendar","hsgp","hurdle_ztnb",2024-12-28,2024,0,17,35,18,14.0674242424242,17,FALSE
"Alaska",2025-01-02,"calendar","hsgp","hurdle_ztpoisson",2024-11-30,2024,4,9,10,9,0.554545454545455,1,TRUE
"Alaska",2025-01-02,"calendar","hsgp","hurdle_ztpoisson",2024-12-07,2024,3,17,18,17,0.618181818181818,1,TRUE
"Alaska",2025-01-02,"calendar","hsgp","hurdle_ztpoisson",2024-12-14,2024,2,25,27,25,0.883181818181818,2,TRUE
"Alaska",2025-01-02,"calendar","hsgp","hurdle_ztpoisson",2024-12-21,2024,1,18,22,18,1.90136363636364,4,TRUE
"Alaska",2025-01-02,"calendar","hsgp","hurdle_ztpoisson",2024-12-28,2024,0,17,35,19,13.6090909090909,16,FALSE
"Alaska",2025-01-02,"calendar","sir","hurdle_ztnb",2024-11-30,2024,4,9,10,9,0.681818181818182,1,TRUE
"Alaska",2025-01-02,"calendar","sir","hurdle_ztnb",2024-12-07,2024,3,17,18,17,0.7,1,TRUE
"Alaska",2025-01-02,"calendar","sir","hurdle_ztnb",2024-12-14,2024,2,25,27,25,1.39772727272727,2,TRUE
"Alaska",2025-01-02,"calendar","sir","hurdle_ztnb",2024-12-21,2024,1,18,22,18,2.81954545454546,4,FALSE
"Alaska",2025-01-02,"calendar","sir","hurdle_ztnb",2024-12-28,2024,0,17,35,17,15.5636363636364,18,FALSE
"Alaska",2025-01-02,"calendar","sir","hurdle_ztpoisson",2024-11-30,2024,4,9,10,9,0.672727272727273,1,TRUE
"Alaska",2025-01-02,"calendar","sir","hurdle_ztpoisson",2024-12-07,2024,3,17,18,17,0.681818181818182,1,TRUE
"Alaska",2025-01-02,"calendar","sir","hurdle_ztpoisson",2024-12-14,2024,2,25,27,25,1.33772727272727,2,TRUE
"Alaska",2025-01-02,"calendar","sir","hurdle_ztpoisson",2024-12-21,2024,1,18,22,18,2.52727272727273,4,TRUE
"Alaska",2025-01-02,"calendar","sir","hurdle_ztpoisson",2024-12-28,2024,0,17,35,17,15.7363636363636,18,FALSE
"Alaska",2025-02-15,"calendar","hsgp","hurdle_ztnb",2025-01-18,2025,4,32,33,32,0.490909090909091,1,TRUE
"Alaska",2025-02-15,"calendar","hsgp","hurdle_ztnb",2025-01-25,2025,3,25,29,25,1.89090909090909,4,TRUE
"Alaska",2025-02-15,"calendar","hsgp","hurdle_ztnb",2025-02-01,2025,2,28,30,29,0.736363636363636,1,TRUE
"Alaska",2025-02-15,"calendar","hsgp","hurdle_ztnb",2025-02-08,2025,1,26,26,28,1.28318181818182,2,TRUE
"Alaska",2025-02-15,"calendar","hsgp","hurdle_ztnb",2025-02-15,2025,0,38,53,41,6.90651515151515,12,TRUE
"Alaska",2025-02-15,"calendar","hsgp","hurdle_ztpoisson",2025-01-18,2025,4,32,33,33,0.577727272727274,0,TRUE
"Alaska",2025-02-15,"calendar","hsgp","hurdle_ztpoisson",2025-01-25,2025,3,25,29,26,1.42727272727273,3,TRUE
"Alaska",2025-02-15,"calendar","hsgp","hurdle_ztpoisson",2025-02-01,2025,2,28,30,30,0.815151515151515,0,TRUE
"Alaska",2025-02-15,"calendar","hsgp","hurdle_ztpoisson",2025-02-08,2025,1,26,26,30,2.13772727272727,4,TRUE
"Alaska",2025-02-15,"calendar","hsgp","hurdle_ztpoisson",2025-02-15,2025,0,38,53,44,5.28909090909091,9,TRUE
"Alaska",2025-02-15,"calendar","sir","hurdle_ztnb",2025-01-18,2025,4,32,33,32,0.563636363636364,1,TRUE
"Alaska",2025-02-15,"calendar","sir","hurdle_ztnb",2025-01-25,2025,3,25,29,25,2.68181818181818,4,TRUE
"Alaska",2025-02-15,"calendar","sir","hurdle_ztnb",2025-02-01,2025,2,28,30,28,0.972727272727273,2,TRUE
"Alaska",2025-02-15,"calendar","sir","hurdle_ztnb",2025-02-08,2025,1,26,26,26,0.255909090909091,0,TRUE
"Alaska",2025-02-15,"calendar","sir","hurdle_ztnb",2025-02-15,2025,0,38,53,38.5,9.90909090909091,14.5,FALSE
"Alaska",2025-02-15,"calendar","sir","hurdle_ztpoisson",2025-01-18,2025,4,32,33,33,0.690909090909091,0,TRUE
"Alaska",2025-02-15,"calendar","sir","hurdle_ztpoisson",2025-01-25,2025,3,25,29,25,3.00909090909091,4,FALSE
"Alaska",2025-02-15,"calendar","sir","hurdle_ztpoisson",2025-02-01,2025,2,28,30,28,1.07409090909091,2,TRUE
"Alaska",2025-02-15,"calendar","sir","hurdle_ztpoisson",2025-02-08,2025,1,26,26,26,0.346818181818182,0,TRUE
"Alaska",2025-02-15,"calendar","sir","hurdle_ztpoisson",2025-02-15,2025,0,38,53,40,9.90409090909091,13,FALSE
"Alaska",2025-03-29,"calendar","hsgp","hurdle_ztnb",2025-03-01,2025,4,56,57,56,0.6,1,TRUE
"Alaska",2025-03-29,"calendar","hsgp","hurdle_ztnb",2025-03-08,2025,3,58,62,58,2.24545454545455,4,TRUE
"Alaska",2025-03-29,"calendar","hsgp","hurdle_ztnb",2025-03-15,2025,2,32,31,32,1.4569696969697,1,FALSE
"Alaska",2025-03-29,"calendar","hsgp","hurdle_ztnb",2025-03-22,2025,1,21,26,22,2.11954545454545,4,TRUE
"Alaska",2025-03-29,"calendar","hsgp","hurdle_ztnb",2025-03-29,2025,0,25,32,27,2.45727272727273,5,TRUE
"Alaska",2025-03-29,"calendar","hsgp","hurdle_ztpoisson",2025-03-01,2025,4,56,57,56,0.509090909090909,1,TRUE
"Alaska",2025-03-29,"calendar","hsgp","hurdle_ztpoisson",2025-03-08,2025,3,58,62,58,1.64681818181818,4,TRUE
"Alaska",2025-03-29,"calendar","hsgp","hurdle_ztpoisson",2025-03-15,2025,2,32,31,33,1.67515151515152,2,TRUE
"Alaska",2025-03-29,"calendar","hsgp","hurdle_ztpoisson",2025-03-22,2025,1,21,26,24,1.30136363636364,2,TRUE
"Alaska",2025-03-29,"calendar","hsgp","hurdle_ztpoisson",2025-03-29,2025,0,25,32,30,1.80136363636364,2,TRUE
"Alaska",2025-03-29,"calendar","sir","hurdle_ztnb",2025-03-01,2025,4,56,57,56,0.681818181818182,1,TRUE
"Alaska",2025-03-29,"calendar","sir","hurdle_ztnb",2025-03-08,2025,3,58,62,58,3.06727272727273,4,FALSE
"Alaska",2025-03-29,"calendar","sir","hurdle_ztnb",2025-03-15,2025,2,32,31,32,1.22727272727273,1,FALSE
"Alaska",2025-03-29,"calendar","sir","hurdle_ztnb",2025-03-22,2025,1,21,26,21,2.78181818181818,5,TRUE
"Alaska",2025-03-29,"calendar","sir","hurdle_ztnb",2025-03-29,2025,0,25,32,25,3.67575757575757,7,TRUE
"Alaska",2025-03-29,"calendar","sir","hurdle_ztpoisson",2025-03-01,2025,4,56,57,56,0.711515151515151,1,TRUE
"Alaska",2025-03-29,"calendar","sir","hurdle_ztpoisson",2025-03-08,2025,3,58,62,58,2.67272727272727,4,TRUE
"Alaska",2025-03-29,"calendar","sir","hurdle_ztpoisson",2025-03-15,2025,2,32,31,32,1.16363636363636,1,FALSE
"Alaska",2025-03-29,"calendar","sir","hurdle_ztpoisson",2025-03-22,2025,1,21,26,21,3.5,5,TRUE
"Alaska",2025-03-29,"calendar","sir","hurdle_ztpoisson",2025-03-29,2025,0,25,32,25,4.52727272727273,7,FALSE
"Alaska",2025-04-26,"calendar","hsgp","hurdle_ztnb",2025-03-29,2025,4,30,32,30,1.27636363636364,2,TRUE
"Alaska",2025-04-26,"calendar","hsgp","hurdle_ztnb",2025-04-05,2025,3,14,17,14,2.01818181818182,3,TRUE
"Alaska",2025-04-26,"calendar","hsgp","hurdle_ztnb",2025-04-12,2025,2,15,16,15,0.527272727272727,1,TRUE
"Alaska",2025-04-26,"calendar","hsgp","hurdle_ztnb",2025-04-19,2025,1,7,12,7,3.07272727272727,5,TRUE
"Alaska",2025-04-26,"calendar","hsgp","hurdle_ztnb",2025-04-26,2025,0,4,9,4,2.49590909090909,5,TRUE
"Alaska",2025-04-26,"calendar","hsgp","hurdle_ztpoisson",2025-03-29,2025,4,30,32,30,1.1,2,TRUE
"Alaska",2025-04-26,"calendar","hsgp","hurdle_ztpoisson",2025-04-05,2025,3,14,17,14,1.59090909090909,3,TRUE
"Alaska",2025-04-26,"calendar","hsgp","hurdle_ztpoisson",2025-04-12,2025,2,15,16,15,0.518181818181818,1,TRUE
"Alaska",2025-04-26,"calendar","hsgp","hurdle_ztpoisson",2025-04-19,2025,1,7,12,7,2.8,5,TRUE
"Alaska",2025-04-26,"calendar","hsgp","hurdle_ztpoisson",2025-04-26,2025,0,4,9,5,1.96363636363636,4,TRUE
"Alaska",2025-04-26,"calendar","sir","hurdle_ztnb",2025-03-29,2025,4,30,32,30,1.49090909090909,2,TRUE
"Alaska",2025-04-26,"calendar","sir","hurdle_ztnb",2025-04-05,2025,3,14,17,14,2.465,3,FALSE
"Alaska",2025-04-26,"calendar","sir","hurdle_ztnb",2025-04-12,2025,2,15,16,15,0.581818181818182,1,TRUE
"Alaska",2025-04-26,"calendar","sir","hurdle_ztnb",2025-04-19,2025,1,7,12,7,3.5,5,TRUE
"Alaska",2025-04-26,"calendar","sir","hurdle_ztnb",2025-04-26,2025,0,4,9,4,3.13696969696969,5,TRUE
"Alaska",2025-04-26,"calendar","sir","hurdle_ztpoisson",2025-03-29,2025,4,30,32,30,1.34545454545455,2,TRUE
"Alaska",2025-04-26,"calendar","sir","hurdle_ztpoisson",2025-04-05,2025,3,14,17,14,2.31818181818182,3,TRUE
"Alaska",2025-04-26,"calendar","sir","hurdle_ztpoisson",2025-04-12,2025,2,15,16,15,0.828636363636364,1,TRUE
"Alaska",2025-04-26,"calendar","sir","hurdle_ztpoisson",2025-04-19,2025,1,7,12,7,4.49090909090909,5,FALSE
"Alaska",2025-04-26,"calendar","sir","hurdle_ztpoisson",2025-04-26,2025,0,4,9,4,4.15454545454545,5,FALSE
"Alaska",2025-05-31,"calendar","hsgp","hurdle_ztnb",2025-05-03,2025,4,7,9,7,1.82727272727273,2,FALSE
"Alaska",2025-05-31,"calendar","hsgp","hurdle_ztnb",2025-05-10,2025,3,3,5,3,1.49227272727273,2,TRUE
"Alaska",2025-05-31,"calendar","hsgp","hurdle_ztnb",2025-05-17,2025,2,5,6,5,0.681818181818182,1,TRUE
"Alaska",2025-05-31,"calendar","hsgp","hurdle_ztnb",2025-05-24,2025,1,7,10,7,1.85454545454545,3,TRUE
"Alaska",2025-05-31,"calendar","hsgp","hurdle_ztnb",2025-05-31,2025,0,6,8,6,0.981818181818182,2,TRUE
"Alaska",2025-05-31,"calendar","hsgp","hurdle_ztpoisson",2025-05-03,2025,4,7,9,7,1.49090909090909,2,TRUE
"Alaska",2025-05-31,"calendar","hsgp","hurdle_ztpoisson",2025-05-10,2025,3,3,5,3,1.32863636363636,2,TRUE
"Alaska",2025-05-31,"calendar","hsgp","hurdle_ztpoisson",2025-05-17,2025,2,5,6,5,0.681818181818182,1,TRUE
"Alaska",2025-05-31,"calendar","hsgp","hurdle_ztpoisson",2025-05-24,2025,1,7,10,7,2.15454545454545,3,TRUE
"Alaska",2025-05-31,"calendar","hsgp","hurdle_ztpoisson",2025-05-31,2025,0,6,8,6,0.965,2,TRUE
"Alaska",2025-05-31,"calendar","sir","hurdle_ztnb",2025-05-03,2025,4,7,9,7,1.65454545454545,2,TRUE
"Alaska",2025-05-31,"calendar","sir","hurdle_ztnb",2025-05-10,2025,3,3,5,3,1.5,2,TRUE
"Alaska",2025-05-31,"calendar","sir","hurdle_ztnb",2025-05-17,2025,2,5,6,5,0.681818181818182,1,TRUE
"Alaska",2025-05-31,"calendar","sir","hurdle_ztnb",2025-05-24,2025,1,7,10,7,1.85590909090909,3,TRUE
"Alaska",2025-05-31,"calendar","sir","hurdle_ztnb",2025-05-31,2025,0,6,8,6,1.08318181818182,2,TRUE
"Alaska",2025-05-31,"calendar","sir","hurdle_ztpoisson",2025-05-03,2025,4,7,9,7,1.80136363636364,2,FALSE
"Alaska",2025-05-31,"calendar","sir","hurdle_ztpoisson",2025-05-10,2025,3,3,5,3,2,2,FALSE
"Alaska",2025-05-31,"calendar","sir","hurdle_ztpoisson",2025-05-17,2025,2,5,6,5,0.827272727272727,1,TRUE
"Alaska",2025-05-31,"calendar","sir","hurdle_ztpoisson",2025-05-24,2025,1,7,10,7,2.49090909090909,3,FALSE
"Alaska",2025-05-31,"calendar","sir","hurdle_ztpoisson",2025-05-31,2025,0,6,8,6,1.34545454545455,2,TRUE
"Arizona",2025-01-02,"calendar","hsgp","hurdle_ztnb",2024-11-30,2024,4,589,558,591,34.5712121212121,33,FALSE
"Arizona",2025-01-02,"calendar","hsgp","hurdle_ztnb",2024-12-07,2024,3,884,882,893,8.75696969696969,11,TRUE
"Arizona",2025-01-02,"calendar","hsgp","hurdle_ztnb",2024-12-14,2024,2,994,1023,1007,10.8315151515152,16,TRUE
"Arizona",2025-01-02,"calendar","hsgp","hurdle_ztnb",2024-12-21,2024,1,1507,1534,1520.5,13.5531818181818,13.5,TRUE
"Arizona",2025-01-02,"calendar","hsgp","hurdle_ztnb",2024-12-28,2024,0,2283,2340,2324,25.010303030303,16,TRUE
"Arizona",2025-01-02,"calendar","hsgp","hurdle_ztpoisson",2024-11-30,2024,4,589,558,589,31.3272727272727,31,FALSE
"Arizona",2025-01-02,"calendar","hsgp","hurdle_ztpoisson",2024-12-07,2024,3,884,882,884,2.19651515151515,2,TRUE
"Arizona",2025-01-02,"calendar","hsgp","hurdle_ztpoisson",2024-12-14,2024,2,994,1023,994,16.3768181818182,29,TRUE
"Arizona",2025-01-02,"calendar","hsgp","hurdle_ztpoisson",2024-12-21,2024,1,1507,1534,1507,15.0151515151515,27,TRUE
"Arizona",2025-01-02,"calendar","hsgp","hurdle_ztpoisson",2024-12-28,2024,0,2283,2340,2283,69.3268181818182,57,TRUE
"Arizona",2025-01-02,"calendar","sir","hurdle_ztnb",2024-11-30,2024,4,589,558,589,31.7310606060606,31,FALSE
"Arizona",2025-01-02,"calendar","sir","hurdle_ztnb",2024-12-07,2024,3,884,882,884,2.9869696969697,2,FALSE
"Arizona",2025-01-02,"calendar","sir","hurdle_ztnb",2024-12-14,2024,2,994,1023,994,19.6022727272727,29,TRUE
"Arizona",2025-01-02,"calendar","sir","hurdle_ztnb",2024-12-21,2024,1,1507,1534,1508,14.5651515151515,26,TRUE
"Arizona",2025-01-02,"calendar","sir","hurdle_ztnb",2024-12-28,2024,0,2283,2340,2284,33.8081818181819,56,TRUE
"Arizona",2025-01-02,"calendar","sir","hurdle_ztpoisson",2024-11-30,2024,4,589,558,589,31,31,FALSE
"Arizona",2025-01-02,"calendar","sir","hurdle_ztpoisson",2024-12-07,2024,3,884,882,884,4.94787878787879,2,FALSE
"Arizona",2025-01-02,"calendar","sir","hurdle_ztpoisson",2024-12-14,2024,2,994,1023,994,22.2195454545455,29,FALSE
"Arizona",2025-01-02,"calendar","sir","hurdle_ztpoisson",2024-12-21,2024,1,1507,1534,1507,15.9209090909091,27,TRUE
"Arizona",2025-01-02,"calendar","sir","hurdle_ztpoisson",2024-12-28,2024,0,2283,2340,2283,42.7518181818182,57,TRUE
"Arizona",2025-02-15,"calendar","hsgp","hurdle_ztnb",2025-01-18,2025,4,1099,1077,1109,29.8659090909091,32,TRUE
"Arizona",2025-02-15,"calendar","hsgp","hurdle_ztnb",2025-01-25,2025,3,1005,999,1008,17.7180303030303,9,TRUE
"Arizona",2025-02-15,"calendar","hsgp","hurdle_ztnb",2025-02-01,2025,2,873,836,878.5,41.5221212121212,42.5,TRUE
"Arizona",2025-02-15,"calendar","hsgp","hurdle_ztnb",2025-02-08,2025,1,838,836,847.5,16.6457575757576,11.5,TRUE
"Arizona",2025-02-15,"calendar","hsgp","hurdle_ztnb",2025-02-15,2025,0,708,711,727,19.1193939393939,16,TRUE
"Arizona",2025-02-15,"calendar","hsgp","hurdle_ztpoisson",2025-01-18,2025,4,1099,1077,1099,97.5516666666667,22,TRUE
"Arizona",2025-02-15,"calendar","hsgp","hurdle_ztpoisson",2025-01-25,2025,3,1005,999,882.5,67.6468181818182,116.5,TRUE
"Arizona",2025-02-15,"calendar","hsgp","hurdle_ztpoisson",2025-02-01,2025,2,873,836,765.5,48.2248484848485,70.5,TRUE
"Arizona",2025-02-15,"calendar","hsgp","hurdle_ztpoisson",2025-02-08,2025,1,838,836,752.5,41.0998484848485,83.5,TRUE
"Arizona",2025-02-15,"calendar","hsgp","hurdle_ztpoisson",2025-02-15,2025,0,708,711,708,35.9868181818182,3,TRUE
"Arizona",2025-02-15,"calendar","sir","hurdle_ztnb",2025-01-18,2025,4,1099,1077,1099,21.3168181818182,22,TRUE
"Arizona",2025-02-15,"calendar","sir","hurdle_ztnb",2025-01-25,2025,3,1005,999,1005,9.36045454545454,6,TRUE
"Arizona",2025-02-15,"calendar","sir","hurdle_ztnb",2025-02-01,2025,2,873,836,873,34.7004545454545,37,TRUE
"Arizona",2025-02-15,"calendar","sir","hurdle_ztnb",2025-02-08,2025,1,838,836,838,8.01969696969697,2,TRUE
"Arizona",2025-02-15,"calendar","sir","hurdle_ztnb",2025-02-15,2025,0,708,711,712,9.68257575757576,1,TRUE
"Arizona",2025-02-15,"calendar","sir","hurdle_ztpoisson",2025-01-18,2025,4,1099,1077,1034,73.8972727272727,43,TRUE
"Arizona",2025-02-15,"calendar","sir","hurdle_ztpoisson",2025-01-25,2025,3,1005,999,1005,29.8242424242424,6,TRUE
"Arizona",2025-02-15,"calendar","sir","hurdle_ztpoisson",2025-02-01,2025,2,873,836,841,26.3936363636364,5,TRUE
"Arizona",2025-02-15,"calendar","sir","hurdle_ztpoisson",2025-02-08,2025,1,838,836,838,29.7462121212121,2,TRUE
"Arizona",2025-02-15,"calendar","sir","hurdle_ztpoisson",2025-02-15,2025,0,708,711,703,41.0790909090909,8,TRUE
"Arizona",2025-03-29,"calendar","hsgp","hurdle_ztnb",2025-03-01,2025,4,619,657,619,29.7090909090909,38,FALSE
"Arizona",2025-03-29,"calendar","hsgp","hurdle_ztnb",2025-03-08,2025,3,468,499,468,20.9336363636364,31,TRUE
"Arizona",2025-03-29,"calendar","hsgp","hurdle_ztnb",2025-03-15,2025,2,359,393,359,23.7654545454545,34,TRUE
"Arizona",2025-03-29,"calendar","hsgp","hurdle_ztnb",2025-03-22,2025,1,307,346,307,23.4943939393939,39,TRUE
"Arizona",2025-03-29,"calendar","hsgp","hurdle_ztnb",2025-03-29,2025,0,208,238,215.5,12.3936363636364,22.5,TRUE
"Arizona",2025-03-29,"calendar","hsgp","hurdle_ztpoisson",2025-03-01,2025,4,619,657,619,39.7690909090909,38,FALSE
"Arizona",2025-03-29,"calendar","hsgp","hurdle_ztpoisson",2025-03-08,2025,3,468,499,468,32.6410606060606,31,FALSE
"Arizona",2025-03-29,"calendar","hsgp","hurdle_ztpoisson",2025-03-15,2025,2,359,393,359,35.8209090909091,34,FALSE
"Arizona",2025-03-29,"calendar","hsgp","hurdle_ztpoisson",2025-03-22,2025,1,307,346,307,36.1477272727273,39,TRUE
"Arizona",2025-03-29,"calendar","hsgp","hurdle_ztpoisson",2025-03-29,2025,0,208,238,208,23.3022727272727,30,TRUE
"Arizona",2025-03-29,"calendar","sir","hurdle_ztnb",2025-03-01,2025,4,619,657,619,26.7745454545455,38,TRUE
"Arizona",2025-03-29,"calendar","sir","hurdle_ztnb",2025-03-08,2025,3,468,499,468,20.875303030303,31,TRUE
"Arizona",2025-03-29,"calendar","sir","hurdle_ztnb",2025-03-15,2025,2,359,393,359,23.45,34,TRUE
"Arizona",2025-03-29,"calendar","sir","hurdle_ztnb",2025-03-22,2025,1,307,346,307,23.835303030303,39,TRUE
"Arizona",2025-03-29,"calendar","sir","hurdle_ztnb",2025-03-29,2025,0,208,238,208,17.86,30,TRUE
"Arizona",2025-03-29,"calendar","sir","hurdle_ztpoisson",2025-03-01,2025,4,619,657,619,33.0568181818182,38,TRUE
"Arizona",2025-03-29,"calendar","sir","hurdle_ztpoisson",2025-03-08,2025,3,468,499,468,22.4178787878788,31,TRUE
"Arizona",2025-03-29,"calendar","sir","hurdle_ztpoisson",2025-03-15,2025,2,359,393,359,28.1925757575758,34,TRUE
"Arizona",2025-03-29,"calendar","sir","hurdle_ztpoisson",2025-03-22,2025,1,307,346,307,30.3581818181818,39,TRUE
"Arizona",2025-03-29,"calendar","sir","hurdle_ztpoisson",2025-03-29,2025,0,208,238,208,19.9562121212121,30,TRUE
"Arizona",2025-04-26,"calendar","hsgp","hurdle_ztnb",2025-03-29,2025,4,222,238,222,13.5068181818182,16,FALSE
"Arizona",2025-04-26,"calendar","hsgp","hurdle_ztnb",2025-04-05,2025,3,100,111,100,7.95454545454546,11,TRUE
"Arizona",2025-04-26,"calendar","hsgp","hurdle_ztnb",2025-04-12,2025,2,68,93,68,18.2169696969697,25,TRUE
"Arizona",2025-04-26,"calendar","hsgp","hurdle_ztnb",2025-04-19,2025,1,81,88,81,3.90151515151515,7,TRUE
"Arizona",2025-04-26,"calendar","hsgp","hurdle_ztnb",2025-04-26,2025,0,73,77,73.5,3.29575757575758,3.5,TRUE
"Arizona",2025-04-26,"calendar","hsgp","hurdle_ztpoisson",2025-03-29,2025,4,222,238,222,17.1957575757576,16,FALSE
"Arizona",2025-04-26,"calendar","hsgp","hurdle_ztpoisson",2025-04-05,2025,3,100,111,100,12.1818181818182,11,FALSE
"Arizona",2025-04-26,"calendar","hsgp","hurdle_ztpoisson",2025-04-12,2025,2,68,93,68,25.9569696969697,25,FALSE
"Arizona",2025-04-26,"calendar","hsgp","hurdle_ztpoisson",2025-04-19,2025,1,81,88,81,7.25090909090909,7,FALSE
"Arizona",2025-04-26,"calendar","hsgp","hurdle_ztpoisson",2025-04-26,2025,0,73,77,73,3.38772727272727,4,TRUE
"Arizona",2025-04-26,"calendar","sir","hurdle_ztnb",2025-03-29,2025,4,222,238,222,12.6990909090909,16,TRUE
"Arizona",2025-04-26,"calendar","sir","hurdle_ztnb",2025-04-05,2025,3,100,111,100,7.44454545454545,11,TRUE
"Arizona",2025-04-26,"calendar","sir","hurdle_ztnb",2025-04-12,2025,2,68,93,68,17.4927272727273,25,TRUE
"Arizona",2025-04-26,"calendar","sir","hurdle_ztnb",2025-04-19,2025,1,81,88,81,4.05257575757575,7,TRUE
"Arizona",2025-04-26,"calendar","sir","hurdle_ztnb",2025-04-26,2025,0,73,77,73,2.64045454545455,4,TRUE
"Arizona",2025-04-26,"calendar","sir","hurdle_ztpoisson",2025-03-29,2025,4,222,238,222,16.5477272727273,16,FALSE
"Arizona",2025-04-26,"calendar","sir","hurdle_ztpoisson",2025-04-05,2025,3,100,111,100,11.2368181818182,11,FALSE
"Arizona",2025-04-26,"calendar","sir","hurdle_ztpoisson",2025-04-12,2025,2,68,93,68,21.0963636363637,25,FALSE
"Arizona",2025-04-26,"calendar","sir","hurdle_ztpoisson",2025-04-19,2025,1,81,88,81,6.25772727272727,7,TRUE
"Arizona",2025-04-26,"calendar","sir","hurdle_ztpoisson",2025-04-26,2025,0,73,77,73,3.69,4,TRUE
"Arizona",2025-05-31,"calendar","hsgp","hurdle_ztnb",2025-05-03,2025,4,71,80,71,8.47545454545455,9,FALSE
"Arizona",2025-05-31,"calendar","hsgp","hurdle_ztnb",2025-05-10,2025,3,53,53,53,0.165,0,TRUE
"Arizona",2025-05-31,"calendar","hsgp","hurdle_ztnb",2025-05-17,2025,2,52,69,52,12.2013636363636,17,TRUE
"Arizona",2025-05-31,"calendar","hsgp","hurdle_ztnb",2025-05-24,2025,1,35,38,35,1.86878787878788,3,TRUE
"Arizona",2025-05-31,"calendar","hsgp","hurdle_ztnb",2025-05-31,2025,0,54,55,54,1.10878787878788,1,TRUE
"Arizona",2025-05-31,"calendar","hsgp","hurdle_ztpoisson",2025-05-03,2025,4,71,80,71,9.23,9,FALSE
"Arizona",2025-05-31,"calendar","hsgp","hurdle_ztpoisson",2025-05-10,2025,3,53,53,53,0.265,0,TRUE
"Arizona",2025-05-31,"calendar","hsgp","hurdle_ztpoisson",2025-05-17,2025,2,52,69,52,17.5751515151515,17,FALSE
"Arizona",2025-05-31,"calendar","hsgp","hurdle_ztpoisson",2025-05-24,2025,1,35,38,35,3.15590909090909,3,FALSE
"Arizona",2025-05-31,"calendar","hsgp","hurdle_ztpoisson",2025-05-31,2025,0,54,55,54,1.35590909090909,1,TRUE
"Arizona",2025-05-31,"calendar","sir","hurdle_ztnb",2025-05-03,2025,4,71,80,71,6.94590909090909,9,TRUE
"Arizona",2025-05-31,"calendar","sir","hurdle_ztnb",2025-05-10,2025,3,53,53,53,0.358181818181817,0,TRUE
"Arizona",2025-05-31,"calendar","sir","hurdle_ztnb",2025-05-17,2025,2,52,69,52,11.9290909090909,17,TRUE
"Arizona",2025-05-31,"calendar","sir","hurdle_ztnb",2025-05-24,2025,1,35,38,35,2.36878787878788,3,TRUE
"Arizona",2025-05-31,"calendar","sir","hurdle_ztnb",2025-05-31,2025,0,54,55,54,1.14681818181818,1,TRUE
"Arizona",2025-05-31,"calendar","sir","hurdle_ztpoisson",2025-05-03,2025,4,71,80,71,9.25863636363636,9,FALSE
"Arizona",2025-05-31,"calendar","sir","hurdle_ztpoisson",2025-05-10,2025,3,53,53,53,0,0,TRUE
"Arizona",2025-05-31,"calendar","sir","hurdle_ztpoisson",2025-05-17,2025,2,52,69,52,14.3845454545455,17,TRUE
"Arizona",2025-05-31,"calendar","sir","hurdle_ztpoisson",2025-05-24,2025,1,35,38,35,3,3,FALSE
"Arizona",2025-05-31,"calendar","sir","hurdle_ztpoisson",2025-05-31,2025,0,54,55,54,1.27893939393939,1,TRUE
"Arkansas",2025-01-02,"calendar","hsgp","hurdle_ztnb",2024-11-30,2024,4,12,12,12,0.0636363636363637,0,TRUE
"Arkansas",2025-01-02,"calendar","hsgp","hurdle_ztnb",2024-12-07,2024,3,20,32,20,10.4740909090909,12,FALSE
"Arkansas",2025-01-02,"calendar","hsgp","hurdle_ztnb",2024-12-14,2024,2,41,42,41,0.583787878787876,1,TRUE
"Arkansas",2025-01-02,"calendar","hsgp","hurdle_ztnb",2024-12-21,2024,1,57,59,57,0.938787878787879,2,TRUE
"Arkansas",2025-01-02,"calendar","hsgp","hurdle_ztnb",2024-12-28,2024,0,121,127,122,2.51954545454545,5,TRUE
"Arkansas",2025-01-02,"calendar","hsgp","hurdle_ztpoisson",2024-11-30,2024,4,12,12,12,0,0,TRUE
"Arkansas",2025-01-02,"calendar","hsgp","hurdle_ztpoisson",2024-12-07,2024,3,20,32,20,11.8013636363636,12,FALSE
"Arkansas",2025-01-02,"calendar","hsgp","hurdle_ztpoisson",2024-12-14,2024,2,41,42,41,0.693333333333333,1,TRUE
"Arkansas",2025-01-02,"calendar","hsgp","hurdle_ztpoisson",2024-12-21,2024,1,57,59,57,1.4,2,TRUE
"Arkansas",2025-01-02,"calendar","hsgp","hurdle_ztpoisson",2024-12-28,2024,0,121,127,121,2.72151515151515,6,TRUE
"Arkansas",2025-01-02,"calendar","sir","hurdle_ztnb",2024-11-30,2024,4,12,12,12,0.0272727272727273,0,TRUE
"Arkansas",2025-01-02,"calendar","sir","hurdle_ztnb",2024-12-07,2024,3,20,32,20,10.9559090909091,12,FALSE
"Arkansas",2025-01-02,"calendar","sir","hurdle_ztnb",2024-12-14,2024,2,41,42,41,0.592272727272727,1,TRUE
"Arkansas",2025-01-02,"calendar","sir","hurdle_ztnb",2024-12-21,2024,1,57,59,57,1.29333333333333,2,TRUE
"Arkansas",2025-01-02,"calendar","sir","hurdle_ztnb",2024-12-28,2024,0,121,127,121,3.56060606060606,6,TRUE
"Arkansas",2025-01-02,"calendar","sir","hurdle_ztpoisson",2024-11-30,2024,4,12,12,12,0,0,TRUE
"Arkansas",2025-01-02,"calendar","sir","hurdle_ztpoisson",2024-12-07,2024,3,20,32,20,12,12,FALSE
"Arkansas",2025-01-02,"calendar","sir","hurdle_ztpoisson",2024-12-14,2024,2,41,42,41,0.837727272727273,1,TRUE
"Arkansas",2025-01-02,"calendar","sir","hurdle_ztpoisson",2024-12-21,2024,1,57,59,57,1.67272727272727,2,TRUE
"Arkansas",2025-01-02,"calendar","sir","hurdle_ztpoisson",2024-12-28,2024,0,121,127,121,3.58318181818182,6,TRUE
"Arkansas",2025-02-15,"calendar","hsgp","hurdle_ztnb",2025-01-18,2025,4,216,223,221,1.7219696969697,2,TRUE
"Arkansas",2025-02-15,"calendar","hsgp","hurdle_ztnb",2025-01-25,2025,3,384,388,391.5,3.11318181818182,3.5,TRUE
"Arkansas",2025-02-15,"calendar","hsgp","hurdle_ztnb",2025-02-01,2025,2,503,551,514,24.4640909090909,37,FALSE
"Arkansas",2025-02-15,"calendar","hsgp","hurdle_ztnb",2025-02-08,2025,1,679,752,694.5,35.0895454545455,57.5,TRUE
"Arkansas",2025-02-15,"calendar","hsgp","hurdle_ztnb",2025-02-15,2025,0,407,543,431,70.9025757575758,112,TRUE
"Arkansas",2025-02-15,"calendar","hsgp","hurdle_ztpoisson",2025-01-18,2025,4,216,223,219,1.9869696969697,4,TRUE
"Arkansas",2025-02-15,"calendar","hsgp","hurdle_ztpoisson",2025-01-25,2025,3,384,388,390,1.99363636363636,2,TRUE
"Arkansas",2025-02-15,"calendar","hsgp","hurdle_ztpoisson",2025-02-01,2025,2,503,551,511.5,31.7569696969697,39.5,FALSE
"Arkansas",2025-02-15,"calendar","hsgp","hurdle_ztpoisson",2025-02-08,2025,1,679,752,694,45.3962121212121,58,FALSE
"Arkansas",2025-02-15,"calendar","hsgp","hurdle_ztpoisson",2025-02-15,2025,0,407,543,430,82.4240909090909,113,FALSE
"Arkansas",2025-02-15,"calendar","sir","hurdle_ztnb",2025-01-18,2025,4,216,223,216,4.76272727272727,7,TRUE
"Arkansas",2025-02-15,"calendar","sir","hurdle_ztnb",2025-01-25,2025,3,384,388,384,2.42727272727273,4,TRUE
"Arkansas",2025-02-15,"calendar","sir","hurdle_ztnb",2025-02-01,2025,2,503,551,503,43.5087878787879,48,FALSE
"Arkansas",2025-02-15,"calendar","sir","hurdle_ztnb",2025-02-08,2025,1,679,752,679,67.0027272727273,73,FALSE
"Arkansas",2025-02-15,"calendar","sir","hurdle_ztnb",2025-02-15,2025,0,407,543,409,120.529090909091,134,FALSE
"Arkansas",2025-02-15,"calendar","sir","hurdle_ztpoisson",2025-01-18,2025,4,216,223,226,2.70272727272727,3,TRUE
"Arkansas",2025-02-15,"calendar","sir","hurdle_ztpoisson",2025-01-25,2025,3,384,388,384,1.71954545454545,4,TRUE
"Arkansas",2025-02-15,"calendar","sir","hurdle_ztpoisson",2025-02-01,2025,2,503,551,506,40.9195454545455,45,FALSE
"Arkansas",2025-02-15,"calendar","sir","hurdle_ztpoisson",2025-02-08,2025,1,679,752,686,54.815,66,FALSE
"Arkansas",2025-02-15,"calendar","sir","hurdle_ztpoisson",2025-02-15,2025,0,407,543,413.5,109.864090909091,129.5,FALSE
"Arkansas",2025-03-29,"calendar","hsgp","hurdle_ztnb",2025-03-01,2025,4,350,363,354,5.42060606060606,9,TRUE
"Arkansas",2025-03-29,"calendar","hsgp","hurdle_ztnb",2025-03-08,2025,3,325,325,329,2.41954545454545,4,TRUE
"Arkansas",2025-03-29,"calendar","hsgp","hurdle_ztnb",2025-03-15,2025,2,228,229,232,2.04045454545455,3,TRUE
"Arkansas",2025-03-29,"calendar","hsgp","hurdle_ztnb",2025-03-22,2025,1,143,164,147,10.8195454545455,17,TRUE
"Arkansas",2025-03-29,"calendar","hsgp","hurdle_ztnb",2025-03-29,2025,0,86,111,90,12.3374242424242,21,TRUE
"Arkansas",2025-03-29,"calendar","hsgp","hurdle_ztpoisson",2025-03-01,2025,4,350,363,354,5.28318181818182,9,TRUE
"Arkansas",2025-03-29,"calendar","hsgp","hurdle_ztpoisson",2025-03-08,2025,3,325,325,330,2.85818181818182,5,TRUE
"Arkansas",2025-03-29,"calendar","hsgp","hurdle_ztpoisson",2025-03-15,2025,2,228,229,233,2.26363636363636,4,TRUE
"Arkansas",2025-03-29,"calendar","hsgp","hurdle_ztpoisson",2025-03-22,2025,1,143,164,148,10.8672727272727,16,FALSE
"Arkansas",2025-03-29,"calendar","hsgp","hurdle_ztpoisson",2025-03-29,2025,0,86,111,93,9.9530303030303,18,TRUE
"Arkansas",2025-03-29,"calendar","sir","hurdle_ztnb",2025-03-01,2025,4,350,363,350,10.0377272727273,13,FALSE
"Arkansas",2025-03-29,"calendar","sir","hurdle_ztnb",2025-03-08,2025,3,325,325,325,0.62969696969697,0,TRUE
"Arkansas",2025-03-29,"calendar","sir","hurdle_ztnb",2025-03-15,2025,2,228,229,229,0.978787878787878,0,TRUE
"Arkansas",2025-03-29,"calendar","sir","hurdle_ztnb",2025-03-22,2025,1,143,164,144,13.4401515151515,20,TRUE
"Arkansas",2025-03-29,"calendar","sir","hurdle_ztnb",2025-03-29,2025,0,86,111,87,15.3272727272727,24,TRUE
"Arkansas",2025-03-29,"calendar","sir","hurdle_ztpoisson",2025-03-01,2025,4,350,363,350,9.18181818181818,13,FALSE
"Arkansas",2025-03-29,"calendar","sir","hurdle_ztpoisson",2025-03-08,2025,3,325,325,325,0.846818181818182,0,TRUE
"Arkansas",2025-03-29,"calendar","sir","hurdle_ztpoisson",2025-03-15,2025,2,228,229,228,0.911515151515151,1,TRUE
"Arkansas",2025-03-29,"calendar","sir","hurdle_ztpoisson",2025-03-22,2025,1,143,164,143,16.5340909090909,21,FALSE
"Arkansas",2025-03-29,"calendar","sir","hurdle_ztpoisson",2025-03-29,2025,0,86,111,87,19.0219696969697,24,FALSE
"Arkansas",2025-04-26,"calendar","hsgp","hurdle_ztnb",2025-03-29,2025,4,111,111,111,0.363636363636364,0,TRUE
"Arkansas",2025-04-26,"calendar","hsgp","hurdle_ztnb",2025-04-05,2025,3,71,71,71,0.336363636363636,0,TRUE
"Arkansas",2025-04-26,"calendar","hsgp","hurdle_ztnb",2025-04-12,2025,2,32,32,32,0.312727272727273,0,TRUE
"Arkansas",2025-04-26,"calendar","hsgp","hurdle_ztnb",2025-04-19,2025,1,28,29,28,0.597727272727273,1,TRUE
"Arkansas",2025-04-26,"calendar","hsgp","hurdle_ztnb",2025-04-26,2025,0,13,24,13,7.26636363636364,11,FALSE
"Arkansas",2025-04-26,"calendar","hsgp","hurdle_ztpoisson",2025-03-29,2025,4,111,111,111,0.410454545454545,0,TRUE
"Arkansas",2025-04-26,"calendar","hsgp","hurdle_ztpoisson",2025-04-05,2025,3,71,71,71,0.381818181818182,0,TRUE
"Arkansas",2025-04-26,"calendar","hsgp","hurdle_ztpoisson",2025-04-12,2025,2,32,32,32,0.359696969696969,0,TRUE
"Arkansas",2025-04-26,"calendar","hsgp","hurdle_ztpoisson",2025-04-19,2025,1,28,29,28,0.683181818181818,1,TRUE
"Arkansas",2025-04-26,"calendar","hsgp","hurdle_ztpoisson",2025-04-26,2025,0,13,24,13,7.55090909090909,11,FALSE
"Arkansas",2025-04-26,"calendar","sir","hurdle_ztnb",2025-03-29,2025,4,111,111,111,0.52969696969697,0,TRUE
"Arkansas",2025-04-26,"calendar","sir","hurdle_ztnb",2025-04-05,2025,3,71,71,71,0.437727272727273,0,TRUE
"Arkansas",2025-04-26,"calendar","sir","hurdle_ztnb",2025-04-12,2025,2,32,32,32,0.621969696969697,0,TRUE
"Arkansas",2025-04-26,"calendar","sir","hurdle_ztnb",2025-04-19,2025,1,28,29,28,0.940454545454545,1,TRUE
"Arkansas",2025-04-26,"calendar","sir","hurdle_ztnb",2025-04-26,2025,0,13,24,14,6.01590909090909,10,TRUE
"Arkansas",2025-04-26,"calendar","sir","hurdle_ztpoisson",2025-03-29,2025,4,111,111,111,0.127272727272727,0,TRUE
"Arkansas",2025-04-26,"calendar","sir","hurdle_ztpoisson",2025-04-05,2025,3,71,71,71,0.101363636363636,0,TRUE
"Arkansas",2025-04-26,"calendar","sir","hurdle_ztpoisson",2025-04-12,2025,2,32,32,32,0.0377272727272725,0,TRUE
"Arkansas",2025-04-26,"calendar","sir","hurdle_ztpoisson",2025-04-19,2025,1,28,29,28,0.763636363636364,1,TRUE
"Arkansas",2025-04-26,"calendar","sir","hurdle_ztpoisson",2025-04-26,2025,0,13,24,13,9.67272727272727,11,FALSE
"Arkansas",2025-05-31,"calendar","hsgp","hurdle_ztnb",2025-05-03,2025,4,21,21,21,0.0740909090909089,0,TRUE
"Arkansas",2025-05-31,"calendar","hsgp","hurdle_ztnb",2025-05-10,2025,3,13,13,13,0.0636363636363637,0,TRUE
"Arkansas",2025-05-31,"calendar","hsgp","hurdle_ztnb",2025-05-17,2025,2,13,13,13,0.137727272727273,0,TRUE
"Arkansas",2025-05-31,"calendar","hsgp","hurdle_ztnb",2025-05-24,2025,1,14,14,14,0.503787878787879,0,TRUE
"Arkansas",2025-05-31,"calendar","hsgp","hurdle_ztnb",2025-05-31,2025,0,6,14,8,3.44681818181818,6,TRUE
"Arkansas",2025-05-31,"calendar","hsgp","hurdle_ztpoisson",2025-05-03,2025,4,21,21,21,0.0195454545454544,0,TRUE
"Arkansas",2025-05-31,"calendar","hsgp","hurdle_ztpoisson",2025-05-10,2025,3,13,13,13,0.0181818181818182,0,TRUE
"Arkansas",2025-05-31,"calendar","hsgp","hurdle_ztpoisson",2025-05-17,2025,2,13,13,13,0.0569696969696968,0,TRUE
"Arkansas",2025-05-31,"calendar","hsgp","hurdle_ztpoisson",2025-05-24,2025,1,14,14,14,0.0842424242424241,0,TRUE
"Arkansas",2025-05-31,"calendar","hsgp","hurdle_ztpoisson",2025-05-31,2025,0,6,14,6,6.37272727272727,8,FALSE
"Arkansas",2025-05-31,"calendar","sir","hurdle_ztnb",2025-05-03,2025,4,21,21,21,0.290909090909091,0,TRUE
"Arkansas",2025-05-31,"calendar","sir","hurdle_ztnb",2025-05-10,2025,3,13,13,13,0.245454545454545,0,TRUE
"Arkansas",2025-05-31,"calendar","sir","hurdle_ztnb",2025-05-17,2025,2,13,13,13,0.445454545454546,0,TRUE
"Arkansas",2025-05-31,"calendar","sir","hurdle_ztnb",2025-05-24,2025,1,14,14,14,0.705000000000001,0,TRUE
"Arkansas",2025-05-31,"calendar","sir","hurdle_ztnb",2025-05-31,2025,0,6,14,6,4.05060606060606,8,TRUE
"Arkansas",2025-05-31,"calendar","sir","hurdle_ztpoisson",2025-05-03,2025,4,21,21,21,0,0,TRUE
"Arkansas",2025-05-31,"calendar","sir","hurdle_ztpoisson",2025-05-10,2025,3,13,13,13,0,0,TRUE
"Arkansas",2025-05-31,"calendar","sir","hurdle_ztpoisson",2025-05-17,2025,2,13,13,13,0,0,TRUE
"Arkansas",2025-05-31,"calendar","sir","hurdle_ztpoisson",2025-05-24,2025,1,14,14,14,0.0104545454545453,0,TRUE
"Arkansas",2025-05-31,"calendar","sir","hurdle_ztpoisson",2025-05-31,2025,0,6,14,6,6.98181818181818,8,FALSE
"California",2025-01-02,"calendar","hsgp","hurdle_ztnb",2024-11-30,2024,4,686,699,689.5,5.61545454545455,9.5,TRUE
"California",2025-01-02,"calendar","hsgp","hurdle_ztnb",2024-12-07,2024,3,1061,1122,1065,30.9937878787879,57,TRUE
"California",2025-01-02,"calendar","hsgp","hurdle_ztnb",2024-12-14,2024,2,1384,1509,1391.5,76.6465151515151,117.5,FALSE
"California",2025-01-02,"calendar","hsgp","hurdle_ztnb",2024-12-21,2024,1,2351,2557,2362,144.987878787879,195,FALSE
"California",2025-01-02,"calendar","hsgp","hurdle_ztnb",2024-12-28,2024,0,3005,3846,3033.5,719.500151515152,812.5,FALSE
"California",2025-01-02,"calendar","hsgp","hurdle_ztpoisson",2024-11-30,2024,4,686,699,686,7.31363636363636,13,TRUE
"California",2025-01-02,"calendar","hsgp","hurdle_ztpoisson",2024-12-07,2024,3,1061,1122,1061,47.0090909090909,61,FALSE
"California",2025-01-02,"calendar","hsgp","hurdle_ztpoisson",2024-12-14,2024,2,1384,1509,1387.5,100.092424242424,121.5,FALSE
"California",2025-01-02,"calendar","hsgp","hurdle_ztpoisson",2024-12-21,2024,1,2351,2557,2366.5,160.481515151515,190.5,FALSE
"California",2025-01-02,"calendar","hsgp","hurdle_ztpoisson",2024-12-28,2024,0,3005,3846,3005,746.467575757576,841,FALSE
"California",2025-01-02,"calendar","sir","hurdle_ztnb",2024-11-30,2024,4,686,699,686,9.60409090909091,13,TRUE
"California",2025-01-02,"calendar","sir","hurdle_ztnb",2024-12-07,2024,3,1061,1122,1061,53.7390909090909,61,FALSE
"California",2025-01-02,"calendar","sir","hurdle_ztnb",2024-12-14,2024,2,1384,1509,1384,115.259696969697,125,FALSE
"California",2025-01-02,"calendar","sir","hurdle_ztnb",2024-12-21,2024,1,2351,2557,2351,188.954696969697,206,FALSE
"California",2025-01-02,"calendar","sir","hurdle_ztnb",2024-12-28,2024,0,3005,3846,3006,813.568181818182,840,FALSE
"California",2025-01-02,"calendar","sir","hurdle_ztpoisson",2024-11-30,2024,4,686,699,686,13,13,FALSE
"California",2025-01-02,"calendar","sir","hurdle_ztpoisson",2024-12-07,2024,3,1061,1122,1061,39.1025757575757,61,FALSE
"California",2025-01-02,"calendar","sir","hurdle_ztpoisson",2024-12-14,2024,2,1384,1509,1384,122.037727272727,125,FALSE
"California",2025-01-02,"calendar","sir","hurdle_ztpoisson",2024-12-21,2024,1,2351,2557,2351,199.03,206,FALSE
"California",2025-01-02,"calendar","sir","hurdle_ztpoisson",2024-12-28,2024,0,3005,3846,3005,823.542727272727,841,FALSE
"California",2025-02-15,"calendar","hsgp","hurdle_ztnb",2025-01-18,2025,4,3365,3642,3390,201.345909090909,252,FALSE
"California",2025-02-15,"calendar","hsgp","hurdle_ztnb",2025-01-25,2025,3,3893,4068,3913,98.7612121212121,155,TRUE
"California",2025-02-15,"calendar","hsgp","hurdle_ztnb",2025-02-01,2025,2,4297,4562,4337,139.309696969697,225,TRUE
"California",2025-02-15,"calendar","hsgp","hurdle_ztnb",2025-02-08,2025,1,3402,3656,3450,111.628484848485,206,TRUE
"California",2025-02-15,"calendar","hsgp","hurdle_ztnb",2025-02-15,2025,0,2563,2775,2681.5,86.26,93.5,TRUE
"California",2025-02-15,"calendar","hsgp","hurdle_ztpoisson",2025-01-18,2025,4,3365,3642,3365,267.211818181818,277,FALSE
"California",2025-02-15,"calendar","hsgp","hurdle_ztpoisson",2025-01-25,2025,3,3893,4068,3893,155.803181818182,175,FALSE
"California",2025-02-15,"calendar","hsgp","hurdle_ztpoisson",2025-02-01,2025,2,4297,4562,4297,241.185454545455,265,FALSE
"California",2025-02-15,"calendar","hsgp","hurdle_ztpoisson",2025-02-08,2025,1,3402,3656,3402,220.758636363636,254,FALSE
"California",2025-02-15,"calendar","hsgp","hurdle_ztpoisson",2025-02-15,2025,0,2563,2775,2563,215.647424242424,212,FALSE
"California",2025-02-15,"calendar","sir","hurdle_ztnb",2025-01-18,2025,4,3365,3642,3365,268.093636363636,277,FALSE
"California",2025-02-15,"calendar","sir","hurdle_ztnb",2025-01-25,2025,3,3893,4068,3893,164.227272727273,175,FALSE
"California",2025-02-15,"calendar","sir","hurdle_ztnb",2025-02-01,2025,2,4297,4562,4298,249.400151515152,264,FALSE
"California",2025-02-15,"calendar","sir","hurdle_ztnb",2025-02-08,2025,1,3402,3656,3402.5,236.22393939394,253.5,FALSE
"California",2025-02-15,"calendar","sir","hurdle_ztnb",2025-02-15,2025,0,2563,2775,2564,170.589242424243,211,FALSE
"California",2025-02-15,"calendar","sir","hurdle_ztpoisson",2025-01-18,2025,4,3365,3642,3365,261.374696969697,277,FALSE
"California",2025-02-15,"calendar","sir","hurdle_ztpoisson",2025-01-25,2025,3,3893,4068,3893,172.823636363636,175,FALSE
"California",2025-02-15,"calendar","sir","hurdle_ztpoisson",2025-02-01,2025,2,4297,4562,4297,261.320909090909,265,FALSE
"California",2025-02-15,"calendar","sir","hurdle_ztpoisson",2025-02-08,2025,1,3402,3656,3402,246.476818181818,254,FALSE
"California",2025-02-15,"calendar","sir","hurdle_ztpoisson",2025-02-15,2025,0,2563,2775,2563,204.355909090909,212,FALSE
"California",2025-03-29,"calendar","hsgp","hurdle_ztnb",2025-03-01,2025,4,1426,1462,1427,20.6822727272727,35,TRUE
"California",2025-03-29,"calendar","hsgp","hurdle_ztnb",2025-03-08,2025,3,1047,1068,1049,9.61287878787879,19,TRUE
"California",2025-03-29,"calendar","hsgp","hurdle_ztnb",2025-03-15,2025,2,969,993,972,10.1360606060606,21,TRUE
"California",2025-03-29,"calendar","hsgp","hurdle_ztnb",2025-03-22,2025,1,692,706,697,6.18060606060606,9,TRUE
"California",2025-03-29,"calendar","hsgp","hurdle_ztnb",2025-03-29,2025,0,488,592,501,57.054696969697,91,TRUE
"California",2025-03-29,"calendar","hsgp","hurdle_ztpoisson",2025-03-01,2025,4,1426,1462,1426,30.6418181818182,36,FALSE
"California",2025-03-29,"calendar","hsgp","hurdle_ztpoisson",2025-03-08,2025,3,1047,1068,1047,16.4536363636364,21,FALSE
"California",2025-03-29,"calendar","hsgp","hurdle_ztpoisson",2025-03-15,2025,2,969,993,969,17.3677272727273,24,FALSE
"California",2025-03-29,"calendar","hsgp","hurdle_ztpoisson",2025-03-22,2025,1,692,706,692,7.11333333333333,14,TRUE
"California",2025-03-29,"calendar","hsgp","hurdle_ztpoisson",2025-03-29,2025,0,488,592,488,101.333636363636,104,FALSE
"California",2025-03-29,"calendar","sir","hurdle_ztnb",2025-03-01,2025,4,1426,1462,1426,26.1606060606061,36,FALSE
"California",2025-03-29,"calendar","sir","hurdle_ztnb",2025-03-08,2025,3,1047,1068,1047,13.1968181818182,21,TRUE
"California",2025-03-29,"calendar","sir","hurdle_ztnb",2025-03-15,2025,2,969,993,970,14.1427272727273,23,TRUE
"California",2025-03-29,"calendar","sir","hurdle_ztnb",2025-03-22,2025,1,692,706,693,7.4880303030303,13,TRUE
"California",2025-03-29,"calendar","sir","hurdle_ztnb",2025-03-29,2025,0,488,592,490,78.184696969697,102,FALSE
"California",2025-03-29,"calendar","sir","hurdle_ztpoisson",2025-03-01,2025,4,1426,1462,1426,36,36,FALSE
"California",2025-03-29,"calendar","sir","hurdle_ztpoisson",2025-03-08,2025,3,1047,1068,1047,21,21,FALSE
"California",2025-03-29,"calendar","sir","hurdle_ztpoisson",2025-03-15,2025,2,969,993,969,24,24,FALSE
"California",2025-03-29,"calendar","sir","hurdle_ztpoisson",2025-03-22,2025,1,692,706,692,14,14,FALSE
"California",2025-03-29,"calendar","sir","hurdle_ztpoisson",2025-03-29,2025,0,488,592,488,104,104,FALSE
"California",2025-04-26,"calendar","hsgp","hurdle_ztnb",2025-03-29,2025,4,565,592,565,22.9559090909091,27,FALSE
"California",2025-04-26,"calendar","hsgp","hurdle_ztnb",2025-04-05,2025,3,446,453,446,3.6930303030303,7,TRUE
"California",2025-04-26,"calendar","hsgp","hurdle_ztnb",2025-04-12,2025,2,412,418,412.5,2.55454545454545,5.5,TRUE
"California",2025-04-26,"calendar","hsgp","hurdle_ztnb",2025-04-19,2025,1,340,355,342,6.46333333333333,13,TRUE
"California",2025-04-26,"calendar","hsgp","hurdle_ztnb",2025-04-26,2025,0,229,253,239,8.25030303030303,14,TRUE
"California",2025-04-26,"calendar","hsgp","hurdle_ztpoisson",2025-03-29,2025,4,565,592,565,25.4454545454545,27,FALSE
"California",2025-04-26,"calendar","hsgp","hurdle_ztpoisson",2025-04-05,2025,3,446,453,446,4.71151515151515,7,TRUE
"California",2025-04-26,"calendar","hsgp","hurdle_ztpoisson",2025-04-12,2025,2,412,418,412,4.07681818181818,6,TRUE
"California",2025-04-26,"calendar","hsgp","hurdle_ztpoisson",2025-04-19,2025,1,340,355,340,10.8013636363636,15,FALSE
"California",2025-04-26,"calendar","hsgp","hurdle_ztpoisson",2025-04-26,2025,0,229,253,229,20.0115151515152,24,TRUE
"California",2025-04-26,"calendar","sir","hurdle_ztnb",2025-03-29,2025,4,565,592,565,19.4363636363636,27,TRUE
"California",2025-04-26,"calendar","sir","hurdle_ztnb",2025-04-05,2025,3,446,453,446,3.9030303030303,7,TRUE
"California",2025-04-26,"calendar","sir","hurdle_ztnb",2025-04-12,2025,2,412,418,412,3.2219696969697,6,TRUE
"California",2025-04-26,"calendar","sir","hurdle_ztnb",2025-04-19,2025,1,340,355,340,8.62636363636363,15,TRUE
"California",2025-04-26,"calendar","sir","hurdle_ztnb",2025-04-26,2025,0,229,253,230.5,12.0116666666667,22.5,TRUE
"California",2025-04-26,"calendar","sir","hurdle_ztpoisson",2025-03-29,2025,4,565,592,565,27,27,FALSE
"California",2025-04-26,"calendar","sir","hurdle_ztpoisson",2025-04-05,2025,3,446,453,446,7,7,FALSE
"California",2025-04-26,"calendar","sir","hurdle_ztpoisson",2025-04-12,2025,2,412,418,412,6,6,FALSE
"California",2025-04-26,"calendar","sir","hurdle_ztpoisson",2025-04-19,2025,1,340,355,340,15,15,FALSE
"California",2025-04-26,"calendar","sir","hurdle_ztpoisson",2025-04-26,2025,0,229,253,229,24,24,FALSE
"California",2025-05-31,"calendar","hsgp","hurdle_ztnb",2025-05-03,2025,4,241,235,241,6.13772727272727,6,FALSE
"California",2025-05-31,"calendar","hsgp","hurdle_ztnb",2025-05-10,2025,3,171,175,171,2.35833333333333,4,TRUE
"California",2025-05-31,"calendar","hsgp","hurdle_ztnb",2025-05-17,2025,2,167,168,167,0.815454545454545,1,TRUE
"California",2025-05-31,"calendar","hsgp","hurdle_ztnb",2025-05-24,2025,1,179,183,179,2.06742424242424,4,TRUE
"California",2025-05-31,"calendar","hsgp","hurdle_ztnb",2025-05-31,2025,0,164,188,169.5,9.8339393939394,18.5,TRUE
"California",2025-05-31,"calendar","hsgp","hurdle_ztpoisson",2025-05-03,2025,4,241,235,241,6.00954545454545,6,FALSE
"California",2025-05-31,"calendar","hsgp","hurdle_ztpoisson",2025-05-10,2025,3,171,175,171,3.32090909090909,4,TRUE
"California",2025-05-31,"calendar","hsgp","hurdle_ztpoisson",2025-05-17,2025,2,167,168,167,0.883181818181818,1,TRUE
"California",2025-05-31,"calendar","hsgp","hurdle_ztpoisson",2025-05-24,2025,1,179,183,179,2.71818181818182,4,TRUE
"California",2025-05-31,"calendar","hsgp","hurdle_ztpoisson",2025-05-31,2025,0,164,188,164,20.4090909090909,24,TRUE
"California",2025-05-31,"calendar","sir","hurdle_ztnb",2025-05-03,2025,4,241,235,241,6.31181818181818,6,FALSE
"California",2025-05-31,"calendar","sir","hurdle_ztnb",2025-05-10,2025,3,171,175,171,2.51151515151515,4,TRUE
"California",2025-05-31,"calendar","sir","hurdle_ztnb",2025-05-17,2025,2,167,168,167,1.21378787878788,1,TRUE
"California",2025-05-31,"calendar","sir","hurdle_ztnb",2025-05-24,2025,1,179,183,179,2.00606060606061,4,TRUE
"California",2025-05-31,"calendar","sir","hurdle_ztnb",2025-05-31,2025,0,164,188,165,13.9304545454545,23,TRUE
"California",2025-05-31,"calendar","sir","hurdle_ztpoisson",2025-05-03,2025,4,241,235,241,6,6,FALSE
"California",2025-05-31,"calendar","sir","hurdle_ztpoisson",2025-05-10,2025,3,171,175,171,4,4,FALSE
"California",2025-05-31,"calendar","sir","hurdle_ztpoisson",2025-05-17,2025,2,167,168,167,1,1,FALSE
"California",2025-05-31,"calendar","sir","hurdle_ztpoisson",2025-05-24,2025,1,179,183,179,4,4,FALSE
"California",2025-05-31,"calendar","sir","hurdle_ztpoisson",2025-05-31,2025,0,164,188,164,24,24,FALSE
"Colorado",2025-01-02,"calendar","hsgp","hurdle_ztnb",2024-11-30,2024,4,65,67,65,0.896363636363637,2,TRUE
"Colorado",2025-01-02,"calendar","hsgp","hurdle_ztnb",2024-12-07,2024,3,90,90,90,0.745454545454545,0,TRUE
"Colorado",2025-01-02,"calendar","hsgp","hurdle_ztnb",2024-12-14,2024,2,132,129,133,3.76439393939394,4,FALSE
"Colorado",2025-01-02,"calendar","hsgp","hurdle_ztnb",2024-12-21,2024,1,178,179,180,1.27272727272727,1,TRUE
"Colorado",2025-01-02,"calendar","hsgp","hurdle_ztnb",2024-12-28,2024,0,470,475,474,1.79454545454546,1,TRUE
"Colorado",2025-01-02,"calendar","hsgp","hurdle_ztpoisson",2024-11-30,2024,4,65,67,65,1.65454545454545,2,TRUE
"Colorado",2025-01-02,"calendar","hsgp","hurdle_ztpoisson",2024-12-07,2024,3,90,90,90,0.0559090909090907,0,TRUE
"Colorado",2025-01-02,"calendar","hsgp","hurdle_ztpoisson",2024-12-14,2024,2,132,129,132,3.16090909090909,3,FALSE
"Colorado",2025-01-02,"calendar","hsgp","hurdle_ztpoisson",2024-12-21,2024,1,178,179,178,1.12727272727273,1,TRUE
"Colorado",2025-01-02,"calendar","hsgp","hurdle_ztpoisson",2024-12-28,2024,0,470,475,476,3.38590909090909,1,TRUE
"Colorado",2025-01-02,"calendar","sir","hurdle_ztnb",2024-11-30,2024,4,65,67,65,1.39227272727273,2,TRUE
"Colorado",2025-01-02,"calendar","sir","hurdle_ztnb",2024-12-07,2024,3,90,90,90,0.110454545454545,0,TRUE
"Colorado",2025-01-02,"calendar","sir","hurdle_ztnb",2024-12-14,2024,2,132,129,132,3.16606060606061,3,FALSE
"Colorado",2025-01-02,"calendar","sir","hurdle_ztnb",2024-12-21,2024,1,178,179,178,0.645454545454546,1,TRUE
"Colorado",2025-01-02,"calendar","sir","hurdle_ztnb",2024-12-28,2024,0,470,475,470,2.80136363636364,5,TRUE
"Colorado",2025-01-02,"calendar","sir","hurdle_ztpoisson",2024-11-30,2024,4,65,67,65,2,2,FALSE
"Colorado",2025-01-02,"calendar","sir","hurdle_ztpoisson",2024-12-07,2024,3,90,90,94,2.14818181818182,4,TRUE
"Colorado",2025-01-02,"calendar","sir","hurdle_ztpoisson",2024-12-14,2024,2,132,129,132,3.09090909090909,3,FALSE
"Colorado",2025-01-02,"calendar","sir","hurdle_ztpoisson",2024-12-21,2024,1,178,179,178,0.675151515151515,1,TRUE
"Colorado",2025-01-02,"calendar","sir","hurdle_ztpoisson",2024-12-28,2024,0,470,475,474,2.11181818181818,1,TRUE
"Colorado",2025-02-15,"calendar","hsgp","hurdle_ztnb",2025-01-18,2025,4,441,441,446,3.22257575757576,5,TRUE
"Colorado",2025-02-15,"calendar","hsgp","hurdle_ztnb",2025-01-25,2025,3,456,456,464,5.23969696969697,8,TRUE
"Colorado",2025-02-15,"calendar","hsgp","hurdle_ztnb",2025-02-01,2025,2,543,543,555.5,8.34287878787879,12.5,TRUE
"Colorado",2025-02-15,"calendar","hsgp","hurdle_ztnb",2025-02-08,2025,1,604,622,622,6.2130303030303,0,TRUE
"Colorado",2025-02-15,"calendar","hsgp","hurdle_ztnb",2025-02-15,2025,0,573,583,598,14.9266666666667,15,TRUE
"Colorado",2025-02-15,"calendar","hsgp","hurdle_ztpoisson",2025-01-18,2025,4,441,441,441,0.320606060606061,0,TRUE
"Colorado",2025-02-15,"calendar","hsgp","hurdle_ztpoisson",2025-01-25,2025,3,456,456,456,0.328636363636363,0,TRUE
"Colorado",2025-02-15,"calendar","hsgp","hurdle_ztpoisson",2025-02-01,2025,2,543,543,543,0.675151515151515,0,TRUE
"Colorado",2025-02-15,"calendar","hsgp","hurdle_ztpoisson",2025-02-08,2025,1,604,622,604,13.0740909090909,18,FALSE
"Colorado",2025-02-15,"calendar","hsgp","hurdle_ztpoisson",2025-02-15,2025,0,573,583,573,15.7637878787879,10,TRUE
"Colorado",2025-02-15,"calendar","sir","hurdle_ztnb",2025-01-18,2025,4,441,441,442,1.20909090909091,1,TRUE
"Colorado",2025-02-15,"calendar","sir","hurdle_ztnb",2025-01-25,2025,3,456,456,457,1.40272727272727,1,TRUE
"Colorado",2025-02-15,"calendar","sir","hurdle_ztnb",2025-02-01,2025,2,543,543,545,2.02439393939394,2,TRUE
"Colorado",2025-02-15,"calendar","sir","hurdle_ztnb",2025-02-08,2025,1,604,622,607,7.8780303030303,15,TRUE
"Colorado",2025-02-15,"calendar","sir","hurdle_ztnb",2025-02-15,2025,0,573,583,577,4.51909090909091,6,TRUE
"Colorado",2025-02-15,"calendar","sir","hurdle_ztpoisson",2025-01-18,2025,4,441,441,447,3.41409090909091,6,TRUE
"Colorado",2025-02-15,"calendar","sir","hurdle_ztpoisson",2025-01-25,2025,3,456,456,456,0.154545454545455,0,TRUE
"Colorado",2025-02-15,"calendar","sir","hurdle_ztpoisson",2025-02-01,2025,2,543,543,543,0.383181818181818,0,TRUE
"Colorado",2025-02-15,"calendar","sir","hurdle_ztpoisson",2025-02-08,2025,1,604,622,604,12.9481818181818,18,FALSE
"Colorado",2025-02-15,"calendar","sir","hurdle_ztpoisson",2025-02-15,2025,0,573,583,573,5.63712121212121,10,TRUE
"Colorado",2025-03-29,"calendar","hsgp","hurdle_ztnb",2025-03-01,2025,4,381,381,381,0.474090909090909,0,TRUE
"Colorado",2025-03-29,"calendar","hsgp","hurdle_ztnb",2025-03-08,2025,3,311,311,311,0.518181818181818,0,TRUE
"Colorado",2025-03-29,"calendar","hsgp","hurdle_ztnb",2025-03-15,2025,2,215,215,215,0.574090909090909,0,TRUE
"Colorado",2025-03-29,"calendar","hsgp","hurdle_ztnb",2025-03-22,2025,1,162,162,162,0.736363636363636,0,TRUE
"Colorado",2025-03-29,"calendar","hsgp","hurdle_ztnb",2025-03-29,2025,0,117,121,118,1.77409090909091,3,TRUE
"Colorado",2025-03-29,"calendar","hsgp","hurdle_ztpoisson",2025-03-01,2025,4,381,381,381,0.127272727272727,0,TRUE
"Colorado",2025-03-29,"calendar","hsgp","hurdle_ztpoisson",2025-03-08,2025,3,311,311,311,0.203636363636364,0,TRUE
"Colorado",2025-03-29,"calendar","hsgp","hurdle_ztpoisson",2025-03-15,2025,2,215,215,215,0.250454545454545,0,TRUE
"Colorado",2025-03-29,"calendar","hsgp","hurdle_ztpoisson",2025-03-22,2025,1,162,162,162,0.511515151515151,0,TRUE
"Colorado",2025-03-29,"calendar","hsgp","hurdle_ztpoisson",2025-03-29,2025,0,117,121,117,4.59045454545455,4,TRUE
"Colorado",2025-03-29,"calendar","sir","hurdle_ztnb",2025-03-01,2025,4,381,381,381,0.346818181818182,0,TRUE
"Colorado",2025-03-29,"calendar","sir","hurdle_ztnb",2025-03-08,2025,3,311,311,311,0.494545454545455,0,TRUE
"Colorado",2025-03-29,"calendar","sir","hurdle_ztnb",2025-03-15,2025,2,215,215,215,0.74,0,TRUE
"Colorado",2025-03-29,"calendar","sir","hurdle_ztnb",2025-03-22,2025,1,162,162,163,1.1,1,TRUE
"Colorado",2025-03-29,"calendar","sir","hurdle_ztnb",2025-03-29,2025,0,117,121,118,2.14651515151515,3,TRUE
"Colorado",2025-03-29,"calendar","sir","hurdle_ztpoisson",2025-03-01,2025,4,381,381,381,0.0454545454545455,0,TRUE
"Colorado",2025-03-29,"calendar","sir","hurdle_ztpoisson",2025-03-08,2025,3,311,311,311,0.0377272727272725,0,TRUE
"Colorado",2025-03-29,"calendar","sir","hurdle_ztpoisson",2025-03-15,2025,2,215,215,215,0.0387878787878787,0,TRUE
"Colorado",2025-03-29,"calendar","sir","hurdle_ztpoisson",2025-03-22,2025,1,162,162,162,0.0272727272727273,0,TRUE
"Colorado",2025-03-29,"calendar","sir","hurdle_ztpoisson",2025-03-29,2025,0,117,121,117,3.30909090909091,4,TRUE
"Colorado",2025-04-26,"calendar","hsgp","hurdle_ztnb",2025-03-29,2025,4,121,121,121,0.0545454545454546,0,TRUE
"Colorado",2025-04-26,"calendar","hsgp","hurdle_ztnb",2025-04-05,2025,3,86,86,86,0.0933333333333332,0,TRUE
"Colorado",2025-04-26,"calendar","hsgp","hurdle_ztnb",2025-04-12,2025,2,59,62,59,1.87272727272727,3,TRUE
"Colorado",2025-04-26,"calendar","hsgp","hurdle_ztnb",2025-04-19,2025,1,40,40,40,0.236363636363636,0,TRUE
"Colorado",2025-04-26,"calendar","hsgp","hurdle_ztnb",2025-04-26,2025,0,42,42,42,0.733484848484848,0,TRUE
"Colorado",2025-04-26,"calendar","hsgp","hurdle_ztpoisson",2025-03-29,2025,4,121,121,121,0.0454545454545455,0,TRUE
"Colorado",2025-04-26,"calendar","hsgp","hurdle_ztpoisson",2025-04-05,2025,3,86,86,86,0.0593939393939391,0,TRUE
"Colorado",2025-04-26,"calendar","hsgp","hurdle_ztpoisson",2025-04-12,2025,2,59,62,59,2.22636363636364,3,TRUE
"Colorado",2025-04-26,"calendar","hsgp","hurdle_ztpoisson",2025-04-19,2025,1,40,40,40,0.127272727272727,0,TRUE
"Colorado",2025-04-26,"calendar","hsgp","hurdle_ztpoisson",2025-04-26,2025,0,42,42,42,0.490909090909091,0,TRUE
"Colorado",2025-04-26,"calendar","sir","hurdle_ztnb",2025-03-29,2025,4,121,121,121,0.172727272727273,0,TRUE
"Colorado",2025-04-26,"calendar","sir","hurdle_ztnb",2025-04-05,2025,3,86,86,86,0.238787878787879,0,TRUE
"Colorado",2025-04-26,"calendar","sir","hurdle_ztnb",2025-04-12,2025,2,59,62,59,1.54545454545455,3,TRUE
"Colorado",2025-04-26,"calendar","sir","hurdle_ztnb",2025-04-19,2025,1,40,40,40,0.494545454545456,0,TRUE
"Colorado",2025-04-26,"calendar","sir","hurdle_ztnb",2025-04-26,2025,0,42,42,42,0.735151515151515,0,TRUE
"Colorado",2025-04-26,"calendar","sir","hurdle_ztpoisson",2025-03-29,2025,4,121,121,121,0,0,TRUE
"Colorado",2025-04-26,"calendar","sir","hurdle_ztpoisson",2025-04-05,2025,3,86,86,86,0,0,TRUE
"Colorado",2025-04-26,"calendar","sir","hurdle_ztpoisson",2025-04-12,2025,2,59,62,59,3,3,FALSE
"Colorado",2025-04-26,"calendar","sir","hurdle_ztpoisson",2025-04-19,2025,1,40,40,40,0,0,TRUE
"Colorado",2025-04-26,"calendar","sir","hurdle_ztpoisson",2025-04-26,2025,0,42,42,42,0,0,TRUE
"Colorado",2025-05-31,"calendar","hsgp","hurdle_ztnb",2025-05-03,2025,4,30,30,30,0.0090909090909091,0,TRUE
"Colorado",2025-05-31,"calendar","hsgp","hurdle_ztnb",2025-05-10,2025,3,36,36,36,0.0181818181818182,0,TRUE
"Colorado",2025-05-31,"calendar","hsgp","hurdle_ztnb",2025-05-17,2025,2,17,19,17,1.56,2,TRUE
"Colorado",2025-05-31,"calendar","hsgp","hurdle_ztnb",2025-05-24,2025,1,15,15,15,0.0727272727272728,0,TRUE
"Colorado",2025-05-31,"calendar","hsgp","hurdle_ztnb",2025-05-31,2025,0,17,19,17,1.10272727272727,2,TRUE
"Colorado",2025-05-31,"calendar","hsgp","hurdle_ztpoisson",2025-05-03,2025,4,30,30,30,0,0,TRUE
"Colorado",2025-05-31,"calendar","hsgp","hurdle_ztpoisson",2025-05-10,2025,3,36,36,36,0,0,TRUE
"Colorado",2025-05-31,"calendar","hsgp","hurdle_ztpoisson",2025-05-17,2025,2,17,19,17,1.80136363636364,2,FALSE
"Colorado",2025-05-31,"calendar","hsgp","hurdle_ztpoisson",2025-05-24,2025,1,15,15,15,0.0272727272727273,0,TRUE
"Colorado",2025-05-31,"calendar","hsgp","hurdle_ztpoisson",2025-05-31,2025,0,17,19,17,1.49333333333333,2,TRUE
"Colorado",2025-05-31,"calendar","sir","hurdle_ztnb",2025-05-03,2025,4,30,30,30,0.0454545454545455,0,TRUE
"Colorado",2025-05-31,"calendar","sir","hurdle_ztnb",2025-05-10,2025,3,36,36,36,0.0818181818181818,0,TRUE
"Colorado",2025-05-31,"calendar","sir","hurdle_ztnb",2025-05-17,2025,2,17,19,17,1.28181818181818,2,TRUE
"Colorado",2025-05-31,"calendar","sir","hurdle_ztnb",2025-05-24,2025,1,15,15,15,0.345454545454546,0,TRUE
"Colorado",2025-05-31,"calendar","sir","hurdle_ztnb",2025-05-31,2025,0,17,19,17,1.22560606060606,2,TRUE
"Colorado",2025-05-31,"calendar","sir","hurdle_ztpoisson",2025-05-03,2025,4,30,30,30,0,0,TRUE
"Colorado",2025-05-31,"calendar","sir","hurdle_ztpoisson",2025-05-10,2025,3,36,36,36,0,0,TRUE
"Colorado",2025-05-31,"calendar","sir","hurdle_ztpoisson",2025-05-17,2025,2,17,19,17,2,2,FALSE
"Colorado",2025-05-31,"calendar","sir","hurdle_ztpoisson",2025-05-24,2025,1,15,15,15,0,0,TRUE
"Colorado",2025-05-31,"calendar","sir","hurdle_ztpoisson",2025-05-31,2025,0,17,19,17,2,2,FALSE
"Connecticut",2025-01-02,"calendar","hsgp","hurdle_ztnb",2024-11-30,2024,4,10,11,10,0.836363636363636,1,TRUE
"Connecticut",2025-01-02,"calendar","hsgp","hurdle_ztnb",2024-12-07,2024,3,13,13,13,0.0209090909090905,0,TRUE
"Connecticut",2025-01-02,"calendar","hsgp","hurdle_ztnb",2024-12-14,2024,2,24,24,24,0.0272727272727273,0,TRUE
"Connecticut",2025-01-02,"calendar","hsgp","hurdle_ztnb",2024-12-21,2024,1,42,45,42,2.01818181818182,3,TRUE
"Connecticut",2025-01-02,"calendar","hsgp","hurdle_ztnb",2024-12-28,2024,0,148,148,148,0.368636363636365,0,TRUE
"Connecticut",2025-01-02,"calendar","hsgp","hurdle_ztpoisson",2024-11-30,2024,4,10,11,10,1,1,FALSE
"Connecticut",2025-01-02,"calendar","hsgp","hurdle_ztpoisson",2024-12-07,2024,3,13,13,13,0,0,TRUE
"Connecticut",2025-01-02,"calendar","hsgp","hurdle_ztpoisson",2024-12-14,2024,2,24,24,24,0,0,TRUE
"Connecticut",2025-01-02,"calendar","hsgp","hurdle_ztpoisson",2024-12-21,2024,1,42,45,42,2.32727272727273,3,TRUE
"Connecticut",2025-01-02,"calendar","hsgp","hurdle_ztpoisson",2024-12-28,2024,0,148,148,148,0.545454545454545,0,TRUE
"Connecticut",2025-01-02,"calendar","sir","hurdle_ztnb",2024-11-30,2024,4,10,11,10,0.836363636363636,1,TRUE
"Connecticut",2025-01-02,"calendar","sir","hurdle_ztnb",2024-12-07,2024,3,13,13,13,0.0181818181818182,0,TRUE
"Connecticut",2025-01-02,"calendar","sir","hurdle_ztnb",2024-12-14,2024,2,24,24,24,0.1,0,TRUE
"Connecticut",2025-01-02,"calendar","sir","hurdle_ztnb",2024-12-21,2024,1,42,45,42,2.01818181818182,3,TRUE
"Connecticut",2025-01-02,"calendar","sir","hurdle_ztnb",2024-12-28,2024,0,148,148,148,0.302424242424242,0,TRUE
"Connecticut",2025-01-02,"calendar","sir","hurdle_ztpoisson",2024-11-30,2024,4,10,11,10,1,1,FALSE
"Connecticut",2025-01-02,"calendar","sir","hurdle_ztpoisson",2024-12-07,2024,3,13,13,13,0,0,TRUE
"Connecticut",2025-01-02,"calendar","sir","hurdle_ztpoisson",2024-12-14,2024,2,24,24,24,0.0387878787878787,0,TRUE
"Connecticut",2025-01-02,"calendar","sir","hurdle_ztpoisson",2024-12-21,2024,1,42,45,42,2.17272727272727,3,TRUE
"Connecticut",2025-01-02,"calendar","sir","hurdle_ztpoisson",2024-12-28,2024,0,148,148,148,0.563333333333333,0,TRUE
"Connecticut",2025-02-15,"calendar","hsgp","hurdle_ztnb",2025-01-18,2025,4,245,251,251,2.23090909090909,0,TRUE
"Connecticut",2025-02-15,"calendar","hsgp","hurdle_ztnb",2025-01-25,2025,3,378,385,388,3.38924242424242,3,TRUE
"Connecticut",2025-02-15,"calendar","hsgp","hurdle_ztnb",2025-02-01,2025,2,466,493,476,8.61484848484848,17,TRUE
"Connecticut",2025-02-15,"calendar","hsgp","hurdle_ztnb",2025-02-08,2025,1,537,538,555.5,11.5410606060606,17.5,TRUE
"Connecticut",2025-02-15,"calendar","hsgp","hurdle_ztnb",2025-02-15,2025,0,499,499,522,20.0778787878788,23,TRUE
"Connecticut",2025-02-15,"calendar","hsgp","hurdle_ztpoisson",2025-01-18,2025,4,245,251,245,2.84545454545455,6,TRUE
"Connecticut",2025-02-15,"calendar","hsgp","hurdle_ztpoisson",2025-01-25,2025,3,378,385,378,3.05454545454545,7,TRUE
"Connecticut",2025-02-15,"calendar","hsgp","hurdle_ztpoisson",2025-02-01,2025,2,466,493,466,17.8886363636364,27,FALSE
"Connecticut",2025-02-15,"calendar","hsgp","hurdle_ztpoisson",2025-02-08,2025,1,537,538,537,3.80696969696969,1,TRUE
"Connecticut",2025-02-15,"calendar","hsgp","hurdle_ztpoisson",2025-02-15,2025,0,499,499,499,10.7077272727273,0,TRUE
"Connecticut",2025-02-15,"calendar","sir","hurdle_ztnb",2025-01-18,2025,4,245,251,245,3.94318181818182,6,TRUE
"Connecticut",2025-02-15,"calendar","sir","hurdle_ztnb",2025-01-25,2025,3,378,385,378,4.47818181818182,7,TRUE
"Connecticut",2025-02-15,"calendar","sir","hurdle_ztnb",2025-02-01,2025,2,466,493,466,20.465,27,FALSE
"Connecticut",2025-02-15,"calendar","sir","hurdle_ztnb",2025-02-08,2025,1,537,538,537,1.10272727272727,1,TRUE
"Connecticut",2025-02-15,"calendar","sir","hurdle_ztnb",2025-02-15,2025,0,499,499,499,1.35560606060606,0,TRUE
"Connecticut",2025-02-15,"calendar","sir","hurdle_ztpoisson",2025-01-18,2025,4,245,251,250.5,2.03090909090909,0.5,TRUE
"Connecticut",2025-02-15,"calendar","sir","hurdle_ztpoisson",2025-01-25,2025,3,378,385,378,3.95454545454546,7,TRUE
"Connecticut",2025-02-15,"calendar","sir","hurdle_ztpoisson",2025-02-01,2025,2,466,493,466,22.0936363636364,27,FALSE
"Connecticut",2025-02-15,"calendar","sir","hurdle_ztpoisson",2025-02-08,2025,1,537,538,537,2.00727272727273,1,TRUE
"Connecticut",2025-02-15,"calendar","sir","hurdle_ztpoisson",2025-02-15,2025,0,499,499,502,3.90015151515152,3,TRUE
"Connecticut",2025-03-29,"calendar","hsgp","hurdle_ztnb",2025-03-01,2025,4,278,278,278,0.328636363636363,0,TRUE
"Connecticut",2025-03-29,"calendar","hsgp","hurdle_ztnb",2025-03-08,2025,3,187,187,187,0.349090909090909,0,TRUE
"Connecticut",2025-03-29,"calendar","hsgp","hurdle_ztnb",2025-03-15,2025,2,147,153,147,3.75454545454545,6,TRUE
"Connecticut",2025-03-29,"calendar","hsgp","hurdle_ztnb",2025-03-22,2025,1,118,118,118,0.519545454545455,0,TRUE
"Connecticut",2025-03-29,"calendar","hsgp","hurdle_ztnb",2025-03-29,2025,0,77,77,77,1.04015151515151,0,TRUE
"Connecticut",2025-03-29,"calendar","hsgp","hurdle_ztpoisson",2025-03-01,2025,4,278,278,278,0.403787878787878,0,TRUE
"Connecticut",2025-03-29,"calendar","hsgp","hurdle_ztpoisson",2025-03-08,2025,3,187,187,187,0.55060606060606,0,TRUE
"Connecticut",2025-03-29,"calendar","hsgp","hurdle_ztpoisson",2025-03-15,2025,2,147,153,147,3.17757575757576,6,TRUE
"Connecticut",2025-03-29,"calendar","hsgp","hurdle_ztpoisson",2025-03-22,2025,1,118,118,118,1.16742424242424,0,TRUE
"Connecticut",2025-03-29,"calendar","hsgp","hurdle_ztpoisson",2025-03-29,2025,0,77,77,77,2.16560606060606,0,TRUE
"Connecticut",2025-03-29,"calendar","sir","hurdle_ztnb",2025-03-01,2025,4,278,278,278,0.110454545454545,0,TRUE
"Connecticut",2025-03-29,"calendar","sir","hurdle_ztnb",2025-03-08,2025,3,187,187,187,0.136363636363636,0,TRUE
"Connecticut",2025-03-29,"calendar","sir","hurdle_ztnb",2025-03-15,2025,2,147,153,147,3.66742424242424,6,TRUE
"Connecticut",2025-03-29,"calendar","sir","hurdle_ztnb",2025-03-22,2025,1,118,118,118,0.532121212121212,0,TRUE
"Connecticut",2025-03-29,"calendar","sir","hurdle_ztnb",2025-03-29,2025,0,77,77,77,0.914242424242424,0,TRUE
"Connecticut",2025-03-29,"calendar","sir","hurdle_ztpoisson",2025-03-01,2025,4,278,278,278,0.256969696969697,0,TRUE
"Connecticut",2025-03-29,"calendar","sir","hurdle_ztpoisson",2025-03-08,2025,3,187,187,187,0.127272727272727,0,TRUE
"Connecticut",2025-03-29,"calendar","sir","hurdle_ztpoisson",2025-03-15,2025,2,147,153,147,4.00136363636364,6,TRUE
"Connecticut",2025-03-29,"calendar","sir","hurdle_ztpoisson",2025-03-22,2025,1,118,118,118,0.227272727272727,0,TRUE
"Connecticut",2025-03-29,"calendar","sir","hurdle_ztpoisson",2025-03-29,2025,0,77,77,77,0.312878787878787,0,TRUE
"Connecticut",2025-04-26,"calendar","hsgp","hurdle_ztnb",2025-03-29,2025,4,77,77,77,0.0195454545454544,0,TRUE
"Connecticut",2025-04-26,"calendar","hsgp","hurdle_ztnb",2025-04-05,2025,3,53,53,53,0.0286363636363635,0,TRUE
"Connecticut",2025-04-26,"calendar","hsgp","hurdle_ztnb",2025-04-12,2025,2,39,40,39,0.745454545454545,1,TRUE
"Connecticut",2025-04-26,"calendar","hsgp","hurdle_ztnb",2025-04-19,2025,1,34,34,34,0.0727272727272728,0,TRUE
"Connecticut",2025-04-26,"calendar","hsgp","hurdle_ztnb",2025-04-26,2025,0,61,53,61,7.57545454545455,8,FALSE
"Connecticut",2025-04-26,"calendar","hsgp","hurdle_ztpoisson",2025-03-29,2025,4,77,77,77,0.181818181818182,0,TRUE
"Connecticut",2025-04-26,"calendar","hsgp","hurdle_ztpoisson",2025-04-05,2025,3,53,53,53,0.137727272727273,0,TRUE
"Connecticut",2025-04-26,"calendar","hsgp","hurdle_ztpoisson",2025-04-12,2025,2,39,40,39,0.810454545454546,1,TRUE
"Connecticut",2025-04-26,"calendar","hsgp","hurdle_ztpoisson",2025-04-19,2025,1,34,34,34,0.546818181818182,0,TRUE
"Connecticut",2025-04-26,"calendar","hsgp","hurdle_ztpoisson",2025-04-26,2025,0,61,53,61,5.53106060606061,8,TRUE
"Connecticut",2025-04-26,"calendar","sir","hurdle_ztnb",2025-03-29,2025,4,77,77,77,0.0946969696969694,0,TRUE
"Connecticut",2025-04-26,"calendar","sir","hurdle_ztnb",2025-04-05,2025,3,53,53,53,0.137727272727273,0,TRUE
"Connecticut",2025-04-26,"calendar","sir","hurdle_ztnb",2025-04-12,2025,2,39,40,39,0.666060606060606,1,TRUE
"Connecticut",2025-04-26,"calendar","sir","hurdle_ztnb",2025-04-19,2025,1,34,34,34,0.361969696969697,0,TRUE
"Connecticut",2025-04-26,"calendar","sir","hurdle_ztnb",2025-04-26,2025,0,61,53,61,8.02969696969697,8,FALSE
"Connecticut",2025-04-26,"calendar","sir","hurdle_ztpoisson",2025-03-29,2025,4,77,77,77,0,0,TRUE
"Connecticut",2025-04-26,"calendar","sir","hurdle_ztpoisson",2025-04-05,2025,3,53,53,53,0.00272727272727232,0,TRUE
"Connecticut",2025-04-26,"calendar","sir","hurdle_ztpoisson",2025-04-12,2025,2,39,40,39,0.845454545454545,1,TRUE
"Connecticut",2025-04-26,"calendar","sir","hurdle_ztpoisson",2025-04-19,2025,1,34,34,34,0.0377272727272726,0,TRUE
"Connecticut",2025-04-26,"calendar","sir","hurdle_ztpoisson",2025-04-26,2025,0,61,53,61,7.81045454545454,8,FALSE
"Connecticut",2025-05-31,"calendar","hsgp","hurdle_ztnb",2025-05-03,2025,4,25,25,25,0,0,TRUE
"Connecticut",2025-05-31,"calendar","hsgp","hurdle_ztnb",2025-05-10,2025,3,9,9,9,0,0,TRUE
"Connecticut",2025-05-31,"calendar","hsgp","hurdle_ztnb",2025-05-17,2025,2,17,17,17,0.0377272727272726,0,TRUE
"Connecticut",2025-05-31,"calendar","hsgp","hurdle_ztnb",2025-05-24,2025,1,14,14,14,0.0740909090909089,0,TRUE
"Connecticut",2025-05-31,"calendar","hsgp","hurdle_ztnb",2025-05-31,2025,0,16,16,16,0.190909090909091,0,TRUE
"Connecticut",2025-05-31,"calendar","hsgp","hurdle_ztpoisson",2025-05-03,2025,4,25,25,25,0,0,TRUE
"Connecticut",2025-05-31,"calendar","hsgp","hurdle_ztpoisson",2025-05-10,2025,3,9,9,9,0,0,TRUE
"Connecticut",2025-05-31,"calendar","hsgp","hurdle_ztpoisson",2025-05-17,2025,2,17,17,17,0.0272727272727273,0,TRUE
"Connecticut",2025-05-31,"calendar","hsgp","hurdle_ztpoisson",2025-05-24,2025,1,14,14,14,0.112878787878788,0,TRUE
"Connecticut",2025-05-31,"calendar","hsgp","hurdle_ztpoisson",2025-05-31,2025,0,16,16,16,0.311515151515152,0,TRUE
"Connecticut",2025-05-31,"calendar","sir","hurdle_ztnb",2025-05-03,2025,4,25,25,25,0.0090909090909091,0,TRUE
"Connecticut",2025-05-31,"calendar","sir","hurdle_ztnb",2025-05-10,2025,3,9,9,9,0.0286363636363635,0,TRUE
"Connecticut",2025-05-31,"calendar","sir","hurdle_ztnb",2025-05-17,2025,2,17,17,17,0.0572727272727269,0,TRUE
"Connecticut",2025-05-31,"calendar","sir","hurdle_ztnb",2025-05-24,2025,1,14,14,14,0.137727272727273,0,TRUE
"Connecticut",2025-05-31,"calendar","sir","hurdle_ztnb",2025-05-31,2025,0,16,16,16,0.265,0,TRUE
"Connecticut",2025-05-31,"calendar","sir","hurdle_ztpoisson",2025-05-03,2025,4,25,25,25,0,0,TRUE
"Connecticut",2025-05-31,"calendar","sir","hurdle_ztpoisson",2025-05-10,2025,3,9,9,9,0,0,TRUE
"Connecticut",2025-05-31,"calendar","sir","hurdle_ztpoisson",2025-05-17,2025,2,17,17,17,0,0,TRUE
"Connecticut",2025-05-31,"calendar","sir","hurdle_ztpoisson",2025-05-24,2025,1,14,14,14,0,0,TRUE
"Connecticut",2025-05-31,"calendar","sir","hurdle_ztpoisson",2025-05-31,2025,0,16,16,16,0.00136363636363616,0,TRUE
"Delaware",2025-01-02,"calendar","hsgp","hurdle_ztnb",2024-11-30,2024,4,5,5,5,0.109090909090909,0,TRUE
"Delaware",2025-01-02,"calendar","hsgp","hurdle_ztnb",2024-12-07,2024,3,15,15,15,0.201363636363636,0,TRUE
"Delaware",2025-01-02,"calendar","hsgp","hurdle_ztnb",2024-12-14,2024,2,15,15,15,0.427272727272727,0,TRUE
"Delaware",2025-01-02,"calendar","hsgp","hurdle_ztnb",2024-12-21,2024,1,43,43,43,0.656969696969697,0,TRUE
"Delaware",2025-01-02,"calendar","hsgp","hurdle_ztnb",2024-12-28,2024,0,79,96,80,11.2,16,FALSE
"Delaware",2025-01-02,"calendar","hsgp","hurdle_ztpoisson",2024-11-30,2024,4,5,5,5,0.0454545454545455,0,TRUE
"Delaware",2025-01-02,"calendar","hsgp","hurdle_ztpoisson",2024-12-07,2024,3,15,15,15,0.118181818181818,0,TRUE
"Delaware",2025-01-02,"calendar","hsgp","hurdle_ztpoisson",2024-12-14,2024,2,15,15,15,0.263636363636364,0,TRUE
"Delaware",2025-01-02,"calendar","hsgp","hurdle_ztpoisson",2024-12-21,2024,1,43,43,43,0.690909090909091,0,TRUE
"Delaware",2025-01-02,"calendar","hsgp","hurdle_ztpoisson",2024-12-28,2024,0,79,96,80,9.505,16,TRUE
"Delaware",2025-01-02,"calendar","sir","hurdle_ztnb",2024-11-30,2024,4,5,5,5,0,0,TRUE
"Delaware",2025-01-02,"calendar","sir","hurdle_ztnb",2024-12-07,2024,3,15,15,15,0,0,TRUE
"Delaware",2025-01-02,"calendar","sir","hurdle_ztnb",2024-12-14,2024,2,15,15,15,0,0,TRUE
"Delaware",2025-01-02,"calendar","sir","hurdle_ztnb",2024-12-21,2024,1,43,43,43,0,0,TRUE
"Delaware",2025-01-02,"calendar","sir","hurdle_ztnb",2024-12-28,2024,0,79,96,79,17,17,FALSE
"Delaware",2025-01-02,"calendar","sir","hurdle_ztpoisson",2024-11-30,2024,4,5,5,5,0,0,TRUE
"Delaware",2025-01-02,"calendar","sir","hurdle_ztpoisson",2024-12-07,2024,3,15,15,15,0,0,TRUE
"Delaware",2025-01-02,"calendar","sir","hurdle_ztpoisson",2024-12-14,2024,2,15,15,15,0,0,TRUE
"Delaware",2025-01-02,"calendar","sir","hurdle_ztpoisson",2024-12-21,2024,1,43,43,43,0,0,TRUE
"Delaware",2025-01-02,"calendar","sir","hurdle_ztpoisson",2024-12-28,2024,0,79,96,79,17,17,FALSE
"Delaware",2025-02-15,"calendar","hsgp","hurdle_ztnb",2025-01-18,2025,4,66,94,66,24.2013636363636,28,FALSE
"Delaware",2025-02-15,"calendar","hsgp","hurdle_ztnb",2025-01-25,2025,3,80,117,81,30.829696969697,36,FALSE
"Delaware",2025-02-15,"calendar","hsgp","hurdle_ztnb",2025-02-01,2025,2,140,198,141.5,50.0768181818182,56.5,FALSE
"Delaware",2025-02-15,"calendar","hsgp","hurdle_ztnb",2025-02-08,2025,1,157,231,161,60.4668181818182,70,FALSE
"Delaware",2025-02-15,"calendar","hsgp","hurdle_ztnb",2025-02-15,2025,0,160,230,164,52.0751515151515,66,FALSE
"Delaware",2025-02-15,"calendar","hsgp","hurdle_ztpoisson",2025-01-18,2025,4,66,94,66,23.86,28,FALSE
"Delaware",2025-02-15,"calendar","hsgp","hurdle_ztpoisson",2025-01-25,2025,3,80,117,80.5,30.5978787878788,36.5,FALSE
"Delaware",2025-02-15,"calendar","hsgp","hurdle_ztpoisson",2025-02-01,2025,2,140,198,143,47.0769696969697,55,FALSE
"Delaware",2025-02-15,"calendar","hsgp","hurdle_ztpoisson",2025-02-08,2025,1,157,231,159,56.9740909090909,72,FALSE
"Delaware",2025-02-15,"calendar","hsgp","hurdle_ztpoisson",2025-02-15,2025,0,160,230,167,37.3407575757576,63,TRUE
"Delaware",2025-02-15,"calendar","sir","hurdle_ztnb",2025-01-18,2025,4,66,94,66,28,28,FALSE
"Delaware",2025-02-15,"calendar","sir","hurdle_ztnb",2025-01-25,2025,3,80,117,80,37,37,FALSE
"Delaware",2025-02-15,"calendar","sir","hurdle_ztnb",2025-02-01,2025,2,140,198,140,58,58,FALSE
"Delaware",2025-02-15,"calendar","sir","hurdle_ztnb",2025-02-08,2025,1,157,231,157,74,74,FALSE
"Delaware",2025-02-15,"calendar","sir","hurdle_ztnb",2025-02-15,2025,0,160,230,160,70,70,FALSE
"Delaware",2025-02-15,"calendar","sir","hurdle_ztpoisson",2025-01-18,2025,4,66,94,66,28,28,FALSE
"Delaware",2025-02-15,"calendar","sir","hurdle_ztpoisson",2025-01-25,2025,3,80,117,80,37,37,FALSE
"Delaware",2025-02-15,"calendar","sir","hurdle_ztpoisson",2025-02-01,2025,2,140,198,140,58,58,FALSE
"Delaware",2025-02-15,"calendar","sir","hurdle_ztpoisson",2025-02-08,2025,1,157,231,157,74,74,FALSE
"Delaware",2025-02-15,"calendar","sir","hurdle_ztpoisson",2025-02-15,2025,0,160,230,160,70,70,FALSE
"Delaware",2025-03-29,"calendar","hsgp","hurdle_ztnb",2025-03-01,2025,4,88,125,88,35.5936363636364,37,FALSE
"Delaware",2025-03-29,"calendar","hsgp","hurdle_ztnb",2025-03-08,2025,3,55,81,55,24.6572727272727,26,FALSE
"Delaware",2025-03-29,"calendar","hsgp","hurdle_ztnb",2025-03-15,2025,2,45,64,45,17.1636363636364,19,FALSE
"Delaware",2025-03-29,"calendar","hsgp","hurdle_ztnb",2025-03-22,2025,1,33,48,33,11.3242424242424,15,FALSE
"Delaware",2025-03-29,"calendar","hsgp","hurdle_ztnb",2025-03-29,2025,0,10,34,10,20.694696969697,24,FALSE
"Delaware",2025-03-29,"calendar","hsgp","hurdle_ztpoisson",2025-03-01,2025,4,88,125,88,33.5418181818182,37,FALSE
"Delaware",2025-03-29,"calendar","hsgp","hurdle_ztpoisson",2025-03-08,2025,3,55,81,55,23.1127272727273,26,FALSE
"Delaware",2025-03-29,"calendar","hsgp","hurdle_ztpoisson",2025-03-15,2025,2,45,64,45,14.7292424242424,19,FALSE
"Delaware",2025-03-29,"calendar","hsgp","hurdle_ztpoisson",2025-03-22,2025,1,33,48,33,10.5019696969697,15,FALSE
"Delaware",2025-03-29,"calendar","hsgp","hurdle_ztpoisson",2025-03-29,2025,0,10,34,10,16.1581818181818,24,FALSE
"Delaware",2025-03-29,"calendar","sir","hurdle_ztnb",2025-03-01,2025,4,88,125,88,37,37,FALSE
"Delaware",2025-03-29,"calendar","sir","hurdle_ztnb",2025-03-08,2025,3,55,81,55,26,26,FALSE
"Delaware",2025-03-29,"calendar","sir","hurdle_ztnb",2025-03-15,2025,2,45,64,45,19,19,FALSE
"Delaware",2025-03-29,"calendar","sir","hurdle_ztnb",2025-03-22,2025,1,33,48,33,15,15,FALSE
"Delaware",2025-03-29,"calendar","sir","hurdle_ztnb",2025-03-29,2025,0,10,34,10,24,24,FALSE
"Delaware",2025-03-29,"calendar","sir","hurdle_ztpoisson",2025-03-01,2025,4,88,125,88,37,37,FALSE
"Delaware",2025-03-29,"calendar","sir","hurdle_ztpoisson",2025-03-08,2025,3,55,81,55,26,26,FALSE
"Delaware",2025-03-29,"calendar","sir","hurdle_ztpoisson",2025-03-15,2025,2,45,64,45,19,19,FALSE
"Delaware",2025-03-29,"calendar","sir","hurdle_ztpoisson",2025-03-22,2025,1,33,48,33,15,15,FALSE
"Delaware",2025-03-29,"calendar","sir","hurdle_ztpoisson",2025-03-29,2025,0,10,34,10,24,24,FALSE
"Delaware",2025-04-26,"calendar","hsgp","hurdle_ztnb",2025-03-29,2025,4,17,34,17,16.9481818181818,17,FALSE
"Delaware",2025-04-26,"calendar","hsgp","hurdle_ztnb",2025-04-05,2025,3,15,24,15,9,9,FALSE
"Delaware",2025-04-26,"calendar","hsgp","hurdle_ztnb",2025-04-12,2025,2,12,14,12,1.80136363636364,2,FALSE
"Delaware",2025-04-26,"calendar","hsgp","hurdle_ztnb",2025-04-19,2025,1,9,10,9,0.692272727272727,1,TRUE
"Delaware",2025-04-26,"calendar","hsgp","hurdle_ztnb",2025-04-26,2025,0,2,4,2,1.38181818181818,2,TRUE
"Delaware",2025-04-26,"calendar","hsgp","hurdle_ztpoisson",2025-03-29,2025,4,17,34,17,16.2831818181818,17,FALSE
"Delaware",2025-04-26,"calendar","hsgp","hurdle_ztpoisson",2025-04-05,2025,3,15,24,15,7.725,9,FALSE
"Delaware",2025-04-26,"calendar","hsgp","hurdle_ztpoisson",2025-04-12,2025,2,12,14,12,1.40136363636364,2,TRUE
"Delaware",2025-04-26,"calendar","hsgp","hurdle_ztpoisson",2025-04-19,2025,1,9,10,9,0.7,1,TRUE
"Delaware",2025-04-26,"calendar","hsgp","hurdle_ztpoisson",2025-04-26,2025,0,2,4,2,0.98560606060606,2,TRUE
"Delaware",2025-04-26,"calendar","sir","hurdle_ztnb",2025-03-29,2025,4,17,34,17,17,17,FALSE
"Delaware",2025-04-26,"calendar","sir","hurdle_ztnb",2025-04-05,2025,3,15,24,15,9,9,FALSE
"Delaware",2025-04-26,"calendar","sir","hurdle_ztnb",2025-04-12,2025,2,12,14,12,2,2,FALSE
"Delaware",2025-04-26,"calendar","sir","hurdle_ztnb",2025-04-19,2025,1,9,10,9,1,1,FALSE
"Delaware",2025-04-26,"calendar","sir","hurdle_ztnb",2025-04-26,2025,0,2,4,2,2,2,FALSE
"Delaware",2025-04-26,"calendar","sir","hurdle_ztpoisson",2025-03-29,2025,4,17,34,17,17,17,FALSE
"Delaware",2025-04-26,"calendar","sir","hurdle_ztpoisson",2025-04-05,2025,3,15,24,15,9,9,FALSE
"Delaware",2025-04-26,"calendar","sir","hurdle_ztpoisson",2025-04-12,2025,2,12,14,12,2,2,FALSE
"Delaware",2025-04-26,"calendar","sir","hurdle_ztpoisson",2025-04-19,2025,1,9,10,9,1,1,FALSE
"Delaware",2025-04-26,"calendar","sir","hurdle_ztpoisson",2025-04-26,2025,0,2,4,2,2,2,FALSE
"Delaware",2025-05-31,"calendar","hsgp","hurdle_ztnb",2025-05-03,2025,4,6,10,6,4,4,FALSE
"Delaware",2025-05-31,"calendar","hsgp","hurdle_ztnb",2025-05-10,2025,3,3,5,3,2,2,FALSE
"Delaware",2025-05-31,"calendar","hsgp","hurdle_ztnb",2025-05-17,2025,2,0,0,0,0,0,TRUE
"Delaware",2025-05-31,"calendar","hsgp","hurdle_ztnb",2025-05-24,2025,1,0,1,0,0.827272727272727,1,TRUE
"Delaware",2025-05-31,"calendar","hsgp","hurdle_ztnb",2025-05-31,2025,0,0,0,0,0.0649999999999998,0,TRUE
"Delaware",2025-05-31,"calendar","hsgp","hurdle_ztpoisson",2025-05-03,2025,4,6,10,6,4,4,FALSE
"Delaware",2025-05-31,"calendar","hsgp","hurdle_ztpoisson",2025-05-10,2025,3,3,5,3,2,2,FALSE
"Delaware",2025-05-31,"calendar","hsgp","hurdle_ztpoisson",2025-05-17,2025,2,0,0,0,0,0,TRUE
"Delaware",2025-05-31,"calendar","hsgp","hurdle_ztpoisson",2025-05-24,2025,1,0,1,0,1,1,FALSE
"Delaware",2025-05-31,"calendar","hsgp","hurdle_ztpoisson",2025-05-31,2025,0,0,0,0,0.0454545454545455,0,TRUE
"Delaware",2025-05-31,"calendar","sir","hurdle_ztnb",2025-05-03,2025,4,6,10,6,4,4,FALSE
"Delaware",2025-05-31,"calendar","sir","hurdle_ztnb",2025-05-10,2025,3,3,5,3,2,2,FALSE
"Delaware",2025-05-31,"calendar","sir","hurdle_ztnb",2025-05-17,2025,2,0,0,0,0,0,TRUE
"Delaware",2025-05-31,"calendar","sir","hurdle_ztnb",2025-05-24,2025,1,0,1,0,1,1,FALSE
"Delaware",2025-05-31,"calendar","sir","hurdle_ztnb",2025-05-31,2025,0,0,0,0,0,0,TRUE
"Delaware",2025-05-31,"calendar","sir","hurdle_ztpoisson",2025-05-03,2025,4,6,10,6,4,4,FALSE
"Delaware",2025-05-31,"calendar","sir","hurdle_ztpoisson",2025-05-10,2025,3,3,5,3,2,2,FALSE
"Delaware",2025-05-31,"calendar","sir","hurdle_ztpoisson",2025-05-17,2025,2,0,0,0,0,0,TRUE
"Delaware",2025-05-31,"calendar","sir","hurdle_ztpoisson",2025-05-24,2025,1,0,1,0,1,1,FALSE
"Delaware",2025-05-31,"calendar","sir","hurdle_ztpoisson",2025-05-31,2025,0,0,0,0,0,0,TRUE
"District of Columbia",2025-01-02,"calendar","hsgp","hurdle_ztnb",2024-11-30,2024,4,6,5,6,1.00909090909091,1,FALSE
"District of Columbia",2025-01-02,"calendar","hsgp","hurdle_ztnb",2024-12-07,2024,3,2,2,2,0.0206060606060605,0,TRUE
"District of Columbia",2025-01-02,"calendar","hsgp","hurdle_ztnb",2024-12-14,2024,2,6,4,6,2.03636363636364,2,FALSE
"District of Columbia",2025-01-02,"calendar","hsgp","hurdle_ztnb",2024-12-21,2024,1,19,16,19,3.16363636363636,3,FALSE
"District of Columbia",2025-01-02,"calendar","hsgp","hurdle_ztnb",2024-12-28,2024,0,22,38,23,13.3272727272727,15,FALSE
"District of Columbia",2025-01-02,"calendar","hsgp","hurdle_ztpoisson",2024-11-30,2024,4,6,5,6,1,1,FALSE
"District of Columbia",2025-01-02,"calendar","hsgp","hurdle_ztpoisson",2024-12-07,2024,3,2,2,2,0.0181818181818182,0,TRUE
"District of Columbia",2025-01-02,"calendar","hsgp","hurdle_ztpoisson",2024-12-14,2024,2,6,4,6,2.03636363636364,2,FALSE
"District of Columbia",2025-01-02,"calendar","hsgp","hurdle_ztpoisson",2024-12-21,2024,1,19,16,19,2.99333333333333,3,FALSE
"District of Columbia",2025-01-02,"calendar","hsgp","hurdle_ztpoisson",2024-12-28,2024,0,22,38,22,13.5545454545455,16,FALSE
"District of Columbia",2025-01-02,"calendar","sir","hurdle_ztnb",2024-11-30,2024,4,6,5,6,1,1,FALSE
"District of Columbia",2025-01-02,"calendar","sir","hurdle_ztnb",2024-12-07,2024,3,2,2,2,0,0,TRUE
"District of Columbia",2025-01-02,"calendar","sir","hurdle_ztnb",2024-12-14,2024,2,6,4,6,2,2,FALSE
"District of Columbia",2025-01-02,"calendar","sir","hurdle_ztnb",2024-12-21,2024,1,19,16,19,3,3,FALSE
"District of Columbia",2025-01-02,"calendar","sir","hurdle_ztnb",2024-12-28,2024,0,22,38,22,16,16,FALSE
"District of Columbia",2025-01-02,"calendar","sir","hurdle_ztpoisson",2024-11-30,2024,4,6,5,6,1,1,FALSE
"District of Columbia",2025-01-02,"calendar","sir","hurdle_ztpoisson",2024-12-07,2024,3,2,2,2,0,0,TRUE
"District of Columbia",2025-01-02,"calendar","sir","hurdle_ztpoisson",2024-12-14,2024,2,6,4,6,2,2,FALSE
"District of Columbia",2025-01-02,"calendar","sir","hurdle_ztpoisson",2024-12-21,2024,1,19,16,19,3,3,FALSE
"District of Columbia",2025-01-02,"calendar","sir","hurdle_ztpoisson",2024-12-28,2024,0,22,38,22,16,16,FALSE
"District of Columbia",2025-02-15,"calendar","hsgp","hurdle_ztnb",2025-01-18,2025,4,58,58,60,1.11818181818182,2,TRUE
"District of Columbia",2025-02-15,"calendar","hsgp","hurdle_ztnb",2025-01-25,2025,3,203,207,205,1.03772727272727,2,TRUE
"District of Columbia",2025-02-15,"calendar","hsgp","hurdle_ztnb",2025-02-01,2025,2,197,197,202,2.80909090909091,5,TRUE
"District of Columbia",2025-02-15,"calendar","hsgp","hurdle_ztnb",2025-02-08,2025,1,248,259,253,3.39363636363636,6,TRUE
"District of Columbia",2025-02-15,"calendar","hsgp","hurdle_ztnb",2025-02-15,2025,0,64,83,72,6.12060606060606,11,TRUE
"District of Columbia",2025-02-15,"calendar","hsgp","hurdle_ztpoisson",2025-01-18,2025,4,58,58,60,1.27636363636364,2,TRUE
"District of Columbia",2025-02-15,"calendar","hsgp","hurdle_ztpoisson",2025-01-25,2025,3,203,207,207,1.05818181818182,0,TRUE
"District of Columbia",2025-02-15,"calendar","hsgp","hurdle_ztpoisson",2025-02-01,2025,2,197,197,202,3.34272727272727,5,TRUE
"District of Columbia",2025-02-15,"calendar","hsgp","hurdle_ztpoisson",2025-02-08,2025,1,248,259,256,2.43636363636364,3,TRUE
"District of Columbia",2025-02-15,"calendar","hsgp","hurdle_ztpoisson",2025-02-15,2025,0,64,83,74,5.47454545454545,9,TRUE
"District of Columbia",2025-02-15,"calendar","sir","hurdle_ztnb",2025-01-18,2025,4,58,58,58,0,0,TRUE
"District of Columbia",2025-02-15,"calendar","sir","hurdle_ztnb",2025-01-25,2025,3,203,207,203,4,4,FALSE
"District of Columbia",2025-02-15,"calendar","sir","hurdle_ztnb",2025-02-01,2025,2,197,197,197,0,0,TRUE
"District of Columbia",2025-02-15,"calendar","sir","hurdle_ztnb",2025-02-08,2025,1,248,259,248,11,11,FALSE
"District of Columbia",2025-02-15,"calendar","sir","hurdle_ztnb",2025-02-15,2025,0,64,83,64,19,19,FALSE
"District of Columbia",2025-02-15,"calendar","sir","hurdle_ztpoisson",2025-01-18,2025,4,58,58,58,0,0,TRUE
"District of Columbia",2025-02-15,"calendar","sir","hurdle_ztpoisson",2025-01-25,2025,3,203,207,203,4,4,FALSE
"District of Columbia",2025-02-15,"calendar","sir","hurdle_ztpoisson",2025-02-01,2025,2,197,197,197,0,0,TRUE
"District of Columbia",2025-02-15,"calendar","sir","hurdle_ztpoisson",2025-02-08,2025,1,248,259,248,11,11,FALSE
"District of Columbia",2025-02-15,"calendar","sir","hurdle_ztpoisson",2025-02-15,2025,0,64,83,64,19,19,FALSE
"District of Columbia",2025-03-29,"calendar","hsgp","hurdle_ztnb",2025-03-01,2025,4,113,120,114,3.38181818181818,6,TRUE
"District of Columbia",2025-03-29,"calendar","hsgp","hurdle_ztnb",2025-03-08,2025,3,112,103,113,9.83090909090909,10,FALSE
"District of Columbia",2025-03-29,"calendar","hsgp","hurdle_ztnb",2025-03-15,2025,2,92,81,94,11.8,13,FALSE
"District of Columbia",2025-03-29,"calendar","hsgp","hurdle_ztnb",2025-03-22,2025,1,64,67,66,1.13106060606061,1,TRUE
"District of Columbia",2025-03-29,"calendar","hsgp","hurdle_ztnb",2025-03-29,2025,0,75,69,78,6.62227272727273,9,FALSE
"District of Columbia",2025-03-29,"calendar","hsgp","hurdle_ztpoisson",2025-03-01,2025,4,113,120,116,2.40909090909091,4,TRUE
"District of Columbia",2025-03-29,"calendar","hsgp","hurdle_ztpoisson",2025-03-08,2025,3,112,103,114,9.83636363636364,11,FALSE
"District of Columbia",2025-03-29,"calendar","hsgp","hurdle_ztpoisson",2025-03-15,2025,2,92,81,95,12.3545454545455,14,FALSE
"District of Columbia",2025-03-29,"calendar","hsgp","hurdle_ztpoisson",2025-03-22,2025,1,64,67,68,1.46742424242424,1,TRUE
"District of Columbia",2025-03-29,"calendar","hsgp","hurdle_ztpoisson",2025-03-29,2025,0,75,69,85,10.1037878787879,16,TRUE
"District of Columbia",2025-03-29,"calendar","sir","hurdle_ztnb",2025-03-01,2025,4,113,120,113,7,7,FALSE
"District of Columbia",2025-03-29,"calendar","sir","hurdle_ztnb",2025-03-08,2025,3,112,103,112,9,9,FALSE
"District of Columbia",2025-03-29,"calendar","sir","hurdle_ztnb",2025-03-15,2025,2,92,81,92,11,11,FALSE
"District of Columbia",2025-03-29,"calendar","sir","hurdle_ztnb",2025-03-22,2025,1,64,67,64,3,3,FALSE
"District of Columbia",2025-03-29,"calendar","sir","hurdle_ztnb",2025-03-29,2025,0,75,69,75,6,6,FALSE
"District of Columbia",2025-03-29,"calendar","sir","hurdle_ztpoisson",2025-03-01,2025,4,113,120,113,7,7,FALSE
"District of Columbia",2025-03-29,"calendar","sir","hurdle_ztpoisson",2025-03-08,2025,3,112,103,112,9,9,FALSE
"District of Columbia",2025-03-29,"calendar","sir","hurdle_ztpoisson",2025-03-15,2025,2,92,81,92,11,11,FALSE
"District of Columbia",2025-03-29,"calendar","sir","hurdle_ztpoisson",2025-03-22,2025,1,64,67,64,3,3,FALSE
"District of Columbia",2025-03-29,"calendar","sir","hurdle_ztpoisson",2025-03-29,2025,0,75,69,75,6,6,FALSE
"District of Columbia",2025-04-26,"calendar","hsgp","hurdle_ztnb",2025-03-29,2025,4,69,69,69,0.146818181818182,0,TRUE
"District of Columbia",2025-04-26,"calendar","hsgp","hurdle_ztnb",2025-04-05,2025,3,28,28,28,0.255909090909091,0,TRUE
"District of Columbia",2025-04-26,"calendar","hsgp","hurdle_ztnb",2025-04-12,2025,2,8,8,8,0.183181818181818,0,TRUE
"District of Columbia",2025-04-26,"calendar","hsgp","hurdle_ztnb",2025-04-19,2025,1,7,7,7,0.340151515151515,0,TRUE
"District of Columbia",2025-04-26,"calendar","hsgp","hurdle_ztnb",2025-04-26,2025,0,3,7,3,1.87409090909091,4,TRUE
"District of Columbia",2025-04-26,"calendar","hsgp","hurdle_ztpoisson",2025-03-29,2025,4,69,69,69,0.318181818181818,0,TRUE
"District of Columbia",2025-04-26,"calendar","hsgp","hurdle_ztpoisson",2025-04-05,2025,3,28,28,28,0.390909090909091,0,TRUE
"District of Columbia",2025-04-26,"calendar","hsgp","hurdle_ztpoisson",2025-04-12,2025,2,8,8,8,0.381818181818182,0,TRUE
"District of Columbia",2025-04-26,"calendar","hsgp","hurdle_ztpoisson",2025-04-19,2025,1,7,7,7,0.427272727272727,0,TRUE
"District of Columbia",2025-04-26,"calendar","hsgp","hurdle_ztpoisson",2025-04-26,2025,0,3,7,3,1.93636363636364,4,TRUE
"District of Columbia",2025-04-26,"calendar","sir","hurdle_ztnb",2025-03-29,2025,4,69,69,69,0,0,TRUE
"District of Columbia",2025-04-26,"calendar","sir","hurdle_ztnb",2025-04-05,2025,3,28,28,28,0,0,TRUE
"District of Columbia",2025-04-26,"calendar","sir","hurdle_ztnb",2025-04-12,2025,2,8,8,8,0,0,TRUE
"District of Columbia",2025-04-26,"calendar","sir","hurdle_ztnb",2025-04-19,2025,1,7,7,7,0,0,TRUE
"District of Columbia",2025-04-26,"calendar","sir","hurdle_ztnb",2025-04-26,2025,0,3,7,3,4,4,FALSE
"District of Columbia",2025-04-26,"calendar","sir","hurdle_ztpoisson",2025-03-29,2025,4,69,69,69,0,0,TRUE
"District of Columbia",2025-04-26,"calendar","sir","hurdle_ztpoisson",2025-04-05,2025,3,28,28,28,0,0,TRUE
"District of Columbia",2025-04-26,"calendar","sir","hurdle_ztpoisson",2025-04-12,2025,2,8,8,8,0,0,TRUE
"District of Columbia",2025-04-26,"calendar","sir","hurdle_ztpoisson",2025-04-19,2025,1,7,7,7,0,0,TRUE
"District of Columbia",2025-04-26,"calendar","sir","hurdle_ztpoisson",2025-04-26,2025,0,3,7,3,4,4,FALSE
"District of Columbia",2025-05-31,"calendar","hsgp","hurdle_ztnb",2025-05-03,2025,4,4,4,4,0.0181818181818182,0,TRUE
"District of Columbia",2025-05-31,"calendar","hsgp","hurdle_ztnb",2025-05-10,2025,3,6,6,6,0.0090909090909091,0,TRUE
"District of Columbia",2025-05-31,"calendar","hsgp","hurdle_ztnb",2025-05-17,2025,2,2,2,2,0.0090909090909091,0,TRUE
"District of Columbia",2025-05-31,"calendar","hsgp","hurdle_ztnb",2025-05-24,2025,1,2,2,2,0.0363636363636364,0,TRUE
"District of Columbia",2025-05-31,"calendar","hsgp","hurdle_ztnb",2025-05-31,2025,0,5,5,5,0.118181818181818,0,TRUE
"District of Columbia",2025-05-31,"calendar","hsgp","hurdle_ztpoisson",2025-05-03,2025,4,4,4,4,0.0090909090909091,0,TRUE
"District of Columbia",2025-05-31,"calendar","hsgp","hurdle_ztpoisson",2025-05-10,2025,3,6,6,6,0.0181818181818182,0,TRUE
"District of Columbia",2025-05-31,"calendar","hsgp","hurdle_ztpoisson",2025-05-17,2025,2,2,2,2,0.0209090909090907,0,TRUE
"District of Columbia",2025-05-31,"calendar","hsgp","hurdle_ztpoisson",2025-05-24,2025,1,2,2,2,0.0272727272727273,0,TRUE
"District of Columbia",2025-05-31,"calendar","hsgp","hurdle_ztpoisson",2025-05-31,2025,0,5,5,5,0.0454545454545455,0,TRUE
"District of Columbia",2025-05-31,"calendar","sir","hurdle_ztnb",2025-05-03,2025,4,4,4,4,0,0,TRUE
"District of Columbia",2025-05-31,"calendar","sir","hurdle_ztnb",2025-05-10,2025,3,6,6,6,0,0,TRUE
"District of Columbia",2025-05-31,"calendar","sir","hurdle_ztnb",2025-05-17,2025,2,2,2,2,0,0,TRUE
"District of Columbia",2025-05-31,"calendar","sir","hurdle_ztnb",2025-05-24,2025,1,2,2,2,0,0,TRUE
"District of Columbia",2025-05-31,"calendar","sir","hurdle_ztnb",2025-05-31,2025,0,5,5,5,0,0,TRUE
"District of Columbia",2025-05-31,"calendar","sir","hurdle_ztpoisson",2025-05-03,2025,4,4,4,4,0,0,TRUE
"District of Columbia",2025-05-31,"calendar","sir","hurdle_ztpoisson",2025-05-10,2025,3,6,6,6,0,0,TRUE
"District of Columbia",2025-05-31,"calendar","sir","hurdle_ztpoisson",2025-05-17,2025,2,2,2,2,0,0,TRUE
"District of Columbia",2025-05-31,"calendar","sir","hurdle_ztpoisson",2025-05-24,2025,1,2,2,2,0,0,TRUE
"District of Columbia",2025-05-31,"calendar","sir","hurdle_ztpoisson",2025-05-31,2025,0,5,5,5,0,0,TRUE
"Florida",2025-01-02,"calendar","hsgp","hurdle_ztnb",2024-11-30,2024,4,607,614,609,4.30787878787879,5,TRUE
"Florida",2025-01-02,"calendar","hsgp","hurdle_ztnb",2024-12-07,2024,3,700,717,705,7.1410606060606,12,TRUE
"Florida",2025-01-02,"calendar","hsgp","hurdle_ztnb",2024-12-14,2024,2,867,893,874,10.0037878787879,19,TRUE
"Florida",2025-01-02,"calendar","hsgp","hurdle_ztnb",2024-12-21,2024,1,1236,1264,1247,11.2716666666667,17,TRUE
"Florida",2025-01-02,"calendar","hsgp","hurdle_ztnb",2024-12-28,2024,0,1967,2091,1991,54.1860606060606,100,TRUE
"Florida",2025-01-02,"calendar","hsgp","hurdle_ztpoisson",2024-11-30,2024,4,607,614,607,5.01954545454545,7,TRUE
"Florida",2025-01-02,"calendar","hsgp","hurdle_ztpoisson",2024-12-07,2024,3,700,717,700,9.13106060606061,17,TRUE
"Florida",2025-01-02,"calendar","hsgp","hurdle_ztpoisson",2024-12-14,2024,2,867,893,867,9.62333333333333,26,TRUE
"Florida",2025-01-02,"calendar","hsgp","hurdle_ztpoisson",2024-12-21,2024,1,1236,1264,1236,10.0015151515152,28,TRUE
"Florida",2025-01-02,"calendar","hsgp","hurdle_ztpoisson",2024-12-28,2024,0,1967,2091,1990,65.259696969697,101,TRUE
"Florida",2025-01-02,"calendar","sir","hurdle_ztnb",2024-11-30,2024,4,607,614,607,4.30924242424242,7,TRUE
"Florida",2025-01-02,"calendar","sir","hurdle_ztnb",2024-12-07,2024,3,700,717,700,9.79030303030304,17,TRUE
"Florida",2025-01-02,"calendar","sir","hurdle_ztnb",2024-12-14,2024,2,867,893,867,15.2830303030303,26,TRUE
"Florida",2025-01-02,"calendar","sir","hurdle_ztnb",2024-12-21,2024,1,1236,1264,1237,15.8328787878788,27,TRUE
"Florida",2025-01-02,"calendar","sir","hurdle_ztnb",2024-12-28,2024,0,1967,2091,1968,95.1868181818182,123,FALSE
"Florida",2025-01-02,"calendar","sir","hurdle_ztpoisson",2024-11-30,2024,4,607,614,607,7,7,FALSE
"Florida",2025-01-02,"calendar","sir","hurdle_ztpoisson",2024-12-07,2024,3,700,717,700,11.8545454545455,17,TRUE
"Florida",2025-01-02,"calendar","sir","hurdle_ztpoisson",2024-12-14,2024,2,867,893,867,26,26,FALSE
"Florida",2025-01-02,"calendar","sir","hurdle_ztpoisson",2024-12-21,2024,1,1236,1264,1236,21.7140909090909,28,TRUE
"Florida",2025-01-02,"calendar","sir","hurdle_ztpoisson",2024-12-28,2024,0,1967,2091,1967,107.288181818182,124,FALSE
"Florida",2025-02-15,"calendar","hsgp","hurdle_ztnb",2025-01-18,2025,4,2666,2718,2674.5,22.1880303030303,43.5,TRUE
"Florida",2025-02-15,"calendar","hsgp","hurdle_ztnb",2025-01-25,2025,3,3091,3255,3107,93.8892424242425,148,TRUE
"Florida",2025-02-15,"calendar","hsgp","hurdle_ztnb",2025-02-01,2025,2,3627,3800,3649,82.2006060606061,151,TRUE
"Florida",2025-02-15,"calendar","hsgp","hurdle_ztnb",2025-02-08,2025,1,3100,3362,3148,127.313333333333,214,TRUE
"Florida",2025-02-15,"calendar","hsgp","hurdle_ztnb",2025-02-15,2025,0,2270,2619,2351,141.020454545455,268,TRUE
"Florida",2025-02-15,"calendar","hsgp","hurdle_ztpoisson",2025-01-18,2025,4,2666,2718,2666,31.0360606060606,52,TRUE
"Florida",2025-02-15,"calendar","hsgp","hurdle_ztpoisson",2025-01-25,2025,3,3091,3255,3091,135.631363636364,164,FALSE
"Florida",2025-02-15,"calendar","hsgp","hurdle_ztpoisson",2025-02-01,2025,2,3627,3800,3627,143.489848484849,173,FALSE
"Florida",2025-02-15,"calendar","hsgp","hurdle_ztpoisson",2025-02-08,2025,1,3100,3362,3109.5,223.970909090909,252.5,FALSE
"Florida",2025-02-15,"calendar","hsgp","hurdle_ztpoisson",2025-02-15,2025,0,2270,2619,2270,344.916212121212,349,FALSE
"Florida",2025-02-15,"calendar","sir","hurdle_ztnb",2025-01-18,2025,4,2666,2718,2666,42.2274242424243,52,FALSE
"Florida",2025-02-15,"calendar","sir","hurdle_ztnb",2025-01-25,2025,3,3091,3255,3091,152.485909090909,164,FALSE
"Florida",2025-02-15,"calendar","sir","hurdle_ztnb",2025-02-01,2025,2,3627,3800,3627,156.775454545455,173,FALSE
"Florida",2025-02-15,"calendar","sir","hurdle_ztnb",2025-02-08,2025,1,3100,3362,3101,240.391818181818,261,FALSE
"Florida",2025-02-15,"calendar","sir","hurdle_ztnb",2025-02-15,2025,0,2270,2619,2273,309.562424242424,346,FALSE
"Florida",2025-02-15,"calendar","sir","hurdle_ztpoisson",2025-01-18,2025,4,2666,2718,2666,39.1977272727273,52,FALSE
"Florida",2025-02-15,"calendar","sir","hurdle_ztpoisson",2025-01-25,2025,3,3091,3255,3091,164,164,FALSE
"Florida",2025-02-15,"calendar","sir","hurdle_ztpoisson",2025-02-01,2025,2,3627,3800,3627,169.692272727273,173,FALSE
"Florida",2025-02-15,"calendar","sir","hurdle_ztpoisson",2025-02-08,2025,1,3100,3362,3100,258.174090909091,262,FALSE
"Florida",2025-02-15,"calendar","sir","hurdle_ztpoisson",2025-02-15,2025,0,2270,2619,2270,342.431818181818,349,FALSE
"Florida",2025-03-29,"calendar","hsgp","hurdle_ztnb",2025-03-01,2025,4,1548,1637,1549,63.435,88,FALSE
"Florida",2025-03-29,"calendar","hsgp","hurdle_ztnb",2025-03-08,2025,3,1243,1324,1247,51.6581818181818,77,FALSE
"Florida",2025-03-29,"calendar","hsgp","hurdle_ztnb",2025-03-15,2025,2,1072,1111,1075,19.605303030303,36,TRUE
"Florida",2025-03-29,"calendar","hsgp","hurdle_ztnb",2025-03-22,2025,1,918,925,923.5,4.65999999999999,1.5,TRUE
"Florida",2025-03-29,"calendar","hsgp","hurdle_ztnb",2025-03-29,2025,0,651,727,663.5,35.4484848484849,63.5,TRUE
"Florida",2025-03-29,"calendar","hsgp","hurdle_ztpoisson",2025-03-01,2025,4,1548,1637,1548,75.8692424242424,89,FALSE
"Florida",2025-03-29,"calendar","hsgp","hurdle_ztpoisson",2025-03-08,2025,3,1243,1324,1243,67.3231818181818,81,FALSE
"Florida",2025-03-29,"calendar","hsgp","hurdle_ztpoisson",2025-03-15,2025,2,1072,1111,1072,23.7590909090909,39,FALSE
"Florida",2025-03-29,"calendar","hsgp","hurdle_ztpoisson",2025-03-22,2025,1,918,925,918,4.465,7,TRUE
"Florida",2025-03-29,"calendar","hsgp","hurdle_ztpoisson",2025-03-29,2025,0,651,727,651,62.2715151515152,76,TRUE
"Florida",2025-03-29,"calendar","sir","hurdle_ztnb",2025-03-01,2025,4,1548,1637,1548,79.8213636363637,89,FALSE
"Florida",2025-03-29,"calendar","sir","hurdle_ztnb",2025-03-08,2025,3,1243,1324,1243,68.0909090909091,81,FALSE
"Florida",2025-03-29,"calendar","sir","hurdle_ztnb",2025-03-15,2025,2,1072,1111,1073,24.2145454545455,38,TRUE
"Florida",2025-03-29,"calendar","sir","hurdle_ztnb",2025-03-22,2025,1,918,925,918,4.66590909090909,7,TRUE
"Florida",2025-03-29,"calendar","sir","hurdle_ztnb",2025-03-29,2025,0,651,727,654,44.2277272727273,73,TRUE
"Florida",2025-03-29,"calendar","sir","hurdle_ztpoisson",2025-03-01,2025,4,1548,1637,1548,89,89,FALSE
"Florida",2025-03-29,"calendar","sir","hurdle_ztpoisson",2025-03-08,2025,3,1243,1324,1243,81,81,FALSE
"Florida",2025-03-29,"calendar","sir","hurdle_ztpoisson",2025-03-15,2025,2,1072,1111,1072,39,39,FALSE
"Florida",2025-03-29,"calendar","sir","hurdle_ztpoisson",2025-03-22,2025,1,918,925,918,7,7,FALSE
"Florida",2025-03-29,"calendar","sir","hurdle_ztpoisson",2025-03-29,2025,0,651,727,651,75.4300000000001,76,FALSE
"Florida",2025-04-26,"calendar","hsgp","hurdle_ztnb",2025-03-29,2025,4,708,727,708,11.4040909090909,19,TRUE
"Florida",2025-04-26,"calendar","hsgp","hurdle_ztnb",2025-04-05,2025,3,579,591,579,7.15863636363636,12,TRUE
"Florida",2025-04-26,"calendar","hsgp","hurdle_ztnb",2025-04-12,2025,2,380,409,381,15.7027272727273,28,TRUE
"Florida",2025-04-26,"calendar","hsgp","hurdle_ztnb",2025-04-19,2025,1,328,343,331.5,5.88469696969697,11.5,TRUE
"Florida",2025-04-26,"calendar","hsgp","hurdle_ztnb",2025-04-26,2025,0,240,268,248.5,10.7525757575758,19.5,TRUE
"Florida",2025-04-26,"calendar","hsgp","hurdle_ztpoisson",2025-03-29,2025,4,708,727,708,13.7636363636364,19,FALSE
"Florida",2025-04-26,"calendar","hsgp","hurdle_ztpoisson",2025-04-05,2025,3,579,591,579,7.17272727272727,12,TRUE
"Florida",2025-04-26,"calendar","hsgp","hurdle_ztpoisson",2025-04-12,2025,2,380,409,380,22.4504545454545,29,FALSE
"Florida",2025-04-26,"calendar","hsgp","hurdle_ztpoisson",2025-04-19,2025,1,328,343,328,7.825,15,TRUE
"Florida",2025-04-26,"calendar","hsgp","hurdle_ztpoisson",2025-04-26,2025,0,240,268,240,19.4910606060606,28,TRUE
"Florida",2025-04-26,"calendar","sir","hurdle_ztnb",2025-03-29,2025,4,708,727,708,13.0727272727273,19,TRUE
"Florida",2025-04-26,"calendar","sir","hurdle_ztnb",2025-04-05,2025,3,579,591,579,7.05590909090909,12,TRUE
"Florida",2025-04-26,"calendar","sir","hurdle_ztnb",2025-04-12,2025,2,380,409,380,17.8422727272727,29,TRUE
"Florida",2025-04-26,"calendar","sir","hurdle_ztnb",2025-04-19,2025,1,328,343,328,8.50106060606061,15,TRUE
"Florida",2025-04-26,"calendar","sir","hurdle_ztnb",2025-04-26,2025,0,240,268,243,12.9781818181818,25,TRUE
"Florida",2025-04-26,"calendar","sir","hurdle_ztpoisson",2025-03-29,2025,4,708,727,708,19,19,FALSE
"Florida",2025-04-26,"calendar","sir","hurdle_ztpoisson",2025-04-05,2025,3,579,591,579,12,12,FALSE
"Florida",2025-04-26,"calendar","sir","hurdle_ztpoisson",2025-04-12,2025,2,380,409,380,29,29,FALSE
"Florida",2025-04-26,"calendar","sir","hurdle_ztpoisson",2025-04-19,2025,1,328,343,328,15,15,FALSE
"Florida",2025-04-26,"calendar","sir","hurdle_ztpoisson",2025-04-26,2025,0,240,268,240,28,28,FALSE
"Florida",2025-05-31,"calendar","hsgp","hurdle_ztnb",2025-05-03,2025,4,224,241,224,12.6690909090909,17,TRUE
"Florida",2025-05-31,"calendar","hsgp","hurdle_ztnb",2025-05-10,2025,3,231,239,231,4.82727272727273,8,TRUE
"Florida",2025-05-31,"calendar","hsgp","hurdle_ztnb",2025-05-17,2025,2,208,219,208,5.84,11,TRUE
"Florida",2025-05-31,"calendar","hsgp","hurdle_ztnb",2025-05-24,2025,1,208,215,211,3.00878787878788,4,TRUE
"Florida",2025-05-31,"calendar","hsgp","hurdle_ztnb",2025-05-31,2025,0,210,232,218,8.64666666666666,14,TRUE
"Florida",2025-05-31,"calendar","hsgp","hurdle_ztpoisson",2025-05-03,2025,4,224,241,224,15.0740909090909,17,FALSE
"Florida",2025-05-31,"calendar","hsgp","hurdle_ztpoisson",2025-05-10,2025,3,231,239,231,5.50136363636364,8,TRUE
"Florida",2025-05-31,"calendar","hsgp","hurdle_ztpoisson",2025-05-17,2025,2,208,219,208,7.96363636363636,11,FALSE
"Florida",2025-05-31,"calendar","hsgp","hurdle_ztpoisson",2025-05-24,2025,1,208,215,208,3.94681818181818,7,TRUE
"Florida",2025-05-31,"calendar","hsgp","hurdle_ztpoisson",2025-05-31,2025,0,210,232,210,17.4133333333333,22,TRUE
"Florida",2025-05-31,"calendar","sir","hurdle_ztnb",2025-05-03,2025,4,224,241,224,10.8436363636364,17,TRUE
"Florida",2025-05-31,"calendar","sir","hurdle_ztnb",2025-05-10,2025,3,231,239,231,4.79636363636364,8,TRUE
"Florida",2025-05-31,"calendar","sir","hurdle_ztnb",2025-05-17,2025,2,208,219,208,6.31151515151515,11,TRUE
"Florida",2025-05-31,"calendar","sir","hurdle_ztnb",2025-05-24,2025,1,208,215,209,3.87409090909091,6,TRUE
"Florida",2025-05-31,"calendar","sir","hurdle_ztnb",2025-05-31,2025,0,210,232,212,10.5965151515152,20,TRUE
"Florida",2025-05-31,"calendar","sir","hurdle_ztpoisson",2025-05-03,2025,4,224,241,224,17,17,FALSE
"Florida",2025-05-31,"calendar","sir","hurdle_ztpoisson",2025-05-10,2025,3,231,239,231,8,8,FALSE
"Florida",2025-05-31,"calendar","sir","hurdle_ztpoisson",2025-05-17,2025,2,208,219,208,11,11,FALSE
"Florida",2025-05-31,"calendar","sir","hurdle_ztpoisson",2025-05-24,2025,1,208,215,208,7,7,FALSE
"Florida",2025-05-31,"calendar","sir","hurdle_ztpoisson",2025-05-31,2025,0,210,232,210,22,22,FALSE
"Georgia",2025-01-02,"calendar","hsgp","hurdle_ztnb",2024-11-30,2024,4,56,56,58.5,1.59454545454545,2.5,TRUE
"Georgia",2025-01-02,"calendar","hsgp","hurdle_ztnb",2024-12-07,2024,3,86,88,89,1.31818181818182,1,TRUE
"Georgia",2025-01-02,"calendar","hsgp","hurdle_ztnb",2024-12-14,2024,2,214,215,218,2.09833333333333,3,TRUE
"Georgia",2025-01-02,"calendar","hsgp","hurdle_ztnb",2024-12-21,2024,1,387,397,392,2.88681818181818,5,TRUE
"Georgia",2025-01-02,"calendar","hsgp","hurdle_ztnb",2024-12-28,2024,0,695,800,707.5,71.0765151515152,92.5,FALSE
"Georgia",2025-01-02,"calendar","hsgp","hurdle_ztpoisson",2024-11-30,2024,4,56,56,56,0.327272727272727,0,TRUE
"Georgia",2025-01-02,"calendar","hsgp","hurdle_ztpoisson",2024-12-07,2024,3,86,88,88,0.846818181818182,0,TRUE
"Georgia",2025-01-02,"calendar","hsgp","hurdle_ztpoisson",2024-12-14,2024,2,214,215,218,2.17409090909091,3,TRUE
"Georgia",2025-01-02,"calendar","hsgp","hurdle_ztpoisson",2024-12-21,2024,1,387,397,396,3.93,1,TRUE
"Georgia",2025-01-02,"calendar","hsgp","hurdle_ztpoisson",2024-12-28,2024,0,695,800,721,41.244696969697,79,TRUE
"Georgia",2025-01-02,"calendar","sir","hurdle_ztnb",2024-11-30,2024,4,56,56,56,0.163636363636364,0,TRUE
"Georgia",2025-01-02,"calendar","sir","hurdle_ztnb",2024-12-07,2024,3,86,88,86,1.09227272727273,2,TRUE
"Georgia",2025-01-02,"calendar","sir","hurdle_ztnb",2024-12-14,2024,2,214,215,214,0.592272727272727,1,TRUE
"Georgia",2025-01-02,"calendar","sir","hurdle_ztnb",2024-12-21,2024,1,387,397,388,5.19363636363636,9,TRUE
"Georgia",2025-01-02,"calendar","sir","hurdle_ztnb",2024-12-28,2024,0,695,800,696,96.3872727272727,104,FALSE
"Georgia",2025-01-02,"calendar","sir","hurdle_ztpoisson",2024-11-30,2024,4,56,56,56,0.0569696969696968,0,TRUE
"Georgia",2025-01-02,"calendar","sir","hurdle_ztpoisson",2024-12-07,2024,3,86,88,90,1.91590909090909,2,TRUE
"Georgia",2025-01-02,"calendar","sir","hurdle_ztpoisson",2024-12-14,2024,2,214,215,214,0.62060606060606,1,TRUE
"Georgia",2025-01-02,"calendar","sir","hurdle_ztpoisson",2024-12-21,2024,1,387,397,388,4.68181818181818,9,TRUE
"Georgia",2025-01-02,"calendar","sir","hurdle_ztpoisson",2024-12-28,2024,0,695,800,706,71.3190909090909,94,FALSE
"Georgia",2025-02-15,"calendar","hsgp","hurdle_ztnb",2025-01-18,2025,4,963,992,974,10.2795454545455,18,TRUE
"Georgia",2025-02-15,"calendar","hsgp","hurdle_ztnb",2025-01-25,2025,3,1182,1195,1200,4.97772727272727,5,TRUE
"Georgia",2025-02-15,"calendar","hsgp","hurdle_ztnb",2025-02-01,2025,2,1346,1373,1364,7.62742424242424,9,TRUE
"Georgia",2025-02-15,"calendar","hsgp","hurdle_ztnb",2025-02-08,2025,1,1230,1301,1262,21.0512121212121,39,TRUE
"Georgia",2025-02-15,"calendar","hsgp","hurdle_ztnb",2025-02-15,2025,0,409,734,458,172.476666666667,276,TRUE
"Georgia",2025-02-15,"calendar","hsgp","hurdle_ztpoisson",2025-01-18,2025,4,963,992,964,24.2454545454545,28,FALSE
"Georgia",2025-02-15,"calendar","hsgp","hurdle_ztpoisson",2025-01-25,2025,3,1182,1195,1185,5.75818181818183,10,TRUE
"Georgia",2025-02-15,"calendar","hsgp","hurdle_ztpoisson",2025-02-01,2025,2,1346,1373,1349,15.4145454545455,24,FALSE
"Georgia",2025-02-15,"calendar","hsgp","hurdle_ztpoisson",2025-02-08,2025,1,1230,1301,1234,50.8198484848485,67,FALSE
"Georgia",2025-02-15,"calendar","hsgp","hurdle_ztpoisson",2025-02-15,2025,0,409,734,409,279.280151515152,325,FALSE
"Georgia",2025-02-15,"calendar","sir","hurdle_ztnb",2025-01-18,2025,4,963,992,963,25.0090909090909,29,FALSE
"Georgia",2025-02-15,"calendar","sir","hurdle_ztnb",2025-01-25,2025,3,1182,1195,1183,8.26363636363636,12,TRUE
"Georgia",2025-02-15,"calendar","sir","hurdle_ztnb",2025-02-01,2025,2,1346,1373,1347,17.6060606060606,26,FALSE
"Georgia",2025-02-15,"calendar","sir","hurdle_ztnb",2025-02-08,2025,1,1230,1301,1231.5,60.6781818181818,69.5,FALSE
"Georgia",2025-02-15,"calendar","sir","hurdle_ztnb",2025-02-15,2025,0,409,734,412.5,306.316363636364,321.5,FALSE
"Georgia",2025-02-15,"calendar","sir","hurdle_ztpoisson",2025-01-18,2025,4,963,992,972,14.1169696969697,20,FALSE
"Georgia",2025-02-15,"calendar","sir","hurdle_ztpoisson",2025-01-25,2025,3,1182,1195,1184,8.02863636363635,11,FALSE
"Georgia",2025-02-15,"calendar","sir","hurdle_ztpoisson",2025-02-01,2025,2,1346,1373,1350,16.8495454545454,23,FALSE
"Georgia",2025-02-15,"calendar","sir","hurdle_ztpoisson",2025-02-08,2025,1,1230,1301,1234,47.5427272727273,67,TRUE
"Georgia",2025-02-15,"calendar","sir","hurdle_ztpoisson",2025-02-15,2025,0,409,734,409.5,308.585151515152,324.5,FALSE
"Georgia",2025-03-29,"calendar","hsgp","hurdle_ztnb",2025-03-01,2025,4,435,437,441,2.76378787878788,4,TRUE
"Georgia",2025-03-29,"calendar","hsgp","hurdle_ztnb",2025-03-08,2025,3,394,396,399,2.28181818181818,3,TRUE
"Georgia",2025-03-29,"calendar","hsgp","hurdle_ztnb",2025-03-15,2025,2,359,365,363,1.90136363636364,2,TRUE
"Georgia",2025-03-29,"calendar","hsgp","hurdle_ztnb",2025-03-22,2025,1,233,235,237,2.55590909090909,2,TRUE
"Georgia",2025-03-29,"calendar","hsgp","hurdle_ztnb",2025-03-29,2025,0,174,190,181,5.00863636363636,9,TRUE
"Georgia",2025-03-29,"calendar","hsgp","hurdle_ztpoisson",2025-03-01,2025,4,435,437,437,1.23,0,TRUE
"Georgia",2025-03-29,"calendar","hsgp","hurdle_ztpoisson",2025-03-08,2025,3,394,396,394,1.30272727272727,2,TRUE
"Georgia",2025-03-29,"calendar","hsgp","hurdle_ztpoisson",2025-03-15,2025,2,359,365,362,1.90909090909091,3,TRUE
"Georgia",2025-03-29,"calendar","hsgp","hurdle_ztpoisson",2025-03-22,2025,1,233,235,236,1.89166666666667,1,TRUE
"Georgia",2025-03-29,"calendar","hsgp","hurdle_ztpoisson",2025-03-29,2025,0,174,190,174,11.4140909090909,16,TRUE
"Georgia",2025-03-29,"calendar","sir","hurdle_ztnb",2025-03-01,2025,4,435,437,435,1.1219696969697,2,TRUE
"Georgia",2025-03-29,"calendar","sir","hurdle_ztnb",2025-03-08,2025,3,394,396,395,1.09833333333334,1,TRUE
"Georgia",2025-03-29,"calendar","sir","hurdle_ztnb",2025-03-15,2025,2,359,365,360,2.56,5,TRUE
"Georgia",2025-03-29,"calendar","sir","hurdle_ztnb",2025-03-22,2025,1,233,235,235,2.00878787878788,0,TRUE
"Georgia",2025-03-29,"calendar","sir","hurdle_ztnb",2025-03-29,2025,0,174,190,178.5,6.14681818181818,11.5,TRUE
"Georgia",2025-03-29,"calendar","sir","hurdle_ztpoisson",2025-03-01,2025,4,435,437,435,1.14681818181818,2,TRUE
"Georgia",2025-03-29,"calendar","sir","hurdle_ztpoisson",2025-03-08,2025,3,394,396,394,1.14545454545455,2,TRUE
"Georgia",2025-03-29,"calendar","sir","hurdle_ztpoisson",2025-03-15,2025,2,359,365,359,3.61287878787879,6,TRUE
"Georgia",2025-03-29,"calendar","sir","hurdle_ztpoisson",2025-03-22,2025,1,233,235,233,1.2569696969697,2,TRUE
"Georgia",2025-03-29,"calendar","sir","hurdle_ztpoisson",2025-03-29,2025,0,174,190,174,11.4651515151515,16,TRUE
"Georgia",2025-04-26,"calendar","hsgp","hurdle_ztnb",2025-03-29,2025,4,188,190,188,1.00242424242424,2,TRUE
"Georgia",2025-04-26,"calendar","hsgp","hurdle_ztnb",2025-04-05,2025,3,158,162,158.5,1.72727272727273,3.5,TRUE
"Georgia",2025-04-26,"calendar","hsgp","hurdle_ztnb",2025-04-12,2025,2,82,84,82,1.07272727272727,2,TRUE
"Georgia",2025-04-26,"calendar","hsgp","hurdle_ztnb",2025-04-19,2025,1,62,64,64,1.01181818181818,0,TRUE
"Georgia",2025-04-26,"calendar","hsgp","hurdle_ztnb",2025-04-26,2025,0,41,44,45,2.19287878787879,1,TRUE
"Georgia",2025-04-26,"calendar","hsgp","hurdle_ztpoisson",2025-03-29,2025,4,188,190,188,1.17409090909091,2,TRUE
"Georgia",2025-04-26,"calendar","hsgp","hurdle_ztpoisson",2025-04-05,2025,3,158,162,158,2.29090909090909,4,TRUE
"Georgia",2025-04-26,"calendar","hsgp","hurdle_ztpoisson",2025-04-12,2025,2,82,84,82,1.20136363636364,2,TRUE
"Georgia",2025-04-26,"calendar","hsgp","hurdle_ztpoisson",2025-04-19,2025,1,62,64,62,1.26863636363636,2,TRUE
"Georgia",2025-04-26,"calendar","hsgp","hurdle_ztpoisson",2025-04-26,2025,0,41,44,41,2.15045454545455,3,TRUE
"Georgia",2025-04-26,"calendar","sir","hurdle_ztnb",2025-03-29,2025,4,188,190,189,1.08015151515152,1,TRUE
"Georgia",2025-04-26,"calendar","sir","hurdle_ztnb",2025-04-05,2025,3,158,162,160,1.82742424242424,2,TRUE
"Georgia",2025-04-26,"calendar","sir","hurdle_ztnb",2025-04-12,2025,2,82,84,83,1.88560606060606,1,TRUE
"Georgia",2025-04-26,"calendar","sir","hurdle_ztnb",2025-04-19,2025,1,62,64,63,1.77636363636364,1,TRUE
"Georgia",2025-04-26,"calendar","sir","hurdle_ztnb",2025-04-26,2025,0,41,44,44,2.41575757575757,0,TRUE
"Georgia",2025-04-26,"calendar","sir","hurdle_ztpoisson",2025-03-29,2025,4,188,190,188,1.39090909090909,2,TRUE
"Georgia",2025-04-26,"calendar","sir","hurdle_ztpoisson",2025-04-05,2025,3,158,162,158,2.81818181818182,4,TRUE
"Georgia",2025-04-26,"calendar","sir","hurdle_ztpoisson",2025-04-12,2025,2,82,84,82,1.38181818181818,2,TRUE
"Georgia",2025-04-26,"calendar","sir","hurdle_ztpoisson",2025-04-19,2025,1,62,64,62,1.38318181818182,2,TRUE
"Georgia",2025-04-26,"calendar","sir","hurdle_ztpoisson",2025-04-26,2025,0,41,44,41,2.03,3,TRUE
"Georgia",2025-05-31,"calendar","hsgp","hurdle_ztnb",2025-05-03,2025,4,44,44,44,0.184242424242424,0,TRUE
"Georgia",2025-05-31,"calendar","hsgp","hurdle_ztnb",2025-05-10,2025,3,43,44,43,0.584242424242424,1,TRUE
"Georgia",2025-05-31,"calendar","hsgp","hurdle_ztnb",2025-05-17,2025,2,33,34,33,0.638787878787879,1,TRUE
"Georgia",2025-05-31,"calendar","hsgp","hurdle_ztnb",2025-05-24,2025,1,21,21,23,1.2,2,TRUE
"Georgia",2025-05-31,"calendar","hsgp","hurdle_ztnb",2025-05-31,2025,0,21,26,25,1.44924242424243,1,TRUE
"Georgia",2025-05-31,"calendar","hsgp","hurdle_ztpoisson",2025-05-03,2025,4,44,44,44,0.0909090909090909,0,TRUE
"Georgia",2025-05-31,"calendar","hsgp","hurdle_ztpoisson",2025-05-10,2025,3,43,44,43,0.7,1,TRUE
"Georgia",2025-05-31,"calendar","hsgp","hurdle_ztpoisson",2025-05-17,2025,2,33,34,33,0.728636363636364,1,TRUE
"Georgia",2025-05-31,"calendar","hsgp","hurdle_ztpoisson",2025-05-24,2025,1,21,21,21,0.0727272727272728,0,TRUE
"Georgia",2025-05-31,"calendar","hsgp","hurdle_ztpoisson",2025-05-31,2025,0,21,26,21,3.60909090909091,5,TRUE
"Georgia",2025-05-31,"calendar","sir","hurdle_ztnb",2025-05-03,2025,4,44,44,44,0.654545454545455,0,TRUE
"Georgia",2025-05-31,"calendar","sir","hurdle_ztnb",2025-05-10,2025,3,43,44,43,0.822272727272727,1,TRUE
"Georgia",2025-05-31,"calendar","sir","hurdle_ztnb",2025-05-17,2025,2,33,34,33,0.787272727272728,1,TRUE
"Georgia",2025-05-31,"calendar","sir","hurdle_ztnb",2025-05-24,2025,1,21,21,21,1.00363636363636,0,TRUE
"Georgia",2025-05-31,"calendar","sir","hurdle_ztnb",2025-05-31,2025,0,21,26,21,2.63636363636364,5,TRUE
"Georgia",2025-05-31,"calendar","sir","hurdle_ztpoisson",2025-05-03,2025,4,44,44,44,0.0181818181818182,0,TRUE
"Georgia",2025-05-31,"calendar","sir","hurdle_ztpoisson",2025-05-10,2025,3,43,44,43,0.837727272727273,1,TRUE
"Georgia",2025-05-31,"calendar","sir","hurdle_ztpoisson",2025-05-17,2025,2,33,34,33,0.837727272727273,1,TRUE
"Georgia",2025-05-31,"calendar","sir","hurdle_ztpoisson",2025-05-24,2025,1,21,21,21,0.0272727272727273,0,TRUE
"Georgia",2025-05-31,"calendar","sir","hurdle_ztpoisson",2025-05-31,2025,0,21,26,21,4.28727272727273,5,FALSE
"Hawaii",2025-01-02,"calendar","hsgp","hurdle_ztnb",2024-11-30,2024,4,14,14,14,0.0842424242424241,0,TRUE
"Hawaii",2025-01-02,"calendar","hsgp","hurdle_ztnb",2024-12-07,2024,3,20,20,20,0.172727272727273,0,TRUE
"Hawaii",2025-01-02,"calendar","hsgp","hurdle_ztnb",2024-12-14,2024,2,34,34,34,0.285454545454547,0,TRUE
"Hawaii",2025-01-02,"calendar","hsgp","hurdle_ztnb",2024-12-21,2024,1,42,42,42,0.566060606060606,0,TRUE
"Hawaii",2025-01-02,"calendar","hsgp","hurdle_ztnb",2024-12-28,2024,0,54,57,56,1.11393939393939,1,TRUE
"Hawaii",2025-01-02,"calendar","hsgp","hurdle_ztpoisson",2024-11-30,2024,4,14,14,14,0.0454545454545455,0,TRUE
"Hawaii",2025-01-02,"calendar","hsgp","hurdle_ztpoisson",2024-12-07,2024,3,20,20,20,0.127272727272727,0,TRUE
"Hawaii",2025-01-02,"calendar","hsgp","hurdle_ztpoisson",2024-12-14,2024,2,34,34,34,0.290909090909091,0,TRUE
"Hawaii",2025-01-02,"calendar","hsgp","hurdle_ztpoisson",2024-12-21,2024,1,42,42,43,0.728636363636364,1,TRUE
"Hawaii",2025-01-02,"calendar","hsgp","hurdle_ztpoisson",2024-12-28,2024,0,54,57,57,1.2,0,TRUE
"Hawaii",2025-01-02,"calendar","sir","hurdle_ztnb",2024-11-30,2024,4,14,14,14,0.0636363636363637,0,TRUE
"Hawaii",2025-01-02,"calendar","sir","hurdle_ztnb",2024-12-07,2024,3,20,20,20,0.136363636363636,0,TRUE
"Hawaii",2025-01-02,"calendar","sir","hurdle_ztnb",2024-12-14,2024,2,34,34,34,0.245454545454545,0,TRUE
"Hawaii",2025-01-02,"calendar","sir","hurdle_ztnb",2024-12-21,2024,1,42,42,42,0.465,0,TRUE
"Hawaii",2025-01-02,"calendar","sir","hurdle_ztnb",2024-12-28,2024,0,54,57,55,1.08560606060606,2,TRUE
"Hawaii",2025-01-02,"calendar","sir","hurdle_ztpoisson",2024-11-30,2024,4,14,14,14,0.0181818181818182,0,TRUE
"Hawaii",2025-01-02,"calendar","sir","hurdle_ztpoisson",2024-12-07,2024,3,20,20,20,0.0636363636363637,0,TRUE
"Hawaii",2025-01-02,"calendar","sir","hurdle_ztpoisson",2024-12-14,2024,2,34,34,34,0.0727272727272728,0,TRUE
"Hawaii",2025-01-02,"calendar","sir","hurdle_ztpoisson",2024-12-21,2024,1,42,42,42,0.2,0,TRUE
"Hawaii",2025-01-02,"calendar","sir","hurdle_ztpoisson",2024-12-28,2024,0,54,57,54,1.31954545454545,3,TRUE
"Hawaii",2025-02-15,"calendar","hsgp","hurdle_ztnb",2025-01-18,2025,4,91,91,95,2.31106060606061,4,TRUE
"Hawaii",2025-02-15,"calendar","hsgp","hurdle_ztnb",2025-01-25,2025,3,81,88,87,1.86606060606061,1,TRUE
"Hawaii",2025-02-15,"calendar","hsgp","hurdle_ztnb",2025-02-01,2025,2,70,70,77,4.41530303030303,7,TRUE
"Hawaii",2025-02-15,"calendar","hsgp","hurdle_ztnb",2025-02-08,2025,1,81,83,91,5.35727272727273,8,TRUE
"Hawaii",2025-02-15,"calendar","hsgp","hurdle_ztnb",2025-02-15,2025,0,79,79,93,9.05363636363636,14,TRUE
"Hawaii",2025-02-15,"calendar","hsgp","hurdle_ztpoisson",2025-01-18,2025,4,91,91,93,2.165,2,TRUE
"Hawaii",2025-02-15,"calendar","hsgp","hurdle_ztpoisson",2025-01-25,2025,3,81,88,84,3.15090909090909,4,TRUE
"Hawaii",2025-02-15,"calendar","hsgp","hurdle_ztpoisson",2025-02-01,2025,2,70,70,73,4.09469696969697,3,TRUE
"Hawaii",2025-02-15,"calendar","hsgp","hurdle_ztpoisson",2025-02-08,2025,1,81,83,90,5.21333333333333,7,TRUE
"Hawaii",2025-02-15,"calendar","hsgp","hurdle_ztpoisson",2025-02-15,2025,0,79,79,92,8.20409090909091,13,TRUE
"Hawaii",2025-02-15,"calendar","sir","hurdle_ztnb",2025-01-18,2025,4,91,91,91,0.255909090909091,0,TRUE
"Hawaii",2025-02-15,"calendar","sir","hurdle_ztnb",2025-01-25,2025,3,81,88,81,4.17045454545455,7,TRUE
"Hawaii",2025-02-15,"calendar","sir","hurdle_ztnb",2025-02-01,2025,2,70,70,70,0.710454545454545,0,TRUE
"Hawaii",2025-02-15,"calendar","sir","hurdle_ztnb",2025-02-08,2025,1,81,83,83,1.15939393939394,0,TRUE
"Hawaii",2025-02-15,"calendar","sir","hurdle_ztnb",2025-02-15,2025,0,79,79,82,2.36848484848485,3,TRUE
"Hawaii",2025-02-15,"calendar","sir","hurdle_ztpoisson",2025-01-18,2025,4,91,91,97,3.62863636363636,6,TRUE
"Hawaii",2025-02-15,"calendar","sir","hurdle_ztpoisson",2025-01-25,2025,3,81,88,81,3.67272727272727,7,TRUE
"Hawaii",2025-02-15,"calendar","sir","hurdle_ztpoisson",2025-02-01,2025,2,70,70,70,0.902727272727273,0,TRUE
"Hawaii",2025-02-15,"calendar","sir","hurdle_ztpoisson",2025-02-08,2025,1,81,83,81,1.70909090909091,2,TRUE
"Hawaii",2025-02-15,"calendar","sir","hurdle_ztpoisson",2025-02-15,2025,0,79,79,81,2.36363636363636,2,TRUE
"Hawaii",2025-03-29,"calendar","hsgp","hurdle_ztnb",2025-03-01,2025,4,67,67,67,0.354545454545455,0,TRUE
"Hawaii",2025-03-29,"calendar","hsgp","hurdle_ztnb",2025-03-08,2025,3,63,63,63,0.627272727272727,0,TRUE
"Hawaii",2025-03-29,"calendar","hsgp","hurdle_ztnb",2025-03-15,2025,2,56,56,56,0.445454545454545,0,TRUE
"Hawaii",2025-03-29,"calendar","hsgp","hurdle_ztnb",2025-03-22,2025,1,42,42,42,0.618181818181818,0,TRUE
"Hawaii",2025-03-29,"calendar","hsgp","hurdle_ztnb",2025-03-29,2025,0,30,31,32,1.18181818181818,1,TRUE
"Hawaii",2025-03-29,"calendar","hsgp","hurdle_ztpoisson",2025-03-01,2025,4,67,67,67,0.829696969696969,0,TRUE
"Hawaii",2025-03-29,"calendar","hsgp","hurdle_ztpoisson",2025-03-08,2025,3,63,63,63,0.890909090909091,0,TRUE
"Hawaii",2025-03-29,"calendar","hsgp","hurdle_ztpoisson",2025-03-15,2025,2,56,56,56,1.34,0,TRUE
"Hawaii",2025-03-29,"calendar","hsgp","hurdle_ztpoisson",2025-03-22,2025,1,42,42,42,1.50363636363636,0,TRUE
"Hawaii",2025-03-29,"calendar","hsgp","hurdle_ztpoisson",2025-03-29,2025,0,30,31,34,2.65651515151515,3,TRUE
"Hawaii",2025-03-29,"calendar","sir","hurdle_ztnb",2025-03-01,2025,4,67,67,67,0.265,0,TRUE
"Hawaii",2025-03-29,"calendar","sir","hurdle_ztnb",2025-03-08,2025,3,63,63,63,0.381818181818182,0,TRUE
"Hawaii",2025-03-29,"calendar","sir","hurdle_ztnb",2025-03-15,2025,2,56,56,56,0.761969696969698,0,TRUE
"Hawaii",2025-03-29,"calendar","sir","hurdle_ztnb",2025-03-22,2025,1,42,42,43,1.05727272727273,1,TRUE
"Hawaii",2025-03-29,"calendar","sir","hurdle_ztnb",2025-03-29,2025,0,30,31,33,2.11636363636364,2,TRUE
"Hawaii",2025-03-29,"calendar","sir","hurdle_ztpoisson",2025-03-01,2025,4,67,67,67,0.255909090909091,0,TRUE
"Hawaii",2025-03-29,"calendar","sir","hurdle_ztpoisson",2025-03-08,2025,3,63,63,63,0.309090909090909,0,TRUE
"Hawaii",2025-03-29,"calendar","sir","hurdle_ztpoisson",2025-03-15,2025,2,56,56,56,0.451515151515153,0,TRUE
"Hawaii",2025-03-29,"calendar","sir","hurdle_ztpoisson",2025-03-22,2025,1,42,42,42,0.475151515151515,0,TRUE
"Hawaii",2025-03-29,"calendar","sir","hurdle_ztpoisson",2025-03-29,2025,0,30,31,30,0.861363636363637,1,TRUE
"Hawaii",2025-04-26,"calendar","hsgp","hurdle_ztnb",2025-03-29,2025,4,31,31,31,0.0818181818181818,0,TRUE
"Hawaii",2025-04-26,"calendar","hsgp","hurdle_ztnb",2025-04-05,2025,3,39,39,39,0.0818181818181818,0,TRUE
"Hawaii",2025-04-26,"calendar","hsgp","hurdle_ztnb",2025-04-12,2025,2,24,24,24,0.145454545454545,0,TRUE
"Hawaii",2025-04-26,"calendar","hsgp","hurdle_ztnb",2025-04-19,2025,1,24,24,24,0.463636363636364,0,TRUE
"Hawaii",2025-04-26,"calendar","hsgp","hurdle_ztnb",2025-04-26,2025,0,24,24,25,1.21409090909091,1,TRUE
"Hawaii",2025-04-26,"calendar","hsgp","hurdle_ztpoisson",2025-03-29,2025,4,31,31,31,0.349242424242424,0,TRUE
"Hawaii",2025-04-26,"calendar","hsgp","hurdle_ztpoisson",2025-04-05,2025,3,39,39,39,0.445454545454545,0,TRUE
"Hawaii",2025-04-26,"calendar","hsgp","hurdle_ztpoisson",2025-04-12,2025,2,24,24,24,0.732272727272727,0,TRUE
"Hawaii",2025-04-26,"calendar","hsgp","hurdle_ztpoisson",2025-04-19,2025,1,24,24,24,1.15727272727273,0,TRUE
"Hawaii",2025-04-26,"calendar","hsgp","hurdle_ztpoisson",2025-04-26,2025,0,24,24,27,1.91818181818182,3,TRUE
"Hawaii",2025-04-26,"calendar","sir","hurdle_ztnb",2025-03-29,2025,4,31,31,31,0.174090909090909,0,TRUE
"Hawaii",2025-04-26,"calendar","sir","hurdle_ztnb",2025-04-05,2025,3,39,39,39,0.266060606060606,0,TRUE
"Hawaii",2025-04-26,"calendar","sir","hurdle_ztnb",2025-04-12,2025,2,24,24,24,0.510454545454545,0,TRUE
"Hawaii",2025-04-26,"calendar","sir","hurdle_ztnb",2025-04-19,2025,1,24,24,24,0.603636363636363,0,TRUE
"Hawaii",2025-04-26,"calendar","sir","hurdle_ztnb",2025-04-26,2025,0,24,24,25,1.37878787878788,1,TRUE
"Hawaii",2025-04-26,"calendar","sir","hurdle_ztpoisson",2025-03-29,2025,4,31,31,31,0.0272727272727273,0,TRUE
"Hawaii",2025-04-26,"calendar","sir","hurdle_ztpoisson",2025-04-05,2025,3,39,39,39,0.127272727272727,0,TRUE
"Hawaii",2025-04-26,"calendar","sir","hurdle_ztpoisson",2025-04-12,2025,2,24,24,24,0.111515151515151,0,TRUE
"Hawaii",2025-04-26,"calendar","sir","hurdle_ztpoisson",2025-04-19,2025,1,24,24,24,0.218181818181818,0,TRUE
"Hawaii",2025-04-26,"calendar","sir","hurdle_ztpoisson",2025-04-26,2025,0,24,24,24,0.523030303030303,0,TRUE
"Hawaii",2025-05-31,"calendar","hsgp","hurdle_ztnb",2025-05-03,2025,4,34,34,34,0.0727272727272728,0,TRUE
"Hawaii",2025-05-31,"calendar","hsgp","hurdle_ztnb",2025-05-10,2025,3,30,30,30,0.1,0,TRUE
"Hawaii",2025-05-31,"calendar","hsgp","hurdle_ztnb",2025-05-17,2025,2,25,25,25,0.218181818181818,0,TRUE
"Hawaii",2025-05-31,"calendar","hsgp","hurdle_ztnb",2025-05-24,2025,1,17,18,17,0.710454545454545,1,TRUE
"Hawaii",2025-05-31,"calendar","hsgp","hurdle_ztnb",2025-05-31,2025,0,18,19,20,1.41954545454545,1,TRUE
"Hawaii",2025-05-31,"calendar","hsgp","hurdle_ztpoisson",2025-05-03,2025,4,34,34,34,0.272727272727273,0,TRUE
"Hawaii",2025-05-31,"calendar","hsgp","hurdle_ztpoisson",2025-05-10,2025,3,30,30,30,0.409090909090909,0,TRUE
"Hawaii",2025-05-31,"calendar","hsgp","hurdle_ztpoisson",2025-05-17,2025,2,25,25,25,0.79469696969697,0,TRUE
"Hawaii",2025-05-31,"calendar","hsgp","hurdle_ztpoisson",2025-05-24,2025,1,17,18,17,1.27409090909091,1,TRUE
"Hawaii",2025-05-31,"calendar","hsgp","hurdle_ztpoisson",2025-05-31,2025,0,18,19,20,1.63878787878788,1,TRUE
"Hawaii",2025-05-31,"calendar","sir","hurdle_ztnb",2025-05-03,2025,4,34,34,34,0.0740909090909089,0,TRUE
"Hawaii",2025-05-31,"calendar","sir","hurdle_ztnb",2025-05-10,2025,3,30,30,30,0.149090909090909,0,TRUE
"Hawaii",2025-05-31,"calendar","sir","hurdle_ztnb",2025-05-17,2025,2,25,25,25,0.193333333333333,0,TRUE
"Hawaii",2025-05-31,"calendar","sir","hurdle_ztnb",2025-05-24,2025,1,17,18,17,0.6,1,TRUE
"Hawaii",2025-05-31,"calendar","sir","hurdle_ztnb",2025-05-31,2025,0,18,19,18.5,0.790909090909092,0.5,TRUE
"Hawaii",2025-05-31,"calendar","sir","hurdle_ztpoisson",2025-05-03,2025,4,34,34,34,0.0272727272727273,0,TRUE
"Hawaii",2025-05-31,"calendar","sir","hurdle_ztpoisson",2025-05-10,2025,3,30,30,30,0.0922727272727271,0,TRUE
"Hawaii",2025-05-31,"calendar","sir","hurdle_ztpoisson",2025-05-17,2025,2,25,25,25,0.132424242424242,0,TRUE
"Hawaii",2025-05-31,"calendar","sir","hurdle_ztpoisson",2025-05-24,2025,1,17,18,17,0.790909090909091,1,TRUE
"Hawaii",2025-05-31,"calendar","sir","hurdle_ztpoisson",2025-05-31,2025,0,18,19,18,0.736363636363636,1,TRUE
"Idaho",2025-01-02,"calendar","hsgp","hurdle_ztnb",2024-11-30,2024,4,63,63,63,0.121969696969697,0,TRUE
"Idaho",2025-01-02,"calendar","hsgp","hurdle_ztnb",2024-12-07,2024,3,77,78,77,1.02606060606061,1,TRUE
"Idaho",2025-01-02,"calendar","hsgp","hurdle_ztnb",2024-12-14,2024,2,101,110,101,4.88681818181818,9,TRUE
"Idaho",2025-01-02,"calendar","hsgp","hurdle_ztnb",2024-12-21,2024,1,185,188,185,2.91651515151515,3,TRUE
"Idaho",2025-01-02,"calendar","hsgp","hurdle_ztnb",2024-12-28,2024,0,322,333,327.5,6.21484848484849,5.5,TRUE
"Idaho",2025-01-02,"calendar","hsgp","hurdle_ztpoisson",2024-11-30,2024,4,63,63,63,0.156969696969697,0,TRUE
"Idaho",2025-01-02,"calendar","hsgp","hurdle_ztpoisson",2024-12-07,2024,3,77,78,77,0.846818181818182,1,TRUE
"Idaho",2025-01-02,"calendar","hsgp","hurdle_ztpoisson",2024-12-14,2024,2,101,110,101,4.76848484848485,9,TRUE
"Idaho",2025-01-02,"calendar","hsgp","hurdle_ztpoisson",2024-12-21,2024,1,185,188,185,3.99954545454545,3,TRUE
"Idaho",2025-01-02,"calendar","hsgp","hurdle_ztpoisson",2024-12-28,2024,0,322,333,322,11.0360606060606,11,TRUE
"Idaho",2025-01-02,"calendar","sir","hurdle_ztnb",2024-11-30,2024,4,63,63,63,0,0,TRUE
"Idaho",2025-01-02,"calendar","sir","hurdle_ztnb",2024-12-07,2024,3,77,78,77,1,1,FALSE
"Idaho",2025-01-02,"calendar","sir","hurdle_ztnb",2024-12-14,2024,2,101,110,101,9,9,FALSE
"Idaho",2025-01-02,"calendar","sir","hurdle_ztnb",2024-12-21,2024,1,185,188,185,3,3,FALSE
"Idaho",2025-01-02,"calendar","sir","hurdle_ztnb",2024-12-28,2024,0,322,333,322,11,11,FALSE
"Idaho",2025-01-02,"calendar","sir","hurdle_ztpoisson",2024-11-30,2024,4,63,63,63,0,0,TRUE
"Idaho",2025-01-02,"calendar","sir","hurdle_ztpoisson",2024-12-07,2024,3,77,78,77,1,1,FALSE
"Idaho",2025-01-02,"calendar","sir","hurdle_ztpoisson",2024-12-14,2024,2,101,110,101,9,9,FALSE
"Idaho",2025-01-02,"calendar","sir","hurdle_ztpoisson",2024-12-21,2024,1,185,188,185,3,3,FALSE
"Idaho",2025-01-02,"calendar","sir","hurdle_ztpoisson",2024-12-28,2024,0,322,333,322,11,11,FALSE
"Idaho",2025-02-15,"calendar","hsgp","hurdle_ztnb",2025-01-18,2025,4,130,125,130,5.12090909090909,5,FALSE
"Idaho",2025-02-15,"calendar","hsgp","hurdle_ztnb",2025-01-25,2025,3,106,105,106,1.17787878787879,1,FALSE
"Idaho",2025-02-15,"calendar","hsgp","hurdle_ztnb",2025-02-01,2025,2,162,162,162,0.436363636363636,0,TRUE
"Idaho",2025-02-15,"calendar","hsgp","hurdle_ztnb",2025-02-08,2025,1,165,175,165,6.06,10,TRUE
"Idaho",2025-02-15,"calendar","hsgp","hurdle_ztnb",2025-02-15,2025,0,125,152,127,13.1710606060606,25,TRUE
"Idaho",2025-02-15,"calendar","hsgp","hurdle_ztpoisson",2025-01-18,2025,4,130,125,130,5,5,FALSE
"Idaho",2025-02-15,"calendar","hsgp","hurdle_ztpoisson",2025-01-25,2025,3,106,105,106,1.02863636363636,1,FALSE
"Idaho",2025-02-15,"calendar","hsgp","hurdle_ztpoisson",2025-02-01,2025,2,162,162,162,0.184545454545454,0,TRUE
"Idaho",2025-02-15,"calendar","hsgp","hurdle_ztpoisson",2025-02-08,2025,1,165,175,165,5.4569696969697,10,TRUE
"Idaho",2025-02-15,"calendar","hsgp","hurdle_ztpoisson",2025-02-15,2025,0,125,152,125,11.3913636363636,27,TRUE
"Idaho",2025-02-15,"calendar","sir","hurdle_ztnb",2025-01-18,2025,4,130,125,130,5,5,FALSE
"Idaho",2025-02-15,"calendar","sir","hurdle_ztnb",2025-01-25,2025,3,106,105,106,1,1,FALSE
"Idaho",2025-02-15,"calendar","sir","hurdle_ztnb",2025-02-01,2025,2,162,162,162,0,0,TRUE
"Idaho",2025-02-15,"calendar","sir","hurdle_ztnb",2025-02-08,2025,1,165,175,165,10,10,FALSE
"Idaho",2025-02-15,"calendar","sir","hurdle_ztnb",2025-02-15,2025,0,125,152,125,27,27,FALSE
"Idaho",2025-02-15,"calendar","sir","hurdle_ztpoisson",2025-01-18,2025,4,130,125,130,5,5,FALSE
"Idaho",2025-02-15,"calendar","sir","hurdle_ztpoisson",2025-01-25,2025,3,106,105,106,1,1,FALSE
"Idaho",2025-02-15,"calendar","sir","hurdle_ztpoisson",2025-02-01,2025,2,162,162,162,0,0,TRUE
"Idaho",2025-02-15,"calendar","sir","hurdle_ztpoisson",2025-02-08,2025,1,165,175,165,10,10,FALSE
"Idaho",2025-02-15,"calendar","sir","hurdle_ztpoisson",2025-02-15,2025,0,125,152,125,27,27,FALSE
"Idaho",2025-03-29,"calendar","hsgp","hurdle_ztnb",2025-03-01,2025,4,124,124,124,0.0818181818181818,0,TRUE
"Idaho",2025-03-29,"calendar","hsgp","hurdle_ztnb",2025-03-08,2025,3,90,95,90,3.45363636363636,5,TRUE
"Idaho",2025-03-29,"calendar","hsgp","hurdle_ztnb",2025-03-15,2025,2,99,99,99,0.268636363636363,0,TRUE
"Idaho",2025-03-29,"calendar","hsgp","hurdle_ztnb",2025-03-22,2025,1,83,83,83,0.543787878787878,0,TRUE
"Idaho",2025-03-29,"calendar","hsgp","hurdle_ztnb",2025-03-29,2025,0,50,50,51,1.46636363636364,1,TRUE
"Idaho",2025-03-29,"calendar","hsgp","hurdle_ztpoisson",2025-03-01,2025,4,124,124,124,0.0454545454545455,0,TRUE
"Idaho",2025-03-29,"calendar","hsgp","hurdle_ztpoisson",2025-03-08,2025,3,90,95,90,4.01045454545455,5,TRUE
"Idaho",2025-03-29,"calendar","hsgp","hurdle_ztpoisson",2025-03-15,2025,2,99,99,99,0.336363636363636,0,TRUE
"Idaho",2025-03-29,"calendar","hsgp","hurdle_ztpoisson",2025-03-22,2025,1,83,83,83,0.845454545454545,0,TRUE
"Idaho",2025-03-29,"calendar","hsgp","hurdle_ztpoisson",2025-03-29,2025,0,50,50,53,2.85272727272727,3,TRUE
"Idaho",2025-03-29,"calendar","sir","hurdle_ztnb",2025-03-01,2025,4,124,124,124,0,0,TRUE
"Idaho",2025-03-29,"calendar","sir","hurdle_ztnb",2025-03-08,2025,3,90,95,90,5,5,FALSE
"Idaho",2025-03-29,"calendar","sir","hurdle_ztnb",2025-03-15,2025,2,99,99,99,0,0,TRUE
"Idaho",2025-03-29,"calendar","sir","hurdle_ztnb",2025-03-22,2025,1,83,83,83,0,0,TRUE
"Idaho",2025-03-29,"calendar","sir","hurdle_ztnb",2025-03-29,2025,0,50,50,50,0,0,TRUE
"Idaho",2025-03-29,"calendar","sir","hurdle_ztpoisson",2025-03-01,2025,4,124,124,124,0,0,TRUE
"Idaho",2025-03-29,"calendar","sir","hurdle_ztpoisson",2025-03-08,2025,3,90,95,90,5,5,FALSE
"Idaho",2025-03-29,"calendar","sir","hurdle_ztpoisson",2025-03-15,2025,2,99,99,99,0,0,TRUE
"Idaho",2025-03-29,"calendar","sir","hurdle_ztpoisson",2025-03-22,2025,1,83,83,83,0,0,TRUE
"Idaho",2025-03-29,"calendar","sir","hurdle_ztpoisson",2025-03-29,2025,0,50,50,50,0,0,TRUE
"Idaho",2025-04-26,"calendar","hsgp","hurdle_ztnb",2025-03-29,2025,4,50,50,50,0.0299999999999996,0,TRUE
"Idaho",2025-04-26,"calendar","hsgp","hurdle_ztnb",2025-04-05,2025,3,27,27,27,0.0377272727272726,0,TRUE
"Idaho",2025-04-26,"calendar","hsgp","hurdle_ztnb",2025-04-12,2025,2,27,27,27,0.0842424242424241,0,TRUE
"Idaho",2025-04-26,"calendar","hsgp","hurdle_ztnb",2025-04-19,2025,1,13,13,13,0.266363636363636,0,TRUE
"Idaho",2025-04-26,"calendar","hsgp","hurdle_ztnb",2025-04-26,2025,0,15,21,15,2.76666666666666,6,TRUE
"Idaho",2025-04-26,"calendar","hsgp","hurdle_ztpoisson",2025-03-29,2025,4,50,50,50,0.0363636363636364,0,TRUE
"Idaho",2025-04-26,"calendar","hsgp","hurdle_ztpoisson",2025-04-05,2025,3,27,27,27,0.0195454545454544,0,TRUE
"Idaho",2025-04-26,"calendar","hsgp","hurdle_ztpoisson",2025-04-12,2025,2,27,27,27,0.0740909090909089,0,TRUE
"Idaho",2025-04-26,"calendar","hsgp","hurdle_ztpoisson",2025-04-19,2025,1,13,13,13,0.219545454545455,0,TRUE
"Idaho",2025-04-26,"calendar","hsgp","hurdle_ztpoisson",2025-04-26,2025,0,15,21,15,3.25090909090909,6,TRUE
"Idaho",2025-04-26,"calendar","sir","hurdle_ztnb",2025-03-29,2025,4,50,50,50,0,0,TRUE
"Idaho",2025-04-26,"calendar","sir","hurdle_ztnb",2025-04-05,2025,3,27,27,27,0,0,TRUE
"Idaho",2025-04-26,"calendar","sir","hurdle_ztnb",2025-04-12,2025,2,27,27,27,0,0,TRUE
"Idaho",2025-04-26,"calendar","sir","hurdle_ztnb",2025-04-19,2025,1,13,13,13,0,0,TRUE
"Idaho",2025-04-26,"calendar","sir","hurdle_ztnb",2025-04-26,2025,0,15,21,15,6,6,FALSE
"Idaho",2025-04-26,"calendar","sir","hurdle_ztpoisson",2025-03-29,2025,4,50,50,50,0,0,TRUE
"Idaho",2025-04-26,"calendar","sir","hurdle_ztpoisson",2025-04-05,2025,3,27,27,27,0,0,TRUE
"Idaho",2025-04-26,"calendar","sir","hurdle_ztpoisson",2025-04-12,2025,2,27,27,27,0,0,TRUE
"Idaho",2025-04-26,"calendar","sir","hurdle_ztpoisson",2025-04-19,2025,1,13,13,13,0,0,TRUE
"Idaho",2025-04-26,"calendar","sir","hurdle_ztpoisson",2025-04-26,2025,0,15,21,15,6,6,FALSE
"Idaho",2025-05-31,"calendar","hsgp","hurdle_ztnb",2025-05-03,2025,4,13,16,13,3,3,FALSE
"Idaho",2025-05-31,"calendar","hsgp","hurdle_ztnb",2025-05-10,2025,3,11,11,11,0,0,TRUE
"Idaho",2025-05-31,"calendar","hsgp","hurdle_ztnb",2025-05-17,2025,2,11,11,11,0,0,TRUE
"Idaho",2025-05-31,"calendar","hsgp","hurdle_ztnb",2025-05-24,2025,1,11,11,11,0.1,0,TRUE
"Idaho",2025-05-31,"calendar","hsgp","hurdle_ztnb",2025-05-31,2025,0,5,5,5,0.374090909090909,0,TRUE
"Idaho",2025-05-31,"calendar","hsgp","hurdle_ztpoisson",2025-05-03,2025,4,13,16,13,3,3,FALSE
"Idaho",2025-05-31,"calendar","hsgp","hurdle_ztpoisson",2025-05-10,2025,3,11,11,11,0,0,TRUE
"Idaho",2025-05-31,"calendar","hsgp","hurdle_ztpoisson",2025-05-17,2025,2,11,11,11,0,0,TRUE
"Idaho",2025-05-31,"calendar","hsgp","hurdle_ztpoisson",2025-05-24,2025,1,11,11,11,0.0181818181818182,0,TRUE
"Idaho",2025-05-31,"calendar","hsgp","hurdle_ztpoisson",2025-05-31,2025,0,5,5,5,0.136363636363636,0,TRUE
"Idaho",2025-05-31,"calendar","sir","hurdle_ztnb",2025-05-03,2025,4,13,16,13,3,3,FALSE
"Idaho",2025-05-31,"calendar","sir","hurdle_ztnb",2025-05-10,2025,3,11,11,11,0,0,TRUE
"Idaho",2025-05-31,"calendar","sir","hurdle_ztnb",2025-05-17,2025,2,11,11,11,0,0,TRUE
"Idaho",2025-05-31,"calendar","sir","hurdle_ztnb",2025-05-24,2025,1,11,11,11,0,0,TRUE
"Idaho",2025-05-31,"calendar","sir","hurdle_ztnb",2025-05-31,2025,0,5,5,5,0,0,TRUE
"Idaho",2025-05-31,"calendar","sir","hurdle_ztpoisson",2025-05-03,2025,4,13,16,13,3,3,FALSE
"Idaho",2025-05-31,"calendar","sir","hurdle_ztpoisson",2025-05-10,2025,3,11,11,11,0,0,TRUE
"Idaho",2025-05-31,"calendar","sir","hurdle_ztpoisson",2025-05-17,2025,2,11,11,11,0,0,TRUE
"Idaho",2025-05-31,"calendar","sir","hurdle_ztpoisson",2025-05-24,2025,1,11,11,11,0,0,TRUE
"Idaho",2025-05-31,"calendar","sir","hurdle_ztpoisson",2025-05-31,2025,0,5,5,5,0,0,TRUE
"Illinois",2025-01-02,"calendar","hsgp","hurdle_ztnb",2024-11-30,2024,4,83,83,84,0.881818181818182,1,TRUE
"Illinois",2025-01-02,"calendar","hsgp","hurdle_ztnb",2024-12-07,2024,3,104,107,106,1.09090909090909,1,TRUE
"Illinois",2025-01-02,"calendar","hsgp","hurdle_ztnb",2024-12-14,2024,2,239,242,242,1.23636363636364,0,TRUE
"Illinois",2025-01-02,"calendar","hsgp","hurdle_ztnb",2024-12-21,2024,1,485,489,489,1.33772727272727,0,TRUE
"Illinois",2025-01-02,"calendar","hsgp","hurdle_ztnb",2024-12-28,2024,0,1050,1143,1056,74.5613636363637,87,FALSE
"Illinois",2025-01-02,"calendar","hsgp","hurdle_ztpoisson",2024-11-30,2024,4,83,83,83,0.0377272727272726,0,TRUE
"Illinois",2025-01-02,"calendar","hsgp","hurdle_ztpoisson",2024-12-07,2024,3,104,107,104,2.02863636363636,3,TRUE
"Illinois",2025-01-02,"calendar","hsgp","hurdle_ztpoisson",2024-12-14,2024,2,239,242,239,1.43772727272727,3,TRUE
"Illinois",2025-01-02,"calendar","hsgp","hurdle_ztpoisson",2024-12-21,2024,1,485,489,487,1.77772727272728,2,TRUE
"Illinois",2025-01-02,"calendar","hsgp","hurdle_ztpoisson",2024-12-28,2024,0,1050,1143,1057,61.0959090909092,86,FALSE
"Illinois",2025-01-02,"calendar","sir","hurdle_ztnb",2024-11-30,2024,4,83,83,83,0.209090909090909,0,TRUE
"Illinois",2025-01-02,"calendar","sir","hurdle_ztnb",2024-12-07,2024,3,104,107,104,1.52727272727273,3,TRUE
"Illinois",2025-01-02,"calendar","sir","hurdle_ztnb",2024-12-14,2024,2,239,242,239,1.50909090909091,3,TRUE
"Illinois",2025-01-02,"calendar","sir","hurdle_ztnb",2024-12-21,2024,1,485,489,486,1.72969696969697,3,TRUE
"Illinois",2025-01-02,"calendar","sir","hurdle_ztnb",2024-12-28,2024,0,1050,1143,1051,83.3074242424242,92,FALSE
"Illinois",2025-01-02,"calendar","sir","hurdle_ztpoisson",2024-11-30,2024,4,83,83,83,0.00136363636363616,0,TRUE
"Illinois",2025-01-02,"calendar","sir","hurdle_ztpoisson",2024-12-07,2024,3,104,107,109,1.92318181818182,2,TRUE
"Illinois",2025-01-02,"calendar","sir","hurdle_ztpoisson",2024-12-14,2024,2,239,242,239,1.74545454545455,3,TRUE
"Illinois",2025-01-02,"calendar","sir","hurdle_ztpoisson",2024-12-21,2024,1,485,489,485,1.76742424242424,4,TRUE
"Illinois",2025-01-02,"calendar","sir","hurdle_ztpoisson",2024-12-28,2024,0,1050,1143,1056,74.5486363636364,87,FALSE
"Illinois",2025-02-15,"calendar","hsgp","hurdle_ztnb",2025-01-18,2025,4,1316,1383,1329,40.0545454545455,54,FALSE
"Illinois",2025-02-15,"calendar","hsgp","hurdle_ztnb",2025-01-25,2025,3,1734,1728,1754,18.5765151515151,26,FALSE
"Illinois",2025-02-15,"calendar","hsgp","hurdle_ztnb",2025-02-01,2025,2,2137,2146,2164,12.5366666666667,18,TRUE
"Illinois",2025-02-15,"calendar","hsgp","hurdle_ztnb",2025-02-08,2025,1,2239,2369,2282,48.5713636363636,87,TRUE
"Illinois",2025-02-15,"calendar","hsgp","hurdle_ztnb",2025-02-15,2025,0,1779,2064,1841,130.324848484848,223,TRUE
"Illinois",2025-02-15,"calendar","hsgp","hurdle_ztpoisson",2025-01-18,2025,4,1316,1383,1316,63.5942424242424,67,FALSE
"Illinois",2025-02-15,"calendar","hsgp","hurdle_ztpoisson",2025-01-25,2025,3,1734,1728,1734,5.45090909090911,6,TRUE
"Illinois",2025-02-15,"calendar","hsgp","hurdle_ztpoisson",2025-02-01,2025,2,2137,2146,2137,3.57636363636363,9,TRUE
"Illinois",2025-02-15,"calendar","hsgp","hurdle_ztpoisson",2025-02-08,2025,1,2239,2369,2241,110.864242424242,128,FALSE
"Illinois",2025-02-15,"calendar","hsgp","hurdle_ztpoisson",2025-02-15,2025,0,1779,2064,1779,268.445757575758,285,TRUE
"Illinois",2025-02-15,"calendar","sir","hurdle_ztnb",2025-01-18,2025,4,1316,1383,1316,62.3363636363636,67,FALSE
"Illinois",2025-02-15,"calendar","sir","hurdle_ztnb",2025-01-25,2025,3,1734,1728,1735,6.40242424242424,7,FALSE
"Illinois",2025-02-15,"calendar","sir","hurdle_ztnb",2025-02-01,2025,2,2137,2146,2138,4.3,8,TRUE
"Illinois",2025-02-15,"calendar","sir","hurdle_ztnb",2025-02-08,2025,1,2239,2369,2240.5,119.480303030303,128.5,FALSE
"Illinois",2025-02-15,"calendar","sir","hurdle_ztnb",2025-02-15,2025,0,1779,2064,1782,261.767878787879,282,FALSE
"Illinois",2025-02-15,"calendar","sir","hurdle_ztpoisson",2025-01-18,2025,4,1316,1383,1322,56.3922727272727,61,FALSE
"Illinois",2025-02-15,"calendar","sir","hurdle_ztpoisson",2025-01-25,2025,3,1734,1728,1734,6.13636363636364,6,FALSE
"Illinois",2025-02-15,"calendar","sir","hurdle_ztpoisson",2025-02-01,2025,2,2137,2146,2137,6.38181818181818,9,FALSE
"Illinois",2025-02-15,"calendar","sir","hurdle_ztpoisson",2025-02-08,2025,1,2239,2369,2239,124.152272727273,130,FALSE
"Illinois",2025-02-15,"calendar","sir","hurdle_ztpoisson",2025-02-15,2025,0,1779,2064,1779,281.259090909091,285,FALSE
"Illinois",2025-03-29,"calendar","hsgp","hurdle_ztnb",2025-03-01,2025,4,1310,1311,1317,4.41272727272727,6,TRUE
"Illinois",2025-03-29,"calendar","hsgp","hurdle_ztnb",2025-03-08,2025,3,961,960,967.5,5.21121212121213,7.5,FALSE
"Illinois",2025-03-29,"calendar","hsgp","hurdle_ztnb",2025-03-15,2025,2,697,718,704.5,6.75833333333333,13.5,TRUE
"Illinois",2025-03-29,"calendar","hsgp","hurdle_ztnb",2025-03-22,2025,1,503,509,511,3.14484848484849,2,TRUE
"Illinois",2025-03-29,"calendar","hsgp","hurdle_ztnb",2025-03-29,2025,0,303,355,313,25.0168181818182,42,TRUE
"Illinois",2025-03-29,"calendar","hsgp","hurdle_ztpoisson",2025-03-01,2025,4,1310,1311,1316,2.8219696969697,5,TRUE
"Illinois",2025-03-29,"calendar","hsgp","hurdle_ztpoisson",2025-03-08,2025,3,961,960,967.5,4.2660606060606,7.5,TRUE
"Illinois",2025-03-29,"calendar","hsgp","hurdle_ztpoisson",2025-03-15,2025,2,697,718,703,9.84909090909092,15,FALSE
"Illinois",2025-03-29,"calendar","hsgp","hurdle_ztpoisson",2025-03-22,2025,1,503,509,511,2.24121212121212,2,TRUE
"Illinois",2025-03-29,"calendar","hsgp","hurdle_ztpoisson",2025-03-29,2025,0,303,355,299,41.4592424242424,56,TRUE
"Illinois",2025-03-29,"calendar","sir","hurdle_ztnb",2025-03-01,2025,4,1310,1311,1310,0.763636363636364,1,TRUE
"Illinois",2025-03-29,"calendar","sir","hurdle_ztnb",2025-03-08,2025,3,961,960,962,1.90909090909091,2,TRUE
"Illinois",2025-03-29,"calendar","sir","hurdle_ztnb",2025-03-15,2025,2,697,718,698,12.5774242424243,20,TRUE
"Illinois",2025-03-29,"calendar","sir","hurdle_ztnb",2025-03-22,2025,1,503,509,504,2.74136363636364,5,TRUE
"Illinois",2025-03-29,"calendar","sir","hurdle_ztnb",2025-03-29,2025,0,303,355,305,35.4495454545455,50,FALSE
"Illinois",2025-03-29,"calendar","sir","hurdle_ztpoisson",2025-03-01,2025,4,1310,1311,1310,0.750909090909111,1,TRUE
"Illinois",2025-03-29,"calendar","sir","hurdle_ztpoisson",2025-03-08,2025,3,961,960,961,1.05590909090909,1,FALSE
"Illinois",2025-03-29,"calendar","sir","hurdle_ztpoisson",2025-03-15,2025,2,697,718,697,20.2831818181818,21,FALSE
"Illinois",2025-03-29,"calendar","sir","hurdle_ztpoisson",2025-03-22,2025,1,503,509,503,4.97409090909091,6,TRUE
"Illinois",2025-03-29,"calendar","sir","hurdle_ztpoisson",2025-03-29,2025,0,303,355,303,51.2159090909091,52,FALSE
"Illinois",2025-04-26,"calendar","hsgp","hurdle_ztnb",2025-03-29,2025,4,349,355,350,2.47469696969696,5,TRUE
"Illinois",2025-04-26,"calendar","hsgp","hurdle_ztnb",2025-04-05,2025,3,234,297,234,58.6454545454545,63,FALSE
"Illinois",2025-04-26,"calendar","hsgp","hurdle_ztnb",2025-04-12,2025,2,155,156,155,0.618181818181818,1,TRUE
"Illinois",2025-04-26,"calendar","hsgp","hurdle_ztnb",2025-04-19,2025,1,156,156,156,0.759545454545454,0,TRUE
"Illinois",2025-04-26,"calendar","hsgp","hurdle_ztnb",2025-04-26,2025,0,100,124,102,15.4390909090909,22,FALSE
"Illinois",2025-04-26,"calendar","hsgp","hurdle_ztpoisson",2025-03-29,2025,4,349,355,349,2.93878787878788,6,TRUE
"Illinois",2025-04-26,"calendar","hsgp","hurdle_ztpoisson",2025-04-05,2025,3,234,297,234,58.9727272727273,63,FALSE
"Illinois",2025-04-26,"calendar","hsgp","hurdle_ztpoisson",2025-04-12,2025,2,155,156,156,0.810454545454545,0,TRUE
"Illinois",2025-04-26,"calendar","hsgp","hurdle_ztpoisson",2025-04-19,2025,1,156,156,158,1.05590909090909,2,TRUE
"Illinois",2025-04-26,"calendar","hsgp","hurdle_ztpoisson",2025-04-26,2025,0,100,124,100,19.2377272727273,24,FALSE
"Illinois",2025-04-26,"calendar","sir","hurdle_ztnb",2025-03-29,2025,4,349,355,350,2.57409090909091,5,TRUE
"Illinois",2025-04-26,"calendar","sir","hurdle_ztnb",2025-04-05,2025,3,234,297,234,55.3977272727273,63,FALSE
"Illinois",2025-04-26,"calendar","sir","hurdle_ztnb",2025-04-12,2025,2,155,156,156,1.00727272727273,0,TRUE
"Illinois",2025-04-26,"calendar","sir","hurdle_ztnb",2025-04-19,2025,1,156,156,157,1.33,1,TRUE
"Illinois",2025-04-26,"calendar","sir","hurdle_ztnb",2025-04-26,2025,0,100,124,102,12.7418181818182,22,TRUE
"Illinois",2025-04-26,"calendar","sir","hurdle_ztpoisson",2025-03-29,2025,4,349,355,349,6,6,FALSE
"Illinois",2025-04-26,"calendar","sir","hurdle_ztpoisson",2025-04-05,2025,3,234,297,234,63,63,FALSE
"Illinois",2025-04-26,"calendar","sir","hurdle_ztpoisson",2025-04-12,2025,2,155,156,155,1,1,FALSE
"Illinois",2025-04-26,"calendar","sir","hurdle_ztpoisson",2025-04-19,2025,1,156,156,156,0,0,TRUE
"Illinois",2025-04-26,"calendar","sir","hurdle_ztpoisson",2025-04-26,2025,0,100,124,100,24.0313636363636,24,FALSE
"Illinois",2025-05-31,"calendar","hsgp","hurdle_ztnb",2025-05-03,2025,4,81,81,81,0.172727272727273,0,TRUE
"Illinois",2025-05-31,"calendar","hsgp","hurdle_ztnb",2025-05-10,2025,3,57,58,57,0.569999999999999,1,TRUE
"Illinois",2025-05-31,"calendar","hsgp","hurdle_ztnb",2025-05-17,2025,2,52,52,52,0.566060606060606,0,TRUE
"Illinois",2025-05-31,"calendar","hsgp","hurdle_ztnb",2025-05-24,2025,1,71,74,72,1.25590909090909,2,TRUE
"Illinois",2025-05-31,"calendar","hsgp","hurdle_ztnb",2025-05-31,2025,0,52,56,54,2.00242424242424,2,TRUE
"Illinois",2025-05-31,"calendar","hsgp","hurdle_ztpoisson",2025-05-03,2025,4,81,81,81,0.0818181818181818,0,TRUE
"Illinois",2025-05-31,"calendar","hsgp","hurdle_ztpoisson",2025-05-10,2025,3,57,58,57,0.72060606060606,1,TRUE
"Illinois",2025-05-31,"calendar","hsgp","hurdle_ztpoisson",2025-05-17,2025,2,52,52,52,0.119545454545454,0,TRUE
"Illinois",2025-05-31,"calendar","hsgp","hurdle_ztpoisson",2025-05-24,2025,1,71,74,71,1.62863636363636,3,TRUE
"Illinois",2025-05-31,"calendar","hsgp","hurdle_ztpoisson",2025-05-31,2025,0,52,56,51,3.67878787878788,5,TRUE
"Illinois",2025-05-31,"calendar","sir","hurdle_ztnb",2025-05-03,2025,4,81,81,81,0.315454545454545,0,TRUE
"Illinois",2025-05-31,"calendar","sir","hurdle_ztnb",2025-05-10,2025,3,57,58,57,0.786969696969697,1,TRUE
"Illinois",2025-05-31,"calendar","sir","hurdle_ztnb",2025-05-17,2025,2,52,52,52,0.409090909090909,0,TRUE
"Illinois",2025-05-31,"calendar","sir","hurdle_ztnb",2025-05-24,2025,1,71,74,71,1.68560606060606,3,TRUE
"Illinois",2025-05-31,"calendar","sir","hurdle_ztnb",2025-05-31,2025,0,52,56,53,1.83772727272727,3,TRUE
"Illinois",2025-05-31,"calendar","sir","hurdle_ztpoisson",2025-05-03,2025,4,81,81,81,0,0,TRUE
"Illinois",2025-05-31,"calendar","sir","hurdle_ztpoisson",2025-05-10,2025,3,57,58,57,1,1,FALSE
"Illinois",2025-05-31,"calendar","sir","hurdle_ztpoisson",2025-05-17,2025,2,52,52,52,0,0,TRUE
"Illinois",2025-05-31,"calendar","sir","hurdle_ztpoisson",2025-05-24,2025,1,71,74,71,3,3,FALSE
"Illinois",2025-05-31,"calendar","sir","hurdle_ztpoisson",2025-05-31,2025,0,52,56,52,4,4,FALSE
"Indiana",2025-01-02,"calendar","hsgp","hurdle_ztnb",2024-11-30,2024,4,41,41,41,1.40272727272727,0,TRUE
"Indiana",2025-01-02,"calendar","hsgp","hurdle_ztnb",2024-12-07,2024,3,65,65,63,1.89939393939394,2,TRUE
"Indiana",2025-01-02,"calendar","hsgp","hurdle_ztnb",2024-12-14,2024,2,140,142,137,3.55454545454545,5,TRUE
"Indiana",2025-01-02,"calendar","hsgp","hurdle_ztnb",2024-12-21,2024,1,275,288,272,10.4783333333333,16,TRUE
"Indiana",2025-01-02,"calendar","hsgp","hurdle_ztnb",2024-12-28,2024,0,580,590,578.5,7.89590909090909,11.5,TRUE
"Indiana",2025-01-02,"calendar","hsgp","hurdle_ztpoisson",2024-11-30,2024,4,41,41,41,0.674090909090909,0,TRUE
"Indiana",2025-01-02,"calendar","hsgp","hurdle_ztpoisson",2024-12-07,2024,3,65,65,61,2.00272727272727,4,TRUE
"Indiana",2025-01-02,"calendar","hsgp","hurdle_ztpoisson",2024-12-14,2024,2,140,142,133,5.54409090909091,9,TRUE
"Indiana",2025-01-02,"calendar","hsgp","hurdle_ztpoisson",2024-12-21,2024,1,275,288,260,21.0645454545455,28,FALSE
"Indiana",2025-01-02,"calendar","hsgp","hurdle_ztpoisson",2024-12-28,2024,0,580,590,550,22.9615151515151,40,TRUE
"Indiana",2025-01-02,"calendar","sir","hurdle_ztnb",2024-11-30,2024,4,41,41,41,0.265,0,TRUE
"Indiana",2025-01-02,"calendar","sir","hurdle_ztnb",2024-12-07,2024,3,65,65,65,0.437727272727273,0,TRUE
"Indiana",2025-01-02,"calendar","sir","hurdle_ztnb",2024-12-14,2024,2,140,142,140,1.93136363636364,2,TRUE
"Indiana",2025-01-02,"calendar","sir","hurdle_ztnb",2024-12-21,2024,1,275,288,275,11.6027272727273,13,FALSE
"Indiana",2025-01-02,"calendar","sir","hurdle_ztnb",2024-12-28,2024,0,580,590,580,6.58787878787878,10,TRUE
"Indiana",2025-01-02,"calendar","sir","hurdle_ztpoisson",2024-11-30,2024,4,41,41,41,0.190909090909091,0,TRUE
"Indiana",2025-01-02,"calendar","sir","hurdle_ztpoisson",2024-12-07,2024,3,65,65,31.5,18.6036363636364,33.5,TRUE
"Indiana",2025-01-02,"calendar","sir","hurdle_ztpoisson",2024-12-14,2024,2,140,142,140,2.85060606060606,2,TRUE
"Indiana",2025-01-02,"calendar","sir","hurdle_ztpoisson",2024-12-21,2024,1,275,288,271,14.6904545454546,17,FALSE
"Indiana",2025-01-02,"calendar","sir","hurdle_ztpoisson",2024-12-28,2024,0,580,590,570,13.9324242424242,20,TRUE
"Indiana",2025-02-15,"calendar","hsgp","hurdle_ztnb",2025-01-18,2025,4,530,542,528,10.9607575757576,14,TRUE
"Indiana",2025-02-15,"calendar","hsgp","hurdle_ztnb",2025-01-25,2025,3,678,788,671,97.1056060606061,117,FALSE
"Indiana",2025-02-15,"calendar","hsgp","hurdle_ztnb",2025-02-01,2025,2,1243,1295,1234,39.4439393939394,61,TRUE
"Indiana",2025-02-15,"calendar","hsgp","hurdle_ztnb",2025-02-08,2025,1,1667,1711,1655,42.6451515151515,56,TRUE
"Indiana",2025-02-15,"calendar","hsgp","hurdle_ztnb",2025-02-15,2025,0,1570,1717,1566,102.173333333333,151,TRUE
"Indiana",2025-02-15,"calendar","hsgp","hurdle_ztpoisson",2025-01-18,2025,4,530,542,530,6.47272727272727,12,TRUE
"Indiana",2025-02-15,"calendar","hsgp","hurdle_ztpoisson",2025-01-25,2025,3,678,788,678,95.6734848484849,110,FALSE
"Indiana",2025-02-15,"calendar","hsgp","hurdle_ztpoisson",2025-02-01,2025,2,1243,1295,1240.5,34.76,54.5,TRUE
"Indiana",2025-02-15,"calendar","hsgp","hurdle_ztpoisson",2025-02-08,2025,1,1667,1711,1671,22.5363636363636,40,TRUE
"Indiana",2025-02-15,"calendar","hsgp","hurdle_ztpoisson",2025-02-15,2025,0,1570,1717,1572.5,89.5006060606061,144.5,TRUE
"Indiana",2025-02-15,"calendar","sir","hurdle_ztnb",2025-01-18,2025,4,530,542,530,9.82166666666668,12,TRUE
"Indiana",2025-02-15,"calendar","sir","hurdle_ztnb",2025-01-25,2025,3,678,788,678,107.713636363636,110,FALSE
"Indiana",2025-02-15,"calendar","sir","hurdle_ztnb",2025-02-01,2025,2,1243,1295,1243,42.2612121212121,52,FALSE
"Indiana",2025-02-15,"calendar","sir","hurdle_ztnb",2025-02-08,2025,1,1667,1711,1667,36.1884848484849,44,TRUE
"Indiana",2025-02-15,"calendar","sir","hurdle_ztnb",2025-02-15,2025,0,1570,1717,1570,118.15393939394,147,FALSE
"Indiana",2025-02-15,"calendar","sir","hurdle_ztpoisson",2025-01-18,2025,4,530,542,448.5,59.785303030303,93.5,FALSE
"Indiana",2025-02-15,"calendar","sir","hurdle_ztpoisson",2025-01-25,2025,3,678,788,676.5,111.458333333333,111.5,FALSE
"Indiana",2025-02-15,"calendar","sir","hurdle_ztpoisson",2025-02-01,2025,2,1243,1295,1235.5,55.905303030303,59.5,FALSE
"Indiana",2025-02-15,"calendar","sir","hurdle_ztpoisson",2025-02-08,2025,1,1667,1711,1655,46.3581818181818,56,FALSE
"Indiana",2025-02-15,"calendar","sir","hurdle_ztpoisson",2025-02-15,2025,0,1570,1717,1563,145.203333333333,154,FALSE
"Indiana",2025-03-29,"calendar","hsgp","hurdle_ztnb",2025-03-01,2025,4,1156,1210,1156,45.655,54,FALSE
"Indiana",2025-03-29,"calendar","hsgp","hurdle_ztnb",2025-03-08,2025,3,871,900,871,21.3624242424242,29,FALSE
"Indiana",2025-03-29,"calendar","hsgp","hurdle_ztnb",2025-03-15,2025,2,580,599,580,12.3037878787879,19,TRUE
"Indiana",2025-03-29,"calendar","hsgp","hurdle_ztnb",2025-03-22,2025,1,392,392,392,3.645,0,TRUE
"Indiana",2025-03-29,"calendar","hsgp","hurdle_ztnb",2025-03-29,2025,0,236,237,236,4.76227272727273,1,TRUE
"Indiana",2025-03-29,"calendar","hsgp","hurdle_ztpoisson",2025-03-01,2025,4,1156,1210,1157.5,37.9074242424243,52.5,FALSE
"Indiana",2025-03-29,"calendar","hsgp","hurdle_ztpoisson",2025-03-08,2025,3,871,900,874,14.3322727272727,26,TRUE
"Indiana",2025-03-29,"calendar","hsgp","hurdle_ztpoisson",2025-03-15,2025,2,580,599,583,8.39469696969697,16,TRUE
"Indiana",2025-03-29,"calendar","hsgp","hurdle_ztpoisson",2025-03-22,2025,1,392,392,396,3.91954545454545,4,TRUE
"Indiana",2025-03-29,"calendar","hsgp","hurdle_ztpoisson",2025-03-29,2025,0,236,237,238.5,4.75545454545455,1.5,TRUE
"Indiana",2025-03-29,"calendar","sir","hurdle_ztnb",2025-03-01,2025,4,1156,1210,1156,46.7440909090909,54,FALSE
"Indiana",2025-03-29,"calendar","sir","hurdle_ztnb",2025-03-08,2025,3,871,900,871,21.6428787878788,29,FALSE
"Indiana",2025-03-29,"calendar","sir","hurdle_ztnb",2025-03-15,2025,2,580,599,580,12.4869696969697,19,TRUE
"Indiana",2025-03-29,"calendar","sir","hurdle_ztnb",2025-03-22,2025,1,392,392,392,2.91636363636364,0,TRUE
"Indiana",2025-03-29,"calendar","sir","hurdle_ztnb",2025-03-29,2025,0,236,237,236,4.03242424242424,1,TRUE
"Indiana",2025-03-29,"calendar","sir","hurdle_ztpoisson",2025-03-01,2025,4,1156,1210,1156,52.4818181818182,54,FALSE
"Indiana",2025-03-29,"calendar","sir","hurdle_ztpoisson",2025-03-08,2025,3,871,900,871,27.0963636363636,29,FALSE
"Indiana",2025-03-29,"calendar","sir","hurdle_ztpoisson",2025-03-15,2025,2,580,599,580,17.5533333333333,19,FALSE
"Indiana",2025-03-29,"calendar","sir","hurdle_ztpoisson",2025-03-22,2025,1,392,392,392,0.394696969696969,0,TRUE
"Indiana",2025-03-29,"calendar","sir","hurdle_ztpoisson",2025-03-29,2025,0,236,237,236,1.10272727272727,1,TRUE
"Indiana",2025-04-26,"calendar","hsgp","hurdle_ztnb",2025-03-29,2025,4,237,237,237,0.398333333333333,0,TRUE
"Indiana",2025-04-26,"calendar","hsgp","hurdle_ztnb",2025-04-05,2025,3,126,126,126,0.411515151515151,0,TRUE
"Indiana",2025-04-26,"calendar","hsgp","hurdle_ztnb",2025-04-12,2025,2,87,87,87,0.301363636363636,0,TRUE
"Indiana",2025-04-26,"calendar","hsgp","hurdle_ztnb",2025-04-19,2025,1,52,52,52,0.379090909090909,0,TRUE
"Indiana",2025-04-26,"calendar","hsgp","hurdle_ztnb",2025-04-26,2025,0,42,43,42,0.918181818181818,1,TRUE
"Indiana",2025-04-26,"calendar","hsgp","hurdle_ztpoisson",2025-03-29,2025,4,237,237,237,1.07787878787879,0,TRUE
"Indiana",2025-04-26,"calendar","hsgp","hurdle_ztpoisson",2025-04-05,2025,3,126,126,126,0.994696969696969,0,TRUE
"Indiana",2025-04-26,"calendar","hsgp","hurdle_ztpoisson",2025-04-12,2025,2,87,87,87,0.790909090909091,0,TRUE
"Indiana",2025-04-26,"calendar","hsgp","hurdle_ztpoisson",2025-04-19,2025,1,52,52,52,0.681818181818182,0,TRUE
"Indiana",2025-04-26,"calendar","hsgp","hurdle_ztpoisson",2025-04-26,2025,0,42,43,42.5,1.07272727272727,0.5,TRUE
"Indiana",2025-04-26,"calendar","sir","hurdle_ztnb",2025-03-29,2025,4,237,237,237,0.604848484848485,0,TRUE
"Indiana",2025-04-26,"calendar","sir","hurdle_ztnb",2025-04-05,2025,3,126,126,126,0.623181818181818,0,TRUE
"Indiana",2025-04-26,"calendar","sir","hurdle_ztnb",2025-04-12,2025,2,87,87,87,0.46,0,TRUE
"Indiana",2025-04-26,"calendar","sir","hurdle_ztnb",2025-04-19,2025,1,52,52,52,0.562121212121212,0,TRUE
"Indiana",2025-04-26,"calendar","sir","hurdle_ztnb",2025-04-26,2025,0,42,43,42,1.52333333333333,1,TRUE
"Indiana",2025-04-26,"calendar","sir","hurdle_ztpoisson",2025-03-29,2025,4,237,237,237,0,0,TRUE
"Indiana",2025-04-26,"calendar","sir","hurdle_ztpoisson",2025-04-05,2025,3,126,126,126,0,0,TRUE
"Indiana",2025-04-26,"calendar","sir","hurdle_ztpoisson",2025-04-12,2025,2,87,87,87,0,0,TRUE
"Indiana",2025-04-26,"calendar","sir","hurdle_ztpoisson",2025-04-19,2025,1,52,52,52,0,0,TRUE
"Indiana",2025-04-26,"calendar","sir","hurdle_ztpoisson",2025-04-26,2025,0,42,43,42,1,1,FALSE
"Indiana",2025-05-31,"calendar","hsgp","hurdle_ztnb",2025-05-03,2025,4,34,34,34,0.0636363636363637,0,TRUE
"Indiana",2025-05-31,"calendar","hsgp","hurdle_ztnb",2025-05-10,2025,3,27,27,27,0.0299999999999998,0,TRUE
"Indiana",2025-05-31,"calendar","hsgp","hurdle_ztnb",2025-05-17,2025,2,25,25,25,0.140151515151515,0,TRUE
"Indiana",2025-05-31,"calendar","hsgp","hurdle_ztnb",2025-05-24,2025,1,18,18,18,0.22969696969697,0,TRUE
"Indiana",2025-05-31,"calendar","hsgp","hurdle_ztnb",2025-05-31,2025,0,20,20,20,0.537727272727273,0,TRUE
"Indiana",2025-05-31,"calendar","hsgp","hurdle_ztpoisson",2025-05-03,2025,4,34,34,34,0.0454545454545455,0,TRUE
"Indiana",2025-05-31,"calendar","hsgp","hurdle_ztpoisson",2025-05-10,2025,3,27,27,27,0.0831818181818182,0,TRUE
"Indiana",2025-05-31,"calendar","hsgp","hurdle_ztpoisson",2025-05-17,2025,2,25,25,25,0.0909090909090909,0,TRUE
"Indiana",2025-05-31,"calendar","hsgp","hurdle_ztpoisson",2025-05-24,2025,1,18,18,18,0.228636363636364,0,TRUE
"Indiana",2025-05-31,"calendar","hsgp","hurdle_ztpoisson",2025-05-31,2025,0,20,20,20,0.555909090909091,0,TRUE
"Indiana",2025-05-31,"calendar","sir","hurdle_ztnb",2025-05-03,2025,4,34,34,34,0.131060606060606,0,TRUE
"Indiana",2025-05-31,"calendar","sir","hurdle_ztnb",2025-05-10,2025,3,27,27,27,0.137727272727273,0,TRUE
"Indiana",2025-05-31,"calendar","sir","hurdle_ztnb",2025-05-17,2025,2,25,25,25,0.277878787878788,0,TRUE
"Indiana",2025-05-31,"calendar","sir","hurdle_ztnb",2025-05-24,2025,1,18,18,18,0.29469696969697,0,TRUE
"Indiana",2025-05-31,"calendar","sir","hurdle_ztnb",2025-05-31,2025,0,20,20,20,0.27,0,TRUE
"Indiana",2025-05-31,"calendar","sir","hurdle_ztpoisson",2025-05-03,2025,4,34,34,34,0,0,TRUE
"Indiana",2025-05-31,"calendar","sir","hurdle_ztpoisson",2025-05-10,2025,3,27,27,27,0,0,TRUE
"Indiana",2025-05-31,"calendar","sir","hurdle_ztpoisson",2025-05-17,2025,2,25,25,25,0,0,TRUE
"Indiana",2025-05-31,"calendar","sir","hurdle_ztpoisson",2025-05-24,2025,1,18,18,18,0,0,TRUE
"Indiana",2025-05-31,"calendar","sir","hurdle_ztpoisson",2025-05-31,2025,0,20,20,20,0,0,TRUE
"Iowa",2025-01-02,"calendar","hsgp","hurdle_ztnb",2024-11-30,2024,4,4,4,4,0.0454545454545455,0,TRUE
"Iowa",2025-01-02,"calendar","hsgp","hurdle_ztnb",2024-12-07,2024,3,13,13,13,0.109090909090909,0,TRUE
"Iowa",2025-01-02,"calendar","hsgp","hurdle_ztnb",2024-12-14,2024,2,23,23,23,0.227272727272727,0,TRUE
"Iowa",2025-01-02,"calendar","hsgp","hurdle_ztnb",2024-12-21,2024,1,42,42,42,0.254545454545455,0,TRUE
"Iowa",2025-01-02,"calendar","hsgp","hurdle_ztnb",2024-12-28,2024,0,104,118,105.5,9.14545454545455,12.5,FALSE
"Iowa",2025-01-02,"calendar","hsgp","hurdle_ztpoisson",2024-11-30,2024,4,4,4,4,0.0090909090909091,0,TRUE
"Iowa",2025-01-02,"calendar","hsgp","hurdle_ztpoisson",2024-12-07,2024,3,13,13,13,0.0090909090909091,0,TRUE
"Iowa",2025-01-02,"calendar","hsgp","hurdle_ztpoisson",2024-12-14,2024,2,23,23,23,0.1,0,TRUE
"Iowa",2025-01-02,"calendar","hsgp","hurdle_ztpoisson",2024-12-21,2024,1,42,42,42,0.476363636363636,0,TRUE
"Iowa",2025-01-02,"calendar","hsgp","hurdle_ztpoisson",2024-12-28,2024,0,104,118,107,5.83106060606061,11,TRUE
"Iowa",2025-01-02,"calendar","sir","hurdle_ztnb",2024-11-30,2024,4,4,4,4,0.0363636363636364,0,TRUE
"Iowa",2025-01-02,"calendar","sir","hurdle_ztnb",2024-12-07,2024,3,13,13,13,0.0636363636363637,0,TRUE
"Iowa",2025-01-02,"calendar","sir","hurdle_ztnb",2024-12-14,2024,2,23,23,23,0.0636363636363637,0,TRUE
"Iowa",2025-01-02,"calendar","sir","hurdle_ztnb",2024-12-21,2024,1,42,42,42,0.128636363636363,0,TRUE
"Iowa",2025-01-02,"calendar","sir","hurdle_ztnb",2024-12-28,2024,0,104,118,104,11.7454545454545,14,FALSE
"Iowa",2025-01-02,"calendar","sir","hurdle_ztpoisson",2024-11-30,2024,4,4,4,4,0,0,TRUE
"Iowa",2025-01-02,"calendar","sir","hurdle_ztpoisson",2024-12-07,2024,3,13,13,13,0.0387878787878787,0,TRUE
"Iowa",2025-01-02,"calendar","sir","hurdle_ztpoisson",2024-12-14,2024,2,23,23,23,0.0454545454545455,0,TRUE
"Iowa",2025-01-02,"calendar","sir","hurdle_ztpoisson",2024-12-21,2024,1,42,42,42,0.163636363636364,0,TRUE
"Iowa",2025-01-02,"calendar","sir","hurdle_ztpoisson",2024-12-28,2024,0,104,118,104,9.00196969696969,14,TRUE
"Iowa",2025-02-15,"calendar","hsgp","hurdle_ztnb",2025-01-18,2025,4,236,246,241,2.84136363636364,5,TRUE
"Iowa",2025-02-15,"calendar","hsgp","hurdle_ztnb",2025-01-25,2025,3,300,304,307,2.49106060606061,3,TRUE
"Iowa",2025-02-15,"calendar","hsgp","hurdle_ztnb",2025-02-01,2025,2,431,457,442.5,8.14409090909091,14.5,TRUE
"Iowa",2025-02-15,"calendar","hsgp","hurdle_ztnb",2025-02-08,2025,1,566,607,585.5,11.2357575757576,21.5,TRUE
"Iowa",2025-02-15,"calendar","hsgp","hurdle_ztnb",2025-02-15,2025,0,456,516,481.5,19.870303030303,34.5,TRUE
"Iowa",2025-02-15,"calendar","hsgp","hurdle_ztpoisson",2025-01-18,2025,4,236,246,239,4.14545454545455,7,TRUE
"Iowa",2025-02-15,"calendar","hsgp","hurdle_ztpoisson",2025-01-25,2025,3,300,304,305,1.41818181818182,1,TRUE
"Iowa",2025-02-15,"calendar","hsgp","hurdle_ztpoisson",2025-02-01,2025,2,431,457,440,11.0090909090909,17,TRUE
"Iowa",2025-02-15,"calendar","hsgp","hurdle_ztpoisson",2025-02-08,2025,1,566,607,582,14.4516666666667,25,TRUE
"Iowa",2025-02-15,"calendar","hsgp","hurdle_ztpoisson",2025-02-15,2025,0,456,516,479,19.9151515151515,37,TRUE
"Iowa",2025-02-15,"calendar","sir","hurdle_ztnb",2025-01-18,2025,4,236,246,236,8.49090909090909,10,FALSE
"Iowa",2025-02-15,"calendar","sir","hurdle_ztnb",2025-01-25,2025,3,300,304,300,2.28424242424242,4,TRUE
"Iowa",2025-02-15,"calendar","sir","hurdle_ztnb",2025-02-01,2025,2,431,457,431,23.1145454545455,26,FALSE
"Iowa",2025-02-15,"calendar","sir","hurdle_ztnb",2025-02-08,2025,1,566,607,566,35.8909090909091,41,FALSE
"Iowa",2025-02-15,"calendar","sir","hurdle_ztnb",2025-02-15,2025,0,456,516,457,50.0869696969697,59,FALSE
"Iowa",2025-02-15,"calendar","sir","hurdle_ztpoisson",2025-01-18,2025,4,236,246,244,1.63636363636364,2,TRUE
"Iowa",2025-02-15,"calendar","sir","hurdle_ztpoisson",2025-01-25,2025,3,300,304,300,1.86363636363636,4,TRUE
"Iowa",2025-02-15,"calendar","sir","hurdle_ztpoisson",2025-02-01,2025,2,431,457,432,22.3740909090909,25,FALSE
"Iowa",2025-02-15,"calendar","sir","hurdle_ztpoisson",2025-02-08,2025,1,566,607,570,31.9636363636364,37,FALSE
"Iowa",2025-02-15,"calendar","sir","hurdle_ztpoisson",2025-02-15,2025,0,456,516,460,45.705303030303,56,FALSE
"Iowa",2025-03-29,"calendar","hsgp","hurdle_ztnb",2025-03-01,2025,4,351,355,353,1.09333333333333,2,TRUE
"Iowa",2025-03-29,"calendar","hsgp","hurdle_ztnb",2025-03-08,2025,3,265,271,267,2.23772727272727,4,TRUE
"Iowa",2025-03-29,"calendar","hsgp","hurdle_ztnb",2025-03-15,2025,2,185,187,186,0.718181818181818,1,TRUE
"Iowa",2025-03-29,"calendar","hsgp","hurdle_ztnb",2025-03-22,2025,1,98,99,100,0.881818181818182,1,TRUE
"Iowa",2025-03-29,"calendar","hsgp","hurdle_ztnb",2025-03-29,2025,0,50,55,52,1.64136363636364,3,TRUE
"Iowa",2025-03-29,"calendar","hsgp","hurdle_ztpoisson",2025-03-01,2025,4,351,355,355,0.918181818181818,0,TRUE
"Iowa",2025-03-29,"calendar","hsgp","hurdle_ztpoisson",2025-03-08,2025,3,265,271,268.5,1.34136363636364,2.5,TRUE
"Iowa",2025-03-29,"calendar","hsgp","hurdle_ztpoisson",2025-03-15,2025,2,185,187,189,1.17272727272727,2,TRUE
"Iowa",2025-03-29,"calendar","hsgp","hurdle_ztpoisson",2025-03-22,2025,1,98,99,102,1.82318181818182,3,TRUE
"Iowa",2025-03-29,"calendar","hsgp","hurdle_ztpoisson",2025-03-29,2025,0,50,55,55,1.50242424242424,0,TRUE
"Iowa",2025-03-29,"calendar","sir","hurdle_ztnb",2025-03-01,2025,4,351,355,351,2.29333333333333,4,TRUE
"Iowa",2025-03-29,"calendar","sir","hurdle_ztnb",2025-03-08,2025,3,265,271,265,3.43772727272727,6,TRUE
"Iowa",2025-03-29,"calendar","sir","hurdle_ztnb",2025-03-15,2025,2,185,187,185,1.01272727272727,2,TRUE
"Iowa",2025-03-29,"calendar","sir","hurdle_ztnb",2025-03-22,2025,1,98,99,99,0.824696969696969,0,TRUE
"Iowa",2025-03-29,"calendar","sir","hurdle_ztnb",2025-03-29,2025,0,50,55,51,2.36636363636364,4,TRUE
"Iowa",2025-03-29,"calendar","sir","hurdle_ztpoisson",2025-03-01,2025,4,351,355,351,2.24545454545455,4,TRUE
"Iowa",2025-03-29,"calendar","sir","hurdle_ztpoisson",2025-03-08,2025,3,265,271,265,4.37409090909091,6,FALSE
"Iowa",2025-03-29,"calendar","sir","hurdle_ztpoisson",2025-03-15,2025,2,185,187,185,0.945454545454546,2,TRUE
"Iowa",2025-03-29,"calendar","sir","hurdle_ztpoisson",2025-03-22,2025,1,98,99,98,0.581818181818182,1,TRUE
"Iowa",2025-03-29,"calendar","sir","hurdle_ztpoisson",2025-03-29,2025,0,50,55,50,3.70545454545455,5,TRUE
"Iowa",2025-04-26,"calendar","hsgp","hurdle_ztnb",2025-03-29,2025,4,52,55,52,1.90545454545455,3,TRUE
"Iowa",2025-04-26,"calendar","hsgp","hurdle_ztnb",2025-04-05,2025,3,43,43,43,0.0660606060606059,0,TRUE
"Iowa",2025-04-26,"calendar","hsgp","hurdle_ztnb",2025-04-12,2025,2,19,24,19,4.31818181818182,5,FALSE
"Iowa",2025-04-26,"calendar","hsgp","hurdle_ztnb",2025-04-19,2025,1,11,11,11,0.109090909090909,0,TRUE
"Iowa",2025-04-26,"calendar","hsgp","hurdle_ztnb",2025-04-26,2025,0,14,14,14,0.254545454545455,0,TRUE
"Iowa",2025-04-26,"calendar","hsgp","hurdle_ztpoisson",2025-03-29,2025,4,52,55,52,1.46363636363636,3,TRUE
"Iowa",2025-04-26,"calendar","hsgp","hurdle_ztpoisson",2025-04-05,2025,3,43,43,43,0.218181818181818,0,TRUE
"Iowa",2025-04-26,"calendar","hsgp","hurdle_ztpoisson",2025-04-12,2025,2,19,24,19,3.4,5,FALSE
"Iowa",2025-04-26,"calendar","hsgp","hurdle_ztpoisson",2025-04-19,2025,1,11,11,11,0.210454545454545,0,TRUE
"Iowa",2025-04-26,"calendar","hsgp","hurdle_ztpoisson",2025-04-26,2025,0,14,14,14,0.427272727272727,0,TRUE
"Iowa",2025-04-26,"calendar","sir","hurdle_ztnb",2025-03-29,2025,4,52,55,52,1.66727272727273,3,TRUE
"Iowa",2025-04-26,"calendar","sir","hurdle_ztnb",2025-04-05,2025,3,43,43,43,0.209090909090909,0,TRUE
"Iowa",2025-04-26,"calendar","sir","hurdle_ztnb",2025-04-12,2025,2,19,24,19,2.62060606060606,5,TRUE
"Iowa",2025-04-26,"calendar","sir","hurdle_ztnb",2025-04-19,2025,1,11,11,12,1.02863636363636,1,TRUE
"Iowa",2025-04-26,"calendar","sir","hurdle_ztnb",2025-04-26,2025,0,14,14,16,1.90909090909091,2,TRUE
"Iowa",2025-04-26,"calendar","sir","hurdle_ztpoisson",2025-03-29,2025,4,52,55,52,2.82727272727273,3,FALSE
"Iowa",2025-04-26,"calendar","sir","hurdle_ztpoisson",2025-04-05,2025,3,43,43,43,0.0181818181818182,0,TRUE
"Iowa",2025-04-26,"calendar","sir","hurdle_ztpoisson",2025-04-12,2025,2,19,24,19,4.80136363636364,5,FALSE
"Iowa",2025-04-26,"calendar","sir","hurdle_ztpoisson",2025-04-19,2025,1,11,11,11,0,0,TRUE
"Iowa",2025-04-26,"calendar","sir","hurdle_ztpoisson",2025-04-26,2025,0,14,14,14,0.0181818181818182,0,TRUE
"Iowa",2025-05-31,"calendar","hsgp","hurdle_ztnb",2025-05-03,2025,4,4,4,4,0,0,TRUE
"Iowa",2025-05-31,"calendar","hsgp","hurdle_ztnb",2025-05-10,2025,3,4,4,4,0,0,TRUE
"Iowa",2025-05-31,"calendar","hsgp","hurdle_ztnb",2025-05-17,2025,2,1,1,1,0.0090909090909091,0,TRUE
"Iowa",2025-05-31,"calendar","hsgp","hurdle_ztnb",2025-05-24,2025,1,5,5,5,0.0104545454545453,0,TRUE
"Iowa",2025-05-31,"calendar","hsgp","hurdle_ztnb",2025-05-31,2025,0,3,4,3,0.563636363636364,1,TRUE
"Iowa",2025-05-31,"calendar","hsgp","hurdle_ztpoisson",2025-05-03,2025,4,4,4,4,0,0,TRUE
"Iowa",2025-05-31,"calendar","hsgp","hurdle_ztpoisson",2025-05-10,2025,3,4,4,4,0.0104545454545453,0,TRUE
"Iowa",2025-05-31,"calendar","hsgp","hurdle_ztpoisson",2025-05-17,2025,2,1,1,1,0.0181818181818182,0,TRUE
"Iowa",2025-05-31,"calendar","hsgp","hurdle_ztpoisson",2025-05-24,2025,1,5,5,5,0.0636363636363637,0,TRUE
"Iowa",2025-05-31,"calendar","hsgp","hurdle_ztpoisson",2025-05-31,2025,0,3,4,3,0.672727272727273,1,TRUE
"Iowa",2025-05-31,"calendar","sir","hurdle_ztnb",2025-05-03,2025,4,4,4,4,0.136363636363636,0,TRUE
"Iowa",2025-05-31,"calendar","sir","hurdle_ztnb",2025-05-10,2025,3,4,4,4,0.172727272727273,0,TRUE
"Iowa",2025-05-31,"calendar","sir","hurdle_ztnb",2025-05-17,2025,2,1,1,1,0.163636363636364,0,TRUE
"Iowa",2025-05-31,"calendar","sir","hurdle_ztnb",2025-05-24,2025,1,5,5,5,0.312727272727273,0,TRUE
"Iowa",2025-05-31,"calendar","sir","hurdle_ztnb",2025-05-31,2025,0,3,4,4,0.989242424242424,0,TRUE
"Iowa",2025-05-31,"calendar","sir","hurdle_ztpoisson",2025-05-03,2025,4,4,4,4,0,0,TRUE
"Iowa",2025-05-31,"calendar","sir","hurdle_ztpoisson",2025-05-10,2025,3,4,4,4,0,0,TRUE
"Iowa",2025-05-31,"calendar","sir","hurdle_ztpoisson",2025-05-17,2025,2,1,1,1,0,0,TRUE
"Iowa",2025-05-31,"calendar","sir","hurdle_ztpoisson",2025-05-24,2025,1,5,5,5,0,0,TRUE
"Iowa",2025-05-31,"calendar","sir","hurdle_ztpoisson",2025-05-31,2025,0,3,4,3,1,1,FALSE
"Kansas",2025-01-02,"calendar","hsgp","hurdle_ztnb",2024-11-30,2024,4,20,20,20,0.238787878787879,0,TRUE
"Kansas",2025-01-02,"calendar","hsgp","hurdle_ztnb",2024-12-07,2024,3,34,36,34,0.809090909090909,2,TRUE
"Kansas",2025-01-02,"calendar","hsgp","hurdle_ztnb",2024-12-14,2024,2,87,90,88,1.09090909090909,2,TRUE
"Kansas",2025-01-02,"calendar","hsgp","hurdle_ztnb",2024-12-21,2024,1,117,120,119,1.02863636363636,1,TRUE
"Kansas",2025-01-02,"calendar","hsgp","hurdle_ztnb",2024-12-28,2024,0,213,225,216,5.12863636363636,9,TRUE
"Kansas",2025-01-02,"calendar","hsgp","hurdle_ztpoisson",2024-11-30,2024,4,20,20,20,0.0454545454545455,0,TRUE
"Kansas",2025-01-02,"calendar","hsgp","hurdle_ztpoisson",2024-12-07,2024,3,34,36,34,1.07272727272727,2,TRUE
"Kansas",2025-01-02,"calendar","hsgp","hurdle_ztpoisson",2024-12-14,2024,2,87,90,87,1.31151515151515,3,TRUE
"Kansas",2025-01-02,"calendar","hsgp","hurdle_ztpoisson",2024-12-21,2024,1,117,120,120,0.941363636363636,0,TRUE
"Kansas",2025-01-02,"calendar","hsgp","hurdle_ztpoisson",2024-12-28,2024,0,213,225,221,3.20863636363636,4,TRUE
"Kansas",2025-01-02,"calendar","sir","hurdle_ztnb",2024-11-30,2024,4,20,20,20,0.165,0,TRUE
"Kansas",2025-01-02,"calendar","sir","hurdle_ztnb",2024-12-07,2024,3,34,36,34,1.14,2,TRUE
"Kansas",2025-01-02,"calendar","sir","hurdle_ztnb",2024-12-14,2024,2,87,90,87,1.44984848484848,3,TRUE
"Kansas",2025-01-02,"calendar","sir","hurdle_ztnb",2024-12-21,2024,1,117,120,117,1.22863636363636,3,TRUE
"Kansas",2025-01-02,"calendar","sir","hurdle_ztnb",2024-12-28,2024,0,213,225,214,6.48454545454545,11,TRUE
"Kansas",2025-01-02,"calendar","sir","hurdle_ztpoisson",2024-11-30,2024,4,20,20,20,0.0181818181818182,0,TRUE
"Kansas",2025-01-02,"calendar","sir","hurdle_ztpoisson",2024-12-07,2024,3,34,36,37,1.33409090909091,1,TRUE
"Kansas",2025-01-02,"calendar","sir","hurdle_ztpoisson",2024-12-14,2024,2,87,90,87,1.25590909090909,3,TRUE
"Kansas",2025-01-02,"calendar","sir","hurdle_ztpoisson",2024-12-21,2024,1,117,120,119,1.00363636363636,1,TRUE
"Kansas",2025-01-02,"calendar","sir","hurdle_ztpoisson",2024-12-28,2024,0,213,225,218.5,3.42727272727273,6.5,TRUE
"Kansas",2025-02-15,"calendar","hsgp","hurdle_ztnb",2025-01-18,2025,4,200,200,204,2.28318181818182,4,TRUE
"Kansas",2025-02-15,"calendar","hsgp","hurdle_ztnb",2025-01-25,2025,3,212,216,219,2.14681818181818,3,TRUE
"Kansas",2025-02-15,"calendar","hsgp","hurdle_ztnb",2025-02-01,2025,2,377,390,386,2.91045454545455,4,TRUE
"Kansas",2025-02-15,"calendar","hsgp","hurdle_ztnb",2025-02-08,2025,1,457,483,469,6.96106060606061,14,TRUE
"Kansas",2025-02-15,"calendar","hsgp","hurdle_ztnb",2025-02-15,2025,0,445,519,463.5,33.1377272727273,55.5,TRUE
"Kansas",2025-02-15,"calendar","hsgp","hurdle_ztpoisson",2025-01-18,2025,4,200,200,201,0.819545454545455,1,TRUE
"Kansas",2025-02-15,"calendar","hsgp","hurdle_ztpoisson",2025-01-25,2025,3,212,216,214,1.36984848484849,2,TRUE
"Kansas",2025-02-15,"calendar","hsgp","hurdle_ztpoisson",2025-02-01,2025,2,377,390,380,6.41409090909091,10,TRUE
"Kansas",2025-02-15,"calendar","hsgp","hurdle_ztpoisson",2025-02-08,2025,1,457,483,461,14.1522727272727,22,FALSE
"Kansas",2025-02-15,"calendar","hsgp","hurdle_ztpoisson",2025-02-15,2025,0,445,519,447,51.7825757575758,72,TRUE
"Kansas",2025-02-15,"calendar","sir","hurdle_ztnb",2025-01-18,2025,4,200,200,202,1.32863636363636,2,TRUE
"Kansas",2025-02-15,"calendar","sir","hurdle_ztnb",2025-01-25,2025,3,212,216,215,1.28181818181818,1,TRUE
"Kansas",2025-02-15,"calendar","sir","hurdle_ztnb",2025-02-01,2025,2,377,390,381,4.91045454545455,9,TRUE
"Kansas",2025-02-15,"calendar","sir","hurdle_ztnb",2025-02-08,2025,1,457,483,462,12.3636363636364,21,TRUE
"Kansas",2025-02-15,"calendar","sir","hurdle_ztnb",2025-02-15,2025,0,445,519,452,50.1222727272727,67,FALSE
"Kansas",2025-02-15,"calendar","sir","hurdle_ztpoisson",2025-01-18,2025,4,200,200,204,2.50909090909091,4,TRUE
"Kansas",2025-02-15,"calendar","sir","hurdle_ztpoisson",2025-01-25,2025,3,212,216,212,2.83636363636364,4,TRUE
"Kansas",2025-02-15,"calendar","sir","hurdle_ztpoisson",2025-02-01,2025,2,377,390,377,10.0963636363636,13,FALSE
"Kansas",2025-02-15,"calendar","sir","hurdle_ztpoisson",2025-02-08,2025,1,457,483,459,21.1286363636364,24,FALSE
"Kansas",2025-02-15,"calendar","sir","hurdle_ztpoisson",2025-02-15,2025,0,445,519,446,63.3127272727273,73,FALSE
"Kansas",2025-03-29,"calendar","hsgp","hurdle_ztnb",2025-03-01,2025,4,305,308,307,0.840151515151513,1,TRUE
"Kansas",2025-03-29,"calendar","hsgp","hurdle_ztnb",2025-03-08,2025,3,251,251,253,1.42727272727273,2,TRUE
"Kansas",2025-03-29,"calendar","hsgp","hurdle_ztnb",2025-03-15,2025,2,164,164,167,1.5969696969697,3,TRUE
"Kansas",2025-03-29,"calendar","hsgp","hurdle_ztnb",2025-03-22,2025,1,118,120,121,1.16363636363636,1,TRUE
"Kansas",2025-03-29,"calendar","hsgp","hurdle_ztnb",2025-03-29,2025,0,66,68,71,2.20772727272727,3,TRUE
"Kansas",2025-03-29,"calendar","hsgp","hurdle_ztpoisson",2025-03-01,2025,4,305,308,307,0.901363636363636,1,TRUE
"Kansas",2025-03-29,"calendar","hsgp","hurdle_ztpoisson",2025-03-08,2025,3,251,251,253,1.20136363636364,2,TRUE
"Kansas",2025-03-29,"calendar","hsgp","hurdle_ztpoisson",2025-03-15,2025,2,164,164,166.5,1.36,2.5,TRUE
"Kansas",2025-03-29,"calendar","hsgp","hurdle_ztpoisson",2025-03-22,2025,1,118,120,120,1.24242424242424,0,TRUE
"Kansas",2025-03-29,"calendar","hsgp","hurdle_ztpoisson",2025-03-29,2025,0,66,68,69,2.27484848484849,1,TRUE
"Kansas",2025-03-29,"calendar","sir","hurdle_ztnb",2025-03-01,2025,4,305,308,307,0.910454545454545,1,TRUE
"Kansas",2025-03-29,"calendar","sir","hurdle_ztnb",2025-03-08,2025,3,251,251,252,1.08727272727272,1,TRUE
"Kansas",2025-03-29,"calendar","sir","hurdle_ztnb",2025-03-15,2025,2,164,164,165.5,1.21954545454545,1.5,TRUE
"Kansas",2025-03-29,"calendar","sir","hurdle_ztnb",2025-03-22,2025,1,118,120,120,1.05727272727273,0,TRUE
"Kansas",2025-03-29,"calendar","sir","hurdle_ztnb",2025-03-29,2025,0,66,68,69,2.32333333333333,1,TRUE
"Kansas",2025-03-29,"calendar","sir","hurdle_ztpoisson",2025-03-01,2025,4,305,308,305,1.58181818181818,3,TRUE
"Kansas",2025-03-29,"calendar","sir","hurdle_ztpoisson",2025-03-08,2025,3,251,251,251,0.127272727272727,0,TRUE
"Kansas",2025-03-29,"calendar","sir","hurdle_ztpoisson",2025-03-15,2025,2,164,164,164,0.12060606060606,0,TRUE
"Kansas",2025-03-29,"calendar","sir","hurdle_ztpoisson",2025-03-22,2025,1,118,120,118,1.21818181818182,2,TRUE
"Kansas",2025-03-29,"calendar","sir","hurdle_ztpoisson",2025-03-29,2025,0,66,68,66,1.4,2,TRUE
"Kansas",2025-04-26,"calendar","hsgp","hurdle_ztnb",2025-03-29,2025,4,68,68,68,0.109090909090909,0,TRUE
"Kansas",2025-04-26,"calendar","hsgp","hurdle_ztnb",2025-04-05,2025,3,40,40,40,0.0454545454545455,0,TRUE
"Kansas",2025-04-26,"calendar","hsgp","hurdle_ztnb",2025-04-12,2025,2,28,29,28,0.7,1,TRUE
"Kansas",2025-04-26,"calendar","hsgp","hurdle_ztnb",2025-04-19,2025,1,20,29,20,7.83636363636364,9,FALSE
"Kansas",2025-04-26,"calendar","hsgp","hurdle_ztnb",2025-04-26,2025,0,8,9,8,0.514545454545455,1,TRUE
"Kansas",2025-04-26,"calendar","hsgp","hurdle_ztpoisson",2025-03-29,2025,4,68,68,68,0.128636363636363,0,TRUE
"Kansas",2025-04-26,"calendar","hsgp","hurdle_ztpoisson",2025-04-05,2025,3,40,40,40,0.127272727272727,0,TRUE
"Kansas",2025-04-26,"calendar","hsgp","hurdle_ztpoisson",2025-04-12,2025,2,28,29,28,0.581818181818182,1,TRUE
"Kansas",2025-04-26,"calendar","hsgp","hurdle_ztpoisson",2025-04-19,2025,1,20,29,20,7.70909090909091,9,FALSE
"Kansas",2025-04-26,"calendar","hsgp","hurdle_ztpoisson",2025-04-26,2025,0,8,9,8,0.793333333333333,1,TRUE
"Kansas",2025-04-26,"calendar","sir","hurdle_ztnb",2025-03-29,2025,4,68,68,68,0.281818181818182,0,TRUE
"Kansas",2025-04-26,"calendar","sir","hurdle_ztnb",2025-04-05,2025,3,40,40,40,0.254545454545455,0,TRUE
"Kansas",2025-04-26,"calendar","sir","hurdle_ztnb",2025-04-12,2025,2,28,29,28,0.565,1,TRUE
"Kansas",2025-04-26,"calendar","sir","hurdle_ztnb",2025-04-19,2025,1,20,29,20,6.51954545454546,9,FALSE
"Kansas",2025-04-26,"calendar","sir","hurdle_ztnb",2025-04-26,2025,0,8,9,8,0.674090909090909,1,TRUE
"Kansas",2025-04-26,"calendar","sir","hurdle_ztpoisson",2025-03-29,2025,4,68,68,68,0.0090909090909091,0,TRUE
"Kansas",2025-04-26,"calendar","sir","hurdle_ztpoisson",2025-04-05,2025,3,40,40,40,0,0,TRUE
"Kansas",2025-04-26,"calendar","sir","hurdle_ztpoisson",2025-04-12,2025,2,28,29,28,1,1,FALSE
"Kansas",2025-04-26,"calendar","sir","hurdle_ztpoisson",2025-04-19,2025,1,20,29,20,9,9,FALSE
"Kansas",2025-04-26,"calendar","sir","hurdle_ztpoisson",2025-04-26,2025,0,8,9,8,1,1,FALSE
"Kansas",2025-05-31,"calendar","hsgp","hurdle_ztnb",2025-05-03,2025,4,6,6,6,0.0090909090909091,0,TRUE
"Kansas",2025-05-31,"calendar","hsgp","hurdle_ztnb",2025-05-10,2025,3,4,4,4,0.0104545454545453,0,TRUE
"Kansas",2025-05-31,"calendar","hsgp","hurdle_ztnb",2025-05-17,2025,2,8,8,8,0.0363636363636364,0,TRUE
"Kansas",2025-05-31,"calendar","hsgp","hurdle_ztnb",2025-05-24,2025,1,11,11,11,0.0454545454545455,0,TRUE
"Kansas",2025-05-31,"calendar","hsgp","hurdle_ztnb",2025-05-31,2025,0,8,9,8,0.584848484848482,1,TRUE
"Kansas",2025-05-31,"calendar","hsgp","hurdle_ztpoisson",2025-05-03,2025,4,6,6,6,0.0090909090909091,0,TRUE
"Kansas",2025-05-31,"calendar","hsgp","hurdle_ztpoisson",2025-05-10,2025,3,4,4,4,0.0090909090909091,0,TRUE
"Kansas",2025-05-31,"calendar","hsgp","hurdle_ztpoisson",2025-05-17,2025,2,8,8,8,0.0363636363636364,0,TRUE
"Kansas",2025-05-31,"calendar","hsgp","hurdle_ztpoisson",2025-05-24,2025,1,11,11,11,0.0363636363636364,0,TRUE
"Kansas",2025-05-31,"calendar","hsgp","hurdle_ztpoisson",2025-05-31,2025,0,8,9,8,0.656969696969697,1,TRUE
"Kansas",2025-05-31,"calendar","sir","hurdle_ztnb",2025-05-03,2025,4,6,6,6,0.0649999999999998,0,TRUE
"Kansas",2025-05-31,"calendar","sir","hurdle_ztnb",2025-05-10,2025,3,4,4,4,0.0922727272727271,0,TRUE
"Kansas",2025-05-31,"calendar","sir","hurdle_ztnb",2025-05-17,2025,2,8,8,8,0.0856060606060603,0,TRUE
"Kansas",2025-05-31,"calendar","sir","hurdle_ztnb",2025-05-24,2025,1,11,11,11,0.194696969696969,0,TRUE
"Kansas",2025-05-31,"calendar","sir","hurdle_ztnb",2025-05-31,2025,0,8,9,8,0.702727272727272,1,TRUE
"Kansas",2025-05-31,"calendar","sir","hurdle_ztpoisson",2025-05-03,2025,4,6,6,6,0,0,TRUE
"Kansas",2025-05-31,"calendar","sir","hurdle_ztpoisson",2025-05-10,2025,3,4,4,4,0,0,TRUE
"Kansas",2025-05-31,"calendar","sir","hurdle_ztpoisson",2025-05-17,2025,2,8,8,8,0,0,TRUE
"Kansas",2025-05-31,"calendar","sir","hurdle_ztpoisson",2025-05-24,2025,1,11,11,11,0,0,TRUE
"Kansas",2025-05-31,"calendar","sir","hurdle_ztpoisson",2025-05-31,2025,0,8,9,8,1,1,FALSE
"Kentucky",2025-01-02,"calendar","hsgp","hurdle_ztnb",2024-11-30,2024,4,24,24,24,0.255909090909091,0,TRUE
"Kentucky",2025-01-02,"calendar","hsgp","hurdle_ztnb",2024-12-07,2024,3,52,53,52,0.558181818181818,1,TRUE
"Kentucky",2025-01-02,"calendar","hsgp","hurdle_ztnb",2024-12-14,2024,2,79,79,79,0.481818181818182,0,TRUE
"Kentucky",2025-01-02,"calendar","hsgp","hurdle_ztnb",2024-12-21,2024,1,193,200,194,3.00378787878788,6,TRUE
"Kentucky",2025-01-02,"calendar","hsgp","hurdle_ztnb",2024-12-28,2024,0,455,515,457,49.0619696969697,58,FALSE
"Kentucky",2025-01-02,"calendar","hsgp","hurdle_ztpoisson",2024-11-30,2024,4,24,24,24,0,0,TRUE
"Kentucky",2025-01-02,"calendar","hsgp","hurdle_ztpoisson",2024-12-07,2024,3,52,53,52,1,1,FALSE
"Kentucky",2025-01-02,"calendar","hsgp","hurdle_ztpoisson",2024-12-14,2024,2,79,79,79,0.0272727272727273,0,TRUE
"Kentucky",2025-01-02,"calendar","hsgp","hurdle_ztpoisson",2024-12-21,2024,1,193,200,193,4.56363636363636,7,TRUE
"Kentucky",2025-01-02,"calendar","hsgp","hurdle_ztpoisson",2024-12-28,2024,0,455,515,455,52.5948484848485,60,FALSE
"Kentucky",2025-01-02,"calendar","sir","hurdle_ztnb",2024-11-30,2024,4,24,24,24,0.0818181818181818,0,TRUE
"Kentucky",2025-01-02,"calendar","sir","hurdle_ztnb",2024-12-07,2024,3,52,53,52,0.718181818181818,1,TRUE
"Kentucky",2025-01-02,"calendar","sir","hurdle_ztnb",2024-12-14,2024,2,79,79,79,0.172727272727273,0,TRUE
"Kentucky",2025-01-02,"calendar","sir","hurdle_ztnb",2024-12-21,2024,1,193,200,193,4.62787878787879,7,TRUE
"Kentucky",2025-01-02,"calendar","sir","hurdle_ztnb",2024-12-28,2024,0,455,515,455,54.9390909090909,60,FALSE
"Kentucky",2025-01-02,"calendar","sir","hurdle_ztpoisson",2024-11-30,2024,4,24,24,24,0,0,TRUE
"Kentucky",2025-01-02,"calendar","sir","hurdle_ztpoisson",2024-12-07,2024,3,52,53,52,0.7,1,TRUE
"Kentucky",2025-01-02,"calendar","sir","hurdle_ztpoisson",2024-12-14,2024,2,79,79,79,0.0181818181818182,0,TRUE
"Kentucky",2025-01-02,"calendar","sir","hurdle_ztpoisson",2024-12-21,2024,1,193,200,193,5.165,7,FALSE
"Kentucky",2025-01-02,"calendar","sir","hurdle_ztpoisson",2024-12-28,2024,0,455,515,457,51.9263636363636,58,FALSE
"Kentucky",2025-02-15,"calendar","hsgp","hurdle_ztnb",2025-01-18,2025,4,385,397,392,3.03469696969697,5,TRUE
"Kentucky",2025-02-15,"calendar","hsgp","hurdle_ztnb",2025-01-25,2025,3,398,439,411,19.0909090909091,28,FALSE
"Kentucky",2025-02-15,"calendar","hsgp","hurdle_ztnb",2025-02-01,2025,2,715,741,731,6,10,TRUE
"Kentucky",2025-02-15,"calendar","hsgp","hurdle_ztnb",2025-02-08,2025,1,1149,1196,1171,13.7843939393939,25,TRUE
"Kentucky",2025-02-15,"calendar","hsgp","hurdle_ztnb",2025-02-15,2025,0,1025,1203,1052,90.6981818181818,151,TRUE
"Kentucky",2025-02-15,"calendar","hsgp","hurdle_ztpoisson",2025-01-18,2025,4,385,397,385,6.37272727272727,12,TRUE
"Kentucky",2025-02-15,"calendar","hsgp","hurdle_ztpoisson",2025-01-25,2025,3,398,439,400,33.5390909090909,39,FALSE
"Kentucky",2025-02-15,"calendar","hsgp","hurdle_ztpoisson",2025-02-01,2025,2,715,741,719,16.0575757575758,22,FALSE
"Kentucky",2025-02-15,"calendar","hsgp","hurdle_ztpoisson",2025-02-08,2025,1,1149,1196,1155,25.7469696969697,41,TRUE
"Kentucky",2025-02-15,"calendar","hsgp","hurdle_ztpoisson",2025-02-15,2025,0,1025,1203,1032,126.388787878788,171,TRUE
"Kentucky",2025-02-15,"calendar","sir","hurdle_ztnb",2025-01-18,2025,4,385,397,385,10.9818181818182,12,FALSE
"Kentucky",2025-02-15,"calendar","sir","hurdle_ztnb",2025-01-25,2025,3,398,439,398,38.1936363636364,41,FALSE
"Kentucky",2025-02-15,"calendar","sir","hurdle_ztnb",2025-02-01,2025,2,715,741,715,23.1936363636364,26,FALSE
"Kentucky",2025-02-15,"calendar","sir","hurdle_ztnb",2025-02-08,2025,1,1149,1196,1149,40.9968181818182,47,FALSE
"Kentucky",2025-02-15,"calendar","sir","hurdle_ztnb",2025-02-15,2025,0,1025,1203,1025,164.938787878788,178,FALSE
"Kentucky",2025-02-15,"calendar","sir","hurdle_ztpoisson",2025-01-18,2025,4,385,397,389.5,4.2410606060606,7.5,TRUE
"Kentucky",2025-02-15,"calendar","sir","hurdle_ztpoisson",2025-01-25,2025,3,398,439,398,40.3181818181818,41,FALSE
"Kentucky",2025-02-15,"calendar","sir","hurdle_ztpoisson",2025-02-01,2025,2,715,741,715,23.7040909090909,26,FALSE
"Kentucky",2025-02-15,"calendar","sir","hurdle_ztpoisson",2025-02-08,2025,1,1149,1196,1149,43.6560606060606,47,FALSE
"Kentucky",2025-02-15,"calendar","sir","hurdle_ztpoisson",2025-02-15,2025,0,1025,1203,1025,170.61303030303,178,FALSE
"Kentucky",2025-03-29,"calendar","hsgp","hurdle_ztnb",2025-03-01,2025,4,743,774,748,19.5768181818182,26,FALSE
"Kentucky",2025-03-29,"calendar","hsgp","hurdle_ztnb",2025-03-08,2025,3,602,633,605,20.5454545454545,28,FALSE
"Kentucky",2025-03-29,"calendar","hsgp","hurdle_ztnb",2025-03-15,2025,2,484,494,488,3.31954545454545,6,TRUE
"Kentucky",2025-03-29,"calendar","hsgp","hurdle_ztnb",2025-03-22,2025,1,357,372,361,5.84378787878788,11,TRUE
"Kentucky",2025-03-29,"calendar","hsgp","hurdle_ztnb",2025-03-29,2025,0,239,267,243,13.9977272727273,24,TRUE
"Kentucky",2025-03-29,"calendar","hsgp","hurdle_ztpoisson",2025-03-01,2025,4,743,774,753,12.6110606060606,21,TRUE
"Kentucky",2025-03-29,"calendar","hsgp","hurdle_ztpoisson",2025-03-08,2025,3,602,633,613,11.8818181818182,20,TRUE
"Kentucky",2025-03-29,"calendar","hsgp","hurdle_ztpoisson",2025-03-15,2025,2,484,494,496,3.30242424242424,2,TRUE
"Kentucky",2025-03-29,"calendar","hsgp","hurdle_ztpoisson",2025-03-22,2025,1,357,372,370,3.60363636363637,2,TRUE
"Kentucky",2025-03-29,"calendar","hsgp","hurdle_ztpoisson",2025-03-29,2025,0,239,267,251,9.27621212121212,16,TRUE
"Kentucky",2025-03-29,"calendar","sir","hurdle_ztnb",2025-03-01,2025,4,743,774,743,27.3272727272727,31,FALSE
"Kentucky",2025-03-29,"calendar","sir","hurdle_ztnb",2025-03-08,2025,3,602,633,602,26.8559090909091,31,FALSE
"Kentucky",2025-03-29,"calendar","sir","hurdle_ztnb",2025-03-15,2025,2,484,494,484,5.55969696969697,10,TRUE
"Kentucky",2025-03-29,"calendar","sir","hurdle_ztnb",2025-03-22,2025,1,357,372,357,8.17545454545455,15,TRUE
"Kentucky",2025-03-29,"calendar","sir","hurdle_ztnb",2025-03-29,2025,0,239,267,240,16.5836363636364,27,TRUE
"Kentucky",2025-03-29,"calendar","sir","hurdle_ztpoisson",2025-03-01,2025,4,743,774,743,28.8431818181818,31,FALSE
"Kentucky",2025-03-29,"calendar","sir","hurdle_ztpoisson",2025-03-08,2025,3,602,633,602,28.6363636363636,31,FALSE
"Kentucky",2025-03-29,"calendar","sir","hurdle_ztpoisson",2025-03-15,2025,2,484,494,484,7.69636363636364,10,FALSE
"Kentucky",2025-03-29,"calendar","sir","hurdle_ztpoisson",2025-03-22,2025,1,357,372,357,12.6363636363636,15,FALSE
"Kentucky",2025-03-29,"calendar","sir","hurdle_ztpoisson",2025-03-29,2025,0,239,267,239,25.1940909090909,28,FALSE
"Kentucky",2025-04-26,"calendar","hsgp","hurdle_ztnb",2025-03-29,2025,4,267,267,267,0.481818181818182,0,TRUE
"Kentucky",2025-04-26,"calendar","hsgp","hurdle_ztnb",2025-04-05,2025,3,174,175,174,0.672727272727273,1,TRUE
"Kentucky",2025-04-26,"calendar","hsgp","hurdle_ztnb",2025-04-12,2025,2,88,88,88,0.277727272727272,0,TRUE
"Kentucky",2025-04-26,"calendar","hsgp","hurdle_ztnb",2025-04-19,2025,1,49,49,49,0.294545454545456,0,TRUE
"Kentucky",2025-04-26,"calendar","hsgp","hurdle_ztnb",2025-04-26,2025,0,31,39,31,4.71818181818182,8,TRUE
"Kentucky",2025-04-26,"calendar","hsgp","hurdle_ztpoisson",2025-03-29,2025,4,267,267,271,1.97515151515152,4,TRUE
"Kentucky",2025-04-26,"calendar","hsgp","hurdle_ztpoisson",2025-04-05,2025,3,174,175,177,1.51954545454545,2,TRUE
"Kentucky",2025-04-26,"calendar","hsgp","hurdle_ztpoisson",2025-04-12,2025,2,88,88,90,1.31818181818182,2,TRUE
"Kentucky",2025-04-26,"calendar","hsgp","hurdle_ztpoisson",2025-04-19,2025,1,49,49,51,1.28560606060606,2,TRUE
"Kentucky",2025-04-26,"calendar","hsgp","hurdle_ztpoisson",2025-04-26,2025,0,31,39,32,3.52727272727273,7,TRUE
"Kentucky",2025-04-26,"calendar","sir","hurdle_ztnb",2025-03-29,2025,4,267,267,267,0.309090909090909,0,TRUE
"Kentucky",2025-04-26,"calendar","sir","hurdle_ztnb",2025-04-05,2025,3,174,175,174,0.886969696969697,1,TRUE
"Kentucky",2025-04-26,"calendar","sir","hurdle_ztnb",2025-04-12,2025,2,88,88,88,0.69060606060606,0,TRUE
"Kentucky",2025-04-26,"calendar","sir","hurdle_ztnb",2025-04-19,2025,1,49,49,49,1.1269696969697,0,TRUE
"Kentucky",2025-04-26,"calendar","sir","hurdle_ztnb",2025-04-26,2025,0,31,39,31,3.91560606060606,8,TRUE
"Kentucky",2025-04-26,"calendar","sir","hurdle_ztpoisson",2025-03-29,2025,4,267,267,267,0.0454545454545455,0,TRUE
"Kentucky",2025-04-26,"calendar","sir","hurdle_ztpoisson",2025-04-05,2025,3,174,175,174,0.863636363636364,1,TRUE
"Kentucky",2025-04-26,"calendar","sir","hurdle_ztpoisson",2025-04-12,2025,2,88,88,88,0.0454545454545455,0,TRUE
"Kentucky",2025-04-26,"calendar","sir","hurdle_ztpoisson",2025-04-19,2025,1,49,49,49,0,0,TRUE
"Kentucky",2025-04-26,"calendar","sir","hurdle_ztpoisson",2025-04-26,2025,0,31,39,31,8,8,FALSE
"Kentucky",2025-05-31,"calendar","hsgp","hurdle_ztnb",2025-05-03,2025,4,15,21,15,5.65454545454546,6,FALSE
"Kentucky",2025-05-31,"calendar","hsgp","hurdle_ztnb",2025-05-10,2025,3,14,19,14,4.65454545454545,5,FALSE
"Kentucky",2025-05-31,"calendar","hsgp","hurdle_ztnb",2025-05-17,2025,2,15,15,15,0.0545454545454546,0,TRUE
"Kentucky",2025-05-31,"calendar","hsgp","hurdle_ztnb",2025-05-24,2025,1,10,18,10,6.38545454545455,8,FALSE
"Kentucky",2025-05-31,"calendar","hsgp","hurdle_ztnb",2025-05-31,2025,0,19,21,19,1.16969696969697,2,TRUE
"Kentucky",2025-05-31,"calendar","hsgp","hurdle_ztpoisson",2025-05-03,2025,4,15,21,15,5.13636363636364,6,FALSE
"Kentucky",2025-05-31,"calendar","hsgp","hurdle_ztpoisson",2025-05-10,2025,3,14,19,14,3.9559090909091,5,FALSE
"Kentucky",2025-05-31,"calendar","hsgp","hurdle_ztpoisson",2025-05-17,2025,2,15,15,15,0.0636363636363637,0,TRUE
"Kentucky",2025-05-31,"calendar","hsgp","hurdle_ztpoisson",2025-05-24,2025,1,10,18,10,6.64545454545455,8,FALSE
"Kentucky",2025-05-31,"calendar","hsgp","hurdle_ztpoisson",2025-05-31,2025,0,19,21,19,0.921969696969697,2,TRUE
"Kentucky",2025-05-31,"calendar","sir","hurdle_ztnb",2025-05-03,2025,4,15,21,15,4.64545454545455,6,TRUE
"Kentucky",2025-05-31,"calendar","sir","hurdle_ztnb",2025-05-10,2025,3,14,19,14,3.51318181818182,5,TRUE
"Kentucky",2025-05-31,"calendar","sir","hurdle_ztnb",2025-05-17,2025,2,15,15,15,0.276515151515151,0,TRUE
"Kentucky",2025-05-31,"calendar","sir","hurdle_ztnb",2025-05-24,2025,1,10,18,10,4.68015151515152,8,TRUE
"Kentucky",2025-05-31,"calendar","sir","hurdle_ztnb",2025-05-31,2025,0,19,21,19,1.23909090909091,2,TRUE
"Kentucky",2025-05-31,"calendar","sir","hurdle_ztpoisson",2025-05-03,2025,4,15,21,15,6,6,FALSE
"Kentucky",2025-05-31,"calendar","sir","hurdle_ztpoisson",2025-05-10,2025,3,14,19,14,5,5,FALSE
"Kentucky",2025-05-31,"calendar","sir","hurdle_ztpoisson",2025-05-17,2025,2,15,15,15,0,0,TRUE
"Kentucky",2025-05-31,"calendar","sir","hurdle_ztpoisson",2025-05-24,2025,1,10,18,10,8,8,FALSE
"Kentucky",2025-05-31,"calendar","sir","hurdle_ztpoisson",2025-05-31,2025,0,19,21,19,2,2,FALSE
"Louisiana",2025-01-02,"calendar","hsgp","hurdle_ztnb",2024-11-30,2024,4,141,135,141,6.92727272727273,6,FALSE
"Louisiana",2025-01-02,"calendar","hsgp","hurdle_ztnb",2024-12-07,2024,3,160,163,160,1.43878787878788,3,TRUE
"Louisiana",2025-01-02,"calendar","hsgp","hurdle_ztnb",2024-12-14,2024,2,252,252,252,1.20742424242424,0,TRUE
"Louisiana",2025-01-02,"calendar","hsgp","hurdle_ztnb",2024-12-21,2024,1,407,423,409,7.86636363636364,14,TRUE
"Louisiana",2025-01-02,"calendar","hsgp","hurdle_ztnb",2024-12-28,2024,0,576,590,578,5.7869696969697,12,TRUE
"Louisiana",2025-01-02,"calendar","hsgp","hurdle_ztpoisson",2024-11-30,2024,4,141,135,141,6.12727272727273,6,FALSE
"Louisiana",2025-01-02,"calendar","hsgp","hurdle_ztpoisson",2024-12-07,2024,3,160,163,160,1.71818181818182,3,TRUE
"Louisiana",2025-01-02,"calendar","hsgp","hurdle_ztpoisson",2024-12-14,2024,2,252,252,252,0.929696969696969,0,TRUE
"Louisiana",2025-01-02,"calendar","hsgp","hurdle_ztpoisson",2024-12-21,2024,1,407,423,411.5,6.62090909090909,11.5,TRUE
"Louisiana",2025-01-02,"calendar","hsgp","hurdle_ztpoisson",2024-12-28,2024,0,576,590,582,7.63727272727272,8,TRUE
"Louisiana",2025-01-02,"calendar","sir","hurdle_ztnb",2024-11-30,2024,4,141,135,141,6.37651515151515,6,FALSE
"Louisiana",2025-01-02,"calendar","sir","hurdle_ztnb",2024-12-07,2024,3,160,163,160,1.54545454545455,3,TRUE
"Louisiana",2025-01-02,"calendar","sir","hurdle_ztnb",2024-12-14,2024,2,252,252,252,0.554545454545455,0,TRUE
"Louisiana",2025-01-02,"calendar","sir","hurdle_ztnb",2024-12-21,2024,1,407,423,407,9.49151515151515,16,TRUE
"Louisiana",2025-01-02,"calendar","sir","hurdle_ztnb",2024-12-28,2024,0,576,590,577,6.79606060606061,13,TRUE
"Louisiana",2025-01-02,"calendar","sir","hurdle_ztpoisson",2024-11-30,2024,4,141,135,141,6.01818181818182,6,FALSE
"Louisiana",2025-01-02,"calendar","sir","hurdle_ztpoisson",2024-12-07,2024,3,160,163,164.5,1.84015151515152,1.5,TRUE
"Louisiana",2025-01-02,"calendar","sir","hurdle_ztpoisson",2024-12-14,2024,2,252,252,252,0.1,0,TRUE
"Louisiana",2025-01-02,"calendar","sir","hurdle_ztpoisson",2024-12-21,2024,1,407,423,407,12.3915151515151,16,FALSE
"Louisiana",2025-01-02,"calendar","sir","hurdle_ztpoisson",2024-12-28,2024,0,576,590,576,6.80333333333334,14,TRUE
"Louisiana",2025-02-15,"calendar","hsgp","hurdle_ztnb",2025-01-18,2025,4,487,477,490,12.494696969697,13,FALSE
"Louisiana",2025-02-15,"calendar","hsgp","hurdle_ztnb",2025-01-25,2025,3,511,521,514,3.74015151515152,7,TRUE
"Louisiana",2025-02-15,"calendar","hsgp","hurdle_ztnb",2025-02-01,2025,2,581,620,588,19.0813636363636,32,TRUE
"Louisiana",2025-02-15,"calendar","hsgp","hurdle_ztnb",2025-02-08,2025,1,444,494,455,21.7986363636364,39,TRUE
"Louisiana",2025-02-15,"calendar","hsgp","hurdle_ztnb",2025-02-15,2025,0,293,387,310,45.2522727272727,77,TRUE
"Louisiana",2025-02-15,"calendar","hsgp","hurdle_ztpoisson",2025-01-18,2025,4,487,477,487,9.865,10,FALSE
"Louisiana",2025-02-15,"calendar","hsgp","hurdle_ztpoisson",2025-01-25,2025,3,511,521,511,6.85227272727273,10,FALSE
"Louisiana",2025-02-15,"calendar","hsgp","hurdle_ztpoisson",2025-02-01,2025,2,581,620,581,34.8824242424242,39,FALSE
"Louisiana",2025-02-15,"calendar","hsgp","hurdle_ztpoisson",2025-02-08,2025,1,444,494,444,46.3463636363636,50,FALSE
"Louisiana",2025-02-15,"calendar","hsgp","hurdle_ztpoisson",2025-02-15,2025,0,293,387,293,93.1686363636364,94,FALSE
"Louisiana",2025-02-15,"calendar","sir","hurdle_ztnb",2025-01-18,2025,4,487,477,487,10.3674242424242,10,FALSE
"Louisiana",2025-02-15,"calendar","sir","hurdle_ztnb",2025-01-25,2025,3,511,521,511,6.77545454545455,10,TRUE
"Louisiana",2025-02-15,"calendar","sir","hurdle_ztnb",2025-02-01,2025,2,581,620,581,33.0437878787879,39,FALSE
"Louisiana",2025-02-15,"calendar","sir","hurdle_ztnb",2025-02-08,2025,1,444,494,444,43.03,50,FALSE
"Louisiana",2025-02-15,"calendar","sir","hurdle_ztnb",2025-02-15,2025,0,293,387,294,80.6640909090909,93,FALSE
"Louisiana",2025-02-15,"calendar","sir","hurdle_ztpoisson",2025-01-18,2025,4,487,477,489,10.8040909090909,12,FALSE
"Louisiana",2025-02-15,"calendar","sir","hurdle_ztpoisson",2025-01-25,2025,3,511,521,511,8.13636363636364,10,FALSE
"Louisiana",2025-02-15,"calendar","sir","hurdle_ztpoisson",2025-02-01,2025,2,581,620,581,35.3818181818182,39,FALSE
"Louisiana",2025-02-15,"calendar","sir","hurdle_ztpoisson",2025-02-08,2025,1,444,494,444,44.5468181818182,50,FALSE
"Louisiana",2025-02-15,"calendar","sir","hurdle_ztpoisson",2025-02-15,2025,0,293,387,293,90.3710606060606,94,FALSE
"Louisiana",2025-03-29,"calendar","hsgp","hurdle_ztnb",2025-03-01,2025,4,372,359,372,14.0831818181818,13,FALSE
"Louisiana",2025-03-29,"calendar","hsgp","hurdle_ztnb",2025-03-08,2025,3,413,398,413,16.1765151515151,15,FALSE
"Louisiana",2025-03-29,"calendar","hsgp","hurdle_ztnb",2025-03-15,2025,2,342,327,342,16.6971212121212,15,FALSE
"Louisiana",2025-03-29,"calendar","hsgp","hurdle_ztnb",2025-03-22,2025,1,326,230,328,98.0516666666667,98,FALSE
"Louisiana",2025-03-29,"calendar","hsgp","hurdle_ztnb",2025-03-29,2025,0,184,178,188.5,8.97530303030303,10.5,TRUE
"Louisiana",2025-03-29,"calendar","hsgp","hurdle_ztpoisson",2025-03-01,2025,4,372,359,372,13.1569696969697,13,FALSE
"Louisiana",2025-03-29,"calendar","hsgp","hurdle_ztpoisson",2025-03-08,2025,3,413,398,413,15.1468181818182,15,FALSE
"Louisiana",2025-03-29,"calendar","hsgp","hurdle_ztpoisson",2025-03-15,2025,2,342,327,342,15.2022727272727,15,FALSE
"Louisiana",2025-03-29,"calendar","hsgp","hurdle_ztpoisson",2025-03-22,2025,1,326,230,326,93.9054545454545,96,FALSE
"Louisiana",2025-03-29,"calendar","hsgp","hurdle_ztpoisson",2025-03-29,2025,0,184,178,184,5.66606060606061,6,TRUE
"Louisiana",2025-03-29,"calendar","sir","hurdle_ztnb",2025-03-01,2025,4,372,359,372,13.4454545454545,13,FALSE
"Louisiana",2025-03-29,"calendar","sir","hurdle_ztnb",2025-03-08,2025,3,413,398,413,15.5854545454545,15,FALSE
"Louisiana",2025-03-29,"calendar","sir","hurdle_ztnb",2025-03-15,2025,2,342,327,342,16.2674242424242,15,FALSE
"Louisiana",2025-03-29,"calendar","sir","hurdle_ztnb",2025-03-22,2025,1,326,230,326,97.2559090909091,96,FALSE
"Louisiana",2025-03-29,"calendar","sir","hurdle_ztnb",2025-03-29,2025,0,184,178,186,9.02969696969697,8,FALSE
"Louisiana",2025-03-29,"calendar","sir","hurdle_ztpoisson",2025-03-01,2025,4,372,359,372,13.0559090909091,13,FALSE
"Louisiana",2025-03-29,"calendar","sir","hurdle_ztpoisson",2025-03-08,2025,3,413,398,413,15.165,15,FALSE
"Louisiana",2025-03-29,"calendar","sir","hurdle_ztpoisson",2025-03-15,2025,2,342,327,342,15.2090909090909,15,FALSE
"Louisiana",2025-03-29,"calendar","sir","hurdle_ztpoisson",2025-03-22,2025,1,326,230,326,96.5468181818182,96,FALSE
"Louisiana",2025-03-29,"calendar","sir","hurdle_ztpoisson",2025-03-29,2025,0,184,178,184,5.29606060606061,6,TRUE
"Louisiana",2025-04-26,"calendar","hsgp","hurdle_ztnb",2025-03-29,2025,4,187,178,187,9.33106060606061,9,FALSE
"Louisiana",2025-04-26,"calendar","hsgp","hurdle_ztnb",2025-04-05,2025,3,134,121,134,13.4272727272727,13,FALSE
"Louisiana",2025-04-26,"calendar","hsgp","hurdle_ztnb",2025-04-12,2025,2,80,76,80,4.34015151515151,4,FALSE
"Louisiana",2025-04-26,"calendar","hsgp","hurdle_ztnb",2025-04-19,2025,1,69,66,69,3.63606060606061,3,FALSE
"Louisiana",2025-04-26,"calendar","hsgp","hurdle_ztnb",2025-04-26,2025,0,63,60,64,4.50515151515151,4,FALSE
"Louisiana",2025-04-26,"calendar","hsgp","hurdle_ztpoisson",2025-03-29,2025,4,187,178,187,9.165,9,FALSE
"Louisiana",2025-04-26,"calendar","hsgp","hurdle_ztpoisson",2025-04-05,2025,3,134,121,134,13.2363636363636,13,FALSE
"Louisiana",2025-04-26,"calendar","hsgp","hurdle_ztpoisson",2025-04-12,2025,2,80,76,80,4.18181818181818,4,FALSE
"Louisiana",2025-04-26,"calendar","hsgp","hurdle_ztpoisson",2025-04-19,2025,1,69,66,69,2.63878787878788,3,TRUE
"Louisiana",2025-04-26,"calendar","hsgp","hurdle_ztpoisson",2025-04-26,2025,0,63,60,63,2.30515151515152,3,TRUE
"Louisiana",2025-04-26,"calendar","sir","hurdle_ztnb",2025-03-29,2025,4,187,178,187,9.24818181818182,9,FALSE
"Louisiana",2025-04-26,"calendar","sir","hurdle_ztnb",2025-04-05,2025,3,134,121,134,13.5831818181818,13,FALSE
"Louisiana",2025-04-26,"calendar","sir","hurdle_ztnb",2025-04-12,2025,2,80,76,80,4.64151515151515,4,FALSE
"Louisiana",2025-04-26,"calendar","sir","hurdle_ztnb",2025-04-19,2025,1,69,66,69,3.84924242424242,3,FALSE
"Louisiana",2025-04-26,"calendar","sir","hurdle_ztnb",2025-04-26,2025,0,63,60,64,4.67681818181818,4,TRUE
"Louisiana",2025-04-26,"calendar","sir","hurdle_ztpoisson",2025-03-29,2025,4,187,178,187,9.14121212121212,9,FALSE
"Louisiana",2025-04-26,"calendar","sir","hurdle_ztpoisson",2025-04-05,2025,3,134,121,134,13.0454545454545,13,FALSE
"Louisiana",2025-04-26,"calendar","sir","hurdle_ztpoisson",2025-04-12,2025,2,80,76,80,4.02090909090909,4,FALSE
"Louisiana",2025-04-26,"calendar","sir","hurdle_ztpoisson",2025-04-19,2025,1,69,66,69,3.05454545454545,3,FALSE
"Louisiana",2025-04-26,"calendar","sir","hurdle_ztpoisson",2025-04-26,2025,0,63,60,63,3.18181818181818,3,FALSE
"Louisiana",2025-05-31,"calendar","hsgp","hurdle_ztnb",2025-05-03,2025,4,41,41,41,0.165,0,TRUE
"Louisiana",2025-05-31,"calendar","hsgp","hurdle_ztnb",2025-05-10,2025,3,31,31,31,0.185454545454545,0,TRUE
"Louisiana",2025-05-31,"calendar","hsgp","hurdle_ztnb",2025-05-17,2025,2,40,40,40,0.249242424242424,0,TRUE
"Louisiana",2025-05-31,"calendar","hsgp","hurdle_ztnb",2025-05-24,2025,1,29,29,29,0.337727272727273,0,TRUE
"Louisiana",2025-05-31,"calendar","hsgp","hurdle_ztnb",2025-05-31,2025,0,26,33,26,3.5569696969697,7,TRUE
"Louisiana",2025-05-31,"calendar","hsgp","hurdle_ztpoisson",2025-05-03,2025,4,41,41,41,0.00272727272727232,0,TRUE
"Louisiana",2025-05-31,"calendar","hsgp","hurdle_ztpoisson",2025-05-10,2025,3,31,31,31,0,0,TRUE
"Louisiana",2025-05-31,"calendar","hsgp","hurdle_ztpoisson",2025-05-17,2025,2,40,40,40,0.0545454545454546,0,TRUE
"Louisiana",2025-05-31,"calendar","hsgp","hurdle_ztpoisson",2025-05-24,2025,1,29,29,29,0.0363636363636364,0,TRUE
"Louisiana",2025-05-31,"calendar","hsgp","hurdle_ztpoisson",2025-05-31,2025,0,26,33,26,5,7,TRUE
"Louisiana",2025-05-31,"calendar","sir","hurdle_ztnb",2025-05-03,2025,4,41,41,41,0.581363636363636,0,TRUE
"Louisiana",2025-05-31,"calendar","sir","hurdle_ztnb",2025-05-10,2025,3,31,31,31,0.503787878787879,0,TRUE
"Louisiana",2025-05-31,"calendar","sir","hurdle_ztnb",2025-05-17,2025,2,40,40,40,0.813181818181818,0,TRUE
"Louisiana",2025-05-31,"calendar","sir","hurdle_ztnb",2025-05-24,2025,1,29,29,29,1.18318181818182,0,TRUE
"Louisiana",2025-05-31,"calendar","sir","hurdle_ztnb",2025-05-31,2025,0,26,33,26,4.15939393939394,7,TRUE
"Louisiana",2025-05-31,"calendar","sir","hurdle_ztpoisson",2025-05-03,2025,4,41,41,41,0,0,TRUE
"Louisiana",2025-05-31,"calendar","sir","hurdle_ztpoisson",2025-05-10,2025,3,31,31,31,0,0,TRUE
"Louisiana",2025-05-31,"calendar","sir","hurdle_ztpoisson",2025-05-17,2025,2,40,40,40,0,0,TRUE
"Louisiana",2025-05-31,"calendar","sir","hurdle_ztpoisson",2025-05-24,2025,1,29,29,29,0,0,TRUE
"Louisiana",2025-05-31,"calendar","sir","hurdle_ztpoisson",2025-05-31,2025,0,26,33,26,6.92227272727274,7,FALSE
"Maine",2025-01-02,"calendar","hsgp","hurdle_ztnb",2024-11-30,2024,4,2,2,2,0,0,TRUE
"Maine",2025-01-02,"calendar","hsgp","hurdle_ztnb",2024-12-07,2024,3,3,2,3,1,1,FALSE
"Maine",2025-01-02,"calendar","hsgp","hurdle_ztnb",2024-12-14,2024,2,2,2,2,0,0,TRUE
"Maine",2025-01-02,"calendar","hsgp","hurdle_ztnb",2024-12-21,2024,1,6,10,6,3.80136363636364,4,FALSE
"Maine",2025-01-02,"calendar","hsgp","hurdle_ztnb",2024-12-28,2024,0,25,31,25,5.17409090909091,6,FALSE
"Maine",2025-01-02,"calendar","hsgp","hurdle_ztpoisson",2024-11-30,2024,4,2,2,2,0,0,TRUE
"Maine",2025-01-02,"calendar","hsgp","hurdle_ztpoisson",2024-12-07,2024,3,3,2,3,1,1,FALSE
"Maine",2025-01-02,"calendar","hsgp","hurdle_ztpoisson",2024-12-14,2024,2,2,2,2,0.0090909090909091,0,TRUE
"Maine",2025-01-02,"calendar","hsgp","hurdle_ztpoisson",2024-12-21,2024,1,6,10,6,3.80136363636364,4,FALSE
"Maine",2025-01-02,"calendar","hsgp","hurdle_ztpoisson",2024-12-28,2024,0,25,31,25,5.2,6,FALSE
"Maine",2025-01-02,"calendar","sir","hurdle_ztnb",2024-11-30,2024,4,2,2,2,0,0,TRUE
"Maine",2025-01-02,"calendar","sir","hurdle_ztnb",2024-12-07,2024,3,3,2,3,1,1,FALSE
"Maine",2025-01-02,"calendar","sir","hurdle_ztnb",2024-12-14,2024,2,2,2,2,0,0,TRUE
"Maine",2025-01-02,"calendar","sir","hurdle_ztnb",2024-12-21,2024,1,6,10,6,4,4,FALSE
"Maine",2025-01-02,"calendar","sir","hurdle_ztnb",2024-12-28,2024,0,25,31,25,6,6,FALSE
"Maine",2025-01-02,"calendar","sir","hurdle_ztpoisson",2024-11-30,2024,4,2,2,2,0,0,TRUE
"Maine",2025-01-02,"calendar","sir","hurdle_ztpoisson",2024-12-07,2024,3,3,2,3,1,1,FALSE
"Maine",2025-01-02,"calendar","sir","hurdle_ztpoisson",2024-12-14,2024,2,2,2,2,0,0,TRUE
"Maine",2025-01-02,"calendar","sir","hurdle_ztpoisson",2024-12-21,2024,1,6,10,6,4,4,FALSE
"Maine",2025-01-02,"calendar","sir","hurdle_ztpoisson",2024-12-28,2024,0,25,31,25,6,6,FALSE
"Maine",2025-02-15,"calendar","hsgp","hurdle_ztnb",2025-01-18,2025,4,86,86,87,0.792272727272727,1,TRUE
"Maine",2025-02-15,"calendar","hsgp","hurdle_ztnb",2025-01-25,2025,3,104,109,106,1.72727272727273,3,TRUE
"Maine",2025-02-15,"calendar","hsgp","hurdle_ztnb",2025-02-01,2025,2,151,151,153,1.54681818181818,2,TRUE
"Maine",2025-02-15,"calendar","hsgp","hurdle_ztnb",2025-02-08,2025,1,196,205,200,3.0869696969697,5,TRUE
"Maine",2025-02-15,"calendar","hsgp","hurdle_ztnb",2025-02-15,2025,0,259,267,264,3.82954545454545,3,TRUE
"Maine",2025-02-15,"calendar","hsgp","hurdle_ztpoisson",2025-01-18,2025,4,86,86,86,0.475151515151515,0,TRUE
"Maine",2025-02-15,"calendar","hsgp","hurdle_ztpoisson",2025-01-25,2025,3,104,109,104,2.23,5,TRUE
"Maine",2025-02-15,"calendar","hsgp","hurdle_ztpoisson",2025-02-01,2025,2,151,151,153,1.18181818181818,2,TRUE
"Maine",2025-02-15,"calendar","hsgp","hurdle_ztpoisson",2025-02-08,2025,1,196,205,198,3.85484848484848,7,TRUE
"Maine",2025-02-15,"calendar","hsgp","hurdle_ztpoisson",2025-02-15,2025,0,259,267,262,6.47424242424243,5,TRUE
"Maine",2025-02-15,"calendar","sir","hurdle_ztnb",2025-01-18,2025,4,86,86,86,0,0,TRUE
"Maine",2025-02-15,"calendar","sir","hurdle_ztnb",2025-01-25,2025,3,104,109,104,5,5,FALSE
"Maine",2025-02-15,"calendar","sir","hurdle_ztnb",2025-02-01,2025,2,151,151,151,0,0,TRUE
"Maine",2025-02-15,"calendar","sir","hurdle_ztnb",2025-02-08,2025,1,196,205,196,9,9,FALSE
"Maine",2025-02-15,"calendar","sir","hurdle_ztnb",2025-02-15,2025,0,259,267,259,8,8,FALSE
"Maine",2025-02-15,"calendar","sir","hurdle_ztpoisson",2025-01-18,2025,4,86,86,86,0,0,TRUE
"Maine",2025-02-15,"calendar","sir","hurdle_ztpoisson",2025-01-25,2025,3,104,109,104,5,5,FALSE
"Maine",2025-02-15,"calendar","sir","hurdle_ztpoisson",2025-02-01,2025,2,151,151,151,0,0,TRUE
"Maine",2025-02-15,"calendar","sir","hurdle_ztpoisson",2025-02-08,2025,1,196,205,196,9,9,FALSE
"Maine",2025-02-15,"calendar","sir","hurdle_ztpoisson",2025-02-15,2025,0,259,267,259,8,8,FALSE
"Maine",2025-03-29,"calendar","hsgp","hurdle_ztnb",2025-03-01,2025,4,208,205,208,3.49227272727273,3,FALSE
"Maine",2025-03-29,"calendar","hsgp","hurdle_ztnb",2025-03-08,2025,3,200,200,200,0.509090909090909,0,TRUE
"Maine",2025-03-29,"calendar","hsgp","hurdle_ztnb",2025-03-15,2025,2,115,115,115,0.427272727272727,0,TRUE
"Maine",2025-03-29,"calendar","hsgp","hurdle_ztnb",2025-03-22,2025,1,83,83,83,0.536363636363636,0,TRUE
"Maine",2025-03-29,"calendar","hsgp","hurdle_ztnb",2025-03-29,2025,0,59,59,60,0.893333333333333,1,TRUE
"Maine",2025-03-29,"calendar","hsgp","hurdle_ztpoisson",2025-03-01,2025,4,208,205,208,3.54787878787879,3,FALSE
"Maine",2025-03-29,"calendar","hsgp","hurdle_ztpoisson",2025-03-08,2025,3,200,200,202,0.927272727272727,2,TRUE
"Maine",2025-03-29,"calendar","hsgp","hurdle_ztpoisson",2025-03-15,2025,2,115,115,116,0.854545454545454,1,TRUE
"Maine",2025-03-29,"calendar","hsgp","hurdle_ztpoisson",2025-03-22,2025,1,83,83,85,1.26363636363636,2,TRUE
"Maine",2025-03-29,"calendar","hsgp","hurdle_ztpoisson",2025-03-29,2025,0,59,59,60,1.45818181818182,1,TRUE
"Maine",2025-03-29,"calendar","sir","hurdle_ztnb",2025-03-01,2025,4,208,205,208,3,3,FALSE
"Maine",2025-03-29,"calendar","sir","hurdle_ztnb",2025-03-08,2025,3,200,200,200,0,0,TRUE
"Maine",2025-03-29,"calendar","sir","hurdle_ztnb",2025-03-15,2025,2,115,115,115,0,0,TRUE
"Maine",2025-03-29,"calendar","sir","hurdle_ztnb",2025-03-22,2025,1,83,83,83,0,0,TRUE
"Maine",2025-03-29,"calendar","sir","hurdle_ztnb",2025-03-29,2025,0,59,59,59,0,0,TRUE
"Maine",2025-03-29,"calendar","sir","hurdle_ztpoisson",2025-03-01,2025,4,208,205,208,3,3,FALSE
"Maine",2025-03-29,"calendar","sir","hurdle_ztpoisson",2025-03-08,2025,3,200,200,200,0,0,TRUE
"Maine",2025-03-29,"calendar","sir","hurdle_ztpoisson",2025-03-15,2025,2,115,115,115,0,0,TRUE
"Maine",2025-03-29,"calendar","sir","hurdle_ztpoisson",2025-03-22,2025,1,83,83,83,0,0,TRUE
"Maine",2025-03-29,"calendar","sir","hurdle_ztpoisson",2025-03-29,2025,0,59,59,59,0,0,TRUE
"Maine",2025-04-26,"calendar","hsgp","hurdle_ztnb",2025-03-29,2025,4,59,59,59,0.0377272727272725,0,TRUE
"Maine",2025-04-26,"calendar","hsgp","hurdle_ztnb",2025-04-05,2025,3,55,55,55,0.0468181818181816,0,TRUE
"Maine",2025-04-26,"calendar","hsgp","hurdle_ztnb",2025-04-12,2025,2,40,40,40,0.1,0,TRUE
"Maine",2025-04-26,"calendar","hsgp","hurdle_ztnb",2025-04-19,2025,1,23,23,23,0.0818181818181818,0,TRUE
"Maine",2025-04-26,"calendar","hsgp","hurdle_ztnb",2025-04-26,2025,0,15,16,15,0.655909090909091,1,TRUE
"Maine",2025-04-26,"calendar","hsgp","hurdle_ztpoisson",2025-03-29,2025,4,59,59,59,0.121818181818182,0,TRUE
"Maine",2025-04-26,"calendar","hsgp","hurdle_ztpoisson",2025-04-05,2025,3,55,55,55,0.127272727272727,0,TRUE
"Maine",2025-04-26,"calendar","hsgp","hurdle_ztpoisson",2025-04-12,2025,2,40,40,40,0.158181818181818,0,TRUE
"Maine",2025-04-26,"calendar","hsgp","hurdle_ztpoisson",2025-04-19,2025,1,23,23,23,0.145454545454545,0,TRUE
"Maine",2025-04-26,"calendar","hsgp","hurdle_ztpoisson",2025-04-26,2025,0,15,16,15,0.690909090909091,1,TRUE
"Maine",2025-04-26,"calendar","sir","hurdle_ztnb",2025-03-29,2025,4,59,59,59,0,0,TRUE
"Maine",2025-04-26,"calendar","sir","hurdle_ztnb",2025-04-05,2025,3,55,55,55,0,0,TRUE
"Maine",2025-04-26,"calendar","sir","hurdle_ztnb",2025-04-12,2025,2,40,40,40,0,0,TRUE
"Maine",2025-04-26,"calendar","sir","hurdle_ztnb",2025-04-19,2025,1,23,23,23,0,0,TRUE
"Maine",2025-04-26,"calendar","sir","hurdle_ztnb",2025-04-26,2025,0,15,16,15,1,1,FALSE
"Maine",2025-04-26,"calendar","sir","hurdle_ztpoisson",2025-03-29,2025,4,59,59,59,0,0,TRUE
"Maine",2025-04-26,"calendar","sir","hurdle_ztpoisson",2025-04-05,2025,3,55,55,55,0,0,TRUE
"Maine",2025-04-26,"calendar","sir","hurdle_ztpoisson",2025-04-12,2025,2,40,40,40,0,0,TRUE
"Maine",2025-04-26,"calendar","sir","hurdle_ztpoisson",2025-04-19,2025,1,23,23,23,0,0,TRUE
"Maine",2025-04-26,"calendar","sir","hurdle_ztpoisson",2025-04-26,2025,0,15,16,15,1,1,FALSE
"Maine",2025-05-31,"calendar","hsgp","hurdle_ztnb",2025-05-03,2025,4,10,10,10,0,0,TRUE
"Maine",2025-05-31,"calendar","hsgp","hurdle_ztnb",2025-05-10,2025,3,3,3,3,0,0,TRUE
"Maine",2025-05-31,"calendar","hsgp","hurdle_ztnb",2025-05-17,2025,2,2,2,2,0,0,TRUE
"Maine",2025-05-31,"calendar","hsgp","hurdle_ztnb",2025-05-24,2025,1,2,2,2,0.0090909090909091,0,TRUE
"Maine",2025-05-31,"calendar","hsgp","hurdle_ztnb",2025-05-31,2025,0,1,1,1,0.0454545454545455,0,TRUE
"Maine",2025-05-31,"calendar","hsgp","hurdle_ztpoisson",2025-05-03,2025,4,10,10,10,0,0,TRUE
"Maine",2025-05-31,"calendar","hsgp","hurdle_ztpoisson",2025-05-10,2025,3,3,3,3,0,0,TRUE
"Maine",2025-05-31,"calendar","hsgp","hurdle_ztpoisson",2025-05-17,2025,2,2,2,2,0,0,TRUE
"Maine",2025-05-31,"calendar","hsgp","hurdle_ztpoisson",2025-05-24,2025,1,2,2,2,0.0090909090909091,0,TRUE
"Maine",2025-05-31,"calendar","hsgp","hurdle_ztpoisson",2025-05-31,2025,0,1,1,1,0.0181818181818182,0,TRUE
"Maine",2025-05-31,"calendar","sir","hurdle_ztnb",2025-05-03,2025,4,10,10,10,0,0,TRUE
"Maine",2025-05-31,"calendar","sir","hurdle_ztnb",2025-05-10,2025,3,3,3,3,0,0,TRUE
"Maine",2025-05-31,"calendar","sir","hurdle_ztnb",2025-05-17,2025,2,2,2,2,0,0,TRUE
"Maine",2025-05-31,"calendar","sir","hurdle_ztnb",2025-05-24,2025,1,2,2,2,0,0,TRUE
"Maine",2025-05-31,"calendar","sir","hurdle_ztnb",2025-05-31,2025,0,1,1,1,0,0,TRUE
"Maine",2025-05-31,"calendar","sir","hurdle_ztpoisson",2025-05-03,2025,4,10,10,10,0,0,TRUE
"Maine",2025-05-31,"calendar","sir","hurdle_ztpoisson",2025-05-10,2025,3,3,3,3,0,0,TRUE
"Maine",2025-05-31,"calendar","sir","hurdle_ztpoisson",2025-05-17,2025,2,2,2,2,0,0,TRUE
"Maine",2025-05-31,"calendar","sir","hurdle_ztpoisson",2025-05-24,2025,1,2,2,2,0,0,TRUE
"Maine",2025-05-31,"calendar","sir","hurdle_ztpoisson",2025-05-31,2025,0,1,1,1,0,0,TRUE
"Maryland",2025-01-02,"calendar","hsgp","hurdle_ztnb",2024-11-30,2024,4,20,21,20,0.628636363636363,1,TRUE
"Maryland",2025-01-02,"calendar","hsgp","hurdle_ztnb",2024-12-07,2024,3,33,37,33,1.9,4,TRUE
"Maryland",2025-01-02,"calendar","hsgp","hurdle_ztnb",2024-12-14,2024,2,73,73,73,0.647878787878788,0,TRUE
"Maryland",2025-01-02,"calendar","hsgp","hurdle_ztnb",2024-12-21,2024,1,120,131,121,6.42863636363637,10,FALSE
"Maryland",2025-01-02,"calendar","hsgp","hurdle_ztnb",2024-12-28,2024,0,126,195,129,59.0195454545455,66,FALSE
"Maryland",2025-01-02,"calendar","hsgp","hurdle_ztpoisson",2024-11-30,2024,4,20,21,20,0.827272727272727,1,TRUE
"Maryland",2025-01-02,"calendar","hsgp","hurdle_ztpoisson",2024-12-07,2024,3,33,37,33,3.15454545454545,4,FALSE
"Maryland",2025-01-02,"calendar","hsgp","hurdle_ztpoisson",2024-12-14,2024,2,73,73,73,0.0636363636363637,0,TRUE
"Maryland",2025-01-02,"calendar","hsgp","hurdle_ztpoisson",2024-12-21,2024,1,120,131,120,8.87272727272727,11,FALSE
"Maryland",2025-01-02,"calendar","hsgp","hurdle_ztpoisson",2024-12-28,2024,0,126,195,126,64.0751515151515,69,FALSE
"Maryland",2025-01-02,"calendar","sir","hurdle_ztnb",2024-11-30,2024,4,20,21,20,0.681818181818182,1,TRUE
"Maryland",2025-01-02,"calendar","sir","hurdle_ztnb",2024-12-07,2024,3,33,37,33,2.98181818181818,4,TRUE
"Maryland",2025-01-02,"calendar","sir","hurdle_ztnb",2024-12-14,2024,2,73,73,73,0.163636363636364,0,TRUE
"Maryland",2025-01-02,"calendar","sir","hurdle_ztnb",2024-12-21,2024,1,120,131,120,8.81954545454546,11,FALSE
"Maryland",2025-01-02,"calendar","sir","hurdle_ztnb",2024-12-28,2024,0,126,195,126,65.1559090909091,69,FALSE
"Maryland",2025-01-02,"calendar","sir","hurdle_ztpoisson",2024-11-30,2024,4,20,21,20,1,1,FALSE
"Maryland",2025-01-02,"calendar","sir","hurdle_ztpoisson",2024-12-07,2024,3,33,37,33,2.00909090909091,4,TRUE
"Maryland",2025-01-02,"calendar","sir","hurdle_ztpoisson",2024-12-14,2024,2,73,73,73,0.0181818181818182,0,TRUE
"Maryland",2025-01-02,"calendar","sir","hurdle_ztpoisson",2024-12-21,2024,1,120,131,120,9.81954545454546,11,FALSE
"Maryland",2025-01-02,"calendar","sir","hurdle_ztpoisson",2024-12-28,2024,0,126,195,126,66.3936363636364,69,FALSE
"Maryland",2025-02-15,"calendar","hsgp","hurdle_ztnb",2025-01-18,2025,4,459,466,465,1.85590909090909,1,TRUE
"Maryland",2025-02-15,"calendar","hsgp","hurdle_ztnb",2025-01-25,2025,3,582,611,591,12.3878787878788,20,TRUE
"Maryland",2025-02-15,"calendar","hsgp","hurdle_ztnb",2025-02-01,2025,2,810,810,824,9.15378787878789,14,TRUE
"Maryland",2025-02-15,"calendar","hsgp","hurdle_ztnb",2025-02-08,2025,1,962,1086,982,79.6886363636364,104,FALSE
"Maryland",2025-02-15,"calendar","hsgp","hurdle_ztnb",2025-02-15,2025,0,914,1081,938.5,88.9766666666667,142.5,TRUE
"Maryland",2025-02-15,"calendar","hsgp","hurdle_ztpoisson",2025-01-18,2025,4,459,466,459,4.38181818181818,7,TRUE
"Maryland",2025-02-15,"calendar","hsgp","hurdle_ztpoisson",2025-01-25,2025,3,582,611,582,23.7272727272727,29,FALSE
"Maryland",2025-02-15,"calendar","hsgp","hurdle_ztpoisson",2025-02-01,2025,2,810,810,813,2.25954545454545,3,TRUE
"Maryland",2025-02-15,"calendar","hsgp","hurdle_ztpoisson",2025-02-08,2025,1,962,1086,968.5,90.7931818181818,117.5,FALSE
"Maryland",2025-02-15,"calendar","hsgp","hurdle_ztpoisson",2025-02-15,2025,0,914,1081,928,78.2009090909091,153,TRUE
"Maryland",2025-02-15,"calendar","sir","hurdle_ztnb",2025-01-18,2025,4,459,466,459,5.63636363636364,7,FALSE
"Maryland",2025-02-15,"calendar","sir","hurdle_ztnb",2025-01-25,2025,3,582,611,582,25.1145454545455,29,FALSE
"Maryland",2025-02-15,"calendar","sir","hurdle_ztnb",2025-02-01,2025,2,810,810,810,0.377727272727273,0,TRUE
"Maryland",2025-02-15,"calendar","sir","hurdle_ztnb",2025-02-08,2025,1,962,1086,962,116.619545454545,124,FALSE
"Maryland",2025-02-15,"calendar","sir","hurdle_ztnb",2025-02-15,2025,0,914,1081,914,158.555909090909,167,FALSE
"Maryland",2025-02-15,"calendar","sir","hurdle_ztpoisson",2025-01-18,2025,4,459,466,470,3.52333333333333,4,TRUE
"Maryland",2025-02-15,"calendar","sir","hurdle_ztpoisson",2025-01-25,2025,3,582,611,582,27.3454545454545,29,FALSE
"Maryland",2025-02-15,"calendar","sir","hurdle_ztpoisson",2025-02-01,2025,2,810,810,810,0.463636363636364,0,TRUE
"Maryland",2025-02-15,"calendar","sir","hurdle_ztpoisson",2025-02-08,2025,1,962,1086,962,120.284242424242,124,FALSE
"Maryland",2025-02-15,"calendar","sir","hurdle_ztpoisson",2025-02-15,2025,0,914,1081,914,155.755303030303,167,FALSE
"Maryland",2025-03-29,"calendar","hsgp","hurdle_ztnb",2025-03-01,2025,4,548,548,551,2.16060606060606,3,TRUE
"Maryland",2025-03-29,"calendar","hsgp","hurdle_ztnb",2025-03-08,2025,3,379,379,380,1.64484848484848,1,TRUE
"Maryland",2025-03-29,"calendar","hsgp","hurdle_ztnb",2025-03-15,2025,2,277,291,278,6.77515151515152,13,TRUE
"Maryland",2025-03-29,"calendar","hsgp","hurdle_ztnb",2025-03-22,2025,1,198,210,200,4.81954545454546,10,TRUE
"Maryland",2025-03-29,"calendar","hsgp","hurdle_ztnb",2025-03-29,2025,0,119,135,123,6.56106060606061,12,TRUE
"Maryland",2025-03-29,"calendar","hsgp","hurdle_ztpoisson",2025-03-01,2025,4,548,548,559,6.5,11,TRUE
"Maryland",2025-03-29,"calendar","hsgp","hurdle_ztpoisson",2025-03-08,2025,3,379,379,392,7.26363636363636,13,TRUE
"Maryland",2025-03-29,"calendar","hsgp","hurdle_ztpoisson",2025-03-15,2025,2,277,291,289,2.9619696969697,2,TRUE
"Maryland",2025-03-29,"calendar","hsgp","hurdle_ztpoisson",2025-03-22,2025,1,198,210,208,2.71045454545455,2,TRUE
"Maryland",2025-03-29,"calendar","hsgp","hurdle_ztpoisson",2025-03-29,2025,0,119,135,132,3.74075757575758,3,TRUE
"Maryland",2025-03-29,"calendar","sir","hurdle_ztnb",2025-03-01,2025,4,548,548,548,0.290909090909091,0,TRUE
"Maryland",2025-03-29,"calendar","sir","hurdle_ztnb",2025-03-08,2025,3,379,379,379,0.176515151515151,0,TRUE
"Maryland",2025-03-29,"calendar","sir","hurdle_ztnb",2025-03-15,2025,2,277,291,277,9.44818181818182,14,TRUE
"Maryland",2025-03-29,"calendar","sir","hurdle_ztnb",2025-03-22,2025,1,198,210,198,7.03772727272727,12,TRUE
"Maryland",2025-03-29,"calendar","sir","hurdle_ztnb",2025-03-29,2025,0,119,135,119,9.18560606060606,16,TRUE
"Maryland",2025-03-29,"calendar","sir","hurdle_ztpoisson",2025-03-01,2025,4,548,548,548,0.859545454545455,0,TRUE
"Maryland",2025-03-29,"calendar","sir","hurdle_ztpoisson",2025-03-08,2025,3,379,379,379,0.841363636363636,0,TRUE
"Maryland",2025-03-29,"calendar","sir","hurdle_ztpoisson",2025-03-15,2025,2,277,291,277,14.1272727272727,14,FALSE
"Maryland",2025-03-29,"calendar","sir","hurdle_ztpoisson",2025-03-22,2025,1,198,210,198,11.4740909090909,12,FALSE
"Maryland",2025-03-29,"calendar","sir","hurdle_ztpoisson",2025-03-29,2025,0,119,135,119,15.7922727272727,16,FALSE
"Maryland",2025-04-26,"calendar","hsgp","hurdle_ztnb",2025-03-29,2025,4,135,135,135,0.22969696969697,0,TRUE
"Maryland",2025-04-26,"calendar","hsgp","hurdle_ztnb",2025-04-05,2025,3,129,129,129,0.190909090909091,0,TRUE
"Maryland",2025-04-26,"calendar","hsgp","hurdle_ztnb",2025-04-12,2025,2,94,94,94,0.311515151515151,0,TRUE
"Maryland",2025-04-26,"calendar","hsgp","hurdle_ztnb",2025-04-19,2025,1,61,62,61,0.690909090909091,1,TRUE
"Maryland",2025-04-26,"calendar","hsgp","hurdle_ztnb",2025-04-26,2025,0,44,47,44,1.39363636363636,3,TRUE
"Maryland",2025-04-26,"calendar","hsgp","hurdle_ztpoisson",2025-03-29,2025,4,135,135,135,0.803636363636365,0,TRUE
"Maryland",2025-04-26,"calendar","hsgp","hurdle_ztpoisson",2025-04-05,2025,3,129,129,129,0.876363636363636,0,TRUE
"Maryland",2025-04-26,"calendar","hsgp","hurdle_ztpoisson",2025-04-12,2025,2,94,94,94,1.04681818181818,0,TRUE
"Maryland",2025-04-26,"calendar","hsgp","hurdle_ztpoisson",2025-04-19,2025,1,61,62,65,1.78424242424242,3,TRUE
"Maryland",2025-04-26,"calendar","hsgp","hurdle_ztpoisson",2025-04-26,2025,0,44,47,49,2.01045454545455,2,TRUE
"Maryland",2025-04-26,"calendar","sir","hurdle_ztnb",2025-03-29,2025,4,135,135,135,0.090909090909091,0,TRUE
"Maryland",2025-04-26,"calendar","sir","hurdle_ztnb",2025-04-05,2025,3,129,129,129,0.181818181818182,0,TRUE
"Maryland",2025-04-26,"calendar","sir","hurdle_ztnb",2025-04-12,2025,2,94,94,94,0.172727272727273,0,TRUE
"Maryland",2025-04-26,"calendar","sir","hurdle_ztnb",2025-04-19,2025,1,61,62,61,0.914545454545454,1,TRUE
"Maryland",2025-04-26,"calendar","sir","hurdle_ztnb",2025-04-26,2025,0,44,47,44,2.02606060606061,3,TRUE
"Maryland",2025-04-26,"calendar","sir","hurdle_ztpoisson",2025-03-29,2025,4,135,135,135,0.127272727272727,0,TRUE
"Maryland",2025-04-26,"calendar","sir","hurdle_ztpoisson",2025-04-05,2025,3,129,129,129,0.154545454545455,0,TRUE
"Maryland",2025-04-26,"calendar","sir","hurdle_ztpoisson",2025-04-12,2025,2,94,94,94,0.0831818181818182,0,TRUE
"Maryland",2025-04-26,"calendar","sir","hurdle_ztpoisson",2025-04-19,2025,1,61,62,61,1.05590909090909,1,FALSE
"Maryland",2025-04-26,"calendar","sir","hurdle_ztpoisson",2025-04-26,2025,0,44,47,44,3.03636363636364,3,FALSE
"Maryland",2025-05-31,"calendar","hsgp","hurdle_ztnb",2025-05-03,2025,4,41,41,41,0.0272727272727273,0,TRUE
"Maryland",2025-05-31,"calendar","hsgp","hurdle_ztnb",2025-05-10,2025,3,20,21,20,0.750909090909092,1,TRUE
"Maryland",2025-05-31,"calendar","hsgp","hurdle_ztnb",2025-05-17,2025,2,9,10,9,0.745454545454545,1,TRUE
"Maryland",2025-05-31,"calendar","hsgp","hurdle_ztnb",2025-05-24,2025,1,26,26,26,0.245454545454545,0,TRUE
"Maryland",2025-05-31,"calendar","hsgp","hurdle_ztnb",2025-05-31,2025,0,38,38,38,0.720909090909091,0,TRUE
"Maryland",2025-05-31,"calendar","hsgp","hurdle_ztpoisson",2025-05-03,2025,4,41,41,41,0.190909090909091,0,TRUE
"Maryland",2025-05-31,"calendar","hsgp","hurdle_ztpoisson",2025-05-10,2025,3,20,21,20,0.8,1,TRUE
"Maryland",2025-05-31,"calendar","hsgp","hurdle_ztpoisson",2025-05-17,2025,2,9,10,9,0.746818181818182,1,TRUE
"Maryland",2025-05-31,"calendar","hsgp","hurdle_ztpoisson",2025-05-24,2025,1,26,26,26,0.447878787878788,0,TRUE
"Maryland",2025-05-31,"calendar","hsgp","hurdle_ztpoisson",2025-05-31,2025,0,38,38,38,0.945454545454545,0,TRUE
"Maryland",2025-05-31,"calendar","sir","hurdle_ztnb",2025-05-03,2025,4,41,41,41,0.0922727272727271,0,TRUE
"Maryland",2025-05-31,"calendar","sir","hurdle_ztnb",2025-05-10,2025,3,20,21,20,0.736363636363636,1,TRUE
"Maryland",2025-05-31,"calendar","sir","hurdle_ztnb",2025-05-17,2025,2,9,10,9,0.775151515151515,1,TRUE
"Maryland",2025-05-31,"calendar","sir","hurdle_ztnb",2025-05-24,2025,1,26,26,26,0.337727272727273,0,TRUE
"Maryland",2025-05-31,"calendar","sir","hurdle_ztnb",2025-05-31,2025,0,38,38,38,0.409090909090909,0,TRUE
"Maryland",2025-05-31,"calendar","sir","hurdle_ztpoisson",2025-05-03,2025,4,41,41,41,0,0,TRUE
"Maryland",2025-05-31,"calendar","sir","hurdle_ztpoisson",2025-05-10,2025,3,20,21,20,1,1,FALSE
"Maryland",2025-05-31,"calendar","sir","hurdle_ztpoisson",2025-05-17,2025,2,9,10,9,1,1,FALSE
"Maryland",2025-05-31,"calendar","sir","hurdle_ztpoisson",2025-05-24,2025,1,26,26,26,0,0,TRUE
"Maryland",2025-05-31,"calendar","sir","hurdle_ztpoisson",2025-05-31,2025,0,38,38,38,0.0377272727272727,0,TRUE
"Massachusetts",2025-01-02,"calendar","hsgp","hurdle_ztnb",2024-11-30,2024,4,63,72,63,9.635,9,FALSE
"Massachusetts",2025-01-02,"calendar","hsgp","hurdle_ztnb",2024-12-07,2024,3,83,95,83,12.5195454545455,12,FALSE
"Massachusetts",2025-01-02,"calendar","hsgp","hurdle_ztnb",2024-12-14,2024,2,126,133,126,8.21303030303031,7,FALSE
"Massachusetts",2025-01-02,"calendar","hsgp","hurdle_ztnb",2024-12-21,2024,1,137,142,134,7.15606060606061,8,TRUE
"Massachusetts",2025-01-02,"calendar","hsgp","hurdle_ztnb",2024-12-28,2024,0,243,287,240,34.815,47,TRUE
"Massachusetts",2025-01-02,"calendar","hsgp","hurdle_ztpoisson",2024-11-30,2024,4,63,72,63,9.58181818181818,9,FALSE
"Massachusetts",2025-01-02,"calendar","hsgp","hurdle_ztpoisson",2024-12-07,2024,3,83,95,83,13.7181818181818,12,FALSE
"Massachusetts",2025-01-02,"calendar","hsgp","hurdle_ztpoisson",2024-12-14,2024,2,126,133,126,9.10909090909091,7,FALSE
"Massachusetts",2025-01-02,"calendar","hsgp","hurdle_ztpoisson",2024-12-21,2024,1,137,142,130,8.17636363636364,12,FALSE
"Massachusetts",2025-01-02,"calendar","hsgp","hurdle_ztpoisson",2024-12-28,2024,0,243,287,243,34.6490909090909,44,FALSE
"Massachusetts",2025-01-02,"calendar","sir","hurdle_ztnb",2024-11-30,2024,4,63,72,63,9.20242424242424,9,FALSE
"Massachusetts",2025-01-02,"calendar","sir","hurdle_ztnb",2024-12-07,2024,3,83,95,83,12.2324242424242,12,FALSE
"Massachusetts",2025-01-02,"calendar","sir","hurdle_ztnb",2024-12-14,2024,2,126,133,126,7.39500000000001,7,FALSE
"Massachusetts",2025-01-02,"calendar","sir","hurdle_ztnb",2024-12-21,2024,1,137,142,137,4.54818181818182,5,TRUE
"Massachusetts",2025-01-02,"calendar","sir","hurdle_ztnb",2024-12-28,2024,0,243,287,243,39.3327272727273,44,FALSE
"Massachusetts",2025-01-02,"calendar","sir","hurdle_ztpoisson",2024-11-30,2024,4,63,72,63,10.0540909090909,9,FALSE
"Massachusetts",2025-01-02,"calendar","sir","hurdle_ztpoisson",2024-12-07,2024,3,83,95,64.5,23.4387878787879,30.5,FALSE
"Massachusetts",2025-01-02,"calendar","sir","hurdle_ztpoisson",2024-12-14,2024,2,126,133,126,9.11530303030303,7,FALSE
"Massachusetts",2025-01-02,"calendar","sir","hurdle_ztpoisson",2024-12-21,2024,1,137,142,137,6.44287878787879,5,FALSE
"Massachusetts",2025-01-02,"calendar","sir","hurdle_ztpoisson",2024-12-28,2024,0,243,287,243,38.6378787878788,44,FALSE
"Massachusetts",2025-02-15,"calendar","hsgp","hurdle_ztnb",2025-01-18,2025,4,731,757,731,28.1468181818182,26,FALSE
"Massachusetts",2025-02-15,"calendar","hsgp","hurdle_ztnb",2025-01-25,2025,3,991,991,989,3.32469696969697,2,TRUE
"Massachusetts",2025-02-15,"calendar","hsgp","hurdle_ztnb",2025-02-01,2025,2,1290,1347,1285,59.904696969697,62,FALSE
"Massachusetts",2025-02-15,"calendar","hsgp","hurdle_ztnb",2025-02-08,2025,1,1574,1637,1565,60.4409090909091,72,TRUE
"Massachusetts",2025-02-15,"calendar","hsgp","hurdle_ztnb",2025-02-15,2025,0,1109,1522,1106,334.230606060606,416,FALSE
"Massachusetts",2025-02-15,"calendar","hsgp","hurdle_ztpoisson",2025-01-18,2025,4,731,757,693.5,48.6531818181818,63.5,FALSE
"Massachusetts",2025-02-15,"calendar","hsgp","hurdle_ztpoisson",2025-01-25,2025,3,991,991,935.5,33.4945454545455,55.5,TRUE
"Massachusetts",2025-02-15,"calendar","hsgp","hurdle_ztpoisson",2025-02-01,2025,2,1290,1347,1233,93.8274242424242,114,FALSE
"Massachusetts",2025-02-15,"calendar","hsgp","hurdle_ztpoisson",2025-02-08,2025,1,1574,1637,1507,105.416515151515,130,FALSE
"Massachusetts",2025-02-15,"calendar","hsgp","hurdle_ztpoisson",2025-02-15,2025,0,1109,1522,1102,304.392272727273,420,FALSE
"Massachusetts",2025-02-15,"calendar","sir","hurdle_ztnb",2025-01-18,2025,4,731,757,731,26.6034848484849,26,FALSE
"Massachusetts",2025-02-15,"calendar","sir","hurdle_ztnb",2025-01-25,2025,3,991,991,991,0.704999999999998,0,TRUE
"Massachusetts",2025-02-15,"calendar","sir","hurdle_ztnb",2025-02-01,2025,2,1290,1347,1290,58.6565151515152,57,FALSE
"Massachusetts",2025-02-15,"calendar","sir","hurdle_ztnb",2025-02-08,2025,1,1574,1637,1574,62.4539393939394,63,FALSE
"Massachusetts",2025-02-15,"calendar","sir","hurdle_ztnb",2025-02-15,2025,0,1109,1522,1109,406.771666666667,413,FALSE
"Massachusetts",2025-02-15,"calendar","sir","hurdle_ztpoisson",2025-01-18,2025,4,731,757,595.5,112.688939393939,161.5,FALSE
"Massachusetts",2025-02-15,"calendar","sir","hurdle_ztpoisson",2025-01-25,2025,3,991,991,991,1.25045454545454,0,TRUE
"Massachusetts",2025-02-15,"calendar","sir","hurdle_ztpoisson",2025-02-01,2025,2,1290,1347,1290,58.8013636363636,57,FALSE
"Massachusetts",2025-02-15,"calendar","sir","hurdle_ztpoisson",2025-02-08,2025,1,1574,1637,1574,64.73,63,FALSE
"Massachusetts",2025-02-15,"calendar","sir","hurdle_ztpoisson",2025-02-15,2025,0,1109,1522,1109,413.967424242424,413,FALSE
"Massachusetts",2025-03-29,"calendar","hsgp","hurdle_ztnb",2025-03-01,2025,4,1068,1246,1068,179.250606060606,178,FALSE
"Massachusetts",2025-03-29,"calendar","hsgp","hurdle_ztnb",2025-03-08,2025,3,744,749,744,6.76606060606061,5,FALSE
"Massachusetts",2025-03-29,"calendar","hsgp","hurdle_ztnb",2025-03-15,2025,2,416,446,416,27.0545454545455,30,FALSE
"Massachusetts",2025-03-29,"calendar","hsgp","hurdle_ztnb",2025-03-22,2025,1,299,320,299,17.1404545454545,21,TRUE
"Massachusetts",2025-03-29,"calendar","hsgp","hurdle_ztnb",2025-03-29,2025,0,201,223,201,12.5616666666667,22,TRUE
"Massachusetts",2025-03-29,"calendar","hsgp","hurdle_ztpoisson",2025-03-01,2025,4,1068,1246,1050,187.700303030303,196,FALSE
"Massachusetts",2025-03-29,"calendar","hsgp","hurdle_ztpoisson",2025-03-08,2025,3,744,749,730,13.3427272727273,19,FALSE
"Massachusetts",2025-03-29,"calendar","hsgp","hurdle_ztpoisson",2025-03-15,2025,2,416,446,404,36.8024242424242,42,FALSE
"Massachusetts",2025-03-29,"calendar","hsgp","hurdle_ztpoisson",2025-03-22,2025,1,299,320,291.5,23.3078787878788,28.5,FALSE
"Massachusetts",2025-03-29,"calendar","hsgp","hurdle_ztpoisson",2025-03-29,2025,0,201,223,203,8.48454545454545,20,TRUE
"Massachusetts",2025-03-29,"calendar","sir","hurdle_ztnb",2025-03-01,2025,4,1068,1246,1068,178.349545454545,178,FALSE
"Massachusetts",2025-03-29,"calendar","sir","hurdle_ztnb",2025-03-08,2025,3,744,749,744,5.55333333333334,5,FALSE
"Massachusetts",2025-03-29,"calendar","sir","hurdle_ztnb",2025-03-15,2025,2,416,446,416,31.6937878787879,30,FALSE
"Massachusetts",2025-03-29,"calendar","sir","hurdle_ztnb",2025-03-22,2025,1,299,320,299,19.6209090909091,21,FALSE
"Massachusetts",2025-03-29,"calendar","sir","hurdle_ztnb",2025-03-29,2025,0,201,223,201,17.3260606060606,22,TRUE
"Massachusetts",2025-03-29,"calendar","sir","hurdle_ztpoisson",2025-03-01,2025,4,1068,1246,1068,178.1,178,FALSE
"Massachusetts",2025-03-29,"calendar","sir","hurdle_ztpoisson",2025-03-08,2025,3,744,749,744,5.04681818181818,5,FALSE
"Massachusetts",2025-03-29,"calendar","sir","hurdle_ztpoisson",2025-03-15,2025,2,416,446,416,30,30,FALSE
"Massachusetts",2025-03-29,"calendar","sir","hurdle_ztpoisson",2025-03-22,2025,1,299,320,299,21,21,FALSE
"Massachusetts",2025-03-29,"calendar","sir","hurdle_ztpoisson",2025-03-29,2025,0,201,223,201,22,22,FALSE
"Massachusetts",2025-04-26,"calendar","hsgp","hurdle_ztnb",2025-03-29,2025,4,213,223,213,10.2115151515152,10,FALSE
"Massachusetts",2025-04-26,"calendar","hsgp","hurdle_ztnb",2025-04-05,2025,3,135,143,135,7.96060606060606,8,FALSE
"Massachusetts",2025-04-26,"calendar","hsgp","hurdle_ztnb",2025-04-12,2025,2,114,119,114,5.24818181818183,5,FALSE
"Massachusetts",2025-04-26,"calendar","hsgp","hurdle_ztnb",2025-04-19,2025,1,86,86,86,0.639090909090909,0,TRUE
"Massachusetts",2025-04-26,"calendar","hsgp","hurdle_ztnb",2025-04-26,2025,0,80,84,80,2.7869696969697,4,TRUE
"Massachusetts",2025-04-26,"calendar","hsgp","hurdle_ztpoisson",2025-03-29,2025,4,213,223,213,11.04,10,FALSE
"Massachusetts",2025-04-26,"calendar","hsgp","hurdle_ztpoisson",2025-04-05,2025,3,135,143,135,8.75590909090909,8,FALSE
"Massachusetts",2025-04-26,"calendar","hsgp","hurdle_ztpoisson",2025-04-12,2025,2,114,119,114,5.48545454545455,5,FALSE
"Massachusetts",2025-04-26,"calendar","hsgp","hurdle_ztpoisson",2025-04-19,2025,1,86,86,86,0.61530303030303,0,TRUE
"Massachusetts",2025-04-26,"calendar","hsgp","hurdle_ztpoisson",2025-04-26,2025,0,80,84,80,2.34151515151515,4,TRUE
"Massachusetts",2025-04-26,"calendar","sir","hurdle_ztnb",2025-03-29,2025,4,213,223,213,10.2037878787879,10,FALSE
"Massachusetts",2025-04-26,"calendar","sir","hurdle_ztnb",2025-04-05,2025,3,135,143,135,8.21818181818182,8,FALSE
"Massachusetts",2025-04-26,"calendar","sir","hurdle_ztnb",2025-04-12,2025,2,114,119,114,5.50515151515152,5,FALSE
"Massachusetts",2025-04-26,"calendar","sir","hurdle_ztnb",2025-04-19,2025,1,86,86,86,0.668787878787879,0,TRUE
"Massachusetts",2025-04-26,"calendar","sir","hurdle_ztnb",2025-04-26,2025,0,80,84,80,4.00742424242424,4,TRUE
"Massachusetts",2025-04-26,"calendar","sir","hurdle_ztpoisson",2025-03-29,2025,4,213,223,213,10,10,FALSE
"Massachusetts",2025-04-26,"calendar","sir","hurdle_ztpoisson",2025-04-05,2025,3,135,143,135,8,8,FALSE
"Massachusetts",2025-04-26,"calendar","sir","hurdle_ztpoisson",2025-04-12,2025,2,114,119,114,5,5,FALSE
"Massachusetts",2025-04-26,"calendar","sir","hurdle_ztpoisson",2025-04-19,2025,1,86,86,86,0,0,TRUE
"Massachusetts",2025-04-26,"calendar","sir","hurdle_ztpoisson",2025-04-26,2025,0,80,84,80,4,4,FALSE
"Massachusetts",2025-05-31,"calendar","hsgp","hurdle_ztnb",2025-05-03,2025,4,49,73,49,24.0272727272727,24,FALSE
"Massachusetts",2025-05-31,"calendar","hsgp","hurdle_ztnb",2025-05-10,2025,3,39,39,39,0.0363636363636364,0,TRUE
"Massachusetts",2025-05-31,"calendar","hsgp","hurdle_ztnb",2025-05-17,2025,2,30,30,30,0.0454545454545455,0,TRUE
"Massachusetts",2025-05-31,"calendar","hsgp","hurdle_ztnb",2025-05-24,2025,1,29,29,29,0.190909090909091,0,TRUE
"Massachusetts",2025-05-31,"calendar","hsgp","hurdle_ztnb",2025-05-31,2025,0,21,26,21,2.87409090909091,5,TRUE
"Massachusetts",2025-05-31,"calendar","hsgp","hurdle_ztpoisson",2025-05-03,2025,4,49,73,49,24.1219696969697,24,FALSE
"Massachusetts",2025-05-31,"calendar","hsgp","hurdle_ztpoisson",2025-05-10,2025,3,39,39,39,0.0636363636363636,0,TRUE
"Massachusetts",2025-05-31,"calendar","hsgp","hurdle_ztpoisson",2025-05-17,2025,2,30,30,30,0.183181818181818,0,TRUE
"Massachusetts",2025-05-31,"calendar","hsgp","hurdle_ztpoisson",2025-05-24,2025,1,29,29,29,0.148181818181818,0,TRUE
"Massachusetts",2025-05-31,"calendar","hsgp","hurdle_ztpoisson",2025-05-31,2025,0,21,26,21,2.37651515151515,5,TRUE
"Massachusetts",2025-05-31,"calendar","sir","hurdle_ztnb",2025-05-03,2025,4,49,73,49,24.0363636363636,24,FALSE
"Massachusetts",2025-05-31,"calendar","sir","hurdle_ztnb",2025-05-10,2025,3,39,39,39,0.118636363636364,0,TRUE
"Massachusetts",2025-05-31,"calendar","sir","hurdle_ztnb",2025-05-17,2025,2,30,30,30,0.320606060606061,0,TRUE
"Massachusetts",2025-05-31,"calendar","sir","hurdle_ztnb",2025-05-24,2025,1,29,29,29,0.585606060606061,0,TRUE
"Massachusetts",2025-05-31,"calendar","sir","hurdle_ztnb",2025-05-31,2025,0,21,26,21,3.77484848484849,5,TRUE
"Massachusetts",2025-05-31,"calendar","sir","hurdle_ztpoisson",2025-05-03,2025,4,49,73,49,24,24,FALSE
"Massachusetts",2025-05-31,"calendar","sir","hurdle_ztpoisson",2025-05-10,2025,3,39,39,39,0,0,TRUE
"Massachusetts",2025-05-31,"calendar","sir","hurdle_ztpoisson",2025-05-17,2025,2,30,30,30,0,0,TRUE
"Massachusetts",2025-05-31,"calendar","sir","hurdle_ztpoisson",2025-05-24,2025,1,29,29,29,0,0,TRUE
"Massachusetts",2025-05-31,"calendar","sir","hurdle_ztpoisson",2025-05-31,2025,0,21,26,21,5,5,FALSE
"Michigan",2025-01-02,"calendar","hsgp","hurdle_ztnb",2024-11-30,2024,4,69,65,69,3.34015151515151,4,TRUE
"Michigan",2025-01-02,"calendar","hsgp","hurdle_ztnb",2024-12-07,2024,3,98,94,98,3.47545454545455,4,TRUE
"Michigan",2025-01-02,"calendar","hsgp","hurdle_ztnb",2024-12-14,2024,2,170,172,170,1.60272727272727,2,TRUE
"Michigan",2025-01-02,"calendar","hsgp","hurdle_ztnb",2024-12-21,2024,1,186,296,186,99.0562121212121,110,FALSE
"Michigan",2025-01-02,"calendar","hsgp","hurdle_ztnb",2024-12-28,2024,0,441,489,441,32.8765151515152,48,FALSE
"Michigan",2025-01-02,"calendar","hsgp","hurdle_ztpoisson",2024-11-30,2024,4,69,65,69,4,4,FALSE
"Michigan",2025-01-02,"calendar","hsgp","hurdle_ztpoisson",2024-12-07,2024,3,98,94,98,4,4,FALSE
"Michigan",2025-01-02,"calendar","hsgp","hurdle_ztpoisson",2024-12-14,2024,2,170,172,170,1.51181818181818,2,TRUE
"Michigan",2025-01-02,"calendar","hsgp","hurdle_ztpoisson",2024-12-21,2024,1,186,296,186,107.16,110,FALSE
"Michigan",2025-01-02,"calendar","hsgp","hurdle_ztpoisson",2024-12-28,2024,0,441,489,441,40.1256060606061,48,FALSE
"Michigan",2025-01-02,"calendar","sir","hurdle_ztnb",2024-11-30,2024,4,69,65,69,3.31954545454545,4,TRUE
"Michigan",2025-01-02,"calendar","sir","hurdle_ztnb",2024-12-07,2024,3,98,94,98,3.27287878787879,4,TRUE
"Michigan",2025-01-02,"calendar","sir","hurdle_ztnb",2024-12-14,2024,2,170,172,170,1.58727272727273,2,TRUE
"Michigan",2025-01-02,"calendar","sir","hurdle_ztnb",2024-12-21,2024,1,186,296,186,106.78196969697,110,FALSE
"Michigan",2025-01-02,"calendar","sir","hurdle_ztnb",2024-12-28,2024,0,441,489,441,41.3428787878788,48,FALSE
"Michigan",2025-01-02,"calendar","sir","hurdle_ztpoisson",2024-11-30,2024,4,69,65,69,4,4,FALSE
"Michigan",2025-01-02,"calendar","sir","hurdle_ztpoisson",2024-12-07,2024,3,98,94,98,3.21106060606061,4,TRUE
"Michigan",2025-01-02,"calendar","sir","hurdle_ztpoisson",2024-12-14,2024,2,170,172,170,1.71954545454545,2,TRUE
"Michigan",2025-01-02,"calendar","sir","hurdle_ztpoisson",2024-12-21,2024,1,186,296,186,108.610454545455,110,FALSE
"Michigan",2025-01-02,"calendar","sir","hurdle_ztpoisson",2024-12-28,2024,0,441,489,441,43.2740909090909,48,FALSE
"Michigan",2025-02-15,"calendar","hsgp","hurdle_ztnb",2025-01-18,2025,4,496,613,496,101.056363636364,117,FALSE
"Michigan",2025-02-15,"calendar","hsgp","hurdle_ztnb",2025-01-25,2025,3,863,992,863,109.904393939394,129,FALSE
"Michigan",2025-02-15,"calendar","hsgp","hurdle_ztnb",2025-02-01,2025,2,1093,1379,1093,251.015454545455,286,FALSE
"Michigan",2025-02-15,"calendar","hsgp","hurdle_ztnb",2025-02-08,2025,1,1244,1701,1244,413.141818181818,457,FALSE
"Michigan",2025-02-15,"calendar","hsgp","hurdle_ztnb",2025-02-15,2025,0,1320,1800,1321,367.277575757576,479,FALSE
"Michigan",2025-02-15,"calendar","hsgp","hurdle_ztpoisson",2025-01-18,2025,4,496,613,496,104.083181818182,117,FALSE
"Michigan",2025-02-15,"calendar","hsgp","hurdle_ztpoisson",2025-01-25,2025,3,863,992,863,109.122424242424,129,FALSE
"Michigan",2025-02-15,"calendar","hsgp","hurdle_ztpoisson",2025-02-01,2025,2,1093,1379,1103,258.940454545455,276,FALSE
"Michigan",2025-02-15,"calendar","hsgp","hurdle_ztpoisson",2025-02-08,2025,1,1244,1701,1262,402.535454545455,439,FALSE
"Michigan",2025-02-15,"calendar","hsgp","hurdle_ztpoisson",2025-02-15,2025,0,1320,1800,1323.5,383.096818181818,476.5,FALSE
"Michigan",2025-02-15,"calendar","sir","hurdle_ztnb",2025-01-18,2025,4,496,613,496,113.827272727273,117,FALSE
"Michigan",2025-02-15,"calendar","sir","hurdle_ztnb",2025-01-25,2025,3,863,992,863,125.679090909091,129,FALSE
"Michigan",2025-02-15,"calendar","sir","hurdle_ztnb",2025-02-01,2025,2,1093,1379,1093,282.127272727273,286,FALSE
"Michigan",2025-02-15,"calendar","sir","hurdle_ztnb",2025-02-08,2025,1,1244,1701,1244,448.857121212121,457,FALSE
"Michigan",2025-02-15,"calendar","sir","hurdle_ztnb",2025-02-15,2025,0,1320,1800,1320,467.189090909091,480,FALSE
"Michigan",2025-02-15,"calendar","sir","hurdle_ztpoisson",2025-01-18,2025,4,496,613,496,108.434696969697,117,FALSE
"Michigan",2025-02-15,"calendar","sir","hurdle_ztpoisson",2025-01-25,2025,3,863,992,863,125.969090909091,129,FALSE
"Michigan",2025-02-15,"calendar","sir","hurdle_ztpoisson",2025-02-01,2025,2,1093,1379,1093,280.401363636364,286,FALSE
"Michigan",2025-02-15,"calendar","sir","hurdle_ztpoisson",2025-02-08,2025,1,1244,1701,1244,445.092424242424,457,FALSE
"Michigan",2025-02-15,"calendar","sir","hurdle_ztpoisson",2025-02-15,2025,0,1320,1800,1320,454.727727272727,480,FALSE
"Michigan",2025-03-29,"calendar","hsgp","hurdle_ztnb",2025-03-01,2025,4,1383,1669,1383,276.800303030303,286,FALSE
"Michigan",2025-03-29,"calendar","hsgp","hurdle_ztnb",2025-03-08,2025,3,979,1264,979,279.714848484848,285,FALSE
"Michigan",2025-03-29,"calendar","hsgp","hurdle_ztnb",2025-03-15,2025,2,715,855,715,131.203181818182,140,FALSE
"Michigan",2025-03-29,"calendar","hsgp","hurdle_ztnb",2025-03-22,2025,1,790,948,790,146.748181818182,158,FALSE
"Michigan",2025-03-29,"calendar","hsgp","hurdle_ztnb",2025-03-29,2025,0,518,636,520,94.9622727272727,116,FALSE
"Michigan",2025-03-29,"calendar","hsgp","hurdle_ztpoisson",2025-03-01,2025,4,1383,1669,1388,274.68196969697,281,FALSE
"Michigan",2025-03-29,"calendar","hsgp","hurdle_ztpoisson",2025-03-08,2025,3,979,1264,979,272.638333333333,285,FALSE
"Michigan",2025-03-29,"calendar","hsgp","hurdle_ztpoisson",2025-03-15,2025,2,715,855,715,126.863787878788,140,FALSE
"Michigan",2025-03-29,"calendar","hsgp","hurdle_ztpoisson",2025-03-22,2025,1,790,948,792.5,141.159696969697,155.5,FALSE
"Michigan",2025-03-29,"calendar","hsgp","hurdle_ztpoisson",2025-03-29,2025,0,518,636,518,87.729696969697,118,FALSE
"Michigan",2025-03-29,"calendar","sir","hurdle_ztnb",2025-03-01,2025,4,1383,1669,1383,282.147272727273,286,FALSE
"Michigan",2025-03-29,"calendar","sir","hurdle_ztnb",2025-03-08,2025,3,979,1264,979,281.092727272727,285,FALSE
"Michigan",2025-03-29,"calendar","sir","hurdle_ztnb",2025-03-15,2025,2,715,855,715,134.197727272727,140,FALSE
"Michigan",2025-03-29,"calendar","sir","hurdle_ztnb",2025-03-22,2025,1,790,948,790,152.349090909091,158,FALSE
"Michigan",2025-03-29,"calendar","sir","hurdle_ztnb",2025-03-29,2025,0,518,636,518,103.726818181818,118,FALSE
"Michigan",2025-03-29,"calendar","sir","hurdle_ztpoisson",2025-03-01,2025,4,1383,1669,1383,283.587272727273,286,FALSE
"Michigan",2025-03-29,"calendar","sir","hurdle_ztpoisson",2025-03-08,2025,3,979,1264,979,283.345454545455,285,FALSE
"Michigan",2025-03-29,"calendar","sir","hurdle_ztpoisson",2025-03-15,2025,2,715,855,715,136.605454545455,140,FALSE
"Michigan",2025-03-29,"calendar","sir","hurdle_ztpoisson",2025-03-22,2025,1,790,948,790,153.757272727273,158,FALSE
"Michigan",2025-03-29,"calendar","sir","hurdle_ztpoisson",2025-03-29,2025,0,518,636,518,112.288636363636,118,FALSE
"Michigan",2025-04-26,"calendar","hsgp","hurdle_ztnb",2025-03-29,2025,4,528,636,528,104.885606060606,108,FALSE
"Michigan",2025-04-26,"calendar","hsgp","hurdle_ztnb",2025-04-05,2025,3,246,305,246,56.065,59,FALSE
"Michigan",2025-04-26,"calendar","hsgp","hurdle_ztnb",2025-04-12,2025,2,224,255,224,28.1583333333333,31,FALSE
"Michigan",2025-04-26,"calendar","hsgp","hurdle_ztnb",2025-04-19,2025,1,179,196,179,11.9640909090909,17,TRUE
"Michigan",2025-04-26,"calendar","hsgp","hurdle_ztnb",2025-04-26,2025,0,78,127,78,40.0862121212121,49,FALSE
"Michigan",2025-04-26,"calendar","hsgp","hurdle_ztpoisson",2025-03-29,2025,4,528,636,528,102.137727272727,108,FALSE
"Michigan",2025-04-26,"calendar","hsgp","hurdle_ztpoisson",2025-04-05,2025,3,246,305,246,53.8139393939394,59,FALSE
"Michigan",2025-04-26,"calendar","hsgp","hurdle_ztpoisson",2025-04-12,2025,2,224,255,224,26.2104545454545,31,FALSE
"Michigan",2025-04-26,"calendar","hsgp","hurdle_ztpoisson",2025-04-19,2025,1,179,196,179,12.5104545454546,17,FALSE
"Michigan",2025-04-26,"calendar","hsgp","hurdle_ztpoisson",2025-04-26,2025,0,78,127,78,43.6922727272727,49,FALSE
"Michigan",2025-04-26,"calendar","sir","hurdle_ztnb",2025-03-29,2025,4,528,636,528,106.463636363636,108,FALSE
"Michigan",2025-04-26,"calendar","sir","hurdle_ztnb",2025-04-05,2025,3,246,305,246,56.0809090909091,59,FALSE
"Michigan",2025-04-26,"calendar","sir","hurdle_ztnb",2025-04-12,2025,2,224,255,224,28.6095454545455,31,FALSE
"Michigan",2025-04-26,"calendar","sir","hurdle_ztnb",2025-04-19,2025,1,179,196,179,13.0404545454545,17,TRUE
"Michigan",2025-04-26,"calendar","sir","hurdle_ztnb",2025-04-26,2025,0,78,127,78,41.9363636363636,49,FALSE
"Michigan",2025-04-26,"calendar","sir","hurdle_ztpoisson",2025-03-29,2025,4,528,636,528,106.937727272727,108,FALSE
"Michigan",2025-04-26,"calendar","sir","hurdle_ztpoisson",2025-04-05,2025,3,246,305,246,59,59,FALSE
"Michigan",2025-04-26,"calendar","sir","hurdle_ztpoisson",2025-04-12,2025,2,224,255,224,30.8186363636364,31,FALSE
"Michigan",2025-04-26,"calendar","sir","hurdle_ztpoisson",2025-04-19,2025,1,179,196,179,15.5922727272727,17,FALSE
"Michigan",2025-04-26,"calendar","sir","hurdle_ztpoisson",2025-04-26,2025,0,78,127,78,49,49,FALSE
"Michigan",2025-05-31,"calendar","hsgp","hurdle_ztnb",2025-05-03,2025,4,104,117,104,12.3363636363636,13,FALSE
"Michigan",2025-05-31,"calendar","hsgp","hurdle_ztnb",2025-05-10,2025,3,88,93,88,3.77954545454546,5,TRUE
"Michigan",2025-05-31,"calendar","hsgp","hurdle_ztnb",2025-05-17,2025,2,60,62,60,1.47818181818182,2,TRUE
"Michigan",2025-05-31,"calendar","hsgp","hurdle_ztnb",2025-05-24,2025,1,48,51,48,2.04924242424242,3,TRUE
"Michigan",2025-05-31,"calendar","hsgp","hurdle_ztnb",2025-05-31,2025,0,46,51,46,2.70681818181818,5,TRUE
"Michigan",2025-05-31,"calendar","hsgp","hurdle_ztpoisson",2025-05-03,2025,4,104,117,104,11.7909090909091,13,FALSE
"Michigan",2025-05-31,"calendar","hsgp","hurdle_ztpoisson",2025-05-10,2025,3,88,93,88,4.14545454545455,5,TRUE
"Michigan",2025-05-31,"calendar","hsgp","hurdle_ztpoisson",2025-05-17,2025,2,60,62,60,1.41045454545455,2,TRUE
"Michigan",2025-05-31,"calendar","hsgp","hurdle_ztpoisson",2025-05-24,2025,1,48,51,48,2.13636363636364,3,TRUE
"Michigan",2025-05-31,"calendar","hsgp","hurdle_ztpoisson",2025-05-31,2025,0,46,51,46,3.20606060606061,5,TRUE
"Michigan",2025-05-31,"calendar","sir","hurdle_ztnb",2025-05-03,2025,4,104,117,104,11.6377272727273,13,FALSE
"Michigan",2025-05-31,"calendar","sir","hurdle_ztnb",2025-05-10,2025,3,88,93,88,3.44681818181818,5,TRUE
"Michigan",2025-05-31,"calendar","sir","hurdle_ztnb",2025-05-17,2025,2,60,62,60,1.5,2,TRUE
"Michigan",2025-05-31,"calendar","sir","hurdle_ztnb",2025-05-24,2025,1,48,51,48,2.59333333333333,3,TRUE
"Michigan",2025-05-31,"calendar","sir","hurdle_ztnb",2025-05-31,2025,0,46,51,46,3.5,5,TRUE
"Michigan",2025-05-31,"calendar","sir","hurdle_ztpoisson",2025-05-03,2025,4,104,117,104,13,13,FALSE
"Michigan",2025-05-31,"calendar","sir","hurdle_ztpoisson",2025-05-10,2025,3,88,93,88,5,5,FALSE
"Michigan",2025-05-31,"calendar","sir","hurdle_ztpoisson",2025-05-17,2025,2,60,62,60,2,2,FALSE
"Michigan",2025-05-31,"calendar","sir","hurdle_ztpoisson",2025-05-24,2025,1,48,51,48,3,3,FALSE
"Michigan",2025-05-31,"calendar","sir","hurdle_ztpoisson",2025-05-31,2025,0,46,51,46,5.00545454545455,5,FALSE
"Minnesota",2025-01-02,"calendar","hsgp","hurdle_ztnb",2024-11-30,2024,4,35,18,35,17,17,FALSE
"Minnesota",2025-01-02,"calendar","hsgp","hurdle_ztnb",2024-12-07,2024,3,58,40,58,18.1831818181818,18,FALSE
"Minnesota",2025-01-02,"calendar","hsgp","hurdle_ztnb",2024-12-14,2024,2,118,92,118,26.0987878787879,26,FALSE
"Minnesota",2025-01-02,"calendar","hsgp","hurdle_ztnb",2024-12-21,2024,1,268,227,268,37.3806060606061,41,FALSE
"Minnesota",2025-01-02,"calendar","hsgp","hurdle_ztnb",2024-12-28,2024,0,724,545,724,179.776363636364,179,FALSE
"Minnesota",2025-01-02,"calendar","hsgp","hurdle_ztpoisson",2024-11-30,2024,4,35,18,35,17,17,FALSE
"Minnesota",2025-01-02,"calendar","hsgp","hurdle_ztpoisson",2024-12-07,2024,3,58,40,58,17.8186363636364,18,FALSE
"Minnesota",2025-01-02,"calendar","hsgp","hurdle_ztpoisson",2024-12-14,2024,2,118,92,118,21.9454545454545,26,FALSE
"Minnesota",2025-01-02,"calendar","hsgp","hurdle_ztpoisson",2024-12-21,2024,1,268,227,268,31.8077272727273,41,FALSE
"Minnesota",2025-01-02,"calendar","hsgp","hurdle_ztpoisson",2024-12-28,2024,0,724,545,724,161.035303030303,179,FALSE
"Minnesota",2025-01-02,"calendar","sir","hurdle_ztnb",2024-11-30,2024,4,35,18,35,17,17,FALSE
"Minnesota",2025-01-02,"calendar","sir","hurdle_ztnb",2024-12-07,2024,3,58,40,58,18,18,FALSE
"Minnesota",2025-01-02,"calendar","sir","hurdle_ztnb",2024-12-14,2024,2,118,92,118,26,26,FALSE
"Minnesota",2025-01-02,"calendar","sir","hurdle_ztnb",2024-12-21,2024,1,268,227,268,41,41,FALSE
"Minnesota",2025-01-02,"calendar","sir","hurdle_ztnb",2024-12-28,2024,0,724,545,724,179,179,FALSE
"Minnesota",2025-01-02,"calendar","sir","hurdle_ztpoisson",2024-11-30,2024,4,35,18,35,17,17,FALSE
"Minnesota",2025-01-02,"calendar","sir","hurdle_ztpoisson",2024-12-07,2024,3,58,40,58,18,18,FALSE
"Minnesota",2025-01-02,"calendar","sir","hurdle_ztpoisson",2024-12-14,2024,2,118,92,118,26,26,FALSE
"Minnesota",2025-01-02,"calendar","sir","hurdle_ztpoisson",2024-12-21,2024,1,268,227,268,41,41,FALSE
"Minnesota",2025-01-02,"calendar","sir","hurdle_ztpoisson",2024-12-28,2024,0,724,545,724,179,179,FALSE
"Minnesota",2025-02-15,"calendar","hsgp","hurdle_ztnb",2025-01-18,2025,4,925,927,925,3.53621212121212,2,TRUE
"Minnesota",2025-02-15,"calendar","hsgp","hurdle_ztnb",2025-01-25,2025,3,872,928,872,55.3856060606061,56,FALSE
"Minnesota",2025-02-15,"calendar","hsgp","hurdle_ztnb",2025-02-01,2025,2,880,884,880,4.75484848484849,4,TRUE
"Minnesota",2025-02-15,"calendar","hsgp","hurdle_ztnb",2025-02-08,2025,1,674,689,674,11.0924242424242,15,TRUE
"Minnesota",2025-02-15,"calendar","hsgp","hurdle_ztnb",2025-02-15,2025,0,470,486,470,10.0137878787879,16,TRUE
"Minnesota",2025-02-15,"calendar","hsgp","hurdle_ztpoisson",2025-01-18,2025,4,925,927,925,4.29212121212121,2,FALSE
"Minnesota",2025-02-15,"calendar","hsgp","hurdle_ztpoisson",2025-01-25,2025,3,872,928,872,60.8578787878788,56,FALSE
"Minnesota",2025-02-15,"calendar","hsgp","hurdle_ztpoisson",2025-02-01,2025,2,880,884,880,8.02090909090909,4,FALSE
"Minnesota",2025-02-15,"calendar","hsgp","hurdle_ztpoisson",2025-02-08,2025,1,674,689,674,14.7390909090909,15,TRUE
"Minnesota",2025-02-15,"calendar","hsgp","hurdle_ztpoisson",2025-02-15,2025,0,470,486,470,16.6062121212121,16,TRUE
"Minnesota",2025-02-15,"calendar","sir","hurdle_ztnb",2025-01-18,2025,4,925,927,925,2,2,FALSE
"Minnesota",2025-02-15,"calendar","sir","hurdle_ztnb",2025-01-25,2025,3,872,928,872,56,56,FALSE
"Minnesota",2025-02-15,"calendar","sir","hurdle_ztnb",2025-02-01,2025,2,880,884,880,4,4,FALSE
"Minnesota",2025-02-15,"calendar","sir","hurdle_ztnb",2025-02-08,2025,1,674,689,674,15,15,FALSE
"Minnesota",2025-02-15,"calendar","sir","hurdle_ztnb",2025-02-15,2025,0,470,486,470,16,16,FALSE
"Minnesota",2025-02-15,"calendar","sir","hurdle_ztpoisson",2025-01-18,2025,4,925,927,925,2,2,FALSE
"Minnesota",2025-02-15,"calendar","sir","hurdle_ztpoisson",2025-01-25,2025,3,872,928,872,56,56,FALSE
"Minnesota",2025-02-15,"calendar","sir","hurdle_ztpoisson",2025-02-01,2025,2,880,884,880,4,4,FALSE
"Minnesota",2025-02-15,"calendar","sir","hurdle_ztpoisson",2025-02-08,2025,1,674,689,674,15,15,FALSE
"Minnesota",2025-02-15,"calendar","sir","hurdle_ztpoisson",2025-02-15,2025,0,470,486,470,16,16,FALSE
"Minnesota",2025-03-29,"calendar","hsgp","hurdle_ztnb",2025-03-01,2025,4,279,279,279,0.42969696969697,0,TRUE
"Minnesota",2025-03-29,"calendar","hsgp","hurdle_ztnb",2025-03-08,2025,3,195,195,195,0.146818181818182,0,TRUE
"Minnesota",2025-03-29,"calendar","hsgp","hurdle_ztnb",2025-03-15,2025,2,158,158,158,0.376515151515151,0,TRUE
"Minnesota",2025-03-29,"calendar","hsgp","hurdle_ztnb",2025-03-22,2025,1,182,182,182,0.643787878787878,0,TRUE
"Minnesota",2025-03-29,"calendar","hsgp","hurdle_ztnb",2025-03-29,2025,0,79,81,80,2.23060606060606,1,TRUE
"Minnesota",2025-03-29,"calendar","hsgp","hurdle_ztpoisson",2025-03-01,2025,4,279,279,279,0.110454545454545,0,TRUE
"Minnesota",2025-03-29,"calendar","hsgp","hurdle_ztpoisson",2025-03-08,2025,3,195,195,195,0.438787878787879,0,TRUE
"Minnesota",2025-03-29,"calendar","hsgp","hurdle_ztpoisson",2025-03-15,2025,2,158,158,158,0.536363636363636,0,TRUE
"Minnesota",2025-03-29,"calendar","hsgp","hurdle_ztpoisson",2025-03-22,2025,1,182,182,182,0.561060606060606,0,TRUE
"Minnesota",2025-03-29,"calendar","hsgp","hurdle_ztpoisson",2025-03-29,2025,0,79,81,79,2.15060606060606,2,TRUE
"Minnesota",2025-03-29,"calendar","sir","hurdle_ztnb",2025-03-01,2025,4,279,279,279,0,0,TRUE
"Minnesota",2025-03-29,"calendar","sir","hurdle_ztnb",2025-03-08,2025,3,195,195,195,0,0,TRUE
"Minnesota",2025-03-29,"calendar","sir","hurdle_ztnb",2025-03-15,2025,2,158,158,158,0,0,TRUE
"Minnesota",2025-03-29,"calendar","sir","hurdle_ztnb",2025-03-22,2025,1,182,182,182,0,0,TRUE
"Minnesota",2025-03-29,"calendar","sir","hurdle_ztnb",2025-03-29,2025,0,79,81,79,2,2,FALSE
"Minnesota",2025-03-29,"calendar","sir","hurdle_ztpoisson",2025-03-01,2025,4,279,279,279,0,0,TRUE
"Minnesota",2025-03-29,"calendar","sir","hurdle_ztpoisson",2025-03-08,2025,3,195,195,195,0,0,TRUE
"Minnesota",2025-03-29,"calendar","sir","hurdle_ztpoisson",2025-03-15,2025,2,158,158,158,0,0,TRUE
"Minnesota",2025-03-29,"calendar","sir","hurdle_ztpoisson",2025-03-22,2025,1,182,182,182,0,0,TRUE
"Minnesota",2025-03-29,"calendar","sir","hurdle_ztpoisson",2025-03-29,2025,0,79,81,79,2,2,FALSE
"Minnesota",2025-04-26,"calendar","hsgp","hurdle_ztnb",2025-03-29,2025,4,81,81,81,0.0454545454545455,0,TRUE
"Minnesota",2025-04-26,"calendar","hsgp","hurdle_ztnb",2025-04-05,2025,3,59,59,59,0.00136363636363616,0,TRUE
"Minnesota",2025-04-26,"calendar","hsgp","hurdle_ztnb",2025-04-12,2025,2,53,53,53,0.0740909090909091,0,TRUE
"Minnesota",2025-04-26,"calendar","hsgp","hurdle_ztnb",2025-04-19,2025,1,38,38,38,0.259696969696969,0,TRUE
"Minnesota",2025-04-26,"calendar","hsgp","hurdle_ztnb",2025-04-26,2025,0,25,25,25,0.940151515151515,0,TRUE
"Minnesota",2025-04-26,"calendar","hsgp","hurdle_ztpoisson",2025-03-29,2025,4,81,81,81,0.0909090909090909,0,TRUE
"Minnesota",2025-04-26,"calendar","hsgp","hurdle_ztpoisson",2025-04-05,2025,3,59,59,59,0.118181818181818,0,TRUE
"Minnesota",2025-04-26,"calendar","hsgp","hurdle_ztpoisson",2025-04-12,2025,2,53,53,53,0.132121212121212,0,TRUE
"Minnesota",2025-04-26,"calendar","hsgp","hurdle_ztpoisson",2025-04-19,2025,1,38,38,38,0.065,0,TRUE
"Minnesota",2025-04-26,"calendar","hsgp","hurdle_ztpoisson",2025-04-26,2025,0,25,25,25,0.00818181818181695,0,TRUE
"Minnesota",2025-04-26,"calendar","sir","hurdle_ztnb",2025-03-29,2025,4,81,81,81,0,0,TRUE
"Minnesota",2025-04-26,"calendar","sir","hurdle_ztnb",2025-04-05,2025,3,59,59,59,0,0,TRUE
"Minnesota",2025-04-26,"calendar","sir","hurdle_ztnb",2025-04-12,2025,2,53,53,53,0,0,TRUE
"Minnesota",2025-04-26,"calendar","sir","hurdle_ztnb",2025-04-19,2025,1,38,38,38,0,0,TRUE
"Minnesota",2025-04-26,"calendar","sir","hurdle_ztnb",2025-04-26,2025,0,25,25,25,0,0,TRUE
"Minnesota",2025-04-26,"calendar","sir","hurdle_ztpoisson",2025-03-29,2025,4,81,81,81,0,0,TRUE
"Minnesota",2025-04-26,"calendar","sir","hurdle_ztpoisson",2025-04-05,2025,3,59,59,59,0,0,TRUE
"Minnesota",2025-04-26,"calendar","sir","hurdle_ztpoisson",2025-04-12,2025,2,53,53,53,0,0,TRUE
"Minnesota",2025-04-26,"calendar","sir","hurdle_ztpoisson",2025-04-19,2025,1,38,38,38,0,0,TRUE
"Minnesota",2025-04-26,"calendar","sir","hurdle_ztpoisson",2025-04-26,2025,0,25,25,25,0,0,TRUE
"Minnesota",2025-05-31,"calendar","hsgp","hurdle_ztnb",2025-05-03,2025,4,28,28,28,0,0,TRUE
"Minnesota",2025-05-31,"calendar","hsgp","hurdle_ztnb",2025-05-10,2025,3,22,22,22,0,0,TRUE
"Minnesota",2025-05-31,"calendar","hsgp","hurdle_ztnb",2025-05-17,2025,2,7,7,7,0,0,TRUE
"Minnesota",2025-05-31,"calendar","hsgp","hurdle_ztnb",2025-05-24,2025,1,9,9,9,0.0272727272727273,0,TRUE
"Minnesota",2025-05-31,"calendar","hsgp","hurdle_ztnb",2025-05-31,2025,0,11,12,11,0.655909090909091,1,TRUE
"Minnesota",2025-05-31,"calendar","hsgp","hurdle_ztpoisson",2025-05-03,2025,4,28,28,28,0,0,TRUE
"Minnesota",2025-05-31,"calendar","hsgp","hurdle_ztpoisson",2025-05-10,2025,3,22,22,22,0,0,TRUE
"Minnesota",2025-05-31,"calendar","hsgp","hurdle_ztpoisson",2025-05-17,2025,2,7,7,7,0,0,TRUE
"Minnesota",2025-05-31,"calendar","hsgp","hurdle_ztpoisson",2025-05-24,2025,1,9,9,9,0,0,TRUE
"Minnesota",2025-05-31,"calendar","hsgp","hurdle_ztpoisson",2025-05-31,2025,0,11,12,11,1,1,FALSE
"Minnesota",2025-05-31,"calendar","sir","hurdle_ztnb",2025-05-03,2025,4,28,28,28,0,0,TRUE
"Minnesota",2025-05-31,"calendar","sir","hurdle_ztnb",2025-05-10,2025,3,22,22,22,0,0,TRUE
"Minnesota",2025-05-31,"calendar","sir","hurdle_ztnb",2025-05-17,2025,2,7,7,7,0,0,TRUE
"Minnesota",2025-05-31,"calendar","sir","hurdle_ztnb",2025-05-24,2025,1,9,9,9,0,0,TRUE
"Minnesota",2025-05-31,"calendar","sir","hurdle_ztnb",2025-05-31,2025,0,11,12,11,1,1,FALSE
"Minnesota",2025-05-31,"calendar","sir","hurdle_ztpoisson",2025-05-03,2025,4,28,28,28,0,0,TRUE
"Minnesota",2025-05-31,"calendar","sir","hurdle_ztpoisson",2025-05-10,2025,3,22,22,22,0,0,TRUE
"Minnesota",2025-05-31,"calendar","sir","hurdle_ztpoisson",2025-05-17,2025,2,7,7,7,0,0,TRUE
"Minnesota",2025-05-31,"calendar","sir","hurdle_ztpoisson",2025-05-24,2025,1,9,9,9,0,0,TRUE
"Minnesota",2025-05-31,"calendar","sir","hurdle_ztpoisson",2025-05-31,2025,0,11,12,11,1,1,FALSE
"Mississippi",2025-01-02,"calendar","hsgp","hurdle_ztnb",2024-11-30,2024,4,28,28,28,0.32969696969697,0,TRUE
"Mississippi",2025-01-02,"calendar","hsgp","hurdle_ztnb",2024-12-07,2024,3,39,39,39,0.432424242424242,0,TRUE
"Mississippi",2025-01-02,"calendar","hsgp","hurdle_ztnb",2024-12-14,2024,2,61,62,61,0.963636363636364,1,TRUE
"Mississippi",2025-01-02,"calendar","hsgp","hurdle_ztnb",2024-12-21,2024,1,94,100,94,2.73636363636364,6,TRUE
"Mississippi",2025-01-02,"calendar","hsgp","hurdle_ztnb",2024-12-28,2024,0,212,212,216,3.62181818181818,4,TRUE
"Mississippi",2025-01-02,"calendar","hsgp","hurdle_ztpoisson",2024-11-30,2024,4,28,28,28,0,0,TRUE
"Mississippi",2025-01-02,"calendar","hsgp","hurdle_ztpoisson",2024-12-07,2024,3,39,39,39,0.0195454545454544,0,TRUE
"Mississippi",2025-01-02,"calendar","hsgp","hurdle_ztpoisson",2024-12-14,2024,2,61,62,61,0.758333333333333,1,TRUE
"Mississippi",2025-01-02,"calendar","hsgp","hurdle_ztpoisson",2024-12-21,2024,1,94,100,94,3.29090909090909,6,TRUE
"Mississippi",2025-01-02,"calendar","hsgp","hurdle_ztpoisson",2024-12-28,2024,0,212,212,214,2.81954545454545,2,TRUE
"Mississippi",2025-01-02,"calendar","sir","hurdle_ztnb",2024-11-30,2024,4,28,28,28,0.146818181818182,0,TRUE
"Mississippi",2025-01-02,"calendar","sir","hurdle_ztnb",2024-12-07,2024,3,39,39,39,0.358181818181818,0,TRUE
"Mississippi",2025-01-02,"calendar","sir","hurdle_ztnb",2024-12-14,2024,2,61,62,61,0.819545454545454,1,TRUE
"Mississippi",2025-01-02,"calendar","sir","hurdle_ztnb",2024-12-21,2024,1,94,100,94,3.48424242424242,6,TRUE
"Mississippi",2025-01-02,"calendar","sir","hurdle_ztnb",2024-12-28,2024,0,212,212,212,1.61424242424242,0,TRUE
"Mississippi",2025-01-02,"calendar","sir","hurdle_ztpoisson",2024-11-30,2024,4,28,28,28,0,0,TRUE
"Mississippi",2025-01-02,"calendar","sir","hurdle_ztpoisson",2024-12-07,2024,3,39,39,39,0.5,0,TRUE
"Mississippi",2025-01-02,"calendar","sir","hurdle_ztpoisson",2024-12-14,2024,2,61,62,61,0.890909090909091,1,TRUE
"Mississippi",2025-01-02,"calendar","sir","hurdle_ztpoisson",2024-12-21,2024,1,94,100,94,4.75227272727273,6,TRUE
"Mississippi",2025-01-02,"calendar","sir","hurdle_ztpoisson",2024-12-28,2024,0,212,212,212,1.71151515151515,0,TRUE
"Mississippi",2025-02-15,"calendar","hsgp","hurdle_ztnb",2025-01-18,2025,4,225,229,225,2.34015151515152,4,TRUE
"Mississippi",2025-02-15,"calendar","hsgp","hurdle_ztnb",2025-01-25,2025,3,322,323,325,2.28560606060606,2,TRUE
"Mississippi",2025-02-15,"calendar","hsgp","hurdle_ztnb",2025-02-01,2025,2,536,537,542,3.89166666666666,5,TRUE
"Mississippi",2025-02-15,"calendar","hsgp","hurdle_ztnb",2025-02-08,2025,1,467,467,476,6.69060606060606,9,TRUE
"Mississippi",2025-02-15,"calendar","hsgp","hurdle_ztnb",2025-02-15,2025,0,247,265,259,8.90590909090909,6,TRUE
"Mississippi",2025-02-15,"calendar","hsgp","hurdle_ztpoisson",2025-01-18,2025,4,225,229,225,1.68318181818182,4,TRUE
"Mississippi",2025-02-15,"calendar","hsgp","hurdle_ztpoisson",2025-01-25,2025,3,322,323,322,1.7869696969697,1,TRUE
"Mississippi",2025-02-15,"calendar","hsgp","hurdle_ztpoisson",2025-02-01,2025,2,536,537,541,2.76212121212121,4,TRUE
"Mississippi",2025-02-15,"calendar","hsgp","hurdle_ztpoisson",2025-02-08,2025,1,467,467,473.5,3.75909090909091,6.5,TRUE
"Mississippi",2025-02-15,"calendar","hsgp","hurdle_ztpoisson",2025-02-15,2025,0,247,265,247,10.5815151515151,18,TRUE
"Mississippi",2025-02-15,"calendar","sir","hurdle_ztnb",2025-01-18,2025,4,225,229,225,2.46727272727273,4,TRUE
"Mississippi",2025-02-15,"calendar","sir","hurdle_ztnb",2025-01-25,2025,3,322,323,322,0.966060606060606,1,TRUE
"Mississippi",2025-02-15,"calendar","sir","hurdle_ztnb",2025-02-01,2025,2,536,537,536,1.04045454545454,1,TRUE
"Mississippi",2025-02-15,"calendar","sir","hurdle_ztnb",2025-02-08,2025,1,467,467,467,1.89333333333333,0,TRUE
"Mississippi",2025-02-15,"calendar","sir","hurdle_ztnb",2025-02-15,2025,0,247,265,248,8.64272727272727,17,TRUE
"Mississippi",2025-02-15,"calendar","sir","hurdle_ztpoisson",2025-01-18,2025,4,225,229,225,2.16727272727273,4,TRUE
"Mississippi",2025-02-15,"calendar","sir","hurdle_ztpoisson",2025-01-25,2025,3,322,323,322,0.809090909090909,1,TRUE
"Mississippi",2025-02-15,"calendar","sir","hurdle_ztpoisson",2025-02-01,2025,2,536,537,536,1.04787878787879,1,TRUE
"Mississippi",2025-02-15,"calendar","sir","hurdle_ztpoisson",2025-02-08,2025,1,467,467,467,1.09227272727273,0,TRUE
"Mississippi",2025-02-15,"calendar","sir","hurdle_ztpoisson",2025-02-15,2025,0,247,265,247,11.9704545454545,18,TRUE
"Mississippi",2025-03-29,"calendar","hsgp","hurdle_ztnb",2025-03-01,2025,4,154,194,154,36.6377272727273,40,FALSE
"Mississippi",2025-03-29,"calendar","hsgp","hurdle_ztnb",2025-03-08,2025,3,172,172,172,0.319545454545454,0,TRUE
"Mississippi",2025-03-29,"calendar","hsgp","hurdle_ztnb",2025-03-15,2025,2,190,190,190,0.463636363636364,0,TRUE
"Mississippi",2025-03-29,"calendar","hsgp","hurdle_ztnb",2025-03-22,2025,1,101,102,101,0.868636363636365,1,TRUE
"Mississippi",2025-03-29,"calendar","hsgp","hurdle_ztnb",2025-03-29,2025,0,45,51,46,2.35590909090909,5,TRUE
"Mississippi",2025-03-29,"calendar","hsgp","hurdle_ztpoisson",2025-03-01,2025,4,154,194,154,36.4,40,FALSE
"Mississippi",2025-03-29,"calendar","hsgp","hurdle_ztpoisson",2025-03-08,2025,3,172,172,172,0.392272727272727,0,TRUE
"Mississippi",2025-03-29,"calendar","hsgp","hurdle_ztpoisson",2025-03-15,2025,2,190,190,190,0.679242424242424,0,TRUE
"Mississippi",2025-03-29,"calendar","hsgp","hurdle_ztpoisson",2025-03-22,2025,1,101,102,101,0.965,1,TRUE
"Mississippi",2025-03-29,"calendar","hsgp","hurdle_ztpoisson",2025-03-29,2025,0,45,51,45,2.98787878787879,6,TRUE
"Mississippi",2025-03-29,"calendar","sir","hurdle_ztnb",2025-03-01,2025,4,154,194,154,34.4474242424242,40,FALSE
"Mississippi",2025-03-29,"calendar","sir","hurdle_ztnb",2025-03-08,2025,3,172,172,172,0.518181818181818,0,TRUE
"Mississippi",2025-03-29,"calendar","sir","hurdle_ztnb",2025-03-15,2025,2,190,190,190,0.790454545454546,0,TRUE
"Mississippi",2025-03-29,"calendar","sir","hurdle_ztnb",2025-03-22,2025,1,101,102,101,1.44787878787879,1,TRUE
"Mississippi",2025-03-29,"calendar","sir","hurdle_ztnb",2025-03-29,2025,0,45,51,46,3.16090909090909,5,TRUE
"Mississippi",2025-03-29,"calendar","sir","hurdle_ztpoisson",2025-03-01,2025,4,154,194,154,38.9636363636364,40,FALSE
"Mississippi",2025-03-29,"calendar","sir","hurdle_ztpoisson",2025-03-08,2025,3,172,172,172,0.0454545454545455,0,TRUE
"Mississippi",2025-03-29,"calendar","sir","hurdle_ztpoisson",2025-03-15,2025,2,190,190,190,0.211515151515151,0,TRUE
"Mississippi",2025-03-29,"calendar","sir","hurdle_ztpoisson",2025-03-22,2025,1,101,102,101,0.812878787878788,1,TRUE
"Mississippi",2025-03-29,"calendar","sir","hurdle_ztpoisson",2025-03-29,2025,0,45,51,45,4.27318181818182,6,TRUE
"Mississippi",2025-04-26,"calendar","hsgp","hurdle_ztnb",2025-03-29,2025,4,51,51,51,0.103787878787878,0,TRUE
"Mississippi",2025-04-26,"calendar","hsgp","hurdle_ztnb",2025-04-05,2025,3,49,48,49,1.02863636363636,1,FALSE
"Mississippi",2025-04-26,"calendar","hsgp","hurdle_ztnb",2025-04-12,2025,2,42,43,42,0.702424242424242,1,TRUE
"Mississippi",2025-04-26,"calendar","hsgp","hurdle_ztnb",2025-04-19,2025,1,28,28,28,0.239090909090909,0,TRUE
"Mississippi",2025-04-26,"calendar","hsgp","hurdle_ztnb",2025-04-26,2025,0,18,21,18,1.51318181818182,3,TRUE
"Mississippi",2025-04-26,"calendar","hsgp","hurdle_ztpoisson",2025-03-29,2025,4,51,51,51,0.0454545454545455,0,TRUE
"Mississippi",2025-04-26,"calendar","hsgp","hurdle_ztpoisson",2025-04-05,2025,3,49,48,49,1.09333333333333,1,FALSE
"Mississippi",2025-04-26,"calendar","hsgp","hurdle_ztpoisson",2025-04-12,2025,2,42,43,42,0.718181818181818,1,TRUE
"Mississippi",2025-04-26,"calendar","hsgp","hurdle_ztpoisson",2025-04-19,2025,1,28,28,28,0.263636363636364,0,TRUE
"Mississippi",2025-04-26,"calendar","hsgp","hurdle_ztpoisson",2025-04-26,2025,0,18,21,18,1.57515151515152,3,TRUE
"Mississippi",2025-04-26,"calendar","sir","hurdle_ztnb",2025-03-29,2025,4,51,51,51,0.140151515151515,0,TRUE
"Mississippi",2025-04-26,"calendar","sir","hurdle_ztnb",2025-04-05,2025,3,49,48,49,1.32727272727273,1,FALSE
"Mississippi",2025-04-26,"calendar","sir","hurdle_ztnb",2025-04-12,2025,2,42,43,42,0.727272727272727,1,TRUE
"Mississippi",2025-04-26,"calendar","sir","hurdle_ztnb",2025-04-19,2025,1,28,28,28,0.937727272727273,0,TRUE
"Mississippi",2025-04-26,"calendar","sir","hurdle_ztnb",2025-04-26,2025,0,18,21,19,1.91287878787879,2,TRUE
"Mississippi",2025-04-26,"calendar","sir","hurdle_ztpoisson",2025-03-29,2025,4,51,51,51,0,0,TRUE
"Mississippi",2025-04-26,"calendar","sir","hurdle_ztpoisson",2025-04-05,2025,3,49,48,49,1,1,FALSE
"Mississippi",2025-04-26,"calendar","sir","hurdle_ztpoisson",2025-04-12,2025,2,42,43,42,1,1,FALSE
"Mississippi",2025-04-26,"calendar","sir","hurdle_ztpoisson",2025-04-19,2025,1,28,28,28,0.0272727272727273,0,TRUE
"Mississippi",2025-04-26,"calendar","sir","hurdle_ztpoisson",2025-04-26,2025,0,18,21,18,2.53636363636364,3,TRUE
"Mississippi",2025-05-31,"calendar","hsgp","hurdle_ztnb",2025-05-03,2025,4,14,14,14,0.0090909090909091,0,TRUE
"Mississippi",2025-05-31,"calendar","hsgp","hurdle_ztnb",2025-05-10,2025,3,18,18,18,0.0363636363636364,0,TRUE
"Mississippi",2025-05-31,"calendar","hsgp","hurdle_ztnb",2025-05-17,2025,2,16,16,16,0.0818181818181818,0,TRUE
"Mississippi",2025-05-31,"calendar","hsgp","hurdle_ztnb",2025-05-24,2025,1,13,13,13,0.137727272727273,0,TRUE
"Mississippi",2025-05-31,"calendar","hsgp","hurdle_ztnb",2025-05-31,2025,0,18,18,18,0.446818181818182,0,TRUE
"Mississippi",2025-05-31,"calendar","hsgp","hurdle_ztpoisson",2025-05-03,2025,4,14,14,14,0,0,TRUE
"Mississippi",2025-05-31,"calendar","hsgp","hurdle_ztpoisson",2025-05-10,2025,3,18,18,18,0.0272727272727273,0,TRUE
"Mississippi",2025-05-31,"calendar","hsgp","hurdle_ztpoisson",2025-05-17,2025,2,16,16,16,0.0363636363636364,0,TRUE
"Mississippi",2025-05-31,"calendar","hsgp","hurdle_ztpoisson",2025-05-24,2025,1,13,13,13,0.0818181818181818,0,TRUE
"Mississippi",2025-05-31,"calendar","hsgp","hurdle_ztpoisson",2025-05-31,2025,0,18,18,18,0.287878787878788,0,TRUE
"Mississippi",2025-05-31,"calendar","sir","hurdle_ztnb",2025-05-03,2025,4,14,14,14,0.12969696969697,0,TRUE
"Mississippi",2025-05-31,"calendar","sir","hurdle_ztnb",2025-05-10,2025,3,18,18,18,0.128636363636363,0,TRUE
"Mississippi",2025-05-31,"calendar","sir","hurdle_ztnb",2025-05-17,2025,2,16,16,16,0.192272727272727,0,TRUE
"Mississippi",2025-05-31,"calendar","sir","hurdle_ztnb",2025-05-24,2025,1,13,13,13,0.428636363636363,0,TRUE
"Mississippi",2025-05-31,"calendar","sir","hurdle_ztnb",2025-05-31,2025,0,18,18,19,1.47409090909091,1,TRUE
"Mississippi",2025-05-31,"calendar","sir","hurdle_ztpoisson",2025-05-03,2025,4,14,14,14,0,0,TRUE
"Mississippi",2025-05-31,"calendar","sir","hurdle_ztpoisson",2025-05-10,2025,3,18,18,18,0,0,TRUE
"Mississippi",2025-05-31,"calendar","sir","hurdle_ztpoisson",2025-05-17,2025,2,16,16,16,0,0,TRUE
"Mississippi",2025-05-31,"calendar","sir","hurdle_ztpoisson",2025-05-24,2025,1,13,13,13,0,0,TRUE
"Mississippi",2025-05-31,"calendar","sir","hurdle_ztpoisson",2025-05-31,2025,0,18,18,18,0.0195454545454544,0,TRUE
"Missouri",2025-01-02,"calendar","hsgp","hurdle_ztnb",2024-11-30,2024,4,41,41,42,0.646818181818182,1,TRUE
"Missouri",2025-01-02,"calendar","hsgp","hurdle_ztnb",2024-12-07,2024,3,54,54,55,0.93,1,TRUE
"Missouri",2025-01-02,"calendar","hsgp","hurdle_ztnb",2024-12-14,2024,2,84,88,86,1.31818181818182,2,TRUE
"Missouri",2025-01-02,"calendar","hsgp","hurdle_ztnb",2024-12-21,2024,1,245,250,248,1.54015151515151,2,TRUE
"Missouri",2025-01-02,"calendar","hsgp","hurdle_ztnb",2024-12-28,2024,0,595,611,599.5,6.325,11.5,TRUE
"Missouri",2025-01-02,"calendar","hsgp","hurdle_ztpoisson",2024-11-30,2024,4,41,41,41,0,0,TRUE
"Missouri",2025-01-02,"calendar","hsgp","hurdle_ztpoisson",2024-12-07,2024,3,54,54,54,0.0401515151515148,0,TRUE
"Missouri",2025-01-02,"calendar","hsgp","hurdle_ztpoisson",2024-12-14,2024,2,84,88,84,2.51818181818182,4,TRUE
"Missouri",2025-01-02,"calendar","hsgp","hurdle_ztpoisson",2024-12-21,2024,1,245,250,245,2.10378787878788,5,TRUE
"Missouri",2025-01-02,"calendar","hsgp","hurdle_ztpoisson",2024-12-28,2024,0,595,611,600,7.2110606060606,11,TRUE
"Missouri",2025-01-02,"calendar","sir","hurdle_ztnb",2024-11-30,2024,4,41,41,41,0.145454545454545,0,TRUE
"Missouri",2025-01-02,"calendar","sir","hurdle_ztnb",2024-12-07,2024,3,54,54,54,0.181818181818182,0,TRUE
"Missouri",2025-01-02,"calendar","sir","hurdle_ztnb",2024-12-14,2024,2,84,88,84,2.52863636363636,4,TRUE
"Missouri",2025-01-02,"calendar","sir","hurdle_ztnb",2024-12-21,2024,1,245,250,245,2.89090909090909,5,TRUE
"Missouri",2025-01-02,"calendar","sir","hurdle_ztnb",2024-12-28,2024,0,595,611,595,9.87545454545455,16,TRUE
"Missouri",2025-01-02,"calendar","sir","hurdle_ztpoisson",2024-11-30,2024,4,41,41,41,0,0,TRUE
"Missouri",2025-01-02,"calendar","sir","hurdle_ztpoisson",2024-12-07,2024,3,54,54,55,0.845151515151516,1,TRUE
"Missouri",2025-01-02,"calendar","sir","hurdle_ztpoisson",2024-12-14,2024,2,84,88,84,3.48181818181818,4,FALSE
"Missouri",2025-01-02,"calendar","sir","hurdle_ztpoisson",2024-12-21,2024,1,245,250,245,2.9,5,TRUE
"Missouri",2025-01-02,"calendar","sir","hurdle_ztpoisson",2024-12-28,2024,0,595,611,597,6.80272727272727,14,TRUE
"Missouri",2025-02-15,"calendar","hsgp","hurdle_ztnb",2025-01-18,2025,4,557,559,567.5,5.80363636363636,8.5,TRUE
"Missouri",2025-02-15,"calendar","hsgp","hurdle_ztnb",2025-01-25,2025,3,648,655,666,7.30015151515152,11,TRUE
"Missouri",2025-02-15,"calendar","hsgp","hurdle_ztnb",2025-02-01,2025,2,1035,1039,1056.5,10.795606060606,17.5,TRUE
"Missouri",2025-02-15,"calendar","hsgp","hurdle_ztnb",2025-02-08,2025,1,1231,1332,1263,38.2927272727273,69,TRUE
"Missouri",2025-02-15,"calendar","hsgp","hurdle_ztnb",2025-02-15,2025,0,913,1424,963.5,353.387727272727,460.5,FALSE
"Missouri",2025-02-15,"calendar","hsgp","hurdle_ztpoisson",2025-01-18,2025,4,557,559,560,1.40242424242424,1,TRUE
"Missouri",2025-02-15,"calendar","hsgp","hurdle_ztpoisson",2025-01-25,2025,3,648,655,653,2.03772727272727,2,TRUE
"Missouri",2025-02-15,"calendar","hsgp","hurdle_ztpoisson",2025-02-01,2025,2,1035,1039,1043,3.72818181818181,4,TRUE
"Missouri",2025-02-15,"calendar","hsgp","hurdle_ztpoisson",2025-02-08,2025,1,1231,1332,1248,60.454696969697,84,FALSE
"Missouri",2025-02-15,"calendar","hsgp","hurdle_ztpoisson",2025-02-15,2025,0,913,1424,931.5,384.763787878788,492.5,FALSE
"Missouri",2025-02-15,"calendar","sir","hurdle_ztnb",2025-01-18,2025,4,557,559,557,1.25590909090909,2,TRUE
"Missouri",2025-02-15,"calendar","sir","hurdle_ztnb",2025-01-25,2025,3,648,655,648,3.74681818181818,7,TRUE
"Missouri",2025-02-15,"calendar","sir","hurdle_ztnb",2025-02-01,2025,2,1035,1039,1035,2.16636363636364,4,TRUE
"Missouri",2025-02-15,"calendar","sir","hurdle_ztnb",2025-02-08,2025,1,1231,1332,1231.5,88.7519696969697,100.5,FALSE
"Missouri",2025-02-15,"calendar","sir","hurdle_ztnb",2025-02-15,2025,0,913,1424,914,493.498636363636,510,FALSE
"Missouri",2025-02-15,"calendar","sir","hurdle_ztpoisson",2025-01-18,2025,4,557,559,567,4.75060606060606,8,TRUE
"Missouri",2025-02-15,"calendar","sir","hurdle_ztpoisson",2025-01-25,2025,3,648,655,649,3.21666666666667,6,TRUE
"Missouri",2025-02-15,"calendar","sir","hurdle_ztpoisson",2025-02-01,2025,2,1035,1039,1039,1.84681818181818,0,TRUE
"Missouri",2025-02-15,"calendar","sir","hurdle_ztpoisson",2025-02-08,2025,1,1231,1332,1238.5,78.805,93.5,FALSE
"Missouri",2025-02-15,"calendar","sir","hurdle_ztpoisson",2025-02-15,2025,0,913,1424,921,462.320757575758,503,FALSE
"Missouri",2025-03-29,"calendar","hsgp","hurdle_ztnb",2025-03-01,2025,4,861,861,869,5.01272727272728,8,TRUE
"Missouri",2025-03-29,"calendar","hsgp","hurdle_ztnb",2025-03-08,2025,3,692,692,701,6.08787878787879,9,TRUE
"Missouri",2025-03-29,"calendar","hsgp","hurdle_ztnb",2025-03-15,2025,2,439,440,450,6.29560606060607,10,TRUE
"Missouri",2025-03-29,"calendar","hsgp","hurdle_ztnb",2025-03-22,2025,1,248,370,256,99.6066666666667,114,FALSE
"Missouri",2025-03-29,"calendar","hsgp","hurdle_ztnb",2025-03-29,2025,0,132,189,142,27.6028787878788,47,TRUE
"Missouri",2025-03-29,"calendar","hsgp","hurdle_ztpoisson",2025-03-01,2025,4,861,861,866,2.52727272727273,5,TRUE
"Missouri",2025-03-29,"calendar","hsgp","hurdle_ztpoisson",2025-03-08,2025,3,692,692,697,3.08787878787878,5,TRUE
"Missouri",2025-03-29,"calendar","hsgp","hurdle_ztpoisson",2025-03-15,2025,2,439,440,447,4.19227272727273,7,TRUE
"Missouri",2025-03-29,"calendar","hsgp","hurdle_ztpoisson",2025-03-22,2025,1,248,370,255,104.711818181818,115,FALSE
"Missouri",2025-03-29,"calendar","hsgp","hurdle_ztpoisson",2025-03-29,2025,0,132,189,142,35.2506060606061,47,FALSE
"Missouri",2025-03-29,"calendar","sir","hurdle_ztnb",2025-03-01,2025,4,861,861,865,2.71530303030303,4,TRUE
"Missouri",2025-03-29,"calendar","sir","hurdle_ztnb",2025-03-08,2025,3,692,692,696,3.09606060606061,4,TRUE
"Missouri",2025-03-29,"calendar","sir","hurdle_ztnb",2025-03-15,2025,2,439,440,443,2.56969696969697,3,TRUE
"Missouri",2025-03-29,"calendar","sir","hurdle_ztnb",2025-03-22,2025,1,248,370,252,97.1772727272727,118,FALSE
"Missouri",2025-03-29,"calendar","sir","hurdle_ztnb",2025-03-29,2025,0,132,189,136,33.0118181818182,53,TRUE
"Missouri",2025-03-29,"calendar","sir","hurdle_ztpoisson",2025-03-01,2025,4,861,861,864,1.38787878787879,3,TRUE
"Missouri",2025-03-29,"calendar","sir","hurdle_ztpoisson",2025-03-08,2025,3,692,692,695,1.81954545454545,3,TRUE
"Missouri",2025-03-29,"calendar","sir","hurdle_ztpoisson",2025-03-15,2025,2,439,440,441,1.47409090909091,1,TRUE
"Missouri",2025-03-29,"calendar","sir","hurdle_ztpoisson",2025-03-22,2025,1,248,370,248,116.534696969697,122,FALSE
"Missouri",2025-03-29,"calendar","sir","hurdle_ztpoisson",2025-03-29,2025,0,132,189,132,48.4051515151515,57,FALSE
"Missouri",2025-04-26,"calendar","hsgp","hurdle_ztnb",2025-03-29,2025,4,189,189,191,1.35590909090909,2,TRUE
"Missouri",2025-04-26,"calendar","hsgp","hurdle_ztnb",2025-04-05,2025,3,130,130,132,1.42863636363636,2,TRUE
"Missouri",2025-04-26,"calendar","hsgp","hurdle_ztnb",2025-04-12,2025,2,99,99,101,1.47,2,TRUE
"Missouri",2025-04-26,"calendar","hsgp","hurdle_ztnb",2025-04-19,2025,1,100,100,102,1.58560606060606,2,TRUE
"Missouri",2025-04-26,"calendar","hsgp","hurdle_ztnb",2025-04-26,2025,0,42,66,46,12.3104545454545,20,TRUE
"Missouri",2025-04-26,"calendar","hsgp","hurdle_ztpoisson",2025-03-29,2025,4,189,189,190,0.767272727272729,1,TRUE
"Missouri",2025-04-26,"calendar","hsgp","hurdle_ztpoisson",2025-04-05,2025,3,130,130,131,0.811818181818182,1,TRUE
"Missouri",2025-04-26,"calendar","hsgp","hurdle_ztpoisson",2025-04-12,2025,2,99,99,101,1.18560606060606,2,TRUE
"Missouri",2025-04-26,"calendar","hsgp","hurdle_ztpoisson",2025-04-19,2025,1,100,100,103,1.79590909090909,3,TRUE
"Missouri",2025-04-26,"calendar","hsgp","hurdle_ztpoisson",2025-04-26,2025,0,42,66,49,10.4704545454546,17,FALSE
"Missouri",2025-04-26,"calendar","sir","hurdle_ztnb",2025-03-29,2025,4,189,189,190,1.13772727272727,1,TRUE
"Missouri",2025-04-26,"calendar","sir","hurdle_ztnb",2025-04-05,2025,3,130,130,131,1.18181818181818,1,TRUE
"Missouri",2025-04-26,"calendar","sir","hurdle_ztnb",2025-04-12,2025,2,99,99,100,1.17787878787879,1,TRUE
"Missouri",2025-04-26,"calendar","sir","hurdle_ztnb",2025-04-19,2025,1,100,100,101,1.61969696969697,1,TRUE
"Missouri",2025-04-26,"calendar","sir","hurdle_ztnb",2025-04-26,2025,0,42,66,45,11.9793939393939,21,TRUE
"Missouri",2025-04-26,"calendar","sir","hurdle_ztpoisson",2025-03-29,2025,4,189,189,189,0.101363636363636,0,TRUE
"Missouri",2025-04-26,"calendar","sir","hurdle_ztpoisson",2025-04-05,2025,3,130,130,130,0.165,0,TRUE
"Missouri",2025-04-26,"calendar","sir","hurdle_ztpoisson",2025-04-12,2025,2,99,99,99,0.212727272727273,0,TRUE
"Missouri",2025-04-26,"calendar","sir","hurdle_ztpoisson",2025-04-19,2025,1,100,100,100,0.438787878787879,0,TRUE
"Missouri",2025-04-26,"calendar","sir","hurdle_ztpoisson",2025-04-26,2025,0,42,66,42,21.3945454545455,24,FALSE
"Missouri",2025-05-31,"calendar","hsgp","hurdle_ztnb",2025-05-03,2025,4,59,59,59,0.290909090909091,0,TRUE
"Missouri",2025-05-31,"calendar","hsgp","hurdle_ztnb",2025-05-10,2025,3,49,49,49,0.518181818181818,0,TRUE
"Missouri",2025-05-31,"calendar","hsgp","hurdle_ztnb",2025-05-17,2025,2,53,53,54,0.930909090909091,1,TRUE
"Missouri",2025-05-31,"calendar","hsgp","hurdle_ztnb",2025-05-24,2025,1,42,42,44,1.64393939393939,2,TRUE
"Missouri",2025-05-31,"calendar","hsgp","hurdle_ztnb",2025-05-31,2025,0,18,44,24,11.7260606060606,20,TRUE
"Missouri",2025-05-31,"calendar","hsgp","hurdle_ztpoisson",2025-05-03,2025,4,59,59,59,0.0545454545454546,0,TRUE
"Missouri",2025-05-31,"calendar","hsgp","hurdle_ztpoisson",2025-05-10,2025,3,49,49,49,0.1,0,TRUE
"Missouri",2025-05-31,"calendar","hsgp","hurdle_ztpoisson",2025-05-17,2025,2,53,53,53,0.192272727272727,0,TRUE
"Missouri",2025-05-31,"calendar","hsgp","hurdle_ztpoisson",2025-05-24,2025,1,42,42,42,0.667424242424242,0,TRUE
"Missouri",2025-05-31,"calendar","hsgp","hurdle_ztpoisson",2025-05-31,2025,0,18,44,22,17.4401515151515,22,FALSE
"Missouri",2025-05-31,"calendar","sir","hurdle_ztnb",2025-05-03,2025,4,59,59,59,0.431060606060606,0,TRUE
"Missouri",2025-05-31,"calendar","sir","hurdle_ztnb",2025-05-10,2025,3,49,49,49,0.554545454545455,0,TRUE
"Missouri",2025-05-31,"calendar","sir","hurdle_ztnb",2025-05-17,2025,2,53,53,53,0.746818181818182,0,TRUE
"Missouri",2025-05-31,"calendar","sir","hurdle_ztnb",2025-05-24,2025,1,42,42,42,0.892272727272727,0,TRUE
"Missouri",2025-05-31,"calendar","sir","hurdle_ztnb",2025-05-31,2025,0,18,44,19,14.8986363636364,25,TRUE
"Missouri",2025-05-31,"calendar","sir","hurdle_ztpoisson",2025-05-03,2025,4,59,59,59,0.0181818181818182,0,TRUE
"Missouri",2025-05-31,"calendar","sir","hurdle_ztpoisson",2025-05-10,2025,3,49,49,49,0.0272727272727273,0,TRUE
"Missouri",2025-05-31,"calendar","sir","hurdle_ztpoisson",2025-05-17,2025,2,53,53,53,0.0387878787878787,0,TRUE
"Missouri",2025-05-31,"calendar","sir","hurdle_ztpoisson",2025-05-24,2025,1,42,42,42,0.0572727272727271,0,TRUE
"Missouri",2025-05-31,"calendar","sir","hurdle_ztpoisson",2025-05-31,2025,0,18,44,18,24.9378787878788,26,FALSE
"Montana",2025-01-02,"calendar","hsgp","hurdle_ztnb",2024-11-30,2024,4,2,1,2,1,1,FALSE
"Montana",2025-01-02,"calendar","hsgp","hurdle_ztnb",2024-12-07,2024,3,2,2,2,0.0363636363636364,0,TRUE
"Montana",2025-01-02,"calendar","hsgp","hurdle_ztnb",2024-12-14,2024,2,6,6,6,0.1,0,TRUE
"Montana",2025-01-02,"calendar","hsgp","hurdle_ztnb",2024-12-21,2024,1,26,23,26,3.11818181818182,3,FALSE
"Montana",2025-01-02,"calendar","hsgp","hurdle_ztnb",2024-12-28,2024,0,56,52,56,3.42727272727273,4,TRUE
"Montana",2025-01-02,"calendar","hsgp","hurdle_ztpoisson",2024-11-30,2024,4,2,1,2,1,1,FALSE
"Montana",2025-01-02,"calendar","hsgp","hurdle_ztpoisson",2024-12-07,2024,3,2,2,2,0.0090909090909091,0,TRUE
"Montana",2025-01-02,"calendar","hsgp","hurdle_ztpoisson",2024-12-14,2024,2,6,6,6,0.1,0,TRUE
"Montana",2025-01-02,"calendar","hsgp","hurdle_ztpoisson",2024-12-21,2024,1,26,23,26,3.01045454545455,3,FALSE
"Montana",2025-01-02,"calendar","hsgp","hurdle_ztpoisson",2024-12-28,2024,0,56,52,58,3.64545454545455,6,TRUE
"Montana",2025-01-02,"calendar","sir","hurdle_ztnb",2024-11-30,2024,4,2,1,2,1,1,FALSE
"Montana",2025-01-02,"calendar","sir","hurdle_ztnb",2024-12-07,2024,3,2,2,2,0,0,TRUE
"Montana",2025-01-02,"calendar","sir","hurdle_ztnb",2024-12-14,2024,2,6,6,6,0,0,TRUE
"Montana",2025-01-02,"calendar","sir","hurdle_ztnb",2024-12-21,2024,1,26,23,26,3,3,FALSE
"Montana",2025-01-02,"calendar","sir","hurdle_ztnb",2024-12-28,2024,0,56,52,56,4,4,FALSE
"Montana",2025-01-02,"calendar","sir","hurdle_ztpoisson",2024-11-30,2024,4,2,1,2,1,1,FALSE
"Montana",2025-01-02,"calendar","sir","hurdle_ztpoisson",2024-12-07,2024,3,2,2,2,0,0,TRUE
"Montana",2025-01-02,"calendar","sir","hurdle_ztpoisson",2024-12-14,2024,2,6,6,6,0,0,TRUE
"Montana",2025-01-02,"calendar","sir","hurdle_ztpoisson",2024-12-21,2024,1,26,23,26,3,3,FALSE
"Montana",2025-01-02,"calendar","sir","hurdle_ztpoisson",2024-12-28,2024,0,56,52,56,4,4,FALSE
"Montana",2025-02-15,"calendar","hsgp","hurdle_ztnb",2025-01-18,2025,4,80,78,81,2.70909090909091,3,FALSE
"Montana",2025-02-15,"calendar","hsgp","hurdle_ztnb",2025-01-25,2025,3,67,67,69,1.24681818181818,2,TRUE
"Montana",2025-02-15,"calendar","hsgp","hurdle_ztnb",2025-02-01,2025,2,109,103,112,7.54545454545454,9,FALSE
"Montana",2025-02-15,"calendar","hsgp","hurdle_ztnb",2025-02-08,2025,1,157,148,162,11.525,14,FALSE
"Montana",2025-02-15,"calendar","hsgp","hurdle_ztnb",2025-02-15,2025,0,121,149,126,13.3316666666667,23,TRUE
"Montana",2025-02-15,"calendar","hsgp","hurdle_ztpoisson",2025-01-18,2025,4,80,78,80,2.00136363636364,2,TRUE
"Montana",2025-02-15,"calendar","hsgp","hurdle_ztpoisson",2025-01-25,2025,3,67,67,68,0.563636363636364,1,TRUE
"Montana",2025-02-15,"calendar","hsgp","hurdle_ztpoisson",2025-02-01,2025,2,109,103,111,6.08181818181818,8,FALSE
"Montana",2025-02-15,"calendar","hsgp","hurdle_ztpoisson",2025-02-08,2025,1,157,148,160,8.85818181818182,12,FALSE
"Montana",2025-02-15,"calendar","hsgp","hurdle_ztpoisson",2025-02-15,2025,0,121,149,122.5,16.2521212121212,26.5,TRUE
"Montana",2025-02-15,"calendar","sir","hurdle_ztnb",2025-01-18,2025,4,80,78,80,2,2,FALSE
"Montana",2025-02-15,"calendar","sir","hurdle_ztnb",2025-01-25,2025,3,67,67,67,0,0,TRUE
"Montana",2025-02-15,"calendar","sir","hurdle_ztnb",2025-02-01,2025,2,109,103,109,6,6,FALSE
"Montana",2025-02-15,"calendar","sir","hurdle_ztnb",2025-02-08,2025,1,157,148,157,9,9,FALSE
"Montana",2025-02-15,"calendar","sir","hurdle_ztnb",2025-02-15,2025,0,121,149,121,28,28,FALSE
"Montana",2025-02-15,"calendar","sir","hurdle_ztpoisson",2025-01-18,2025,4,80,78,80,2,2,FALSE
"Montana",2025-02-15,"calendar","sir","hurdle_ztpoisson",2025-01-25,2025,3,67,67,67,0,0,TRUE
"Montana",2025-02-15,"calendar","sir","hurdle_ztpoisson",2025-02-01,2025,2,109,103,109,6,6,FALSE
"Montana",2025-02-15,"calendar","sir","hurdle_ztpoisson",2025-02-08,2025,1,157,148,157,9,9,FALSE
"Montana",2025-02-15,"calendar","sir","hurdle_ztpoisson",2025-02-15,2025,0,121,149,121,28,28,FALSE
"Montana",2025-03-29,"calendar","hsgp","hurdle_ztnb",2025-03-01,2025,4,176,186,176.5,7.30909090909091,9.5,FALSE
"Montana",2025-03-29,"calendar","hsgp","hurdle_ztnb",2025-03-08,2025,3,145,151,145,3.35454545454545,6,TRUE
"Montana",2025-03-29,"calendar","hsgp","hurdle_ztnb",2025-03-15,2025,2,113,118,114,2.09333333333333,4,TRUE
"Montana",2025-03-29,"calendar","hsgp","hurdle_ztnb",2025-03-22,2025,1,91,87,92,4.16742424242424,5,FALSE
"Montana",2025-03-29,"calendar","hsgp","hurdle_ztnb",2025-03-29,2025,0,55,52,57,3.80909090909091,5,TRUE
"Montana",2025-03-29,"calendar","hsgp","hurdle_ztpoisson",2025-03-01,2025,4,176,186,177,7.42863636363636,9,FALSE
"Montana",2025-03-29,"calendar","hsgp","hurdle_ztpoisson",2025-03-08,2025,3,145,151,146,2.98181818181818,5,TRUE
"Montana",2025-03-29,"calendar","hsgp","hurdle_ztpoisson",2025-03-15,2025,2,113,118,115,1.53636363636364,3,TRUE
"Montana",2025-03-29,"calendar","hsgp","hurdle_ztpoisson",2025-03-22,2025,1,91,87,93,4.265,6,TRUE
"Montana",2025-03-29,"calendar","hsgp","hurdle_ztpoisson",2025-03-29,2025,0,55,52,57,3.33636363636364,5,TRUE
"Montana",2025-03-29,"calendar","sir","hurdle_ztnb",2025-03-01,2025,4,176,186,176,10,10,FALSE
"Montana",2025-03-29,"calendar","sir","hurdle_ztnb",2025-03-08,2025,3,145,151,145,6,6,FALSE
"Montana",2025-03-29,"calendar","sir","hurdle_ztnb",2025-03-15,2025,2,113,118,113,5,5,FALSE
"Montana",2025-03-29,"calendar","sir","hurdle_ztnb",2025-03-22,2025,1,91,87,91,4,4,FALSE
"Montana",2025-03-29,"calendar","sir","hurdle_ztnb",2025-03-29,2025,0,55,52,55,3,3,FALSE
"Montana",2025-03-29,"calendar","sir","hurdle_ztpoisson",2025-03-01,2025,4,176,186,176,10,10,FALSE
"Montana",2025-03-29,"calendar","sir","hurdle_ztpoisson",2025-03-08,2025,3,145,151,145,6,6,FALSE
"Montana",2025-03-29,"calendar","sir","hurdle_ztpoisson",2025-03-15,2025,2,113,118,113,5,5,FALSE
"Montana",2025-03-29,"calendar","sir","hurdle_ztpoisson",2025-03-22,2025,1,91,87,91,4,4,FALSE
"Montana",2025-03-29,"calendar","sir","hurdle_ztpoisson",2025-03-29,2025,0,55,52,55,3,3,FALSE
"Montana",2025-04-26,"calendar","hsgp","hurdle_ztnb",2025-03-29,2025,4,58,52,58,6.03636363636364,6,FALSE
"Montana",2025-04-26,"calendar","hsgp","hurdle_ztnb",2025-04-05,2025,3,32,31,32,1.09090909090909,1,FALSE
"Montana",2025-04-26,"calendar","hsgp","hurdle_ztnb",2025-04-12,2025,2,23,32,23,8.00909090909091,9,FALSE
"Montana",2025-04-26,"calendar","hsgp","hurdle_ztnb",2025-04-19,2025,1,16,21,16,3.22863636363636,5,TRUE
"Montana",2025-04-26,"calendar","hsgp","hurdle_ztnb",2025-04-26,2025,0,11,8,12,2.69227272727273,4,TRUE
"Montana",2025-04-26,"calendar","hsgp","hurdle_ztpoisson",2025-03-29,2025,4,58,52,58,6.1,6,FALSE
"Montana",2025-04-26,"calendar","hsgp","hurdle_ztpoisson",2025-04-05,2025,3,32,31,32,1.1,1,FALSE
"Montana",2025-04-26,"calendar","hsgp","hurdle_ztpoisson",2025-04-12,2025,2,23,32,23,8.01818181818182,9,FALSE
"Montana",2025-04-26,"calendar","hsgp","hurdle_ztpoisson",2025-04-19,2025,1,16,21,16,3.89227272727273,5,FALSE
"Montana",2025-04-26,"calendar","hsgp","hurdle_ztpoisson",2025-04-26,2025,0,11,8,11,2.38181818181818,3,TRUE
"Montana",2025-04-26,"calendar","sir","hurdle_ztnb",2025-03-29,2025,4,58,52,58,6,6,FALSE
"Montana",2025-04-26,"calendar","sir","hurdle_ztnb",2025-04-05,2025,3,32,31,32,1,1,FALSE
"Montana",2025-04-26,"calendar","sir","hurdle_ztnb",2025-04-12,2025,2,23,32,23,9,9,FALSE
"Montana",2025-04-26,"calendar","sir","hurdle_ztnb",2025-04-19,2025,1,16,21,16,5,5,FALSE
"Montana",2025-04-26,"calendar","sir","hurdle_ztnb",2025-04-26,2025,0,11,8,11,3,3,FALSE
"Montana",2025-04-26,"calendar","sir","hurdle_ztpoisson",2025-03-29,2025,4,58,52,58,6,6,FALSE
"Montana",2025-04-26,"calendar","sir","hurdle_ztpoisson",2025-04-05,2025,3,32,31,32,1,1,FALSE
"Montana",2025-04-26,"calendar","sir","hurdle_ztpoisson",2025-04-12,2025,2,23,32,23,9,9,FALSE
"Montana",2025-04-26,"calendar","sir","hurdle_ztpoisson",2025-04-19,2025,1,16,21,16,5,5,FALSE
"Montana",2025-04-26,"calendar","sir","hurdle_ztpoisson",2025-04-26,2025,0,11,8,11,3,3,FALSE
"Montana",2025-05-31,"calendar","hsgp","hurdle_ztnb",2025-05-03,2025,4,4,4,4,0.0363636363636364,0,TRUE
"Montana",2025-05-31,"calendar","hsgp","hurdle_ztnb",2025-05-10,2025,3,0,0,0,0.0181818181818182,0,TRUE
"Montana",2025-05-31,"calendar","hsgp","hurdle_ztnb",2025-05-17,2025,2,0,0,0,0.0740909090909089,0,TRUE
"Montana",2025-05-31,"calendar","hsgp","hurdle_ztnb",2025-05-24,2025,1,2,2,2,0.0933333333333332,0,TRUE
"Montana",2025-05-31,"calendar","hsgp","hurdle_ztnb",2025-05-31,2025,0,3,4,3,0.636363636363636,1,TRUE
"Montana",2025-05-31,"calendar","hsgp","hurdle_ztpoisson",2025-05-03,2025,4,4,4,4,0,0,TRUE
"Montana",2025-05-31,"calendar","hsgp","hurdle_ztpoisson",2025-05-10,2025,3,0,0,0,0,0,TRUE
"Montana",2025-05-31,"calendar","hsgp","hurdle_ztpoisson",2025-05-17,2025,2,0,0,0,0.0090909090909091,0,TRUE
"Montana",2025-05-31,"calendar","hsgp","hurdle_ztpoisson",2025-05-24,2025,1,2,2,2,0.00136363636363616,0,TRUE
"Montana",2025-05-31,"calendar","hsgp","hurdle_ztpoisson",2025-05-31,2025,0,3,4,3,0.837727272727273,1,TRUE
"Montana",2025-05-31,"calendar","sir","hurdle_ztnb",2025-05-03,2025,4,4,4,4,0,0,TRUE
"Montana",2025-05-31,"calendar","sir","hurdle_ztnb",2025-05-10,2025,3,0,0,0,0,0,TRUE
"Montana",2025-05-31,"calendar","sir","hurdle_ztnb",2025-05-17,2025,2,0,0,0,0,0,TRUE
"Montana",2025-05-31,"calendar","sir","hurdle_ztnb",2025-05-24,2025,1,2,2,2,0,0,TRUE
"Montana",2025-05-31,"calendar","sir","hurdle_ztnb",2025-05-31,2025,0,3,4,3,1,1,FALSE
"Montana",2025-05-31,"calendar","sir","hurdle_ztpoisson",2025-05-03,2025,4,4,4,4,0,0,TRUE
"Montana",2025-05-31,"calendar","sir","hurdle_ztpoisson",2025-05-10,2025,3,0,0,0,0,0,TRUE
"Montana",2025-05-31,"calendar","sir","hurdle_ztpoisson",2025-05-17,2025,2,0,0,0,0,0,TRUE
"Montana",2025-05-31,"calendar","sir","hurdle_ztpoisson",2025-05-24,2025,1,2,2,2,0,0,TRUE
"Montana",2025-05-31,"calendar","sir","hurdle_ztpoisson",2025-05-31,2025,0,3,4,3,1,1,FALSE
"Nebraska",2025-01-02,"calendar","hsgp","hurdle_ztnb",2024-11-30,2024,4,11,11,11,0.0286363636363634,0,TRUE
"Nebraska",2025-01-02,"calendar","hsgp","hurdle_ztnb",2024-12-07,2024,3,10,13,10,2.49090909090909,3,FALSE
"Nebraska",2025-01-02,"calendar","hsgp","hurdle_ztnb",2024-12-14,2024,2,17,19,17,1.07272727272727,2,TRUE
"Nebraska",2025-01-02,"calendar","hsgp","hurdle_ztnb",2024-12-21,2024,1,78,78,79,0.572727272727273,1,TRUE
"Nebraska",2025-01-02,"calendar","hsgp","hurdle_ztnb",2024-12-28,2024,0,125,131,126,2.43712121212121,5,TRUE
"Nebraska",2025-01-02,"calendar","hsgp","hurdle_ztpoisson",2024-11-30,2024,4,11,11,11,0.0090909090909091,0,TRUE
"Nebraska",2025-01-02,"calendar","hsgp","hurdle_ztpoisson",2024-12-07,2024,3,10,13,10,2.49090909090909,3,FALSE
"Nebraska",2025-01-02,"calendar","hsgp","hurdle_ztpoisson",2024-12-14,2024,2,17,19,17,1.07272727272727,2,TRUE
"Nebraska",2025-01-02,"calendar","hsgp","hurdle_ztpoisson",2024-12-21,2024,1,78,78,79,0.572727272727273,1,TRUE
"Nebraska",2025-01-02,"calendar","hsgp","hurdle_ztpoisson",2024-12-28,2024,0,125,131,128,2.04378787878788,3,TRUE
"Nebraska",2025-01-02,"calendar","sir","hurdle_ztnb",2024-11-30,2024,4,11,11,11,0.0363636363636364,0,TRUE
"Nebraska",2025-01-02,"calendar","sir","hurdle_ztnb",2024-12-07,2024,3,10,13,10,2.15454545454545,3,TRUE
"Nebraska",2025-01-02,"calendar","sir","hurdle_ztnb",2024-12-14,2024,2,17,19,17,1.19090909090909,2,TRUE
"Nebraska",2025-01-02,"calendar","sir","hurdle_ztnb",2024-12-21,2024,1,78,78,78,0.265,0,TRUE
"Nebraska",2025-01-02,"calendar","sir","hurdle_ztnb",2024-12-28,2024,0,125,131,125,3.24257575757576,6,TRUE
"Nebraska",2025-01-02,"calendar","sir","hurdle_ztpoisson",2024-11-30,2024,4,11,11,11,0.0296969696969696,0,TRUE
"Nebraska",2025-01-02,"calendar","sir","hurdle_ztpoisson",2024-12-07,2024,3,10,13,10,2.31818181818182,3,TRUE
"Nebraska",2025-01-02,"calendar","sir","hurdle_ztpoisson",2024-12-14,2024,2,17,19,17,1.33636363636364,2,TRUE
"Nebraska",2025-01-02,"calendar","sir","hurdle_ztpoisson",2024-12-21,2024,1,78,78,78,0.268636363636365,0,TRUE
"Nebraska",2025-01-02,"calendar","sir","hurdle_ztpoisson",2024-12-28,2024,0,125,131,125,2.95969696969697,6,TRUE
"Nebraska",2025-02-15,"calendar","hsgp","hurdle_ztnb",2025-01-18,2025,4,126,128,127,0.618181818181818,1,TRUE
"Nebraska",2025-02-15,"calendar","hsgp","hurdle_ztnb",2025-01-25,2025,3,181,182,183,0.945454545454545,1,TRUE
"Nebraska",2025-02-15,"calendar","hsgp","hurdle_ztnb",2025-02-01,2025,2,306,308,309.5,1.28181818181818,1.5,TRUE
"Nebraska",2025-02-15,"calendar","hsgp","hurdle_ztnb",2025-02-08,2025,1,303,319,307.5,6.48015151515151,11.5,TRUE
"Nebraska",2025-02-15,"calendar","hsgp","hurdle_ztnb",2025-02-15,2025,0,300,311,306,3.94651515151515,5,TRUE
"Nebraska",2025-02-15,"calendar","hsgp","hurdle_ztpoisson",2025-01-18,2025,4,126,128,127,0.672727272727273,1,TRUE
"Nebraska",2025-02-15,"calendar","hsgp","hurdle_ztpoisson",2025-01-25,2025,3,181,182,183,0.654545454545455,1,TRUE
"Nebraska",2025-02-15,"calendar","hsgp","hurdle_ztpoisson",2025-02-01,2025,2,306,308,309,0.993333333333333,1,TRUE
"Nebraska",2025-02-15,"calendar","hsgp","hurdle_ztpoisson",2025-02-08,2025,1,303,319,308,6.11424242424242,11,TRUE
"Nebraska",2025-02-15,"calendar","hsgp","hurdle_ztpoisson",2025-02-15,2025,0,300,311,308,9.9190909090909,3,TRUE
"Nebraska",2025-02-15,"calendar","sir","hurdle_ztnb",2025-01-18,2025,4,126,128,126,0.809090909090909,2,TRUE
"Nebraska",2025-02-15,"calendar","sir","hurdle_ztnb",2025-01-25,2025,3,181,182,181.5,0.594545454545454,0.5,TRUE
"Nebraska",2025-02-15,"calendar","sir","hurdle_ztnb",2025-02-01,2025,2,306,308,307,0.819545454545454,1,TRUE
"Nebraska",2025-02-15,"calendar","sir","hurdle_ztnb",2025-02-08,2025,1,303,319,304,10.359696969697,15,FALSE
"Nebraska",2025-02-15,"calendar","sir","hurdle_ztnb",2025-02-15,2025,0,300,311,301,4.92636363636364,10,TRUE
"Nebraska",2025-02-15,"calendar","sir","hurdle_ztpoisson",2025-01-18,2025,4,126,128,128,0.545454545454546,0,TRUE
"Nebraska",2025-02-15,"calendar","sir","hurdle_ztpoisson",2025-01-25,2025,3,181,182,181,0.665,1,TRUE
"Nebraska",2025-02-15,"calendar","sir","hurdle_ztpoisson",2025-02-01,2025,2,306,308,306,1.07272727272727,2,TRUE
"Nebraska",2025-02-15,"calendar","sir","hurdle_ztpoisson",2025-02-08,2025,1,303,319,303,14.6624242424242,16,FALSE
"Nebraska",2025-02-15,"calendar","sir","hurdle_ztpoisson",2025-02-15,2025,0,300,311,300,7.31287878787879,11,TRUE
"Nebraska",2025-03-29,"calendar","hsgp","hurdle_ztnb",2025-03-01,2025,4,197,197,197,0.384545454545454,0,TRUE
"Nebraska",2025-03-29,"calendar","hsgp","hurdle_ztnb",2025-03-08,2025,3,153,153,153,0.419545454545454,0,TRUE
"Nebraska",2025-03-29,"calendar","hsgp","hurdle_ztnb",2025-03-15,2025,2,80,80,81,0.537727272727273,1,TRUE
"Nebraska",2025-03-29,"calendar","hsgp","hurdle_ztnb",2025-03-22,2025,1,58,58,59,0.624242424242425,1,TRUE
"Nebraska",2025-03-29,"calendar","hsgp","hurdle_ztnb",2025-03-29,2025,0,37,37,39,1.22060606060606,2,TRUE
"Nebraska",2025-03-29,"calendar","hsgp","hurdle_ztpoisson",2025-03-01,2025,4,197,197,197,0.292272727272727,0,TRUE
"Nebraska",2025-03-29,"calendar","hsgp","hurdle_ztpoisson",2025-03-08,2025,3,153,153,153,0.428636363636364,0,TRUE
"Nebraska",2025-03-29,"calendar","hsgp","hurdle_ztpoisson",2025-03-15,2025,2,80,80,81,0.692272727272727,1,TRUE
"Nebraska",2025-03-29,"calendar","hsgp","hurdle_ztpoisson",2025-03-22,2025,1,58,58,59,0.736363636363636,1,TRUE
"Nebraska",2025-03-29,"calendar","hsgp","hurdle_ztpoisson",2025-03-29,2025,0,37,37,37,1.08909090909091,0,TRUE
"Nebraska",2025-03-29,"calendar","sir","hurdle_ztnb",2025-03-01,2025,4,197,197,197,0.436363636363636,0,TRUE
"Nebraska",2025-03-29,"calendar","sir","hurdle_ztnb",2025-03-08,2025,3,153,153,153,0.456969696969697,0,TRUE
"Nebraska",2025-03-29,"calendar","sir","hurdle_ztnb",2025-03-15,2025,2,80,80,80,0.481818181818182,0,TRUE
"Nebraska",2025-03-29,"calendar","sir","hurdle_ztnb",2025-03-22,2025,1,58,58,58,0.693636363636363,0,TRUE
"Nebraska",2025-03-29,"calendar","sir","hurdle_ztnb",2025-03-29,2025,0,37,37,38,1.22727272727273,1,TRUE
"Nebraska",2025-03-29,"calendar","sir","hurdle_ztpoisson",2025-03-01,2025,4,197,197,197,0.0363636363636364,0,TRUE
"Nebraska",2025-03-29,"calendar","sir","hurdle_ztpoisson",2025-03-08,2025,3,153,153,153,0.0090909090909091,0,TRUE
"Nebraska",2025-03-29,"calendar","sir","hurdle_ztpoisson",2025-03-15,2025,2,80,80,80,0,0,TRUE
"Nebraska",2025-03-29,"calendar","sir","hurdle_ztpoisson",2025-03-22,2025,1,58,58,58,0.0090909090909091,0,TRUE
"Nebraska",2025-03-29,"calendar","sir","hurdle_ztpoisson",2025-03-29,2025,0,37,37,37,0.0181818181818182,0,TRUE
"Nebraska",2025-04-26,"calendar","hsgp","hurdle_ztnb",2025-03-29,2025,4,37,37,37,0.0296969696969696,0,TRUE
"Nebraska",2025-04-26,"calendar","hsgp","hurdle_ztnb",2025-04-05,2025,3,14,14,14,0.0363636363636364,0,TRUE
"Nebraska",2025-04-26,"calendar","hsgp","hurdle_ztnb",2025-04-12,2025,2,16,16,16,0.0363636363636364,0,TRUE
"Nebraska",2025-04-26,"calendar","hsgp","hurdle_ztnb",2025-04-19,2025,1,13,13,13,0.0454545454545455,0,TRUE
"Nebraska",2025-04-26,"calendar","hsgp","hurdle_ztnb",2025-04-26,2025,0,12,12,12,0.237727272727273,0,TRUE
"Nebraska",2025-04-26,"calendar","hsgp","hurdle_ztpoisson",2025-03-29,2025,4,37,37,37,0.0104545454545453,0,TRUE
"Nebraska",2025-04-26,"calendar","hsgp","hurdle_ztpoisson",2025-04-05,2025,3,14,14,14,0.0104545454545453,0,TRUE
"Nebraska",2025-04-26,"calendar","hsgp","hurdle_ztpoisson",2025-04-12,2025,2,16,16,16,0.0363636363636364,0,TRUE
"Nebraska",2025-04-26,"calendar","hsgp","hurdle_ztpoisson",2025-04-19,2025,1,13,13,13,0.0363636363636364,0,TRUE
"Nebraska",2025-04-26,"calendar","hsgp","hurdle_ztpoisson",2025-04-26,2025,0,12,12,12,0.272727272727273,0,TRUE
"Nebraska",2025-04-26,"calendar","sir","hurdle_ztnb",2025-03-29,2025,4,37,37,37,0.0363636363636364,0,TRUE
"Nebraska",2025-04-26,"calendar","sir","hurdle_ztnb",2025-04-05,2025,3,14,14,14,0.0636363636363637,0,TRUE
"Nebraska",2025-04-26,"calendar","sir","hurdle_ztnb",2025-04-12,2025,2,16,16,16,0.201363636363636,0,TRUE
"Nebraska",2025-04-26,"calendar","sir","hurdle_ztnb",2025-04-19,2025,1,13,13,13,0.281818181818182,0,TRUE
"Nebraska",2025-04-26,"calendar","sir","hurdle_ztnb",2025-04-26,2025,0,12,12,12,0.432727272727272,0,TRUE
"Nebraska",2025-04-26,"calendar","sir","hurdle_ztpoisson",2025-03-29,2025,4,37,37,37,0,0,TRUE
"Nebraska",2025-04-26,"calendar","sir","hurdle_ztpoisson",2025-04-05,2025,3,14,14,14,0,0,TRUE
"Nebraska",2025-04-26,"calendar","sir","hurdle_ztpoisson",2025-04-12,2025,2,16,16,16,0,0,TRUE
"Nebraska",2025-04-26,"calendar","sir","hurdle_ztpoisson",2025-04-19,2025,1,13,13,13,0,0,TRUE
"Nebraska",2025-04-26,"calendar","sir","hurdle_ztpoisson",2025-04-26,2025,0,12,12,12,0,0,TRUE
"Nebraska",2025-05-31,"calendar","hsgp","hurdle_ztnb",2025-05-03,2025,4,3,3,3,0.00136363636363616,0,TRUE
"Nebraska",2025-05-31,"calendar","hsgp","hurdle_ztnb",2025-05-10,2025,3,10,10,10,0,0,TRUE
"Nebraska",2025-05-31,"calendar","hsgp","hurdle_ztnb",2025-05-17,2025,2,5,5,5,0.0090909090909091,0,TRUE
"Nebraska",2025-05-31,"calendar","hsgp","hurdle_ztnb",2025-05-24,2025,1,2,2,2,0.0363636363636364,0,TRUE
"Nebraska",2025-05-31,"calendar","hsgp","hurdle_ztnb",2025-05-31,2025,0,2,2,2,0.227272727272727,0,TRUE
"Nebraska",2025-05-31,"calendar","hsgp","hurdle_ztpoisson",2025-05-03,2025,4,3,3,3,0,0,TRUE
"Nebraska",2025-05-31,"calendar","hsgp","hurdle_ztpoisson",2025-05-10,2025,3,10,10,10,0,0,TRUE
"Nebraska",2025-05-31,"calendar","hsgp","hurdle_ztpoisson",2025-05-17,2025,2,5,5,5,0,0,TRUE
"Nebraska",2025-05-31,"calendar","hsgp","hurdle_ztpoisson",2025-05-24,2025,1,2,2,2,0.0181818181818182,0,TRUE
"Nebraska",2025-05-31,"calendar","hsgp","hurdle_ztpoisson",2025-05-31,2025,0,2,2,2,0.136363636363636,0,TRUE
"Nebraska",2025-05-31,"calendar","sir","hurdle_ztnb",2025-05-03,2025,4,3,3,3,0.0454545454545455,0,TRUE
"Nebraska",2025-05-31,"calendar","sir","hurdle_ztnb",2025-05-10,2025,3,10,10,10,0.0727272727272728,0,TRUE
"Nebraska",2025-05-31,"calendar","sir","hurdle_ztnb",2025-05-17,2025,2,5,5,5,0.0740909090909089,0,TRUE
"Nebraska",2025-05-31,"calendar","sir","hurdle_ztnb",2025-05-24,2025,1,2,2,2,0.167424242424242,0,TRUE
"Nebraska",2025-05-31,"calendar","sir","hurdle_ztnb",2025-05-31,2025,0,2,2,2,0.393636363636363,0,TRUE
"Nebraska",2025-05-31,"calendar","sir","hurdle_ztpoisson",2025-05-03,2025,4,3,3,3,0,0,TRUE
"Nebraska",2025-05-31,"calendar","sir","hurdle_ztpoisson",2025-05-10,2025,3,10,10,10,0,0,TRUE
"Nebraska",2025-05-31,"calendar","sir","hurdle_ztpoisson",2025-05-17,2025,2,5,5,5,0,0,TRUE
"Nebraska",2025-05-31,"calendar","sir","hurdle_ztpoisson",2025-05-24,2025,1,2,2,2,0,0,TRUE
"Nebraska",2025-05-31,"calendar","sir","hurdle_ztpoisson",2025-05-31,2025,0,2,2,2,0,0,TRUE
"Nevada",2025-01-02,"calendar","hsgp","hurdle_ztnb",2024-11-30,2024,4,57,61,58,1.50909090909091,3,TRUE
"Nevada",2025-01-02,"calendar","hsgp","hurdle_ztnb",2024-12-07,2024,3,79,81,80,0.711515151515151,1,TRUE
"Nevada",2025-01-02,"calendar","hsgp","hurdle_ztnb",2024-12-14,2024,2,108,113,110,1.72060606060606,3,TRUE
"Nevada",2025-01-02,"calendar","hsgp","hurdle_ztnb",2024-12-21,2024,1,193,208,196,8.88424242424242,12,FALSE
"Nevada",2025-01-02,"calendar","hsgp","hurdle_ztnb",2024-12-28,2024,0,217,255,219,26.659696969697,36,FALSE
"Nevada",2025-01-02,"calendar","hsgp","hurdle_ztpoisson",2024-11-30,2024,4,57,61,57,2.43636363636364,4,TRUE
"Nevada",2025-01-02,"calendar","hsgp","hurdle_ztpoisson",2024-12-07,2024,3,79,81,79.5,0.775151515151516,1.5,TRUE
"Nevada",2025-01-02,"calendar","hsgp","hurdle_ztpoisson",2024-12-14,2024,2,108,113,110,1.74681818181818,3,TRUE
"Nevada",2025-01-02,"calendar","hsgp","hurdle_ztpoisson",2024-12-21,2024,1,193,208,197,7.58727272727273,11,FALSE
"Nevada",2025-01-02,"calendar","hsgp","hurdle_ztpoisson",2024-12-28,2024,0,217,255,221,22.3787878787879,34,FALSE
"Nevada",2025-01-02,"calendar","sir","hurdle_ztnb",2024-11-30,2024,4,57,61,57,2.25454545454545,4,TRUE
"Nevada",2025-01-02,"calendar","sir","hurdle_ztnb",2024-12-07,2024,3,79,81,79,0.82969696969697,2,TRUE
"Nevada",2025-01-02,"calendar","sir","hurdle_ztnb",2024-12-14,2024,2,108,113,108,2.59090909090909,5,TRUE
"Nevada",2025-01-02,"calendar","sir","hurdle_ztnb",2024-12-21,2024,1,193,208,193,11.4790909090909,15,FALSE
"Nevada",2025-01-02,"calendar","sir","hurdle_ztnb",2024-12-28,2024,0,217,255,217,30.9730303030303,38,FALSE
"Nevada",2025-01-02,"calendar","sir","hurdle_ztpoisson",2024-11-30,2024,4,57,61,57,3.49090909090909,4,FALSE
"Nevada",2025-01-02,"calendar","sir","hurdle_ztpoisson",2024-12-07,2024,3,79,81,81,0.885454545454545,0,TRUE
"Nevada",2025-01-02,"calendar","sir","hurdle_ztpoisson",2024-12-14,2024,2,108,113,108,3.42863636363636,5,FALSE
"Nevada",2025-01-02,"calendar","sir","hurdle_ztpoisson",2024-12-21,2024,1,193,208,193,11.8090909090909,15,FALSE
"Nevada",2025-01-02,"calendar","sir","hurdle_ztpoisson",2024-12-28,2024,0,217,255,217,30.269696969697,38,FALSE
"Nevada",2025-02-15,"calendar","hsgp","hurdle_ztnb",2025-01-18,2025,4,189,189,192,1.96984848484848,3,TRUE
"Nevada",2025-02-15,"calendar","hsgp","hurdle_ztnb",2025-01-25,2025,3,195,196,199,2.09469696969697,3,TRUE
"Nevada",2025-02-15,"calendar","hsgp","hurdle_ztnb",2025-02-01,2025,2,172,178,177,1.81530303030303,1,TRUE
"Nevada",2025-02-15,"calendar","hsgp","hurdle_ztnb",2025-02-08,2025,1,207,222,212,5.34924242424242,10,TRUE
"Nevada",2025-02-15,"calendar","hsgp","hurdle_ztnb",2025-02-15,2025,0,139,147,146,5.23969696969697,1,TRUE
"Nevada",2025-02-15,"calendar","hsgp","hurdle_ztpoisson",2025-01-18,2025,4,189,189,192,1.85454545454545,3,TRUE
"Nevada",2025-02-15,"calendar","hsgp","hurdle_ztpoisson",2025-01-25,2025,3,195,196,199,2.01151515151515,3,TRUE
"Nevada",2025-02-15,"calendar","hsgp","hurdle_ztpoisson",2025-02-01,2025,2,172,178,176,1.74015151515152,2,TRUE
"Nevada",2025-02-15,"calendar","hsgp","hurdle_ztpoisson",2025-02-08,2025,1,207,222,212,5.51469696969697,10,TRUE
"Nevada",2025-02-15,"calendar","hsgp","hurdle_ztpoisson",2025-02-15,2025,0,139,147,142,4.97878787878788,5,TRUE
"Nevada",2025-02-15,"calendar","sir","hurdle_ztnb",2025-01-18,2025,4,189,189,190,0.874090909090909,1,TRUE
"Nevada",2025-02-15,"calendar","sir","hurdle_ztnb",2025-01-25,2025,3,195,196,196.5,1.10242424242424,0.5,TRUE
"Nevada",2025-02-15,"calendar","sir","hurdle_ztnb",2025-02-01,2025,2,172,178,173.5,2.20378787878788,4.5,TRUE
"Nevada",2025-02-15,"calendar","sir","hurdle_ztnb",2025-02-08,2025,1,207,222,209,7.24212121212121,13,TRUE
"Nevada",2025-02-15,"calendar","sir","hurdle_ztnb",2025-02-15,2025,0,139,147,142,3.7480303030303,5,TRUE
"Nevada",2025-02-15,"calendar","sir","hurdle_ztpoisson",2025-01-18,2025,4,189,189,192,1.95590909090909,3,TRUE
"Nevada",2025-02-15,"calendar","sir","hurdle_ztpoisson",2025-01-25,2025,3,195,196,195,0.572727272727273,1,TRUE
"Nevada",2025-02-15,"calendar","sir","hurdle_ztpoisson",2025-02-01,2025,2,172,178,172,5.02727272727273,6,FALSE
"Nevada",2025-02-15,"calendar","sir","hurdle_ztpoisson",2025-02-08,2025,1,207,222,207,12.7909090909091,15,FALSE
"Nevada",2025-02-15,"calendar","sir","hurdle_ztpoisson",2025-02-15,2025,0,139,147,139,5.08318181818182,8,TRUE
"Nevada",2025-03-29,"calendar","hsgp","hurdle_ztnb",2025-03-01,2025,4,97,97,97,0.254545454545455,0,TRUE
"Nevada",2025-03-29,"calendar","hsgp","hurdle_ztnb",2025-03-08,2025,3,79,79,79,0.327272727272727,0,TRUE
"Nevada",2025-03-29,"calendar","hsgp","hurdle_ztnb",2025-03-15,2025,2,88,88,88,0.440151515151515,0,TRUE
"Nevada",2025-03-29,"calendar","hsgp","hurdle_ztnb",2025-03-22,2025,1,81,81,81,0.609090909090909,0,TRUE
"Nevada",2025-03-29,"calendar","hsgp","hurdle_ztnb",2025-03-29,2025,0,69,70,70,1.14015151515152,0,TRUE
"Nevada",2025-03-29,"calendar","hsgp","hurdle_ztpoisson",2025-03-01,2025,4,97,97,97,0.455909090909091,0,TRUE
"Nevada",2025-03-29,"calendar","hsgp","hurdle_ztpoisson",2025-03-08,2025,3,79,79,79,0.463636363636364,0,TRUE
"Nevada",2025-03-29,"calendar","hsgp","hurdle_ztpoisson",2025-03-15,2025,2,88,88,89,0.836363636363636,1,TRUE
"Nevada",2025-03-29,"calendar","hsgp","hurdle_ztpoisson",2025-03-22,2025,1,81,81,83,1.5,2,TRUE
"Nevada",2025-03-29,"calendar","hsgp","hurdle_ztpoisson",2025-03-29,2025,0,69,70,72,3.01272727272727,2,TRUE
"Nevada",2025-03-29,"calendar","sir","hurdle_ztnb",2025-03-01,2025,4,97,97,97,0.312727272727273,0,TRUE
"Nevada",2025-03-29,"calendar","sir","hurdle_ztnb",2025-03-08,2025,3,79,79,79,0.383181818181818,0,TRUE
"Nevada",2025-03-29,"calendar","sir","hurdle_ztnb",2025-03-15,2025,2,88,88,88,0.555909090909091,0,TRUE
"Nevada",2025-03-29,"calendar","sir","hurdle_ztnb",2025-03-22,2025,1,81,81,81,0.811818181818182,0,TRUE
"Nevada",2025-03-29,"calendar","sir","hurdle_ztnb",2025-03-29,2025,0,69,70,69,1.24121212121212,1,TRUE
"Nevada",2025-03-29,"calendar","sir","hurdle_ztpoisson",2025-03-01,2025,4,97,97,97,0.0090909090909091,0,TRUE
"Nevada",2025-03-29,"calendar","sir","hurdle_ztpoisson",2025-03-08,2025,3,79,79,79,0.0090909090909091,0,TRUE
"Nevada",2025-03-29,"calendar","sir","hurdle_ztpoisson",2025-03-15,2025,2,88,88,88,0.0104545454545453,0,TRUE
"Nevada",2025-03-29,"calendar","sir","hurdle_ztpoisson",2025-03-22,2025,1,81,81,81,0.0104545454545453,0,TRUE
"Nevada",2025-03-29,"calendar","sir","hurdle_ztpoisson",2025-03-29,2025,0,69,70,69,0.863636363636364,1,TRUE
"Nevada",2025-04-26,"calendar","hsgp","hurdle_ztnb",2025-03-29,2025,4,70,70,70,0.0636363636363637,0,TRUE
"Nevada",2025-04-26,"calendar","hsgp","hurdle_ztnb",2025-04-05,2025,3,41,41,41,0.136363636363636,0,TRUE
"Nevada",2025-04-26,"calendar","hsgp","hurdle_ztnb",2025-04-12,2025,2,47,48,47,0.6,1,TRUE
"Nevada",2025-04-26,"calendar","hsgp","hurdle_ztnb",2025-04-19,2025,1,41,41,41,0.347878787878788,0,TRUE
"Nevada",2025-04-26,"calendar","hsgp","hurdle_ztnb",2025-04-26,2025,0,25,29,26,1.75363636363636,3,TRUE
"Nevada",2025-04-26,"calendar","hsgp","hurdle_ztpoisson",2025-03-29,2025,4,70,70,70,0.136363636363636,0,TRUE
"Nevada",2025-04-26,"calendar","hsgp","hurdle_ztpoisson",2025-04-05,2025,3,41,41,41,0.254545454545455,0,TRUE
"Nevada",2025-04-26,"calendar","hsgp","hurdle_ztpoisson",2025-04-12,2025,2,47,48,47,0.654545454545455,1,TRUE
"Nevada",2025-04-26,"calendar","hsgp","hurdle_ztpoisson",2025-04-19,2025,1,41,41,41,0.720606060606061,0,TRUE
"Nevada",2025-04-26,"calendar","hsgp","hurdle_ztpoisson",2025-04-26,2025,0,25,29,25,1.90484848484848,4,TRUE
"Nevada",2025-04-26,"calendar","sir","hurdle_ztnb",2025-03-29,2025,4,70,70,70,0.136363636363636,0,TRUE
"Nevada",2025-04-26,"calendar","sir","hurdle_ztnb",2025-04-05,2025,3,41,41,41,0.181818181818182,0,TRUE
"Nevada",2025-04-26,"calendar","sir","hurdle_ztnb",2025-04-12,2025,2,47,48,47,0.590909090909091,1,TRUE
"Nevada",2025-04-26,"calendar","sir","hurdle_ztnb",2025-04-19,2025,1,41,41,41,0.439090909090909,0,TRUE
"Nevada",2025-04-26,"calendar","sir","hurdle_ztnb",2025-04-26,2025,0,25,29,25,2.36742424242424,4,TRUE
"Nevada",2025-04-26,"calendar","sir","hurdle_ztpoisson",2025-03-29,2025,4,70,70,70,0,0,TRUE
"Nevada",2025-04-26,"calendar","sir","hurdle_ztpoisson",2025-04-05,2025,3,41,41,41,0,0,TRUE
"Nevada",2025-04-26,"calendar","sir","hurdle_ztpoisson",2025-04-12,2025,2,47,48,47,1,1,FALSE
"Nevada",2025-04-26,"calendar","sir","hurdle_ztpoisson",2025-04-19,2025,1,41,41,41,0,0,TRUE
"Nevada",2025-04-26,"calendar","sir","hurdle_ztpoisson",2025-04-26,2025,0,25,29,25,3.82727272727273,4,FALSE
"Nevada",2025-05-31,"calendar","hsgp","hurdle_ztnb",2025-05-03,2025,4,19,19,19,0.0090909090909091,0,TRUE
"Nevada",2025-05-31,"calendar","hsgp","hurdle_ztnb",2025-05-10,2025,3,20,20,20,0.0181818181818182,0,TRUE
"Nevada",2025-05-31,"calendar","hsgp","hurdle_ztnb",2025-05-17,2025,2,16,16,16,0.0636363636363637,0,TRUE
"Nevada",2025-05-31,"calendar","hsgp","hurdle_ztnb",2025-05-24,2025,1,26,26,26,0.145454545454545,0,TRUE
"Nevada",2025-05-31,"calendar","hsgp","hurdle_ztnb",2025-05-31,2025,0,15,15,15,0.518181818181818,0,TRUE
"Nevada",2025-05-31,"calendar","hsgp","hurdle_ztpoisson",2025-05-03,2025,4,19,19,19,0.0454545454545455,0,TRUE
"Nevada",2025-05-31,"calendar","hsgp","hurdle_ztpoisson",2025-05-10,2025,3,20,20,20,0.0727272727272728,0,TRUE
"Nevada",2025-05-31,"calendar","hsgp","hurdle_ztpoisson",2025-05-17,2025,2,16,16,16,0.139090909090909,0,TRUE
"Nevada",2025-05-31,"calendar","hsgp","hurdle_ztpoisson",2025-05-24,2025,1,26,26,26,0.202424242424242,0,TRUE
"Nevada",2025-05-31,"calendar","hsgp","hurdle_ztpoisson",2025-05-31,2025,0,15,15,15,0.676515151515151,0,TRUE
"Nevada",2025-05-31,"calendar","sir","hurdle_ztnb",2025-05-03,2025,4,19,19,19,0.0636363636363637,0,TRUE
"Nevada",2025-05-31,"calendar","sir","hurdle_ztnb",2025-05-10,2025,3,20,20,20,0.102424242424242,0,TRUE
"Nevada",2025-05-31,"calendar","sir","hurdle_ztnb",2025-05-17,2025,2,16,16,16,0.156969696969697,0,TRUE
"Nevada",2025-05-31,"calendar","sir","hurdle_ztnb",2025-05-24,2025,1,26,26,26,0.218181818181818,0,TRUE
"Nevada",2025-05-31,"calendar","sir","hurdle_ztnb",2025-05-31,2025,0,15,15,15,0.436363636363636,0,TRUE
"Nevada",2025-05-31,"calendar","sir","hurdle_ztpoisson",2025-05-03,2025,4,19,19,19,0,0,TRUE
"Nevada",2025-05-31,"calendar","sir","hurdle_ztpoisson",2025-05-10,2025,3,20,20,20,0,0,TRUE
"Nevada",2025-05-31,"calendar","sir","hurdle_ztpoisson",2025-05-17,2025,2,16,16,16,0,0,TRUE
"Nevada",2025-05-31,"calendar","sir","hurdle_ztpoisson",2025-05-24,2025,1,26,26,26,0,0,TRUE
"Nevada",2025-05-31,"calendar","sir","hurdle_ztpoisson",2025-05-31,2025,0,15,15,15,0,0,TRUE
"New Hampshire",2025-01-02,"calendar","hsgp","hurdle_ztnb",2024-11-30,2024,4,14,14,14,0,0,TRUE
"New Hampshire",2025-01-02,"calendar","hsgp","hurdle_ztnb",2024-12-07,2024,3,16,16,16,0,0,TRUE
"New Hampshire",2025-01-02,"calendar","hsgp","hurdle_ztnb",2024-12-14,2024,2,22,22,22,0,0,TRUE
"New Hampshire",2025-01-02,"calendar","hsgp","hurdle_ztnb",2024-12-21,2024,1,16,24,16,6.98181818181818,8,FALSE
"New Hampshire",2025-01-02,"calendar","hsgp","hurdle_ztnb",2024-12-28,2024,0,41,53,41,6.91818181818182,12,TRUE
"New Hampshire",2025-01-02,"calendar","hsgp","hurdle_ztpoisson",2024-11-30,2024,4,14,14,14,0,0,TRUE
"New Hampshire",2025-01-02,"calendar","hsgp","hurdle_ztpoisson",2024-12-07,2024,3,16,16,16,0,0,TRUE
"New Hampshire",2025-01-02,"calendar","hsgp","hurdle_ztpoisson",2024-12-14,2024,2,22,22,22,0,0,TRUE
"New Hampshire",2025-01-02,"calendar","hsgp","hurdle_ztpoisson",2024-12-21,2024,1,16,24,16,7.20681818181818,8,FALSE
"New Hampshire",2025-01-02,"calendar","hsgp","hurdle_ztpoisson",2024-12-28,2024,0,41,53,41,6.24681818181818,12,TRUE
"New Hampshire",2025-01-02,"calendar","sir","hurdle_ztnb",2024-11-30,2024,4,14,14,14,0,0,TRUE
"New Hampshire",2025-01-02,"calendar","sir","hurdle_ztnb",2024-12-07,2024,3,16,16,16,0,0,TRUE
"New Hampshire",2025-01-02,"calendar","sir","hurdle_ztnb",2024-12-14,2024,2,22,22,22,0,0,TRUE
"New Hampshire",2025-01-02,"calendar","sir","hurdle_ztnb",2024-12-21,2024,1,16,24,16,8,8,FALSE
"New Hampshire",2025-01-02,"calendar","sir","hurdle_ztnb",2024-12-28,2024,0,41,53,41,8.95590909090909,12,TRUE
"New Hampshire",2025-01-02,"calendar","sir","hurdle_ztpoisson",2024-11-30,2024,4,14,14,14,0,0,TRUE
"New Hampshire",2025-01-02,"calendar","sir","hurdle_ztpoisson",2024-12-07,2024,3,16,16,16,0,0,TRUE
"New Hampshire",2025-01-02,"calendar","sir","hurdle_ztpoisson",2024-12-14,2024,2,22,22,22,0,0,TRUE
"New Hampshire",2025-01-02,"calendar","sir","hurdle_ztpoisson",2024-12-21,2024,1,16,24,16,7.30909090909091,8,FALSE
"New Hampshire",2025-01-02,"calendar","sir","hurdle_ztpoisson",2024-12-28,2024,0,41,53,41,7.88363636363637,12,TRUE
"New Hampshire",2025-02-15,"calendar","hsgp","hurdle_ztnb",2025-01-18,2025,4,74,86,74,12.2609090909091,12,FALSE
"New Hampshire",2025-02-15,"calendar","hsgp","hurdle_ztnb",2025-01-25,2025,3,121,144,121,23.9878787878788,23,FALSE
"New Hampshire",2025-02-15,"calendar","hsgp","hurdle_ztnb",2025-02-01,2025,2,142,174,142,28.3493939393939,32,FALSE
"New Hampshire",2025-02-15,"calendar","hsgp","hurdle_ztnb",2025-02-08,2025,1,163,203,163,34.8125757575758,40,FALSE
"New Hampshire",2025-02-15,"calendar","hsgp","hurdle_ztnb",2025-02-15,2025,0,107,205,107,76.63,98,FALSE
"New Hampshire",2025-02-15,"calendar","hsgp","hurdle_ztpoisson",2025-01-18,2025,4,74,86,74,12.8674242424242,12,FALSE
"New Hampshire",2025-02-15,"calendar","hsgp","hurdle_ztpoisson",2025-01-25,2025,3,121,144,121,28.3390909090909,23,FALSE
"New Hampshire",2025-02-15,"calendar","hsgp","hurdle_ztpoisson",2025-02-01,2025,2,142,174,142,44.1169696969697,32,FALSE
"New Hampshire",2025-02-15,"calendar","hsgp","hurdle_ztpoisson",2025-02-08,2025,1,163,203,163,41.0592424242424,40,FALSE
"New Hampshire",2025-02-15,"calendar","hsgp","hurdle_ztpoisson",2025-02-15,2025,0,107,205,107,76.2512121212121,98,FALSE
"New Hampshire",2025-02-15,"calendar","sir","hurdle_ztnb",2025-01-18,2025,4,74,86,74,12.0809090909091,12,FALSE
"New Hampshire",2025-02-15,"calendar","sir","hurdle_ztnb",2025-01-25,2025,3,121,144,121,23.3936363636364,23,FALSE
"New Hampshire",2025-02-15,"calendar","sir","hurdle_ztnb",2025-02-01,2025,2,142,174,142,31.9792424242424,32,FALSE
"New Hampshire",2025-02-15,"calendar","sir","hurdle_ztnb",2025-02-08,2025,1,163,203,163,36.1704545454546,40,FALSE
"New Hampshire",2025-02-15,"calendar","sir","hurdle_ztnb",2025-02-15,2025,0,107,205,107,86.4433333333334,98,FALSE
"New Hampshire",2025-02-15,"calendar","sir","hurdle_ztpoisson",2025-01-18,2025,4,74,86,74,12.2181818181818,12,FALSE
"New Hampshire",2025-02-15,"calendar","sir","hurdle_ztpoisson",2025-01-25,2025,3,121,144,121,23.1909090909091,23,FALSE
"New Hampshire",2025-02-15,"calendar","sir","hurdle_ztpoisson",2025-02-01,2025,2,142,174,142,32.534696969697,32,FALSE
"New Hampshire",2025-02-15,"calendar","sir","hurdle_ztpoisson",2025-02-08,2025,1,163,203,163,39.0581818181818,40,FALSE
"New Hampshire",2025-02-15,"calendar","sir","hurdle_ztpoisson",2025-02-15,2025,0,107,205,107,92.8977272727273,98,FALSE
"New Hampshire",2025-03-29,"calendar","hsgp","hurdle_ztnb",2025-03-01,2025,4,190,190,190,0.48060606060606,0,TRUE
"New Hampshire",2025-03-29,"calendar","hsgp","hurdle_ztnb",2025-03-08,2025,3,145,145,145,0.702727272727273,0,TRUE
"New Hampshire",2025-03-29,"calendar","hsgp","hurdle_ztnb",2025-03-15,2025,2,79,79,79,0.82090909090909,0,TRUE
"New Hampshire",2025-03-29,"calendar","hsgp","hurdle_ztnb",2025-03-22,2025,1,53,53,53,1.13378787878788,0,TRUE
"New Hampshire",2025-03-29,"calendar","hsgp","hurdle_ztnb",2025-03-29,2025,0,124,34,128,91.785303030303,94,FALSE
"New Hampshire",2025-03-29,"calendar","hsgp","hurdle_ztpoisson",2025-03-01,2025,4,190,190,190,0.677727272727272,0,TRUE
"New Hampshire",2025-03-29,"calendar","hsgp","hurdle_ztpoisson",2025-03-08,2025,3,145,145,145,1.83727272727273,0,TRUE
"New Hampshire",2025-03-29,"calendar","hsgp","hurdle_ztpoisson",2025-03-15,2025,2,79,79,73,6.86424242424242,6,TRUE
"New Hampshire",2025-03-29,"calendar","hsgp","hurdle_ztpoisson",2025-03-22,2025,1,53,53,53,5.54575757575758,0,TRUE
"New Hampshire",2025-03-29,"calendar","hsgp","hurdle_ztpoisson",2025-03-29,2025,0,124,34,127,78.2260606060606,93,FALSE
"New Hampshire",2025-03-29,"calendar","sir","hurdle_ztnb",2025-03-01,2025,4,190,190,190,0.346818181818182,0,TRUE
"New Hampshire",2025-03-29,"calendar","sir","hurdle_ztnb",2025-03-08,2025,3,145,145,145,0.638636363636363,0,TRUE
"New Hampshire",2025-03-29,"calendar","sir","hurdle_ztnb",2025-03-15,2025,2,79,79,79,0.985909090909091,0,TRUE
"New Hampshire",2025-03-29,"calendar","sir","hurdle_ztnb",2025-03-22,2025,1,53,53,53,1.54015151515152,0,TRUE
"New Hampshire",2025-03-29,"calendar","sir","hurdle_ztnb",2025-03-29,2025,0,124,34,124,85.2972727272727,90,FALSE
"New Hampshire",2025-03-29,"calendar","sir","hurdle_ztpoisson",2025-03-01,2025,4,190,190,190,0.209090909090909,0,TRUE
"New Hampshire",2025-03-29,"calendar","sir","hurdle_ztpoisson",2025-03-08,2025,3,145,145,145,0.166363636363636,0,TRUE
"New Hampshire",2025-03-29,"calendar","sir","hurdle_ztpoisson",2025-03-15,2025,2,79,79,79,0.222272727272727,0,TRUE
"New Hampshire",2025-03-29,"calendar","sir","hurdle_ztpoisson",2025-03-22,2025,1,53,53,53,0.183181818181818,0,TRUE
"New Hampshire",2025-03-29,"calendar","sir","hurdle_ztpoisson",2025-03-29,2025,0,124,34,124,87.1745454545455,90,FALSE
"New Hampshire",2025-04-26,"calendar","hsgp","hurdle_ztnb",2025-03-29,2025,4,34,34,34,0.157272727272727,0,TRUE
"New Hampshire",2025-04-26,"calendar","hsgp","hurdle_ztnb",2025-04-05,2025,3,17,17,17,0.369848484848485,0,TRUE
"New Hampshire",2025-04-26,"calendar","hsgp","hurdle_ztnb",2025-04-12,2025,2,22,22,22,0.383181818181818,0,TRUE
"New Hampshire",2025-04-26,"calendar","hsgp","hurdle_ztnb",2025-04-19,2025,1,22,22,22,1.17651515151515,0,TRUE
"New Hampshire",2025-04-26,"calendar","hsgp","hurdle_ztnb",2025-04-26,2025,0,9,9,12,2.46848484848485,3,TRUE
"New Hampshire",2025-04-26,"calendar","hsgp","hurdle_ztpoisson",2025-03-29,2025,4,34,34,34,0.395757575757576,0,TRUE
"New Hampshire",2025-04-26,"calendar","hsgp","hurdle_ztpoisson",2025-04-05,2025,3,17,17,17,0.958181818181818,0,TRUE
"New Hampshire",2025-04-26,"calendar","hsgp","hurdle_ztpoisson",2025-04-12,2025,2,22,22,22,2.1869696969697,0,TRUE
"New Hampshire",2025-04-26,"calendar","hsgp","hurdle_ztpoisson",2025-04-19,2025,1,22,22,22,1.29090909090909,0,TRUE
"New Hampshire",2025-04-26,"calendar","hsgp","hurdle_ztpoisson",2025-04-26,2025,0,9,9,9,1.11651515151515,0,TRUE
"New Hampshire",2025-04-26,"calendar","sir","hurdle_ztnb",2025-03-29,2025,4,34,34,34,0.111818181818182,0,TRUE
"New Hampshire",2025-04-26,"calendar","sir","hurdle_ztnb",2025-04-05,2025,3,17,17,17,0.393636363636364,0,TRUE
"New Hampshire",2025-04-26,"calendar","sir","hurdle_ztnb",2025-04-12,2025,2,22,22,22,0.740151515151515,0,TRUE
"New Hampshire",2025-04-26,"calendar","sir","hurdle_ztnb",2025-04-19,2025,1,22,22,22,1.02333333333333,0,TRUE
"New Hampshire",2025-04-26,"calendar","sir","hurdle_ztnb",2025-04-26,2025,0,9,9,9,2.23636363636364,0,TRUE
"New Hampshire",2025-04-26,"calendar","sir","hurdle_ztpoisson",2025-03-29,2025,4,34,34,34,0,0,TRUE
"New Hampshire",2025-04-26,"calendar","sir","hurdle_ztpoisson",2025-04-05,2025,3,17,17,17,0,0,TRUE
"New Hampshire",2025-04-26,"calendar","sir","hurdle_ztpoisson",2025-04-12,2025,2,22,22,22,0,0,TRUE
"New Hampshire",2025-04-26,"calendar","sir","hurdle_ztpoisson",2025-04-19,2025,1,22,22,22,0,0,TRUE
"New Hampshire",2025-04-26,"calendar","sir","hurdle_ztpoisson",2025-04-26,2025,0,9,9,9,0,0,TRUE
"New Hampshire",2025-05-31,"calendar","hsgp","hurdle_ztnb",2025-05-03,2025,4,6,6,6,0,0,TRUE
"New Hampshire",2025-05-31,"calendar","hsgp","hurdle_ztnb",2025-05-10,2025,3,8,8,8,0,0,TRUE
"New Hampshire",2025-05-31,"calendar","hsgp","hurdle_ztnb",2025-05-17,2025,2,3,3,3,0,0,TRUE
"New Hampshire",2025-05-31,"calendar","hsgp","hurdle_ztnb",2025-05-24,2025,1,2,1,2,1.00909090909091,1,FALSE
"New Hampshire",2025-05-31,"calendar","hsgp","hurdle_ztnb",2025-05-31,2025,0,3,3,3,0.0727272727272728,0,TRUE
"New Hampshire",2025-05-31,"calendar","hsgp","hurdle_ztpoisson",2025-05-03,2025,4,6,6,6,0,0,TRUE
"New Hampshire",2025-05-31,"calendar","hsgp","hurdle_ztpoisson",2025-05-10,2025,3,8,8,8,0.00272727272727273,0,TRUE
"New Hampshire",2025-05-31,"calendar","hsgp","hurdle_ztpoisson",2025-05-17,2025,2,3,3,3,0.0272727272727273,0,TRUE
"New Hampshire",2025-05-31,"calendar","hsgp","hurdle_ztpoisson",2025-05-24,2025,1,2,1,2,1,1,FALSE
"New Hampshire",2025-05-31,"calendar","hsgp","hurdle_ztpoisson",2025-05-31,2025,0,3,3,3,0.0195454545454544,0,TRUE
"New Hampshire",2025-05-31,"calendar","sir","hurdle_ztnb",2025-05-03,2025,4,6,6,6,0.119545454545455,0,TRUE
"New Hampshire",2025-05-31,"calendar","sir","hurdle_ztnb",2025-05-10,2025,3,8,8,8,0.136363636363636,0,TRUE
"New Hampshire",2025-05-31,"calendar","sir","hurdle_ztnb",2025-05-17,2025,2,3,3,3,0.260757575757575,0,TRUE
"New Hampshire",2025-05-31,"calendar","sir","hurdle_ztnb",2025-05-24,2025,1,2,1,2,1.04545454545455,1,TRUE
"New Hampshire",2025-05-31,"calendar","sir","hurdle_ztnb",2025-05-31,2025,0,3,3,3,1.41045454545455,0,TRUE
"New Hampshire",2025-05-31,"calendar","sir","hurdle_ztpoisson",2025-05-03,2025,4,6,6,6,0,0,TRUE
"New Hampshire",2025-05-31,"calendar","sir","hurdle_ztpoisson",2025-05-10,2025,3,8,8,8,0,0,TRUE
"New Hampshire",2025-05-31,"calendar","sir","hurdle_ztpoisson",2025-05-17,2025,2,3,3,3,0,0,TRUE
"New Hampshire",2025-05-31,"calendar","sir","hurdle_ztpoisson",2025-05-24,2025,1,2,1,2,1,1,FALSE
"New Hampshire",2025-05-31,"calendar","sir","hurdle_ztpoisson",2025-05-31,2025,0,3,3,3,0,0,TRUE
"New Jersey",2025-01-02,"calendar","hsgp","hurdle_ztnb",2024-11-30,2024,4,67,67,67,0.472727272727273,0,TRUE
"New Jersey",2025-01-02,"calendar","hsgp","hurdle_ztnb",2024-12-07,2024,3,109,109,109,0.596969696969697,0,TRUE
"New Jersey",2025-01-02,"calendar","hsgp","hurdle_ztnb",2024-12-14,2024,2,174,174,174,1.20272727272727,0,TRUE
"New Jersey",2025-01-02,"calendar","hsgp","hurdle_ztnb",2024-12-21,2024,1,335,335,335,1.99212121212121,0,TRUE
"New Jersey",2025-01-02,"calendar","hsgp","hurdle_ztnb",2024-12-28,2024,0,723,723,724.5,4.65454545454545,1.5,TRUE
"New Jersey",2025-01-02,"calendar","hsgp","hurdle_ztpoisson",2024-11-30,2024,4,67,67,67,0,0,TRUE
"New Jersey",2025-01-02,"calendar","hsgp","hurdle_ztpoisson",2024-12-07,2024,3,109,109,109,0,0,TRUE
"New Jersey",2025-01-02,"calendar","hsgp","hurdle_ztpoisson",2024-12-14,2024,2,174,174,174,0.090909090909091,0,TRUE
"New Jersey",2025-01-02,"calendar","hsgp","hurdle_ztpoisson",2024-12-21,2024,1,335,335,335,0.260151515151515,0,TRUE
"New Jersey",2025-01-02,"calendar","hsgp","hurdle_ztpoisson",2024-12-28,2024,0,723,723,723,1.49590909090909,0,TRUE
"New Jersey",2025-01-02,"calendar","sir","hurdle_ztnb",2024-11-30,2024,4,67,67,67,0.0856060606060603,0,TRUE
"New Jersey",2025-01-02,"calendar","sir","hurdle_ztnb",2024-12-07,2024,3,109,109,109,0.263636363636364,0,TRUE
"New Jersey",2025-01-02,"calendar","sir","hurdle_ztnb",2024-12-14,2024,2,174,174,174,0.274090909090909,0,TRUE
"New Jersey",2025-01-02,"calendar","sir","hurdle_ztnb",2024-12-21,2024,1,335,335,335,0.315454545454546,0,TRUE
"New Jersey",2025-01-02,"calendar","sir","hurdle_ztnb",2024-12-28,2024,0,723,723,723,1.07666666666667,0,TRUE
"New Jersey",2025-01-02,"calendar","sir","hurdle_ztpoisson",2024-11-30,2024,4,67,67,67,0,0,TRUE
"New Jersey",2025-01-02,"calendar","sir","hurdle_ztpoisson",2024-12-07,2024,3,109,109,109,0.774090909090909,0,TRUE
"New Jersey",2025-01-02,"calendar","sir","hurdle_ztpoisson",2024-12-14,2024,2,174,174,174,0,0,TRUE
"New Jersey",2025-01-02,"calendar","sir","hurdle_ztpoisson",2024-12-21,2024,1,335,335,335,0.247878787878788,0,TRUE
"New Jersey",2025-01-02,"calendar","sir","hurdle_ztpoisson",2024-12-28,2024,0,723,723,723,1.51181818181818,0,TRUE
"New Jersey",2025-02-15,"calendar","hsgp","hurdle_ztnb",2025-01-18,2025,4,1259,1259,1267.5,6.41666666666666,8.5,TRUE
"New Jersey",2025-02-15,"calendar","hsgp","hurdle_ztnb",2025-01-25,2025,3,1591,1591,1598,7.87651515151515,7,TRUE
"New Jersey",2025-02-15,"calendar","hsgp","hurdle_ztnb",2025-02-01,2025,2,1794,1794,1815,14.2312121212121,21,TRUE
"New Jersey",2025-02-15,"calendar","hsgp","hurdle_ztnb",2025-02-08,2025,1,1888,1888,1913.5,19.2624242424242,25.5,TRUE
"New Jersey",2025-02-15,"calendar","hsgp","hurdle_ztnb",2025-02-15,2025,0,1517,1517,1558,41.7383333333333,41,TRUE
"New Jersey",2025-02-15,"calendar","hsgp","hurdle_ztpoisson",2025-01-18,2025,4,1259,1259,1259,0.942878787878786,0,TRUE
"New Jersey",2025-02-15,"calendar","hsgp","hurdle_ztpoisson",2025-01-25,2025,3,1591,1591,1591,1.68136363636364,0,TRUE
"New Jersey",2025-02-15,"calendar","hsgp","hurdle_ztpoisson",2025-02-01,2025,2,1794,1794,1794,3.09075757575758,0,TRUE
"New Jersey",2025-02-15,"calendar","hsgp","hurdle_ztpoisson",2025-02-08,2025,1,1888,1888,1888,5.29166666666667,0,TRUE
"New Jersey",2025-02-15,"calendar","hsgp","hurdle_ztpoisson",2025-02-15,2025,0,1517,1517,1517,35.9651515151515,0,TRUE
"New Jersey",2025-02-15,"calendar","sir","hurdle_ztnb",2025-01-18,2025,4,1259,1259,1259,0.272878787878784,0,TRUE
"New Jersey",2025-02-15,"calendar","sir","hurdle_ztnb",2025-01-25,2025,3,1591,1591,1591,0.528787878787875,0,TRUE
"New Jersey",2025-02-15,"calendar","sir","hurdle_ztnb",2025-02-01,2025,2,1794,1794,1794,0.584545454545454,0,TRUE
"New Jersey",2025-02-15,"calendar","sir","hurdle_ztnb",2025-02-08,2025,1,1888,1888,1888,0.810454545454542,0,TRUE
"New Jersey",2025-02-15,"calendar","sir","hurdle_ztnb",2025-02-15,2025,0,1517,1517,1517,1.98272727272726,0,TRUE
"New Jersey",2025-02-15,"calendar","sir","hurdle_ztpoisson",2025-01-18,2025,4,1259,1259,1259,0.911515151515149,0,TRUE
"New Jersey",2025-02-15,"calendar","sir","hurdle_ztpoisson",2025-01-25,2025,3,1591,1591,1591,0.0845454545454542,0,TRUE
"New Jersey",2025-02-15,"calendar","sir","hurdle_ztpoisson",2025-02-01,2025,2,1794,1794,1794,0.109090909090909,0,TRUE
"New Jersey",2025-02-15,"calendar","sir","hurdle_ztpoisson",2025-02-08,2025,1,1888,1888,1888,0.455909090909092,0,TRUE
"New Jersey",2025-02-15,"calendar","sir","hurdle_ztpoisson",2025-02-15,2025,0,1517,1517,1517,1.01424242424242,0,TRUE
"New Jersey",2025-03-29,"calendar","hsgp","hurdle_ztnb",2025-03-01,2025,4,932,938,932,3.36757575757576,6,TRUE
"New Jersey",2025-03-29,"calendar","hsgp","hurdle_ztnb",2025-03-08,2025,3,606,630,606,14.4469696969697,24,TRUE
"New Jersey",2025-03-29,"calendar","hsgp","hurdle_ztnb",2025-03-15,2025,2,460,465,460,3.10878787878788,5,TRUE
"New Jersey",2025-03-29,"calendar","hsgp","hurdle_ztnb",2025-03-22,2025,1,344,345,344,2.71560606060606,1,TRUE
"New Jersey",2025-03-29,"calendar","hsgp","hurdle_ztnb",2025-03-29,2025,0,282,282,283,4.41636363636364,1,TRUE
"New Jersey",2025-03-29,"calendar","hsgp","hurdle_ztpoisson",2025-03-01,2025,4,932,938,932,2.90136363636364,6,TRUE
"New Jersey",2025-03-29,"calendar","hsgp","hurdle_ztpoisson",2025-03-08,2025,3,606,630,606,18.7390909090909,24,FALSE
"New Jersey",2025-03-29,"calendar","hsgp","hurdle_ztpoisson",2025-03-15,2025,2,460,465,460,2.35590909090909,5,TRUE
"New Jersey",2025-03-29,"calendar","hsgp","hurdle_ztpoisson",2025-03-22,2025,1,344,345,344,1.50378787878788,1,TRUE
"New Jersey",2025-03-29,"calendar","hsgp","hurdle_ztpoisson",2025-03-29,2025,0,282,282,277,14.5387878787879,5,TRUE
"New Jersey",2025-03-29,"calendar","sir","hurdle_ztnb",2025-03-01,2025,4,932,938,932,4.20909090909091,6,TRUE
"New Jersey",2025-03-29,"calendar","sir","hurdle_ztnb",2025-03-08,2025,3,606,630,606,20.7222727272727,24,FALSE
"New Jersey",2025-03-29,"calendar","sir","hurdle_ztnb",2025-03-15,2025,2,460,465,460,3.25969696969697,5,TRUE
"New Jersey",2025-03-29,"calendar","sir","hurdle_ztnb",2025-03-22,2025,1,344,345,344,0.906515151515151,1,TRUE
"New Jersey",2025-03-29,"calendar","sir","hurdle_ztnb",2025-03-29,2025,0,282,282,282,1.02272727272727,0,TRUE
"New Jersey",2025-03-29,"calendar","sir","hurdle_ztpoisson",2025-03-01,2025,4,932,938,932,6,6,FALSE
"New Jersey",2025-03-29,"calendar","sir","hurdle_ztpoisson",2025-03-08,2025,3,606,630,606,24,24,FALSE
"New Jersey",2025-03-29,"calendar","sir","hurdle_ztpoisson",2025-03-15,2025,2,460,465,460,5,5,FALSE
"New Jersey",2025-03-29,"calendar","sir","hurdle_ztpoisson",2025-03-22,2025,1,344,345,344,1,1,FALSE
"New Jersey",2025-03-29,"calendar","sir","hurdle_ztpoisson",2025-03-29,2025,0,282,282,282,0,0,TRUE
"New Jersey",2025-04-26,"calendar","hsgp","hurdle_ztnb",2025-03-29,2025,4,282,282,282,0.203939393939393,0,TRUE
"New Jersey",2025-04-26,"calendar","hsgp","hurdle_ztnb",2025-04-05,2025,3,245,248,245,2.17272727272727,3,TRUE
"New Jersey",2025-04-26,"calendar","hsgp","hurdle_ztnb",2025-04-12,2025,2,161,161,161,0.528333333333332,0,TRUE
"New Jersey",2025-04-26,"calendar","hsgp","hurdle_ztnb",2025-04-19,2025,1,134,137,134,2.17651515151515,3,TRUE
"New Jersey",2025-04-26,"calendar","hsgp","hurdle_ztnb",2025-04-26,2025,0,68,72,68,3.09848484848485,4,TRUE
"New Jersey",2025-04-26,"calendar","hsgp","hurdle_ztpoisson",2025-03-29,2025,4,282,282,282,0.0727272727272728,0,TRUE
"New Jersey",2025-04-26,"calendar","hsgp","hurdle_ztpoisson",2025-04-05,2025,3,245,248,245,2.09227272727273,3,TRUE
"New Jersey",2025-04-26,"calendar","hsgp","hurdle_ztpoisson",2025-04-12,2025,2,161,161,161,0.172727272727273,0,TRUE
"New Jersey",2025-04-26,"calendar","hsgp","hurdle_ztpoisson",2025-04-19,2025,1,134,137,134,1.81954545454545,3,TRUE
"New Jersey",2025-04-26,"calendar","hsgp","hurdle_ztpoisson",2025-04-26,2025,0,68,72,68,7.20272727272727,4,TRUE
"New Jersey",2025-04-26,"calendar","sir","hurdle_ztnb",2025-03-29,2025,4,282,282,282,0.118181818181818,0,TRUE
"New Jersey",2025-04-26,"calendar","sir","hurdle_ztnb",2025-04-05,2025,3,245,248,245,2.34681818181818,3,TRUE
"New Jersey",2025-04-26,"calendar","sir","hurdle_ztnb",2025-04-12,2025,2,161,161,161,0.267424242424242,0,TRUE
"New Jersey",2025-04-26,"calendar","sir","hurdle_ztnb",2025-04-19,2025,1,134,137,134,2.32075757575757,3,TRUE
"New Jersey",2025-04-26,"calendar","sir","hurdle_ztnb",2025-04-26,2025,0,68,72,68,2.93151515151515,4,TRUE
"New Jersey",2025-04-26,"calendar","sir","hurdle_ztpoisson",2025-03-29,2025,4,282,282,282,0,0,TRUE
"New Jersey",2025-04-26,"calendar","sir","hurdle_ztpoisson",2025-04-05,2025,3,245,248,245,3,3,FALSE
"New Jersey",2025-04-26,"calendar","sir","hurdle_ztpoisson",2025-04-12,2025,2,161,161,161,0,0,TRUE
"New Jersey",2025-04-26,"calendar","sir","hurdle_ztpoisson",2025-04-19,2025,1,134,137,134,3,3,FALSE
"New Jersey",2025-04-26,"calendar","sir","hurdle_ztpoisson",2025-04-26,2025,0,68,72,68,4,4,FALSE
"New Jersey",2025-05-31,"calendar","hsgp","hurdle_ztnb",2025-05-03,2025,4,70,70,70,0.0195454545454544,0,TRUE
"New Jersey",2025-05-31,"calendar","hsgp","hurdle_ztnb",2025-05-10,2025,3,40,40,40,0.0286363636363635,0,TRUE
"New Jersey",2025-05-31,"calendar","hsgp","hurdle_ztnb",2025-05-17,2025,2,43,43,43,0.066363636363636,0,TRUE
"New Jersey",2025-05-31,"calendar","hsgp","hurdle_ztnb",2025-05-24,2025,1,25,25,25,0.203787878787879,0,TRUE
"New Jersey",2025-05-31,"calendar","hsgp","hurdle_ztnb",2025-05-31,2025,0,30,30,30,0.392272727272727,0,TRUE
"New Jersey",2025-05-31,"calendar","hsgp","hurdle_ztpoisson",2025-05-03,2025,4,70,70,70,0,0,TRUE
"New Jersey",2025-05-31,"calendar","hsgp","hurdle_ztpoisson",2025-05-10,2025,3,40,40,40,0,0,TRUE
"New Jersey",2025-05-31,"calendar","hsgp","hurdle_ztpoisson",2025-05-17,2025,2,43,43,43,0,0,TRUE
"New Jersey",2025-05-31,"calendar","hsgp","hurdle_ztpoisson",2025-05-24,2025,1,25,25,25,0.0286363636363635,0,TRUE
"New Jersey",2025-05-31,"calendar","hsgp","hurdle_ztpoisson",2025-05-31,2025,0,30,30,30,0.7,0,TRUE
"New Jersey",2025-05-31,"calendar","sir","hurdle_ztnb",2025-05-03,2025,4,70,70,70,0.0636363636363637,0,TRUE
"New Jersey",2025-05-31,"calendar","sir","hurdle_ztnb",2025-05-10,2025,3,40,40,40,0.174090909090909,0,TRUE
"New Jersey",2025-05-31,"calendar","sir","hurdle_ztnb",2025-05-17,2025,2,43,43,43,0.402727272727273,0,TRUE
"New Jersey",2025-05-31,"calendar","sir","hurdle_ztnb",2025-05-24,2025,1,25,25,25,0.451666666666667,0,TRUE
"New Jersey",2025-05-31,"calendar","sir","hurdle_ztnb",2025-05-31,2025,0,30,30,30,0.917878787878788,0,TRUE
"New Jersey",2025-05-31,"calendar","sir","hurdle_ztpoisson",2025-05-03,2025,4,70,70,70,0,0,TRUE
"New Jersey",2025-05-31,"calendar","sir","hurdle_ztpoisson",2025-05-10,2025,3,40,40,40,0,0,TRUE
"New Jersey",2025-05-31,"calendar","sir","hurdle_ztpoisson",2025-05-17,2025,2,43,43,43,0,0,TRUE
"New Jersey",2025-05-31,"calendar","sir","hurdle_ztpoisson",2025-05-24,2025,1,25,25,25,0,0,TRUE
"New Jersey",2025-05-31,"calendar","sir","hurdle_ztpoisson",2025-05-31,2025,0,30,30,30,0,0,TRUE
"New Mexico",2025-01-02,"calendar","hsgp","hurdle_ztnb",2024-11-30,2024,4,53,55,53,0.881818181818182,2,TRUE
"New Mexico",2025-01-02,"calendar","hsgp","hurdle_ztnb",2024-12-07,2024,3,100,103,101,1.12863636363636,2,TRUE
"New Mexico",2025-01-02,"calendar","hsgp","hurdle_ztnb",2024-12-14,2024,2,107,108,108,0.95030303030303,0,TRUE
"New Mexico",2025-01-02,"calendar","hsgp","hurdle_ztnb",2024-12-21,2024,1,196,207,201,3.18681818181818,6,TRUE
"New Mexico",2025-01-02,"calendar","hsgp","hurdle_ztnb",2024-12-28,2024,0,216,234,221,7.21287878787879,13,TRUE
"New Mexico",2025-01-02,"calendar","hsgp","hurdle_ztpoisson",2024-11-30,2024,4,53,55,53,1.4,2,TRUE
"New Mexico",2025-01-02,"calendar","hsgp","hurdle_ztpoisson",2024-12-07,2024,3,100,103,100,1.49090909090909,3,TRUE
"New Mexico",2025-01-02,"calendar","hsgp","hurdle_ztpoisson",2024-12-14,2024,2,107,108,109,0.975151515151515,1,TRUE
"New Mexico",2025-01-02,"calendar","hsgp","hurdle_ztpoisson",2024-12-21,2024,1,196,207,202,2.97409090909091,5,TRUE
"New Mexico",2025-01-02,"calendar","hsgp","hurdle_ztpoisson",2024-12-28,2024,0,216,234,223,5.83621212121212,11,TRUE
"New Mexico",2025-01-02,"calendar","sir","hurdle_ztnb",2024-11-30,2024,4,53,55,53,1.38318181818182,2,TRUE
"New Mexico",2025-01-02,"calendar","sir","hurdle_ztnb",2024-12-07,2024,3,100,103,100,2.01818181818182,3,TRUE
"New Mexico",2025-01-02,"calendar","sir","hurdle_ztnb",2024-12-14,2024,2,107,108,107,0.703787878787879,1,TRUE
"New Mexico",2025-01-02,"calendar","sir","hurdle_ztnb",2024-12-21,2024,1,196,207,196,6.52833333333333,11,TRUE
"New Mexico",2025-01-02,"calendar","sir","hurdle_ztnb",2024-12-28,2024,0,216,234,216,12.5927272727273,18,FALSE
"New Mexico",2025-01-02,"calendar","sir","hurdle_ztpoisson",2024-11-30,2024,4,53,55,53,2,2,FALSE
"New Mexico",2025-01-02,"calendar","sir","hurdle_ztpoisson",2024-12-07,2024,3,100,103,103,1.14924242424242,0,TRUE
"New Mexico",2025-01-02,"calendar","sir","hurdle_ztpoisson",2024-12-14,2024,2,107,108,107,0.681818181818182,1,TRUE
"New Mexico",2025-01-02,"calendar","sir","hurdle_ztpoisson",2024-12-21,2024,1,196,207,196,6.96,11,FALSE
"New Mexico",2025-01-02,"calendar","sir","hurdle_ztpoisson",2024-12-28,2024,0,216,234,218,9.24348484848485,16,TRUE
"New Mexico",2025-02-15,"calendar","hsgp","hurdle_ztnb",2025-01-18,2025,4,250,251,254,1.72727272727273,3,TRUE
"New Mexico",2025-02-15,"calendar","hsgp","hurdle_ztnb",2025-01-25,2025,3,194,196,199,2.06363636363636,3,TRUE
"New Mexico",2025-02-15,"calendar","hsgp","hurdle_ztnb",2025-02-01,2025,2,212,214,219,3.16863636363636,5,TRUE
"New Mexico",2025-02-15,"calendar","hsgp","hurdle_ztnb",2025-02-08,2025,1,203,215,216,3.25060606060606,1,TRUE
"New Mexico",2025-02-15,"calendar","hsgp","hurdle_ztnb",2025-02-15,2025,0,130,248,144,77.8131818181818,104,FALSE
"New Mexico",2025-02-15,"calendar","hsgp","hurdle_ztpoisson",2025-01-18,2025,4,250,251,250,0.781818181818182,1,TRUE
"New Mexico",2025-02-15,"calendar","hsgp","hurdle_ztpoisson",2025-01-25,2025,3,194,196,194,1.06363636363636,2,TRUE
"New Mexico",2025-02-15,"calendar","hsgp","hurdle_ztpoisson",2025-02-01,2025,2,212,214,213,1.09363636363636,1,TRUE
"New Mexico",2025-02-15,"calendar","hsgp","hurdle_ztpoisson",2025-02-08,2025,1,203,215,203,6.44924242424243,12,TRUE
"New Mexico",2025-02-15,"calendar","hsgp","hurdle_ztpoisson",2025-02-15,2025,0,130,248,130,108.891060606061,118,FALSE
"New Mexico",2025-02-15,"calendar","sir","hurdle_ztnb",2025-01-18,2025,4,250,251,251,0.974090909090909,0,TRUE
"New Mexico",2025-02-15,"calendar","sir","hurdle_ztnb",2025-01-25,2025,3,194,196,196,1.12969696969697,0,TRUE
"New Mexico",2025-02-15,"calendar","sir","hurdle_ztnb",2025-02-01,2025,2,212,214,215,1.56742424242424,1,TRUE
"New Mexico",2025-02-15,"calendar","sir","hurdle_ztnb",2025-02-08,2025,1,203,215,206,4.57772727272727,9,TRUE
"New Mexico",2025-02-15,"calendar","sir","hurdle_ztnb",2025-02-15,2025,0,130,248,134,99.9886363636364,114,FALSE
"New Mexico",2025-02-15,"calendar","sir","hurdle_ztpoisson",2025-01-18,2025,4,250,251,253,1.28318181818182,2,TRUE
"New Mexico",2025-02-15,"calendar","sir","hurdle_ztpoisson",2025-01-25,2025,3,194,196,194,1.10909090909091,2,TRUE
"New Mexico",2025-02-15,"calendar","sir","hurdle_ztpoisson",2025-02-01,2025,2,212,214,212,1.11818181818182,2,TRUE
"New Mexico",2025-02-15,"calendar","sir","hurdle_ztpoisson",2025-02-08,2025,1,203,215,203,8.95515151515151,12,FALSE
"New Mexico",2025-02-15,"calendar","sir","hurdle_ztpoisson",2025-02-15,2025,0,130,248,130,113.865151515152,118,FALSE
"New Mexico",2025-03-29,"calendar","hsgp","hurdle_ztnb",2025-03-01,2025,4,183,184,183,0.749242424242424,1,TRUE
"New Mexico",2025-03-29,"calendar","hsgp","hurdle_ztnb",2025-03-08,2025,3,178,178,179,0.819545454545454,1,TRUE
"New Mexico",2025-03-29,"calendar","hsgp","hurdle_ztnb",2025-03-15,2025,2,141,146,142,1.94545454545455,4,TRUE
"New Mexico",2025-03-29,"calendar","hsgp","hurdle_ztnb",2025-03-22,2025,1,103,110,104,2.80378787878788,6,TRUE
"New Mexico",2025-03-29,"calendar","hsgp","hurdle_ztnb",2025-03-29,2025,0,48,90,52,31.3572727272727,38,FALSE
"New Mexico",2025-03-29,"calendar","hsgp","hurdle_ztpoisson",2025-03-01,2025,4,183,184,183,0.63,1,TRUE
"New Mexico",2025-03-29,"calendar","hsgp","hurdle_ztpoisson",2025-03-08,2025,3,178,178,178,0.42060606060606,0,TRUE
"New Mexico",2025-03-29,"calendar","hsgp","hurdle_ztpoisson",2025-03-15,2025,2,141,146,141,2.35833333333333,5,TRUE
"New Mexico",2025-03-29,"calendar","hsgp","hurdle_ztpoisson",2025-03-22,2025,1,103,110,103,3.43030303030303,7,TRUE
"New Mexico",2025-03-29,"calendar","hsgp","hurdle_ztpoisson",2025-03-29,2025,0,48,90,48,36.4906060606061,42,FALSE
"New Mexico",2025-03-29,"calendar","sir","hurdle_ztnb",2025-03-01,2025,4,183,184,183,0.646818181818182,1,TRUE
"New Mexico",2025-03-29,"calendar","sir","hurdle_ztnb",2025-03-08,2025,3,178,178,178,0.558333333333333,0,TRUE
"New Mexico",2025-03-29,"calendar","sir","hurdle_ztnb",2025-03-15,2025,2,141,146,141,2.28424242424242,5,TRUE
"New Mexico",2025-03-29,"calendar","sir","hurdle_ztnb",2025-03-22,2025,1,103,110,104,3.05318181818182,6,TRUE
"New Mexico",2025-03-29,"calendar","sir","hurdle_ztnb",2025-03-29,2025,0,48,90,51,27.5013636363636,39,FALSE
"New Mexico",2025-03-29,"calendar","sir","hurdle_ztpoisson",2025-03-01,2025,4,183,184,183,0.694696969696969,1,TRUE
"New Mexico",2025-03-29,"calendar","sir","hurdle_ztpoisson",2025-03-08,2025,3,178,178,178,0.0727272727272728,0,TRUE
"New Mexico",2025-03-29,"calendar","sir","hurdle_ztpoisson",2025-03-15,2025,2,141,146,141,3.89636363636364,5,FALSE
"New Mexico",2025-03-29,"calendar","sir","hurdle_ztpoisson",2025-03-22,2025,1,103,110,103,5.98181818181818,7,FALSE
"New Mexico",2025-03-29,"calendar","sir","hurdle_ztpoisson",2025-03-29,2025,0,48,90,48,40.5727272727273,42,FALSE
"New Mexico",2025-04-26,"calendar","hsgp","hurdle_ztnb",2025-03-29,2025,4,90,90,90,0.281818181818182,0,TRUE
"New Mexico",2025-04-26,"calendar","hsgp","hurdle_ztnb",2025-04-05,2025,3,58,58,58,0.392272727272727,0,TRUE
"New Mexico",2025-04-26,"calendar","hsgp","hurdle_ztnb",2025-04-12,2025,2,37,37,38,0.857272727272727,1,TRUE
"New Mexico",2025-04-26,"calendar","hsgp","hurdle_ztnb",2025-04-19,2025,1,31,31,32,1.02863636363636,1,TRUE
"New Mexico",2025-04-26,"calendar","hsgp","hurdle_ztnb",2025-04-26,2025,0,39,42,43.5,1.73772727272727,1.5,TRUE
"New Mexico",2025-04-26,"calendar","hsgp","hurdle_ztpoisson",2025-03-29,2025,4,90,90,90,0.0909090909090909,0,TRUE
"New Mexico",2025-04-26,"calendar","hsgp","hurdle_ztpoisson",2025-04-05,2025,3,58,58,58,0.145454545454545,0,TRUE
"New Mexico",2025-04-26,"calendar","hsgp","hurdle_ztpoisson",2025-04-12,2025,2,37,37,37,0.240151515151515,0,TRUE
"New Mexico",2025-04-26,"calendar","hsgp","hurdle_ztpoisson",2025-04-19,2025,1,31,31,31,0.42969696969697,0,TRUE
"New Mexico",2025-04-26,"calendar","hsgp","hurdle_ztpoisson",2025-04-26,2025,0,39,42,39,2.92969696969697,3,TRUE
"New Mexico",2025-04-26,"calendar","sir","hurdle_ztnb",2025-03-29,2025,4,90,90,90,0.320606060606061,0,TRUE
"New Mexico",2025-04-26,"calendar","sir","hurdle_ztnb",2025-04-05,2025,3,58,58,58,0.430909090909091,0,TRUE
"New Mexico",2025-04-26,"calendar","sir","hurdle_ztnb",2025-04-12,2025,2,37,37,37,0.781818181818182,0,TRUE
"New Mexico",2025-04-26,"calendar","sir","hurdle_ztnb",2025-04-19,2025,1,31,31,31,0.983181818181818,0,TRUE
"New Mexico",2025-04-26,"calendar","sir","hurdle_ztnb",2025-04-26,2025,0,39,42,40,1.53772727272727,2,TRUE
"New Mexico",2025-04-26,"calendar","sir","hurdle_ztpoisson",2025-03-29,2025,4,90,90,90,0.0181818181818182,0,TRUE
"New Mexico",2025-04-26,"calendar","sir","hurdle_ztpoisson",2025-04-05,2025,3,58,58,58,0,0,TRUE
"New Mexico",2025-04-26,"calendar","sir","hurdle_ztpoisson",2025-04-12,2025,2,37,37,37,0,0,TRUE
"New Mexico",2025-04-26,"calendar","sir","hurdle_ztpoisson",2025-04-19,2025,1,31,31,31,0.0104545454545453,0,TRUE
"New Mexico",2025-04-26,"calendar","sir","hurdle_ztpoisson",2025-04-26,2025,0,39,42,39,2.32727272727273,3,TRUE
"New Mexico",2025-05-31,"calendar","hsgp","hurdle_ztnb",2025-05-03,2025,4,32,32,32,0.0454545454545455,0,TRUE
"New Mexico",2025-05-31,"calendar","hsgp","hurdle_ztnb",2025-05-10,2025,3,25,25,25,0.0454545454545455,0,TRUE
"New Mexico",2025-05-31,"calendar","hsgp","hurdle_ztnb",2025-05-17,2025,2,11,11,11,0.0636363636363637,0,TRUE
"New Mexico",2025-05-31,"calendar","hsgp","hurdle_ztnb",2025-05-24,2025,1,14,14,14,0.227272727272727,0,TRUE
"New Mexico",2025-05-31,"calendar","hsgp","hurdle_ztnb",2025-05-31,2025,0,4,7,4,1.29333333333333,3,TRUE
"New Mexico",2025-05-31,"calendar","hsgp","hurdle_ztpoisson",2025-05-03,2025,4,32,32,32,0.0272727272727273,0,TRUE
"New Mexico",2025-05-31,"calendar","hsgp","hurdle_ztpoisson",2025-05-10,2025,3,25,25,25,0.0104545454545453,0,TRUE
"New Mexico",2025-05-31,"calendar","hsgp","hurdle_ztpoisson",2025-05-17,2025,2,11,11,11,0.0181818181818182,0,TRUE
"New Mexico",2025-05-31,"calendar","hsgp","hurdle_ztpoisson",2025-05-24,2025,1,14,14,14,0.0909090909090909,0,TRUE
"New Mexico",2025-05-31,"calendar","hsgp","hurdle_ztpoisson",2025-05-31,2025,0,4,7,4,2.18181818181818,3,TRUE
"New Mexico",2025-05-31,"calendar","sir","hurdle_ztnb",2025-05-03,2025,4,32,32,32,0.0727272727272728,0,TRUE
"New Mexico",2025-05-31,"calendar","sir","hurdle_ztnb",2025-05-10,2025,3,25,25,25,0.0818181818181818,0,TRUE
"New Mexico",2025-05-31,"calendar","sir","hurdle_ztnb",2025-05-17,2025,2,11,11,11,0.192272727272727,0,TRUE
"New Mexico",2025-05-31,"calendar","sir","hurdle_ztnb",2025-05-24,2025,1,14,14,14,0.302424242424242,0,TRUE
"New Mexico",2025-05-31,"calendar","sir","hurdle_ztnb",2025-05-31,2025,0,4,7,4,1.65727272727273,3,TRUE
"New Mexico",2025-05-31,"calendar","sir","hurdle_ztpoisson",2025-05-03,2025,4,32,32,32,0,0,TRUE
"New Mexico",2025-05-31,"calendar","sir","hurdle_ztpoisson",2025-05-10,2025,3,25,25,25,0,0,TRUE
"New Mexico",2025-05-31,"calendar","sir","hurdle_ztpoisson",2025-05-17,2025,2,11,11,11,0,0,TRUE
"New Mexico",2025-05-31,"calendar","sir","hurdle_ztpoisson",2025-05-24,2025,1,14,14,14,0,0,TRUE
"New Mexico",2025-05-31,"calendar","sir","hurdle_ztpoisson",2025-05-31,2025,0,4,7,4,3,3,FALSE
"New York",2025-01-02,"calendar","hsgp","hurdle_ztnb",2024-11-30,2024,4,145,145,145,0.712878787878788,0,TRUE
"New York",2025-01-02,"calendar","hsgp","hurdle_ztnb",2024-12-07,2024,3,274,275,274,1.65954545454546,1,TRUE
"New York",2025-01-02,"calendar","hsgp","hurdle_ztnb",2024-12-14,2024,2,425,432,428,2.58666666666666,4,TRUE
"New York",2025-01-02,"calendar","hsgp","hurdle_ztnb",2024-12-21,2024,1,725,736,728,4.465,8,TRUE
"New York",2025-01-02,"calendar","hsgp","hurdle_ztnb",2024-12-28,2024,0,1491,1528,1499,16.5189393939394,29,TRUE
"New York",2025-01-02,"calendar","hsgp","hurdle_ztpoisson",2024-11-30,2024,4,145,145,145,0,0,TRUE
"New York",2025-01-02,"calendar","hsgp","hurdle_ztpoisson",2024-12-07,2024,3,274,275,274,1,1,FALSE
"New York",2025-01-02,"calendar","hsgp","hurdle_ztpoisson",2024-12-14,2024,2,425,432,425,7,7,FALSE
"New York",2025-01-02,"calendar","hsgp","hurdle_ztpoisson",2024-12-21,2024,1,725,736,725,8.63454545454546,11,FALSE
"New York",2025-01-02,"calendar","hsgp","hurdle_ztpoisson",2024-12-28,2024,0,1491,1528,1491,27.925,37,TRUE
"New York",2025-01-02,"calendar","sir","hurdle_ztnb",2024-11-30,2024,4,145,145,145,0.194696969696969,0,TRUE
"New York",2025-01-02,"calendar","sir","hurdle_ztnb",2024-12-07,2024,3,274,275,274,0.737727272727273,1,TRUE
"New York",2025-01-02,"calendar","sir","hurdle_ztnb",2024-12-14,2024,2,425,432,425,4.20136363636364,7,TRUE
"New York",2025-01-02,"calendar","sir","hurdle_ztnb",2024-12-21,2024,1,725,736,725,5.93,11,TRUE
"New York",2025-01-02,"calendar","sir","hurdle_ztnb",2024-12-28,2024,0,1491,1528,1491,26.6487878787879,37,FALSE
"New York",2025-01-02,"calendar","sir","hurdle_ztpoisson",2024-11-30,2024,4,145,145,145,0,0,TRUE
"New York",2025-01-02,"calendar","sir","hurdle_ztpoisson",2024-12-07,2024,3,274,275,279,2.97757575757576,4,TRUE
"New York",2025-01-02,"calendar","sir","hurdle_ztpoisson",2024-12-14,2024,2,425,432,425,5.96363636363636,7,FALSE
"New York",2025-01-02,"calendar","sir","hurdle_ztpoisson",2024-12-21,2024,1,725,736,725,7.05454545454545,11,TRUE
"New York",2025-01-02,"calendar","sir","hurdle_ztpoisson",2024-12-28,2024,0,1491,1528,1491,22.5622727272728,37,TRUE
"New York",2025-02-15,"calendar","hsgp","hurdle_ztnb",2025-01-18,2025,4,2567,2617,2576,22.5201515151515,41,TRUE
"New York",2025-02-15,"calendar","hsgp","hurdle_ztnb",2025-01-25,2025,3,2899,2931,2914,10.975303030303,17,TRUE
"New York",2025-02-15,"calendar","hsgp","hurdle_ztnb",2025-02-01,2025,2,3030,3128,3056,41.0489393939394,72,TRUE
"New York",2025-02-15,"calendar","hsgp","hurdle_ztnb",2025-02-08,2025,1,2824,2945,2863.5,42.6721212121212,81.5,TRUE
"New York",2025-02-15,"calendar","hsgp","hurdle_ztnb",2025-02-15,2025,0,2260,2499,2323.5,99.9731818181818,175.5,TRUE
"New York",2025-02-15,"calendar","hsgp","hurdle_ztpoisson",2025-01-18,2025,4,2567,2617,2567,50,50,FALSE
"New York",2025-02-15,"calendar","hsgp","hurdle_ztpoisson",2025-01-25,2025,3,2899,2931,2899,30.7909090909091,32,FALSE
"New York",2025-02-15,"calendar","hsgp","hurdle_ztpoisson",2025-02-01,2025,2,3030,3128,3030,94.1690909090909,98,FALSE
"New York",2025-02-15,"calendar","hsgp","hurdle_ztpoisson",2025-02-08,2025,1,2824,2945,2824,97.4013636363636,121,FALSE
"New York",2025-02-15,"calendar","hsgp","hurdle_ztpoisson",2025-02-15,2025,0,2260,2499,2260,155.298181818182,239,TRUE
"New York",2025-02-15,"calendar","sir","hurdle_ztnb",2025-01-18,2025,4,2567,2617,2567,45.0990909090909,50,FALSE
"New York",2025-02-15,"calendar","sir","hurdle_ztnb",2025-01-25,2025,3,2899,2931,2899,26.2277272727273,32,FALSE
"New York",2025-02-15,"calendar","sir","hurdle_ztnb",2025-02-01,2025,2,3030,3128,3031,87.6068181818182,97,FALSE
"New York",2025-02-15,"calendar","sir","hurdle_ztnb",2025-02-08,2025,1,2824,2945,2825,105.001363636364,120,FALSE
"New York",2025-02-15,"calendar","sir","hurdle_ztnb",2025-02-15,2025,0,2260,2499,2261,218.832878787879,238,FALSE
"New York",2025-02-15,"calendar","sir","hurdle_ztpoisson",2025-01-18,2025,4,2567,2617,2567,50,50,FALSE
"New York",2025-02-15,"calendar","sir","hurdle_ztpoisson",2025-01-25,2025,3,2899,2931,2899,32,32,FALSE
"New York",2025-02-15,"calendar","sir","hurdle_ztpoisson",2025-02-01,2025,2,3030,3128,3030,98,98,FALSE
"New York",2025-02-15,"calendar","sir","hurdle_ztpoisson",2025-02-08,2025,1,2824,2945,2824,121,121,FALSE
"New York",2025-02-15,"calendar","sir","hurdle_ztpoisson",2025-02-15,2025,0,2260,2499,2260,235.994545454546,239,FALSE
"New York",2025-03-29,"calendar","hsgp","hurdle_ztnb",2025-03-01,2025,4,1604,1631,1607,14.7836363636364,24,TRUE
"New York",2025-03-29,"calendar","hsgp","hurdle_ztnb",2025-03-08,2025,3,1273,1282,1277,2.94151515151515,5,TRUE
"New York",2025-03-29,"calendar","hsgp","hurdle_ztnb",2025-03-15,2025,2,1104,1109,1108,2.37090909090908,1,TRUE
"New York",2025-03-29,"calendar","hsgp","hurdle_ztnb",2025-03-22,2025,1,887,895,892,3.03136363636364,3,TRUE
"New York",2025-03-29,"calendar","hsgp","hurdle_ztnb",2025-03-29,2025,0,572,610,578,17.9010606060606,32,TRUE
"New York",2025-03-29,"calendar","hsgp","hurdle_ztpoisson",2025-03-01,2025,4,1604,1631,1604,27,27,FALSE
"New York",2025-03-29,"calendar","hsgp","hurdle_ztpoisson",2025-03-08,2025,3,1273,1282,1273,9,9,FALSE
"New York",2025-03-29,"calendar","hsgp","hurdle_ztpoisson",2025-03-15,2025,2,1104,1109,1104,4.23136363636367,5,FALSE
"New York",2025-03-29,"calendar","hsgp","hurdle_ztpoisson",2025-03-22,2025,1,887,895,887,5.54121212121212,8,TRUE
"New York",2025-03-29,"calendar","hsgp","hurdle_ztpoisson",2025-03-29,2025,0,572,610,572,25.0983333333333,38,TRUE
"New York",2025-03-29,"calendar","sir","hurdle_ztnb",2025-03-01,2025,4,1604,1631,1604,19.885,27,FALSE
"New York",2025-03-29,"calendar","sir","hurdle_ztnb",2025-03-08,2025,3,1273,1282,1273,4.75181818181819,9,TRUE
"New York",2025-03-29,"calendar","sir","hurdle_ztnb",2025-03-15,2025,2,1104,1109,1105,2.56060606060606,4,TRUE
"New York",2025-03-29,"calendar","sir","hurdle_ztnb",2025-03-22,2025,1,887,895,888,3.70818181818182,7,TRUE
"New York",2025-03-29,"calendar","sir","hurdle_ztnb",2025-03-29,2025,0,572,610,575,19.6934848484849,35,TRUE
"New York",2025-03-29,"calendar","sir","hurdle_ztpoisson",2025-03-01,2025,4,1604,1631,1604,27,27,FALSE
"New York",2025-03-29,"calendar","sir","hurdle_ztpoisson",2025-03-08,2025,3,1273,1282,1273,9,9,FALSE
"New York",2025-03-29,"calendar","sir","hurdle_ztpoisson",2025-03-15,2025,2,1104,1109,1104,5,5,FALSE
"New York",2025-03-29,"calendar","sir","hurdle_ztpoisson",2025-03-22,2025,1,887,895,887,7.30909090909091,8,FALSE
"New York",2025-03-29,"calendar","sir","hurdle_ztpoisson",2025-03-29,2025,0,572,610,572,38.0054545454545,38,FALSE
"New York",2025-04-26,"calendar","hsgp","hurdle_ztnb",2025-03-29,2025,4,610,610,610,0.584545454545454,0,TRUE
"New York",2025-04-26,"calendar","hsgp","hurdle_ztnb",2025-04-05,2025,3,503,503,504,1.17409090909091,1,TRUE
"New York",2025-04-26,"calendar","hsgp","hurdle_ztnb",2025-04-12,2025,2,395,395,396,1.23227272727273,1,TRUE
"New York",2025-04-26,"calendar","hsgp","hurdle_ztnb",2025-04-19,2025,1,281,283,284,1.59090909090909,1,TRUE
"New York",2025-04-26,"calendar","hsgp","hurdle_ztnb",2025-04-26,2025,0,173,209,177,20.1727272727273,32,TRUE
"New York",2025-04-26,"calendar","hsgp","hurdle_ztpoisson",2025-03-29,2025,4,610,610,610,0.209090909090909,0,TRUE
"New York",2025-04-26,"calendar","hsgp","hurdle_ztpoisson",2025-04-05,2025,3,503,503,503,0.346818181818182,0,TRUE
"New York",2025-04-26,"calendar","hsgp","hurdle_ztpoisson",2025-04-12,2025,2,395,395,395,0.39969696969697,0,TRUE
"New York",2025-04-26,"calendar","hsgp","hurdle_ztpoisson",2025-04-19,2025,1,281,283,281,1.49090909090909,2,TRUE
"New York",2025-04-26,"calendar","hsgp","hurdle_ztpoisson",2025-04-26,2025,0,173,209,173,35.1872727272727,36,FALSE
"New York",2025-04-26,"calendar","sir","hurdle_ztnb",2025-03-29,2025,4,610,610,610,0.96969696969697,0,TRUE
"New York",2025-04-26,"calendar","sir","hurdle_ztnb",2025-04-05,2025,3,503,503,503,1.12969696969697,0,TRUE
"New York",2025-04-26,"calendar","sir","hurdle_ztnb",2025-04-12,2025,2,395,395,396,1.39333333333333,1,TRUE
"New York",2025-04-26,"calendar","sir","hurdle_ztnb",2025-04-19,2025,1,281,283,282,1.88318181818182,1,TRUE
"New York",2025-04-26,"calendar","sir","hurdle_ztnb",2025-04-26,2025,0,173,209,175,18.9904545454545,34,TRUE
"New York",2025-04-26,"calendar","sir","hurdle_ztpoisson",2025-03-29,2025,4,610,610,610,0,0,TRUE
"New York",2025-04-26,"calendar","sir","hurdle_ztpoisson",2025-04-05,2025,3,503,503,503,0,0,TRUE
"New York",2025-04-26,"calendar","sir","hurdle_ztpoisson",2025-04-12,2025,2,395,395,395,0,0,TRUE
"New York",2025-04-26,"calendar","sir","hurdle_ztpoisson",2025-04-19,2025,1,281,283,281,2,2,FALSE
"New York",2025-04-26,"calendar","sir","hurdle_ztpoisson",2025-04-26,2025,0,173,209,173,36,36,FALSE
"New York",2025-05-31,"calendar","hsgp","hurdle_ztnb",2025-05-03,2025,4,157,157,157,0.0933333333333332,0,TRUE
"New York",2025-05-31,"calendar","hsgp","hurdle_ztnb",2025-05-10,2025,3,104,105,104,0.631060606060606,1,TRUE
"New York",2025-05-31,"calendar","hsgp","hurdle_ztnb",2025-05-17,2025,2,63,63,63,0.327272727272727,0,TRUE
"New York",2025-05-31,"calendar","hsgp","hurdle_ztnb",2025-05-24,2025,1,49,50,50,1.02863636363636,0,TRUE
"New York",2025-05-31,"calendar","hsgp","hurdle_ztnb",2025-05-31,2025,0,30,41,33,4.20030303030303,8,TRUE
"New York",2025-05-31,"calendar","hsgp","hurdle_ztpoisson",2025-05-03,2025,4,157,157,157,0,0,TRUE
"New York",2025-05-31,"calendar","hsgp","hurdle_ztpoisson",2025-05-10,2025,3,104,105,104,1,1,FALSE
"New York",2025-05-31,"calendar","hsgp","hurdle_ztpoisson",2025-05-17,2025,2,63,63,63,0,0,TRUE
"New York",2025-05-31,"calendar","hsgp","hurdle_ztpoisson",2025-05-24,2025,1,49,50,49,0.854545454545455,1,TRUE
"New York",2025-05-31,"calendar","hsgp","hurdle_ztpoisson",2025-05-31,2025,0,30,41,30,10.6559090909091,11,FALSE
"New York",2025-05-31,"calendar","sir","hurdle_ztnb",2025-05-03,2025,4,157,157,157,0.484242424242424,0,TRUE
"New York",2025-05-31,"calendar","sir","hurdle_ztnb",2025-05-10,2025,3,104,105,104,0.839090909090909,1,TRUE
"New York",2025-05-31,"calendar","sir","hurdle_ztnb",2025-05-17,2025,2,63,63,63,1,0,TRUE
"New York",2025-05-31,"calendar","sir","hurdle_ztnb",2025-05-24,2025,1,49,50,50,1.86348484848485,0,TRUE
"New York",2025-05-31,"calendar","sir","hurdle_ztnb",2025-05-31,2025,0,30,41,32.5,5.41045454545455,8.5,TRUE
"New York",2025-05-31,"calendar","sir","hurdle_ztpoisson",2025-05-03,2025,4,157,157,157,0,0,TRUE
"New York",2025-05-31,"calendar","sir","hurdle_ztpoisson",2025-05-10,2025,3,104,105,104,1,1,FALSE
"New York",2025-05-31,"calendar","sir","hurdle_ztpoisson",2025-05-17,2025,2,63,63,63,0,0,TRUE
"New York",2025-05-31,"calendar","sir","hurdle_ztpoisson",2025-05-24,2025,1,49,50,49,1,1,FALSE
"New York",2025-05-31,"calendar","sir","hurdle_ztpoisson",2025-05-31,2025,0,30,41,30,11,11,FALSE
"North Carolina",2025-01-02,"calendar","hsgp","hurdle_ztnb",2024-11-30,2024,4,43,43,43,0.0195454545454544,0,TRUE
"North Carolina",2025-01-02,"calendar","hsgp","hurdle_ztnb",2024-12-07,2024,3,65,65,65,0.0468181818181817,0,TRUE
"North Carolina",2025-01-02,"calendar","hsgp","hurdle_ztnb",2024-12-14,2024,2,170,173,170,2.23,3,TRUE
"North Carolina",2025-01-02,"calendar","hsgp","hurdle_ztnb",2024-12-21,2024,1,268,292,268,14.0842424242424,24,TRUE
"North Carolina",2025-01-02,"calendar","hsgp","hurdle_ztnb",2024-12-28,2024,0,544,611,544,39.3759090909091,67,TRUE
"North Carolina",2025-01-02,"calendar","hsgp","hurdle_ztpoisson",2024-11-30,2024,4,43,43,43,0,0,TRUE
"North Carolina",2025-01-02,"calendar","hsgp","hurdle_ztpoisson",2024-12-07,2024,3,65,65,65,0,0,TRUE
"North Carolina",2025-01-02,"calendar","hsgp","hurdle_ztpoisson",2024-12-14,2024,2,170,173,170,3,3,FALSE
"North Carolina",2025-01-02,"calendar","hsgp","hurdle_ztpoisson",2024-12-21,2024,1,268,292,268,22.2468181818182,24,FALSE
"North Carolina",2025-01-02,"calendar","hsgp","hurdle_ztpoisson",2024-12-28,2024,0,544,611,544,58.0395454545455,67,FALSE
"North Carolina",2025-01-02,"calendar","sir","hurdle_ztnb",2024-11-30,2024,4,43,43,43,0,0,TRUE
"North Carolina",2025-01-02,"calendar","sir","hurdle_ztnb",2024-12-07,2024,3,65,65,65,0,0,TRUE
"North Carolina",2025-01-02,"calendar","sir","hurdle_ztnb",2024-12-14,2024,2,170,173,170,2.48181818181818,3,TRUE
"North Carolina",2025-01-02,"calendar","sir","hurdle_ztnb",2024-12-21,2024,1,268,292,268,22.3418181818182,24,FALSE
"North Carolina",2025-01-02,"calendar","sir","hurdle_ztnb",2024-12-28,2024,0,544,611,544,59.8809090909091,67,FALSE
"North Carolina",2025-01-02,"calendar","sir","hurdle_ztpoisson",2024-11-30,2024,4,43,43,43,0,0,TRUE
"North Carolina",2025-01-02,"calendar","sir","hurdle_ztpoisson",2024-12-07,2024,3,65,65,65,3.07469696969697,0,TRUE
"North Carolina",2025-01-02,"calendar","sir","hurdle_ztpoisson",2024-12-14,2024,2,170,173,170,3.24545454545455,3,FALSE
"North Carolina",2025-01-02,"calendar","sir","hurdle_ztpoisson",2024-12-21,2024,1,268,292,268,23.5218181818182,24,FALSE
"North Carolina",2025-01-02,"calendar","sir","hurdle_ztpoisson",2024-12-28,2024,0,544,611,544,61.6971212121212,67,FALSE
"North Carolina",2025-02-15,"calendar","hsgp","hurdle_ztnb",2025-01-18,2025,4,1104,1109,1104,3.50651515151515,5,TRUE
"North Carolina",2025-02-15,"calendar","hsgp","hurdle_ztnb",2025-01-25,2025,3,1553,1582,1553,18.0536363636364,29,TRUE
"North Carolina",2025-02-15,"calendar","hsgp","hurdle_ztnb",2025-02-01,2025,2,1905,2082,1905,145.047878787879,177,FALSE
"North Carolina",2025-02-15,"calendar","hsgp","hurdle_ztnb",2025-02-08,2025,1,2245,2280,2247,16.319696969697,33,TRUE
"North Carolina",2025-02-15,"calendar","hsgp","hurdle_ztnb",2025-02-15,2025,0,1523,1694,1535.5,96.2087878787879,158.5,TRUE
"North Carolina",2025-02-15,"calendar","hsgp","hurdle_ztpoisson",2025-01-18,2025,4,1104,1109,1104,5.52727272727273,5,FALSE
"North Carolina",2025-02-15,"calendar","hsgp","hurdle_ztpoisson",2025-01-25,2025,3,1553,1582,1553,27.7218181818182,29,FALSE
"North Carolina",2025-02-15,"calendar","hsgp","hurdle_ztpoisson",2025-02-01,2025,2,1905,2082,1905,172.846818181818,177,FALSE
"North Carolina",2025-02-15,"calendar","hsgp","hurdle_ztpoisson",2025-02-08,2025,1,2245,2280,2245,21.4189393939394,35,TRUE
"North Carolina",2025-02-15,"calendar","hsgp","hurdle_ztpoisson",2025-02-15,2025,0,1523,1694,1523,102.184242424242,171,TRUE
"North Carolina",2025-02-15,"calendar","sir","hurdle_ztnb",2025-01-18,2025,4,1104,1109,1104,3.97272727272727,5,TRUE
"North Carolina",2025-02-15,"calendar","sir","hurdle_ztnb",2025-01-25,2025,3,1553,1582,1553,27.6013636363636,29,FALSE
"North Carolina",2025-02-15,"calendar","sir","hurdle_ztnb",2025-02-01,2025,2,1905,2082,1905,172.451363636364,177,FALSE
"North Carolina",2025-02-15,"calendar","sir","hurdle_ztnb",2025-02-08,2025,1,2245,2280,2245,26.5536363636364,35,TRUE
"North Carolina",2025-02-15,"calendar","sir","hurdle_ztnb",2025-02-15,2025,0,1523,1694,1523,153.397272727273,171,FALSE
"North Carolina",2025-02-15,"calendar","sir","hurdle_ztpoisson",2025-01-18,2025,4,1104,1109,1104,5,5,FALSE
"North Carolina",2025-02-15,"calendar","sir","hurdle_ztpoisson",2025-01-25,2025,3,1553,1582,1553,29,29,FALSE
"North Carolina",2025-02-15,"calendar","sir","hurdle_ztpoisson",2025-02-01,2025,2,1905,2082,1905,177,177,FALSE
"North Carolina",2025-02-15,"calendar","sir","hurdle_ztpoisson",2025-02-08,2025,1,2245,2280,2245,35,35,FALSE
"North Carolina",2025-02-15,"calendar","sir","hurdle_ztpoisson",2025-02-15,2025,0,1523,1694,1523,169.246818181818,171,FALSE
"North Carolina",2025-03-29,"calendar","hsgp","hurdle_ztnb",2025-03-01,2025,4,917,918,917,1.24954545454545,1,TRUE
"North Carolina",2025-03-29,"calendar","hsgp","hurdle_ztnb",2025-03-08,2025,3,821,822,821,1.27590909090909,1,TRUE
"North Carolina",2025-03-29,"calendar","hsgp","hurdle_ztnb",2025-03-15,2025,2,665,667,665,1.77757575757576,2,TRUE
"North Carolina",2025-03-29,"calendar","hsgp","hurdle_ztnb",2025-03-22,2025,1,432,434,432,1.665,2,TRUE
"North Carolina",2025-03-29,"calendar","hsgp","hurdle_ztnb",2025-03-29,2025,0,270,301,273,14.6519696969697,28,TRUE
"North Carolina",2025-03-29,"calendar","hsgp","hurdle_ztpoisson",2025-03-01,2025,4,917,918,917,1.04545454545455,1,TRUE
"North Carolina",2025-03-29,"calendar","hsgp","hurdle_ztpoisson",2025-03-08,2025,3,821,822,821,1.13545454545455,1,TRUE
"North Carolina",2025-03-29,"calendar","hsgp","hurdle_ztpoisson",2025-03-15,2025,2,665,667,665,1.63227272727272,2,TRUE
"North Carolina",2025-03-29,"calendar","hsgp","hurdle_ztpoisson",2025-03-22,2025,1,432,434,432,1.89727272727273,2,TRUE
"North Carolina",2025-03-29,"calendar","hsgp","hurdle_ztpoisson",2025-03-29,2025,0,270,301,270,22.1672727272727,31,TRUE
"North Carolina",2025-03-29,"calendar","sir","hurdle_ztnb",2025-03-01,2025,4,917,918,917,0.846818181818182,1,TRUE
"North Carolina",2025-03-29,"calendar","sir","hurdle_ztnb",2025-03-08,2025,3,821,822,821,0.858333333333333,1,TRUE
"North Carolina",2025-03-29,"calendar","sir","hurdle_ztnb",2025-03-15,2025,2,665,667,665,1.45727272727273,2,TRUE
"North Carolina",2025-03-29,"calendar","sir","hurdle_ztnb",2025-03-22,2025,1,432,434,432,1.7480303030303,2,TRUE
"North Carolina",2025-03-29,"calendar","sir","hurdle_ztnb",2025-03-29,2025,0,270,301,270,19.0104545454545,31,TRUE
"North Carolina",2025-03-29,"calendar","sir","hurdle_ztpoisson",2025-03-01,2025,4,917,918,917,1,1,FALSE
"North Carolina",2025-03-29,"calendar","sir","hurdle_ztpoisson",2025-03-08,2025,3,821,822,821,1,1,FALSE
"North Carolina",2025-03-29,"calendar","sir","hurdle_ztpoisson",2025-03-15,2025,2,665,667,665,2,2,FALSE
"North Carolina",2025-03-29,"calendar","sir","hurdle_ztpoisson",2025-03-22,2025,1,432,434,432,2,2,FALSE
"North Carolina",2025-03-29,"calendar","sir","hurdle_ztpoisson",2025-03-29,2025,0,270,301,270,31,31,FALSE
"North Carolina",2025-04-26,"calendar","hsgp","hurdle_ztnb",2025-03-29,2025,4,301,301,301,0.0545454545454546,0,TRUE
"North Carolina",2025-04-26,"calendar","hsgp","hurdle_ztnb",2025-04-05,2025,3,188,188,188,0.0922727272727271,0,TRUE
"North Carolina",2025-04-26,"calendar","hsgp","hurdle_ztnb",2025-04-12,2025,2,98,98,98,0.154545454545455,0,TRUE
"North Carolina",2025-04-26,"calendar","hsgp","hurdle_ztnb",2025-04-19,2025,1,60,60,60,0.356969696969697,0,TRUE
"North Carolina",2025-04-26,"calendar","hsgp","hurdle_ztnb",2025-04-26,2025,0,45,50,45,2.47106060606061,5,TRUE
"North Carolina",2025-04-26,"calendar","hsgp","hurdle_ztpoisson",2025-03-29,2025,4,301,301,301,0.265,0,TRUE
"North Carolina",2025-04-26,"calendar","hsgp","hurdle_ztpoisson",2025-04-05,2025,3,188,188,188,0.398181818181818,0,TRUE
"North Carolina",2025-04-26,"calendar","hsgp","hurdle_ztpoisson",2025-04-12,2025,2,98,98,98,0.218181818181818,0,TRUE
"North Carolina",2025-04-26,"calendar","hsgp","hurdle_ztpoisson",2025-04-19,2025,1,60,60,60,0.234545454545454,0,TRUE
"North Carolina",2025-04-26,"calendar","hsgp","hurdle_ztpoisson",2025-04-26,2025,0,45,50,45,3.50909090909091,5,TRUE
"North Carolina",2025-04-26,"calendar","sir","hurdle_ztnb",2025-03-29,2025,4,301,301,301,0.246818181818182,0,TRUE
"North Carolina",2025-04-26,"calendar","sir","hurdle_ztnb",2025-04-05,2025,3,188,188,188,0.258333333333333,0,TRUE
"North Carolina",2025-04-26,"calendar","sir","hurdle_ztnb",2025-04-12,2025,2,98,98,98,0.555909090909091,0,TRUE
"North Carolina",2025-04-26,"calendar","sir","hurdle_ztnb",2025-04-19,2025,1,60,60,60,0.805,0,TRUE
"North Carolina",2025-04-26,"calendar","sir","hurdle_ztnb",2025-04-26,2025,0,45,50,45,2.94575757575757,5,TRUE
"North Carolina",2025-04-26,"calendar","sir","hurdle_ztpoisson",2025-03-29,2025,4,301,301,301,0,0,TRUE
"North Carolina",2025-04-26,"calendar","sir","hurdle_ztpoisson",2025-04-05,2025,3,188,188,188,0,0,TRUE
"North Carolina",2025-04-26,"calendar","sir","hurdle_ztpoisson",2025-04-12,2025,2,98,98,98,0,0,TRUE
"North Carolina",2025-04-26,"calendar","sir","hurdle_ztpoisson",2025-04-19,2025,1,60,60,60,0,0,TRUE
"North Carolina",2025-04-26,"calendar","sir","hurdle_ztpoisson",2025-04-26,2025,0,45,50,45,5,5,FALSE
"North Carolina",2025-05-31,"calendar","hsgp","hurdle_ztnb",2025-05-03,2025,4,39,39,39,0,0,TRUE
"North Carolina",2025-05-31,"calendar","hsgp","hurdle_ztnb",2025-05-10,2025,3,28,28,28,0.0363636363636364,0,TRUE
"North Carolina",2025-05-31,"calendar","hsgp","hurdle_ztnb",2025-05-17,2025,2,18,18,18,0.0286363636363635,0,TRUE
"North Carolina",2025-05-31,"calendar","hsgp","hurdle_ztnb",2025-05-24,2025,1,19,19,19,0.109090909090909,0,TRUE
"North Carolina",2025-05-31,"calendar","hsgp","hurdle_ztnb",2025-05-31,2025,0,18,18,18,0.605151515151515,0,TRUE
"North Carolina",2025-05-31,"calendar","hsgp","hurdle_ztpoisson",2025-05-03,2025,4,39,39,39,0,0,TRUE
"North Carolina",2025-05-31,"calendar","hsgp","hurdle_ztpoisson",2025-05-10,2025,3,28,28,28,0.0195454545454545,0,TRUE
"North Carolina",2025-05-31,"calendar","hsgp","hurdle_ztpoisson",2025-05-17,2025,2,18,18,18,0,0,TRUE
"North Carolina",2025-05-31,"calendar","hsgp","hurdle_ztpoisson",2025-05-24,2025,1,19,19,19,0,0,TRUE
"North Carolina",2025-05-31,"calendar","hsgp","hurdle_ztpoisson",2025-05-31,2025,0,18,18,18,0.128636363636363,0,TRUE
"North Carolina",2025-05-31,"calendar","sir","hurdle_ztnb",2025-05-03,2025,4,39,39,39,0.0272727272727273,0,TRUE
"North Carolina",2025-05-31,"calendar","sir","hurdle_ztnb",2025-05-10,2025,3,28,28,28,0.118181818181818,0,TRUE
"North Carolina",2025-05-31,"calendar","sir","hurdle_ztnb",2025-05-17,2025,2,18,18,18,0.154545454545455,0,TRUE
"North Carolina",2025-05-31,"calendar","sir","hurdle_ztnb",2025-05-24,2025,1,19,19,19,0.628787878787878,0,TRUE
"North Carolina",2025-05-31,"calendar","sir","hurdle_ztnb",2025-05-31,2025,0,18,18,18,1.00378787878788,0,TRUE
"North Carolina",2025-05-31,"calendar","sir","hurdle_ztpoisson",2025-05-03,2025,4,39,39,39,0,0,TRUE
"North Carolina",2025-05-31,"calendar","sir","hurdle_ztpoisson",2025-05-10,2025,3,28,28,28,0,0,TRUE
"North Carolina",2025-05-31,"calendar","sir","hurdle_ztpoisson",2025-05-17,2025,2,18,18,18,0,0,TRUE
"North Carolina",2025-05-31,"calendar","sir","hurdle_ztpoisson",2025-05-24,2025,1,19,19,19,0,0,TRUE
"North Carolina",2025-05-31,"calendar","sir","hurdle_ztpoisson",2025-05-31,2025,0,18,18,18,0,0,TRUE
"North Dakota",2025-01-02,"calendar","hsgp","hurdle_ztnb",2024-11-30,2024,4,1,1,1,0,0,TRUE
"North Dakota",2025-01-02,"calendar","hsgp","hurdle_ztnb",2024-12-07,2024,3,2,2,2,0.0090909090909091,0,TRUE
"North Dakota",2025-01-02,"calendar","hsgp","hurdle_ztnb",2024-12-14,2024,2,0,5,0,4.49090909090909,5,FALSE
"North Dakota",2025-01-02,"calendar","hsgp","hurdle_ztnb",2024-12-21,2024,1,8,8,8,0.202424242424242,0,TRUE
"North Dakota",2025-01-02,"calendar","hsgp","hurdle_ztnb",2024-12-28,2024,0,22,22,23,0.509090909090909,1,TRUE
"North Dakota",2025-01-02,"calendar","hsgp","hurdle_ztpoisson",2024-11-30,2024,4,1,1,1,0,0,TRUE
"North Dakota",2025-01-02,"calendar","hsgp","hurdle_ztpoisson",2024-12-07,2024,3,2,2,2,0.0090909090909091,0,TRUE
"North Dakota",2025-01-02,"calendar","hsgp","hurdle_ztpoisson",2024-12-14,2024,2,0,5,0,4.49090909090909,5,FALSE
"North Dakota",2025-01-02,"calendar","hsgp","hurdle_ztpoisson",2024-12-21,2024,1,8,8,8,0.165,0,TRUE
"North Dakota",2025-01-02,"calendar","hsgp","hurdle_ztpoisson",2024-12-28,2024,0,22,22,23,0.715909090909089,1,TRUE
"North Dakota",2025-01-02,"calendar","sir","hurdle_ztnb",2024-11-30,2024,4,1,1,1,0,0,TRUE
"North Dakota",2025-01-02,"calendar","sir","hurdle_ztnb",2024-12-07,2024,3,2,2,2,0,0,TRUE
"North Dakota",2025-01-02,"calendar","sir","hurdle_ztnb",2024-12-14,2024,2,0,5,0,5,5,FALSE
"North Dakota",2025-01-02,"calendar","sir","hurdle_ztnb",2024-12-21,2024,1,8,8,8,0,0,TRUE
"North Dakota",2025-01-02,"calendar","sir","hurdle_ztnb",2024-12-28,2024,0,22,22,22,0,0,TRUE
"North Dakota",2025-01-02,"calendar","sir","hurdle_ztpoisson",2024-11-30,2024,4,1,1,1,0,0,TRUE
"North Dakota",2025-01-02,"calendar","sir","hurdle_ztpoisson",2024-12-07,2024,3,2,2,2,0,0,TRUE
"North Dakota",2025-01-02,"calendar","sir","hurdle_ztpoisson",2024-12-14,2024,2,0,5,0,5,5,FALSE
"North Dakota",2025-01-02,"calendar","sir","hurdle_ztpoisson",2024-12-21,2024,1,8,8,8,0,0,TRUE
"North Dakota",2025-01-02,"calendar","sir","hurdle_ztpoisson",2024-12-28,2024,0,22,22,22,0,0,TRUE
"North Dakota",2025-02-15,"calendar","hsgp","hurdle_ztnb",2025-01-18,2025,4,61,61,62,0.527272727272727,1,TRUE
"North Dakota",2025-02-15,"calendar","hsgp","hurdle_ztnb",2025-01-25,2025,3,89,89,91,1.09454545454545,2,TRUE
"North Dakota",2025-02-15,"calendar","hsgp","hurdle_ztnb",2025-02-01,2025,2,104,104,107,1.81954545454545,3,TRUE
"North Dakota",2025-02-15,"calendar","hsgp","hurdle_ztnb",2025-02-08,2025,1,123,127,128,1.78545454545455,1,TRUE
"North Dakota",2025-02-15,"calendar","hsgp","hurdle_ztnb",2025-02-15,2025,0,79,85,87,2.91772727272727,2,TRUE
"North Dakota",2025-02-15,"calendar","hsgp","hurdle_ztpoisson",2025-01-18,2025,4,61,61,62,0.6,1,TRUE
"North Dakota",2025-02-15,"calendar","hsgp","hurdle_ztpoisson",2025-01-25,2025,3,89,89,91,1.16060606060606,2,TRUE
"North Dakota",2025-02-15,"calendar","hsgp","hurdle_ztpoisson",2025-02-01,2025,2,104,104,108,1.98181818181818,4,TRUE
"North Dakota",2025-02-15,"calendar","hsgp","hurdle_ztpoisson",2025-02-08,2025,1,123,127,130,1.96984848484848,3,TRUE
"North Dakota",2025-02-15,"calendar","hsgp","hurdle_ztpoisson",2025-02-15,2025,0,79,85,90,4.44681818181818,5,TRUE
"North Dakota",2025-02-15,"calendar","sir","hurdle_ztnb",2025-01-18,2025,4,61,61,61,0,0,TRUE
"North Dakota",2025-02-15,"calendar","sir","hurdle_ztnb",2025-01-25,2025,3,89,89,89,0,0,TRUE
"North Dakota",2025-02-15,"calendar","sir","hurdle_ztnb",2025-02-01,2025,2,104,104,104,0,0,TRUE
"North Dakota",2025-02-15,"calendar","sir","hurdle_ztnb",2025-02-08,2025,1,123,127,123,4,4,FALSE
"North Dakota",2025-02-15,"calendar","sir","hurdle_ztnb",2025-02-15,2025,0,79,85,79,6,6,FALSE
"North Dakota",2025-02-15,"calendar","sir","hurdle_ztpoisson",2025-01-18,2025,4,61,61,61,0,0,TRUE
"North Dakota",2025-02-15,"calendar","sir","hurdle_ztpoisson",2025-01-25,2025,3,89,89,89,0,0,TRUE
"North Dakota",2025-02-15,"calendar","sir","hurdle_ztpoisson",2025-02-01,2025,2,104,104,104,0,0,TRUE
"North Dakota",2025-02-15,"calendar","sir","hurdle_ztpoisson",2025-02-08,2025,1,123,127,123,4,4,FALSE
"North Dakota",2025-02-15,"calendar","sir","hurdle_ztpoisson",2025-02-15,2025,0,79,85,79,6,6,FALSE
"North Dakota",2025-03-29,"calendar","hsgp","hurdle_ztnb",2025-03-01,2025,4,47,47,47,0.172727272727273,0,TRUE
"North Dakota",2025-03-29,"calendar","hsgp","hurdle_ztnb",2025-03-08,2025,3,31,32,31,0.454545454545455,1,TRUE
"North Dakota",2025-03-29,"calendar","hsgp","hurdle_ztnb",2025-03-15,2025,2,36,36,36,0.109090909090909,0,TRUE
"North Dakota",2025-03-29,"calendar","hsgp","hurdle_ztnb",2025-03-22,2025,1,24,24,24,0.309090909090909,0,TRUE
"North Dakota",2025-03-29,"calendar","hsgp","hurdle_ztnb",2025-03-29,2025,0,22,25,23,1.19227272727273,2,TRUE
"North Dakota",2025-03-29,"calendar","hsgp","hurdle_ztpoisson",2025-03-01,2025,4,47,47,47,0.149090909090909,0,TRUE
"North Dakota",2025-03-29,"calendar","hsgp","hurdle_ztpoisson",2025-03-08,2025,3,31,32,31,0.490909090909091,1,TRUE
"North Dakota",2025-03-29,"calendar","hsgp","hurdle_ztpoisson",2025-03-15,2025,2,36,36,36,0.238787878787879,0,TRUE
"North Dakota",2025-03-29,"calendar","hsgp","hurdle_ztpoisson",2025-03-22,2025,1,24,24,24,0.483181818181818,0,TRUE
"North Dakota",2025-03-29,"calendar","hsgp","hurdle_ztpoisson",2025-03-29,2025,0,22,25,24,0.981818181818182,1,TRUE
"North Dakota",2025-03-29,"calendar","sir","hurdle_ztnb",2025-03-01,2025,4,47,47,47,0,0,TRUE
"North Dakota",2025-03-29,"calendar","sir","hurdle_ztnb",2025-03-08,2025,3,31,32,31,1,1,FALSE
"North Dakota",2025-03-29,"calendar","sir","hurdle_ztnb",2025-03-15,2025,2,36,36,36,0,0,TRUE
"North Dakota",2025-03-29,"calendar","sir","hurdle_ztnb",2025-03-22,2025,1,24,24,24,0,0,TRUE
"North Dakota",2025-03-29,"calendar","sir","hurdle_ztnb",2025-03-29,2025,0,22,25,22,3,3,FALSE
"North Dakota",2025-03-29,"calendar","sir","hurdle_ztpoisson",2025-03-01,2025,4,47,47,47,0,0,TRUE
"North Dakota",2025-03-29,"calendar","sir","hurdle_ztpoisson",2025-03-08,2025,3,31,32,31,1,1,FALSE
"North Dakota",2025-03-29,"calendar","sir","hurdle_ztpoisson",2025-03-15,2025,2,36,36,36,0,0,TRUE
"North Dakota",2025-03-29,"calendar","sir","hurdle_ztpoisson",2025-03-22,2025,1,24,24,24,0,0,TRUE
"North Dakota",2025-03-29,"calendar","sir","hurdle_ztpoisson",2025-03-29,2025,0,22,25,22,3,3,FALSE
"North Dakota",2025-04-26,"calendar","hsgp","hurdle_ztnb",2025-03-29,2025,4,25,25,25,0.0363636363636364,0,TRUE
"North Dakota",2025-04-26,"calendar","hsgp","hurdle_ztnb",2025-04-05,2025,3,14,14,14,0.0363636363636364,0,TRUE
"North Dakota",2025-04-26,"calendar","hsgp","hurdle_ztnb",2025-04-12,2025,2,12,12,12,0.0854545454545453,0,TRUE
"North Dakota",2025-04-26,"calendar","hsgp","hurdle_ztnb",2025-04-19,2025,1,14,14,14,0.141363636363636,0,TRUE
"North Dakota",2025-04-26,"calendar","hsgp","hurdle_ztnb",2025-04-26,2025,0,11,11,11,0.463636363636364,0,TRUE
"North Dakota",2025-04-26,"calendar","hsgp","hurdle_ztpoisson",2025-03-29,2025,4,25,25,25,0.0363636363636364,0,TRUE
"North Dakota",2025-04-26,"calendar","hsgp","hurdle_ztpoisson",2025-04-05,2025,3,14,14,14,0.0636363636363637,0,TRUE
"North Dakota",2025-04-26,"calendar","hsgp","hurdle_ztpoisson",2025-04-12,2025,2,12,12,12,0.109090909090909,0,TRUE
"North Dakota",2025-04-26,"calendar","hsgp","hurdle_ztpoisson",2025-04-19,2025,1,14,14,14,0.228636363636363,0,TRUE
"North Dakota",2025-04-26,"calendar","hsgp","hurdle_ztpoisson",2025-04-26,2025,0,11,11,12,0.918181818181818,1,TRUE
"North Dakota",2025-04-26,"calendar","sir","hurdle_ztnb",2025-03-29,2025,4,25,25,25,0,0,TRUE
"North Dakota",2025-04-26,"calendar","sir","hurdle_ztnb",2025-04-05,2025,3,14,14,14,0,0,TRUE
"North Dakota",2025-04-26,"calendar","sir","hurdle_ztnb",2025-04-12,2025,2,12,12,12,0,0,TRUE
"North Dakota",2025-04-26,"calendar","sir","hurdle_ztnb",2025-04-19,2025,1,14,14,14,0,0,TRUE
"North Dakota",2025-04-26,"calendar","sir","hurdle_ztnb",2025-04-26,2025,0,11,11,11,0,0,TRUE
"North Dakota",2025-04-26,"calendar","sir","hurdle_ztpoisson",2025-03-29,2025,4,25,25,25,0,0,TRUE
"North Dakota",2025-04-26,"calendar","sir","hurdle_ztpoisson",2025-04-05,2025,3,14,14,14,0,0,TRUE
"North Dakota",2025-04-26,"calendar","sir","hurdle_ztpoisson",2025-04-12,2025,2,12,12,12,0,0,TRUE
"North Dakota",2025-04-26,"calendar","sir","hurdle_ztpoisson",2025-04-19,2025,1,14,14,14,0,0,TRUE
"North Dakota",2025-04-26,"calendar","sir","hurdle_ztpoisson",2025-04-26,2025,0,11,11,11,0,0,TRUE
"North Dakota",2025-05-31,"calendar","hsgp","hurdle_ztnb",2025-05-03,2025,4,9,9,9,0,0,TRUE
"North Dakota",2025-05-31,"calendar","hsgp","hurdle_ztnb",2025-05-10,2025,3,5,5,5,0.0181818181818182,0,TRUE
"North Dakota",2025-05-31,"calendar","hsgp","hurdle_ztnb",2025-05-17,2025,2,7,7,7,0.0363636363636364,0,TRUE
"North Dakota",2025-05-31,"calendar","hsgp","hurdle_ztnb",2025-05-24,2025,1,3,3,3,0.1,0,TRUE
"North Dakota",2025-05-31,"calendar","hsgp","hurdle_ztnb",2025-05-31,2025,0,1,1,1,0.227272727272727,0,TRUE
"North Dakota",2025-05-31,"calendar","hsgp","hurdle_ztpoisson",2025-05-03,2025,4,9,9,9,0.0090909090909091,0,TRUE
"North Dakota",2025-05-31,"calendar","hsgp","hurdle_ztpoisson",2025-05-10,2025,3,5,5,5,0.0181818181818182,0,TRUE
"North Dakota",2025-05-31,"calendar","hsgp","hurdle_ztpoisson",2025-05-17,2025,2,7,7,7,0.0181818181818182,0,TRUE
"North Dakota",2025-05-31,"calendar","hsgp","hurdle_ztpoisson",2025-05-24,2025,1,3,3,3,0.0478787878787877,0,TRUE
"North Dakota",2025-05-31,"calendar","hsgp","hurdle_ztpoisson",2025-05-31,2025,0,1,1,1,0.172727272727273,0,TRUE
"North Dakota",2025-05-31,"calendar","sir","hurdle_ztnb",2025-05-03,2025,4,9,9,9,0,0,TRUE
"North Dakota",2025-05-31,"calendar","sir","hurdle_ztnb",2025-05-10,2025,3,5,5,5,0,0,TRUE
"North Dakota",2025-05-31,"calendar","sir","hurdle_ztnb",2025-05-17,2025,2,7,7,7,0,0,TRUE
"North Dakota",2025-05-31,"calendar","sir","hurdle_ztnb",2025-05-24,2025,1,3,3,3,0,0,TRUE
"North Dakota",2025-05-31,"calendar","sir","hurdle_ztnb",2025-05-31,2025,0,1,1,1,0,0,TRUE
"North Dakota",2025-05-31,"calendar","sir","hurdle_ztpoisson",2025-05-03,2025,4,9,9,9,0,0,TRUE
"North Dakota",2025-05-31,"calendar","sir","hurdle_ztpoisson",2025-05-10,2025,3,5,5,5,0,0,TRUE
"North Dakota",2025-05-31,"calendar","sir","hurdle_ztpoisson",2025-05-17,2025,2,7,7,7,0,0,TRUE
"North Dakota",2025-05-31,"calendar","sir","hurdle_ztpoisson",2025-05-24,2025,1,3,3,3,0,0,TRUE
"North Dakota",2025-05-31,"calendar","sir","hurdle_ztpoisson",2025-05-31,2025,0,1,1,1,0,0,TRUE
"Ohio",2025-01-02,"calendar","hsgp","hurdle_ztnb",2024-11-30,2024,4,55,53,56,4.08954545454545,3,TRUE
"Ohio",2025-01-02,"calendar","hsgp","hurdle_ztnb",2024-12-07,2024,3,91,90,93,3.68227272727273,3,TRUE
"Ohio",2025-01-02,"calendar","hsgp","hurdle_ztnb",2024-12-14,2024,2,151,151,152,2.62212121212121,1,TRUE
"Ohio",2025-01-02,"calendar","hsgp","hurdle_ztnb",2024-12-21,2024,1,294,304,294,5.0830303030303,10,TRUE
"Ohio",2025-01-02,"calendar","hsgp","hurdle_ztnb",2024-12-28,2024,0,662,719,663,31.0712121212121,56,TRUE
"Ohio",2025-01-02,"calendar","hsgp","hurdle_ztpoisson",2024-11-30,2024,4,55,53,55,2,2,FALSE
"Ohio",2025-01-02,"calendar","hsgp","hurdle_ztpoisson",2024-12-07,2024,3,91,90,91,0.845454545454545,1,TRUE
"Ohio",2025-01-02,"calendar","hsgp","hurdle_ztpoisson",2024-12-14,2024,2,151,151,151,0.381818181818182,0,TRUE
"Ohio",2025-01-02,"calendar","hsgp","hurdle_ztpoisson",2024-12-21,2024,1,294,304,294,11.2559090909091,10,FALSE
"Ohio",2025-01-02,"calendar","hsgp","hurdle_ztpoisson",2024-12-28,2024,0,662,719,662,44.0336363636364,57,TRUE
"Ohio",2025-01-02,"calendar","sir","hurdle_ztnb",2024-11-30,2024,4,55,53,55,2.94121212121212,2,TRUE
"Ohio",2025-01-02,"calendar","sir","hurdle_ztnb",2024-12-07,2024,3,91,90,91,1.89136363636364,1,TRUE
"Ohio",2025-01-02,"calendar","sir","hurdle_ztnb",2024-12-14,2024,2,151,151,151,2.14878787878788,0,TRUE
"Ohio",2025-01-02,"calendar","sir","hurdle_ztnb",2024-12-21,2024,1,294,304,295,5.66060606060606,9,TRUE
"Ohio",2025-01-02,"calendar","sir","hurdle_ztnb",2024-12-28,2024,0,662,719,663,36.0366666666667,56,TRUE
"Ohio",2025-01-02,"calendar","sir","hurdle_ztpoisson",2024-11-30,2024,4,55,53,55,1.58727272727273,2,TRUE
"Ohio",2025-01-02,"calendar","sir","hurdle_ztpoisson",2024-12-07,2024,3,91,90,91,2.18060606060606,1,TRUE
"Ohio",2025-01-02,"calendar","sir","hurdle_ztpoisson",2024-12-14,2024,2,151,151,151,1.14045454545455,0,TRUE
"Ohio",2025-01-02,"calendar","sir","hurdle_ztpoisson",2024-12-21,2024,1,294,304,294,11.3422727272727,10,FALSE
"Ohio",2025-01-02,"calendar","sir","hurdle_ztpoisson",2024-12-28,2024,0,662,719,657,54.4406060606061,62,FALSE
"Ohio",2025-02-15,"calendar","hsgp","hurdle_ztnb",2025-01-18,2025,4,1148,1146,1152,6.64878787878788,6,FALSE
"Ohio",2025-02-15,"calendar","hsgp","hurdle_ztnb",2025-01-25,2025,3,1686,1727,1693,17.4577272727273,34,TRUE
"Ohio",2025-02-15,"calendar","hsgp","hurdle_ztnb",2025-02-01,2025,2,2452,2510,2469.5,23.0428787878788,40.5,TRUE
"Ohio",2025-02-15,"calendar","hsgp","hurdle_ztnb",2025-02-08,2025,1,3092,3253,3112,79.9312121212121,141,TRUE
"Ohio",2025-02-15,"calendar","hsgp","hurdle_ztnb",2025-02-15,2025,0,3307,3686,3374,174.850606060606,312,TRUE
"Ohio",2025-02-15,"calendar","hsgp","hurdle_ztpoisson",2025-01-18,2025,4,1148,1146,1148,1.99712121212121,2,TRUE
"Ohio",2025-02-15,"calendar","hsgp","hurdle_ztpoisson",2025-01-25,2025,3,1686,1727,1686,32.4940909090909,41,TRUE
"Ohio",2025-02-15,"calendar","hsgp","hurdle_ztpoisson",2025-02-01,2025,2,2452,2510,2449.5,48.9836363636364,60.5,TRUE
"Ohio",2025-02-15,"calendar","hsgp","hurdle_ztpoisson",2025-02-08,2025,1,3092,3253,3092,100.062424242424,161,TRUE
"Ohio",2025-02-15,"calendar","hsgp","hurdle_ztpoisson",2025-02-15,2025,0,3307,3686,3327.5,169.076212121212,358.5,TRUE
"Ohio",2025-02-15,"calendar","sir","hurdle_ztnb",2025-01-18,2025,4,1148,1146,1148,2.17924242424242,2,TRUE
"Ohio",2025-02-15,"calendar","sir","hurdle_ztnb",2025-01-25,2025,3,1686,1727,1687,32.5381818181818,40,FALSE
"Ohio",2025-02-15,"calendar","sir","hurdle_ztnb",2025-02-01,2025,2,2452,2510,2452,44.6004545454545,58,FALSE
"Ohio",2025-02-15,"calendar","sir","hurdle_ztnb",2025-02-08,2025,1,3092,3253,3092,142.928939393939,161,FALSE
"Ohio",2025-02-15,"calendar","sir","hurdle_ztnb",2025-02-15,2025,0,3307,3686,3310.5,346.625454545454,375.5,FALSE
"Ohio",2025-02-15,"calendar","sir","hurdle_ztpoisson",2025-01-18,2025,4,1148,1146,1150,4.84681818181818,4,TRUE
"Ohio",2025-02-15,"calendar","sir","hurdle_ztpoisson",2025-01-25,2025,3,1686,1727,1686,36.5283333333334,41,FALSE
"Ohio",2025-02-15,"calendar","sir","hurdle_ztpoisson",2025-02-01,2025,2,2452,2510,2452,46.0724242424243,58,FALSE
"Ohio",2025-02-15,"calendar","sir","hurdle_ztpoisson",2025-02-08,2025,1,3092,3253,3092,139.370151515151,161,FALSE
"Ohio",2025-02-15,"calendar","sir","hurdle_ztpoisson",2025-02-15,2025,0,3307,3686,3310,275.250909090909,376,FALSE
"Ohio",2025-03-29,"calendar","hsgp","hurdle_ztnb",2025-03-01,2025,4,2559,2594,2562,18.3159090909091,32,TRUE
"Ohio",2025-03-29,"calendar","hsgp","hurdle_ztnb",2025-03-08,2025,3,1905,1882,1909.5,26.9139393939394,27.5,FALSE
"Ohio",2025-03-29,"calendar","hsgp","hurdle_ztnb",2025-03-15,2025,2,1330,1352,1338,8.00363636363636,14,TRUE
"Ohio",2025-03-29,"calendar","hsgp","hurdle_ztnb",2025-03-22,2025,1,797,788,809.5,18.7684848484848,21.5,TRUE
"Ohio",2025-03-29,"calendar","hsgp","hurdle_ztnb",2025-03-29,2025,0,438,451,461.5,16.840303030303,10.5,TRUE
"Ohio",2025-03-29,"calendar","hsgp","hurdle_ztpoisson",2025-03-01,2025,4,2559,2594,2559,28.9490909090909,35,FALSE
"Ohio",2025-03-29,"calendar","hsgp","hurdle_ztpoisson",2025-03-08,2025,3,1905,1882,1905,13.595606060606,23,TRUE
"Ohio",2025-03-29,"calendar","hsgp","hurdle_ztpoisson",2025-03-15,2025,2,1330,1352,1330,17.4230303030303,22,TRUE
"Ohio",2025-03-29,"calendar","hsgp","hurdle_ztpoisson",2025-03-22,2025,1,797,788,797,6.63909090909091,9,TRUE
"Ohio",2025-03-29,"calendar","hsgp","hurdle_ztpoisson",2025-03-29,2025,0,438,451,445,6.05727272727273,6,TRUE
"Ohio",2025-03-29,"calendar","sir","hurdle_ztnb",2025-03-01,2025,4,2559,2594,2559,28.4213636363637,35,FALSE
"Ohio",2025-03-29,"calendar","sir","hurdle_ztnb",2025-03-08,2025,3,1905,1882,1905,24,23,FALSE
"Ohio",2025-03-29,"calendar","sir","hurdle_ztnb",2025-03-15,2025,2,1330,1352,1331,12.9869696969697,21,TRUE
"Ohio",2025-03-29,"calendar","sir","hurdle_ztnb",2025-03-22,2025,1,797,788,798,9.59727272727273,10,FALSE
"Ohio",2025-03-29,"calendar","sir","hurdle_ztnb",2025-03-29,2025,0,438,451,440,6.37378787878788,11,TRUE
"Ohio",2025-03-29,"calendar","sir","hurdle_ztpoisson",2025-03-01,2025,4,2559,2594,2559,31.4813636363636,35,FALSE
"Ohio",2025-03-29,"calendar","sir","hurdle_ztpoisson",2025-03-08,2025,3,1905,1882,1905,17.8687878787879,23,FALSE
"Ohio",2025-03-29,"calendar","sir","hurdle_ztpoisson",2025-03-15,2025,2,1330,1352,1330,16.1910606060606,22,TRUE
"Ohio",2025-03-29,"calendar","sir","hurdle_ztpoisson",2025-03-22,2025,1,797,788,797,5.62318181818182,9,TRUE
"Ohio",2025-03-29,"calendar","sir","hurdle_ztpoisson",2025-03-29,2025,0,438,451,438,8.30560606060606,13,TRUE
"Ohio",2025-04-26,"calendar","hsgp","hurdle_ztnb",2025-03-29,2025,4,453,451,453,2.22560606060606,2,FALSE
"Ohio",2025-04-26,"calendar","hsgp","hurdle_ztnb",2025-04-05,2025,3,274,269,274,5.22863636363636,5,FALSE
"Ohio",2025-04-26,"calendar","hsgp","hurdle_ztnb",2025-04-12,2025,2,169,166,169,3.34015151515151,3,FALSE
"Ohio",2025-04-26,"calendar","hsgp","hurdle_ztnb",2025-04-19,2025,1,105,107,105,1.17272727272727,2,TRUE
"Ohio",2025-04-26,"calendar","hsgp","hurdle_ztnb",2025-04-26,2025,0,81,87,81.5,2.72090909090909,5.5,TRUE
"Ohio",2025-04-26,"calendar","hsgp","hurdle_ztpoisson",2025-03-29,2025,4,453,451,453,1.59090909090909,2,TRUE
"Ohio",2025-04-26,"calendar","hsgp","hurdle_ztpoisson",2025-04-05,2025,3,274,269,274,2.85454545454545,5,TRUE
"Ohio",2025-04-26,"calendar","hsgp","hurdle_ztpoisson",2025-04-12,2025,2,169,166,169,1.65030303030303,3,TRUE
"Ohio",2025-04-26,"calendar","hsgp","hurdle_ztpoisson",2025-04-19,2025,1,105,107,105,1.53636363636364,2,TRUE
"Ohio",2025-04-26,"calendar","hsgp","hurdle_ztpoisson",2025-04-26,2025,0,81,87,81,3.67333333333333,6,TRUE
"Ohio",2025-04-26,"calendar","sir","hurdle_ztnb",2025-03-29,2025,4,453,451,453,2.33606060606061,2,FALSE
"Ohio",2025-04-26,"calendar","sir","hurdle_ztnb",2025-04-05,2025,3,274,269,274,5.19227272727273,5,FALSE
"Ohio",2025-04-26,"calendar","sir","hurdle_ztnb",2025-04-12,2025,2,169,166,169,3.18560606060606,3,FALSE
"Ohio",2025-04-26,"calendar","sir","hurdle_ztnb",2025-04-19,2025,1,105,107,106,1.89060606060606,1,TRUE
"Ohio",2025-04-26,"calendar","sir","hurdle_ztnb",2025-04-26,2025,0,81,87,82,3.42590909090909,5,TRUE
"Ohio",2025-05-31,"calendar","hsgp","hurdle_ztnb",2025-05-03,2025,4,45,45,45,0.146818181818182,0,TRUE
"Ohio",2025-05-31,"calendar","hsgp","hurdle_ztnb",2025-05-10,2025,3,32,32,32,0.319545454545454,0,TRUE
"Ohio",2025-05-31,"calendar","hsgp","hurdle_ztnb",2025-05-17,2025,2,25,25,25,0.520909090909091,0,TRUE
"Ohio",2025-05-31,"calendar","hsgp","hurdle_ztnb",2025-05-24,2025,1,20,20,20,0.901363636363636,0,TRUE
"Ohio",2025-05-31,"calendar","hsgp","hurdle_ztnb",2025-05-31,2025,0,16,19,17.5,2.29181818181818,1.5,TRUE
"Ohio",2025-05-31,"calendar","hsgp","hurdle_ztpoisson",2025-05-03,2025,4,45,45,45,0,0,TRUE
"Ohio",2025-05-31,"calendar","hsgp","hurdle_ztpoisson",2025-05-10,2025,3,32,32,32,0,0,TRUE
"Ohio",2025-05-31,"calendar","hsgp","hurdle_ztpoisson",2025-05-17,2025,2,25,25,25,0.0727272727272728,0,TRUE
"Ohio",2025-05-31,"calendar","hsgp","hurdle_ztpoisson",2025-05-24,2025,1,20,20,20,0.227272727272727,0,TRUE
"Ohio",2025-05-31,"calendar","hsgp","hurdle_ztpoisson",2025-05-31,2025,0,16,19,16,2.06742424242424,3,TRUE
"Ohio",2025-05-31,"calendar","sir","hurdle_ztnb",2025-05-03,2025,4,45,45,45,0.413181818181818,0,TRUE
"Ohio",2025-05-31,"calendar","sir","hurdle_ztnb",2025-05-10,2025,3,32,32,32,0.458636363636363,0,TRUE
"Ohio",2025-05-31,"calendar","sir","hurdle_ztnb",2025-05-17,2025,2,25,25,25,0.816969696969697,0,TRUE
"Ohio",2025-05-31,"calendar","sir","hurdle_ztnb",2025-05-24,2025,1,20,20,20,1.78030303030303,0,TRUE
"Ohio",2025-05-31,"calendar","sir","hurdle_ztnb",2025-05-31,2025,0,16,19,16,2.39393939393939,3,TRUE
"Ohio",2025-05-31,"calendar","sir","hurdle_ztpoisson",2025-05-03,2025,4,45,45,45,0,0,TRUE
"Ohio",2025-05-31,"calendar","sir","hurdle_ztpoisson",2025-05-10,2025,3,32,32,32,0,0,TRUE
"Ohio",2025-05-31,"calendar","sir","hurdle_ztpoisson",2025-05-17,2025,2,25,25,25,0,0,TRUE
"Ohio",2025-05-31,"calendar","sir","hurdle_ztpoisson",2025-05-24,2025,1,20,20,20,0.2,0,TRUE
"Ohio",2025-05-31,"calendar","sir","hurdle_ztpoisson",2025-05-31,2025,0,16,19,16,3,3,FALSE
"Oklahoma",2025-01-02,"calendar","hsgp","hurdle_ztnb",2024-11-30,2024,4,40,40,40,0.254545454545455,0,TRUE
"Oklahoma",2025-01-02,"calendar","hsgp","hurdle_ztnb",2024-12-07,2024,3,40,40,40,0.527272727272727,0,TRUE
"Oklahoma",2025-01-02,"calendar","hsgp","hurdle_ztnb",2024-12-14,2024,2,57,56,58,1.44818181818182,2,TRUE
"Oklahoma",2025-01-02,"calendar","hsgp","hurdle_ztnb",2024-12-21,2024,1,104,106,105,1.48181818181818,1,TRUE
"Oklahoma",2025-01-02,"calendar","hsgp","hurdle_ztnb",2024-12-28,2024,0,248,282,252,19.8237878787879,30,FALSE
"Oklahoma",2025-01-02,"calendar","hsgp","hurdle_ztpoisson",2024-11-30,2024,4,40,40,40,0.0181818181818182,0,TRUE
"Oklahoma",2025-01-02,"calendar","hsgp","hurdle_ztpoisson",2024-12-07,2024,3,40,40,40,0.0818181818181818,0,TRUE
"Oklahoma",2025-01-02,"calendar","hsgp","hurdle_ztpoisson",2024-12-14,2024,2,57,56,57,0.8,1,TRUE
"Oklahoma",2025-01-02,"calendar","hsgp","hurdle_ztpoisson",2024-12-21,2024,1,104,106,104,0.956969696969697,2,TRUE
"Oklahoma",2025-01-02,"calendar","hsgp","hurdle_ztpoisson",2024-12-28,2024,0,248,282,250,25.7181818181818,32,FALSE
"Oklahoma",2025-01-02,"calendar","sir","hurdle_ztnb",2024-11-30,2024,4,40,40,40,0.0727272727272727,0,TRUE
"Oklahoma",2025-01-02,"calendar","sir","hurdle_ztnb",2024-12-07,2024,3,40,40,40,0.1,0,TRUE
"Oklahoma",2025-01-02,"calendar","sir","hurdle_ztnb",2024-12-14,2024,2,57,56,57,0.765,1,TRUE
"Oklahoma",2025-01-02,"calendar","sir","hurdle_ztnb",2024-12-21,2024,1,104,106,104,1.37409090909091,2,TRUE
"Oklahoma",2025-01-02,"calendar","sir","hurdle_ztnb",2024-12-28,2024,0,248,282,248,30.2972727272727,34,FALSE
"Oklahoma",2025-01-02,"calendar","sir","hurdle_ztpoisson",2024-11-30,2024,4,40,40,40,0.0104545454545454,0,TRUE
"Oklahoma",2025-01-02,"calendar","sir","hurdle_ztpoisson",2024-12-07,2024,3,40,40,40,0.490909090909091,0,TRUE
"Oklahoma",2025-01-02,"calendar","sir","hurdle_ztpoisson",2024-12-14,2024,2,57,56,57,0.863636363636364,1,TRUE
"Oklahoma",2025-01-02,"calendar","sir","hurdle_ztpoisson",2024-12-21,2024,1,104,106,104,1.27545454545455,2,TRUE
"Oklahoma",2025-01-02,"calendar","sir","hurdle_ztpoisson",2024-12-28,2024,0,248,282,248,28.3287878787879,34,FALSE
"Oklahoma",2025-02-15,"calendar","hsgp","hurdle_ztnb",2025-01-18,2025,4,439,439,445,3.73772727272727,6,TRUE
"Oklahoma",2025-02-15,"calendar","hsgp","hurdle_ztnb",2025-01-25,2025,3,697,692,706,8.51181818181818,14,TRUE
"Oklahoma",2025-02-15,"calendar","hsgp","hurdle_ztnb",2025-02-01,2025,2,1115,1114,1127,8.4160606060606,13,TRUE
"Oklahoma",2025-02-15,"calendar","hsgp","hurdle_ztnb",2025-02-08,2025,1,970,1076,988,55.5853030303031,88,TRUE
"Oklahoma",2025-02-15,"calendar","hsgp","hurdle_ztnb",2025-02-15,2025,0,504,787,533,170.624393939394,254,FALSE
"Oklahoma",2025-02-15,"calendar","hsgp","hurdle_ztpoisson",2025-01-18,2025,4,439,439,446,3.54924242424242,7,TRUE
"Oklahoma",2025-02-15,"calendar","hsgp","hurdle_ztpoisson",2025-01-25,2025,3,697,692,706,8.51424242424242,14,TRUE
"Oklahoma",2025-02-15,"calendar","hsgp","hurdle_ztpoisson",2025-02-01,2025,2,1115,1114,1130,8.78318181818182,16,TRUE
"Oklahoma",2025-02-15,"calendar","hsgp","hurdle_ztpoisson",2025-02-08,2025,1,970,1076,982.5,71.0616666666667,93.5,FALSE
"Oklahoma",2025-02-15,"calendar","hsgp","hurdle_ztpoisson",2025-02-15,2025,0,504,787,520,212.847575757576,267,FALSE
"Oklahoma",2025-02-15,"calendar","sir","hurdle_ztnb",2025-01-18,2025,4,439,439,439,0.443787878787879,0,TRUE
"Oklahoma",2025-02-15,"calendar","sir","hurdle_ztnb",2025-01-25,2025,3,697,692,697,4.22863636363636,5,TRUE
"Oklahoma",2025-02-15,"calendar","sir","hurdle_ztnb",2025-02-01,2025,2,1115,1114,1115,1.24924242424242,1,TRUE
"Oklahoma",2025-02-15,"calendar","sir","hurdle_ztnb",2025-02-08,2025,1,970,1076,970,99.2169696969697,106,FALSE
"Oklahoma",2025-02-15,"calendar","sir","hurdle_ztnb",2025-02-15,2025,0,504,787,504,268.626060606061,283,FALSE
"Oklahoma",2025-02-15,"calendar","sir","hurdle_ztpoisson",2025-01-18,2025,4,439,439,446,4.51818181818182,7,TRUE
"Oklahoma",2025-02-15,"calendar","sir","hurdle_ztpoisson",2025-01-25,2025,3,697,692,699,4.64015151515152,7,TRUE
"Oklahoma",2025-02-15,"calendar","sir","hurdle_ztpoisson",2025-02-01,2025,2,1115,1114,1119,3.35181818181818,5,TRUE
"Oklahoma",2025-02-15,"calendar","sir","hurdle_ztpoisson",2025-02-08,2025,1,970,1076,975,89.965,101,FALSE
"Oklahoma",2025-02-15,"calendar","sir","hurdle_ztpoisson",2025-02-15,2025,0,504,787,505,264.896363636364,282,FALSE
"Oklahoma",2025-03-29,"calendar","hsgp","hurdle_ztnb",2025-03-01,2025,4,334,334,338,2.69227272727273,4,TRUE
"Oklahoma",2025-03-29,"calendar","hsgp","hurdle_ztnb",2025-03-08,2025,3,221,236,225,5.9619696969697,11,TRUE
"Oklahoma",2025-03-29,"calendar","hsgp","hurdle_ztnb",2025-03-15,2025,2,141,143,144,2.20242424242424,1,TRUE
"Oklahoma",2025-03-29,"calendar","hsgp","hurdle_ztnb",2025-03-22,2025,1,73,86,76,5.41772727272727,10,TRUE
"Oklahoma",2025-03-29,"calendar","hsgp","hurdle_ztnb",2025-03-29,2025,0,54,75,59,8.71424242424242,16,TRUE
"Oklahoma",2025-03-29,"calendar","hsgp","hurdle_ztpoisson",2025-03-01,2025,4,334,334,338,2.09227272727273,4,TRUE
"Oklahoma",2025-03-29,"calendar","hsgp","hurdle_ztpoisson",2025-03-08,2025,3,221,236,223,8.81045454545455,13,FALSE
"Oklahoma",2025-03-29,"calendar","hsgp","hurdle_ztpoisson",2025-03-15,2025,2,141,143,144,1.44,1,TRUE
"Oklahoma",2025-03-29,"calendar","hsgp","hurdle_ztpoisson",2025-03-22,2025,1,73,86,76,6.44545454545455,10,TRUE
"Oklahoma",2025-03-29,"calendar","hsgp","hurdle_ztpoisson",2025-03-29,2025,0,54,75,58,10.8092424242424,17,FALSE
"Oklahoma",2025-03-29,"calendar","sir","hurdle_ztnb",2025-03-01,2025,4,334,334,334,0.474090909090909,0,TRUE
"Oklahoma",2025-03-29,"calendar","sir","hurdle_ztnb",2025-03-08,2025,3,221,236,221,10.2431818181818,15,FALSE
"Oklahoma",2025-03-29,"calendar","sir","hurdle_ztnb",2025-03-15,2025,2,141,143,141,1.14954545454545,2,TRUE
"Oklahoma",2025-03-29,"calendar","sir","hurdle_ztnb",2025-03-22,2025,1,73,86,74,6.17015151515151,12,TRUE
"Oklahoma",2025-03-29,"calendar","sir","hurdle_ztnb",2025-03-29,2025,0,54,75,56,11.4583333333333,19,TRUE
"Oklahoma",2025-03-29,"calendar","sir","hurdle_ztpoisson",2025-03-01,2025,4,334,334,334,0.347878787878788,0,TRUE
"Oklahoma",2025-03-29,"calendar","sir","hurdle_ztpoisson",2025-03-08,2025,3,221,236,221,13.5636363636364,15,FALSE
"Oklahoma",2025-03-29,"calendar","sir","hurdle_ztpoisson",2025-03-15,2025,2,141,143,141,1.165,2,TRUE
"Oklahoma",2025-03-29,"calendar","sir","hurdle_ztpoisson",2025-03-22,2025,1,73,86,73,11.4104545454546,13,FALSE
"Oklahoma",2025-03-29,"calendar","sir","hurdle_ztpoisson",2025-03-29,2025,0,54,75,54,16.6613636363636,21,FALSE
"Oklahoma",2025-04-26,"calendar","hsgp","hurdle_ztnb",2025-03-29,2025,4,76,75,76,1.03636363636364,1,TRUE
"Oklahoma",2025-04-26,"calendar","hsgp","hurdle_ztnb",2025-04-05,2025,3,40,40,40,0.247878787878788,0,TRUE
"Oklahoma",2025-04-26,"calendar","hsgp","hurdle_ztnb",2025-04-12,2025,2,20,20,20,0.172727272727273,0,TRUE
"Oklahoma",2025-04-26,"calendar","hsgp","hurdle_ztnb",2025-04-19,2025,1,16,21,16,3.57272727272727,5,TRUE
"Oklahoma",2025-04-26,"calendar","hsgp","hurdle_ztnb",2025-04-26,2025,0,8,17,8,6.79227272727273,9,FALSE
"Oklahoma",2025-04-26,"calendar","hsgp","hurdle_ztpoisson",2025-03-29,2025,4,76,75,76,0.981818181818182,1,TRUE
"Oklahoma",2025-04-26,"calendar","hsgp","hurdle_ztpoisson",2025-04-05,2025,3,40,40,40,0.112878787878788,0,TRUE
"Oklahoma",2025-04-26,"calendar","hsgp","hurdle_ztpoisson",2025-04-12,2025,2,20,20,20,0.2,0,TRUE
"Oklahoma",2025-04-26,"calendar","hsgp","hurdle_ztpoisson",2025-04-19,2025,1,16,21,16,3.13772727272727,5,TRUE
"Oklahoma",2025-04-26,"calendar","hsgp","hurdle_ztpoisson",2025-04-26,2025,0,8,17,8,5.53090909090909,9,FALSE
"Oklahoma",2025-04-26,"calendar","sir","hurdle_ztnb",2025-03-29,2025,4,76,75,76,0.974090909090909,1,TRUE
"Oklahoma",2025-04-26,"calendar","sir","hurdle_ztnb",2025-04-05,2025,3,40,40,40,0.445454545454545,0,TRUE
"Oklahoma",2025-04-26,"calendar","sir","hurdle_ztnb",2025-04-12,2025,2,20,20,20,0.873939393939393,0,TRUE
"Oklahoma",2025-04-26,"calendar","sir","hurdle_ztnb",2025-04-19,2025,1,16,21,16,2.90878787878788,5,TRUE
"Oklahoma",2025-04-26,"calendar","sir","hurdle_ztnb",2025-04-26,2025,0,8,17,8.5,4.86227272727273,8.5,TRUE
"Oklahoma",2025-04-26,"calendar","sir","hurdle_ztpoisson",2025-03-29,2025,4,76,75,76,1.02969696969697,1,FALSE
"Oklahoma",2025-04-26,"calendar","sir","hurdle_ztpoisson",2025-04-05,2025,3,40,40,40,0.0181818181818182,0,TRUE
"Oklahoma",2025-04-26,"calendar","sir","hurdle_ztpoisson",2025-04-12,2025,2,20,20,20,0.0272727272727273,0,TRUE
"Oklahoma",2025-04-26,"calendar","sir","hurdle_ztpoisson",2025-04-19,2025,1,16,21,16,4.66363636363636,5,FALSE
"Oklahoma",2025-04-26,"calendar","sir","hurdle_ztpoisson",2025-04-26,2025,0,8,17,8,8.37818181818182,9,FALSE
"Oklahoma",2025-05-31,"calendar","hsgp","hurdle_ztnb",2025-05-03,2025,4,16,16,16,0.0286363636363634,0,TRUE
"Oklahoma",2025-05-31,"calendar","hsgp","hurdle_ztnb",2025-05-10,2025,3,13,13,13,0.0468181818181818,0,TRUE
"Oklahoma",2025-05-31,"calendar","hsgp","hurdle_ztnb",2025-05-17,2025,2,19,19,19,0.0818181818181818,0,TRUE
"Oklahoma",2025-05-31,"calendar","hsgp","hurdle_ztnb",2025-05-24,2025,1,13,13,13,0.218181818181818,0,TRUE
"Oklahoma",2025-05-31,"calendar","hsgp","hurdle_ztnb",2025-05-31,2025,0,3,8,3,2.465,5,TRUE
"Oklahoma",2025-05-31,"calendar","hsgp","hurdle_ztpoisson",2025-05-03,2025,4,16,16,16,0.0104545454545453,0,TRUE
"Oklahoma",2025-05-31,"calendar","hsgp","hurdle_ztpoisson",2025-05-10,2025,3,13,13,13,0.0272727272727273,0,TRUE
"Oklahoma",2025-05-31,"calendar","hsgp","hurdle_ztpoisson",2025-05-17,2025,2,19,19,19,0.0818181818181818,0,TRUE
"Oklahoma",2025-05-31,"calendar","hsgp","hurdle_ztpoisson",2025-05-24,2025,1,13,13,13,0.165,0,TRUE
"Oklahoma",2025-05-31,"calendar","hsgp","hurdle_ztpoisson",2025-05-31,2025,0,3,8,3,2.58181818181818,5,TRUE
"Oklahoma",2025-05-31,"calendar","sir","hurdle_ztnb",2025-05-03,2025,4,16,16,16,0.218181818181818,0,TRUE
"Oklahoma",2025-05-31,"calendar","sir","hurdle_ztnb",2025-05-10,2025,3,13,13,13,0.248181818181818,0,TRUE
"Oklahoma",2025-05-31,"calendar","sir","hurdle_ztnb",2025-05-17,2025,2,19,19,19,0.423181818181819,0,TRUE
"Oklahoma",2025-05-31,"calendar","sir","hurdle_ztnb",2025-05-24,2025,1,13,13,13,0.852878787878789,0,TRUE
"Oklahoma",2025-05-31,"calendar","sir","hurdle_ztnb",2025-05-31,2025,0,3,8,3.5,2.62090909090909,4.5,TRUE
"Oklahoma",2025-05-31,"calendar","sir","hurdle_ztpoisson",2025-05-03,2025,4,16,16,16,0,0,TRUE
"Oklahoma",2025-05-31,"calendar","sir","hurdle_ztpoisson",2025-05-10,2025,3,13,13,13,0,0,TRUE
"Oklahoma",2025-05-31,"calendar","sir","hurdle_ztpoisson",2025-05-17,2025,2,19,19,19,0,0,TRUE
"Oklahoma",2025-05-31,"calendar","sir","hurdle_ztpoisson",2025-05-24,2025,1,13,13,13,0,0,TRUE
"Oklahoma",2025-05-31,"calendar","sir","hurdle_ztpoisson",2025-05-31,2025,0,3,8,3,5,5,FALSE
"Oregon",2025-01-02,"calendar","hsgp","hurdle_ztnb",2024-11-30,2024,4,79,83,79,1.59454545454546,4,TRUE
"Oregon",2025-01-02,"calendar","hsgp","hurdle_ztnb",2024-12-07,2024,3,118,119,121,1.56742424242424,2,TRUE
"Oregon",2025-01-02,"calendar","hsgp","hurdle_ztnb",2024-12-14,2024,2,192,242,197,37.93,45,FALSE
"Oregon",2025-01-02,"calendar","hsgp","hurdle_ztnb",2024-12-21,2024,1,361,392,367,15.0704545454545,25,TRUE
"Oregon",2025-01-02,"calendar","hsgp","hurdle_ztnb",2024-12-28,2024,0,524,558,533,13.2090909090909,25,TRUE
"Oregon",2025-01-02,"calendar","hsgp","hurdle_ztpoisson",2024-11-30,2024,4,79,83,79,2.17469696969697,4,TRUE
"Oregon",2025-01-02,"calendar","hsgp","hurdle_ztpoisson",2024-12-07,2024,3,118,119,118,1.60909090909091,1,TRUE
"Oregon",2025-01-02,"calendar","hsgp","hurdle_ztpoisson",2024-12-14,2024,2,192,242,198,35.6456060606061,44,FALSE
"Oregon",2025-01-02,"calendar","hsgp","hurdle_ztpoisson",2024-12-21,2024,1,361,392,372,11.504696969697,20,TRUE
"Oregon",2025-01-02,"calendar","hsgp","hurdle_ztpoisson",2024-12-28,2024,0,524,558,550,15.3651515151515,8,TRUE
"Oregon",2025-01-02,"calendar","sir","hurdle_ztnb",2024-11-30,2024,4,79,83,79,2.24787878787879,4,TRUE
"Oregon",2025-01-02,"calendar","sir","hurdle_ztnb",2024-12-07,2024,3,118,119,118,0.655909090909091,1,TRUE
"Oregon",2025-01-02,"calendar","sir","hurdle_ztnb",2024-12-14,2024,2,192,242,192,43.4545454545455,50,FALSE
"Oregon",2025-01-02,"calendar","sir","hurdle_ztnb",2024-12-21,2024,1,361,392,361,21.9433333333333,31,FALSE
"Oregon",2025-01-02,"calendar","sir","hurdle_ztnb",2024-12-28,2024,0,524,558,525,19.9478787878788,33,TRUE
"Oregon",2025-01-02,"calendar","sir","hurdle_ztpoisson",2024-11-30,2024,4,79,83,79,3.05090909090909,4,TRUE
"Oregon",2025-01-02,"calendar","sir","hurdle_ztpoisson",2024-12-07,2024,3,118,119,127,4.31060606060606,8,TRUE
"Oregon",2025-01-02,"calendar","sir","hurdle_ztpoisson",2024-12-14,2024,2,192,242,192,44.5013636363636,50,FALSE
"Oregon",2025-01-02,"calendar","sir","hurdle_ztpoisson",2024-12-21,2024,1,361,392,361,19.1242424242424,31,TRUE
"Oregon",2025-01-02,"calendar","sir","hurdle_ztpoisson",2024-12-28,2024,0,524,558,535,13.9081818181818,23,TRUE
"Oregon",2025-02-15,"calendar","hsgp","hurdle_ztnb",2025-01-18,2025,4,289,290,291,1.53772727272727,1,TRUE
"Oregon",2025-02-15,"calendar","hsgp","hurdle_ztnb",2025-01-25,2025,3,272,277,277,1.8660606060606,0,TRUE
"Oregon",2025-02-15,"calendar","hsgp","hurdle_ztnb",2025-02-01,2025,2,497,500,503.5,2.84015151515151,3.5,TRUE
"Oregon",2025-02-15,"calendar","hsgp","hurdle_ztnb",2025-02-08,2025,1,555,566,563,3.93909090909091,3,TRUE
"Oregon",2025-02-15,"calendar","hsgp","hurdle_ztnb",2025-02-15,2025,0,448,502,458,25.7433333333333,44,TRUE
"Oregon",2025-02-15,"calendar","hsgp","hurdle_ztpoisson",2025-01-18,2025,4,289,290,289,0.9,1,TRUE
"Oregon",2025-02-15,"calendar","hsgp","hurdle_ztpoisson",2025-01-25,2025,3,272,277,272,2.4680303030303,5,TRUE
"Oregon",2025-02-15,"calendar","hsgp","hurdle_ztpoisson",2025-02-01,2025,2,497,500,497,1.74545454545455,3,TRUE
"Oregon",2025-02-15,"calendar","hsgp","hurdle_ztpoisson",2025-02-08,2025,1,555,566,555,5.25166666666667,11,TRUE
"Oregon",2025-02-15,"calendar","hsgp","hurdle_ztpoisson",2025-02-15,2025,0,448,502,448,50.7843939393939,54,TRUE
"Oregon",2025-02-15,"calendar","sir","hurdle_ztnb",2025-01-18,2025,4,289,290,289,0.702424242424242,1,TRUE
"Oregon",2025-02-15,"calendar","sir","hurdle_ztnb",2025-01-25,2025,3,272,277,272,2.34787878787879,5,TRUE
"Oregon",2025-02-15,"calendar","sir","hurdle_ztnb",2025-02-01,2025,2,497,500,497,1.54136363636364,3,TRUE
"Oregon",2025-02-15,"calendar","sir","hurdle_ztnb",2025-02-08,2025,1,555,566,555,5.80136363636364,11,TRUE
"Oregon",2025-02-15,"calendar","sir","hurdle_ztnb",2025-02-15,2025,0,448,502,449,39.0301515151515,53,FALSE
"Oregon",2025-02-15,"calendar","sir","hurdle_ztpoisson",2025-01-18,2025,4,289,290,289,1.54151515151515,1,TRUE
"Oregon",2025-02-15,"calendar","sir","hurdle_ztpoisson",2025-01-25,2025,3,272,277,272,3.39772727272727,5,TRUE
"Oregon",2025-02-15,"calendar","sir","hurdle_ztpoisson",2025-02-01,2025,2,497,500,497,1.55409090909091,3,TRUE
"Oregon",2025-02-15,"calendar","sir","hurdle_ztpoisson",2025-02-08,2025,1,555,566,555,4.93409090909091,11,TRUE
"Oregon",2025-02-15,"calendar","sir","hurdle_ztpoisson",2025-02-15,2025,0,448,502,448,43.484393939394,54,FALSE
"Oregon",2025-03-29,"calendar","hsgp","hurdle_ztnb",2025-03-01,2025,4,321,323,321,1.15954545454546,2,TRUE
"Oregon",2025-03-29,"calendar","hsgp","hurdle_ztnb",2025-03-08,2025,3,207,208,207,0.914242424242424,1,TRUE
"Oregon",2025-03-29,"calendar","hsgp","hurdle_ztnb",2025-03-15,2025,2,185,184,185,1.82727272727273,1,FALSE
"Oregon",2025-03-29,"calendar","hsgp","hurdle_ztnb",2025-03-22,2025,1,100,126,102,17.825,24,FALSE
"Oregon",2025-03-29,"calendar","hsgp","hurdle_ztnb",2025-03-29,2025,0,75,95,78,8.98530303030303,17,TRUE
"Oregon",2025-03-29,"calendar","hsgp","hurdle_ztpoisson",2025-03-01,2025,4,321,323,321,1.25454545454545,2,TRUE
"Oregon",2025-03-29,"calendar","hsgp","hurdle_ztpoisson",2025-03-08,2025,3,207,208,207,0.896969696969697,1,TRUE
"Oregon",2025-03-29,"calendar","hsgp","hurdle_ztpoisson",2025-03-15,2025,2,185,184,185,1.28181818181818,1,TRUE
"Oregon",2025-03-29,"calendar","hsgp","hurdle_ztpoisson",2025-03-22,2025,1,100,126,100,22.0922727272727,26,FALSE
"Oregon",2025-03-29,"calendar","hsgp","hurdle_ztpoisson",2025-03-29,2025,0,75,95,75,16.4281818181818,20,FALSE
"Oregon",2025-03-29,"calendar","sir","hurdle_ztnb",2025-03-01,2025,4,321,323,321,1.10439393939393,2,TRUE
"Oregon",2025-03-29,"calendar","sir","hurdle_ztnb",2025-03-08,2025,3,207,208,207,0.684545454545454,1,TRUE
"Oregon",2025-03-29,"calendar","sir","hurdle_ztnb",2025-03-15,2025,2,185,184,185,1.43636363636364,1,TRUE
"Oregon",2025-03-29,"calendar","sir","hurdle_ztnb",2025-03-22,2025,1,100,126,100,17.9181818181818,26,FALSE
"Oregon",2025-03-29,"calendar","sir","hurdle_ztnb",2025-03-29,2025,0,75,95,75,11.4860606060606,20,TRUE
"Oregon",2025-03-29,"calendar","sir","hurdle_ztpoisson",2025-03-01,2025,4,321,323,321,1.40242424242424,2,TRUE
"Oregon",2025-03-29,"calendar","sir","hurdle_ztpoisson",2025-03-08,2025,3,207,208,207,0.719545454545454,1,TRUE
"Oregon",2025-03-29,"calendar","sir","hurdle_ztpoisson",2025-03-15,2025,2,185,184,185,0.955909090909091,1,TRUE
"Oregon",2025-03-29,"calendar","sir","hurdle_ztpoisson",2025-03-22,2025,1,100,126,100,24.1831818181818,26,FALSE
"Oregon",2025-03-29,"calendar","sir","hurdle_ztpoisson",2025-03-29,2025,0,75,95,75,18.1831818181818,20,FALSE
"Oregon",2025-04-26,"calendar","hsgp","hurdle_ztnb",2025-03-29,2025,4,95,95,95,0.227272727272727,0,TRUE
"Oregon",2025-04-26,"calendar","hsgp","hurdle_ztnb",2025-04-05,2025,3,83,85,83,1.04909090909091,2,TRUE
"Oregon",2025-04-26,"calendar","hsgp","hurdle_ztnb",2025-04-12,2025,2,49,50,49,0.6,1,TRUE
"Oregon",2025-04-26,"calendar","hsgp","hurdle_ztnb",2025-04-19,2025,1,42,43,43,0.781818181818182,0,TRUE
"Oregon",2025-04-26,"calendar","hsgp","hurdle_ztnb",2025-04-26,2025,0,30,33,32,1.33454545454546,1,TRUE
"Oregon",2025-04-26,"calendar","hsgp","hurdle_ztpoisson",2025-03-29,2025,4,95,95,95,0.101363636363636,0,TRUE
"Oregon",2025-04-26,"calendar","hsgp","hurdle_ztpoisson",2025-04-05,2025,3,83,85,83,1.38181818181818,2,TRUE
"Oregon",2025-04-26,"calendar","hsgp","hurdle_ztpoisson",2025-04-12,2025,2,49,50,49,0.721818181818182,1,TRUE
"Oregon",2025-04-26,"calendar","hsgp","hurdle_ztpoisson",2025-04-19,2025,1,42,43,42,0.690909090909091,1,TRUE
"Oregon",2025-04-26,"calendar","hsgp","hurdle_ztpoisson",2025-04-26,2025,0,30,33,30,2.74015151515152,3,TRUE
"Oregon",2025-04-26,"calendar","sir","hurdle_ztnb",2025-03-29,2025,4,95,95,95,0.439090909090909,0,TRUE
"Oregon",2025-04-26,"calendar","sir","hurdle_ztnb",2025-04-05,2025,3,83,85,83,1.1,2,TRUE
"Oregon",2025-04-26,"calendar","sir","hurdle_ztnb",2025-04-12,2025,2,49,50,49,0.809090909090909,1,TRUE
"Oregon",2025-04-26,"calendar","sir","hurdle_ztnb",2025-04-19,2025,1,42,43,42,0.931060606060606,1,TRUE
"Oregon",2025-04-26,"calendar","sir","hurdle_ztnb",2025-04-26,2025,0,30,33,31,1.49878787878788,2,TRUE
"Oregon",2025-04-26,"calendar","sir","hurdle_ztpoisson",2025-03-29,2025,4,95,95,95,0,0,TRUE
"Oregon",2025-04-26,"calendar","sir","hurdle_ztpoisson",2025-04-05,2025,3,83,85,83,1.665,2,TRUE
"Oregon",2025-04-26,"calendar","sir","hurdle_ztpoisson",2025-04-12,2025,2,49,50,49,0.854545454545455,1,TRUE
"Oregon",2025-04-26,"calendar","sir","hurdle_ztpoisson",2025-04-19,2025,1,42,43,42,0.837727272727273,1,TRUE
"Oregon",2025-04-26,"calendar","sir","hurdle_ztpoisson",2025-04-26,2025,0,30,33,30,2.63,3,TRUE
"Oregon",2025-05-31,"calendar","hsgp","hurdle_ztnb",2025-05-03,2025,4,35,36,35,0.683181818181818,1,TRUE
"Oregon",2025-05-31,"calendar","hsgp","hurdle_ztnb",2025-05-10,2025,3,27,27,27,0.109090909090909,0,TRUE
"Oregon",2025-05-31,"calendar","hsgp","hurdle_ztnb",2025-05-17,2025,2,19,19,19,0.1,0,TRUE
"Oregon",2025-05-31,"calendar","hsgp","hurdle_ztnb",2025-05-24,2025,1,21,20,21,1.31818181818182,1,FALSE
"Oregon",2025-05-31,"calendar","hsgp","hurdle_ztnb",2025-05-31,2025,0,7,14,7,3.27272727272727,7,TRUE
"Oregon",2025-05-31,"calendar","hsgp","hurdle_ztpoisson",2025-05-03,2025,4,35,36,35,0.837727272727273,1,TRUE
"Oregon",2025-05-31,"calendar","hsgp","hurdle_ztpoisson",2025-05-10,2025,3,27,27,27,0,0,TRUE
"Oregon",2025-05-31,"calendar","hsgp","hurdle_ztpoisson",2025-05-17,2025,2,19,19,19,0.0286363636363637,0,TRUE
"Oregon",2025-05-31,"calendar","hsgp","hurdle_ztpoisson",2025-05-24,2025,1,21,20,21,0.928636363636364,1,TRUE
"Oregon",2025-05-31,"calendar","hsgp","hurdle_ztpoisson",2025-05-31,2025,0,7,14,7,5.85454545454545,7,FALSE
"Oregon",2025-05-31,"calendar","sir","hurdle_ztnb",2025-05-03,2025,4,35,36,35,0.737727272727273,1,TRUE
"Oregon",2025-05-31,"calendar","sir","hurdle_ztnb",2025-05-10,2025,3,27,27,27,0.227272727272727,0,TRUE
"Oregon",2025-05-31,"calendar","sir","hurdle_ztnb",2025-05-17,2025,2,19,19,19,0.259545454545454,0,TRUE
"Oregon",2025-05-31,"calendar","sir","hurdle_ztnb",2025-05-24,2025,1,21,20,21,1.36727272727273,1,FALSE
"Oregon",2025-05-31,"calendar","sir","hurdle_ztnb",2025-05-31,2025,0,7,14,7,3.63696969696969,7,TRUE
"Oregon",2025-05-31,"calendar","sir","hurdle_ztpoisson",2025-05-03,2025,4,35,36,35,1,1,FALSE
"Oregon",2025-05-31,"calendar","sir","hurdle_ztpoisson",2025-05-10,2025,3,27,27,27,0,0,TRUE
"Oregon",2025-05-31,"calendar","sir","hurdle_ztpoisson",2025-05-17,2025,2,19,19,19,0,0,TRUE
"Oregon",2025-05-31,"calendar","sir","hurdle_ztpoisson",2025-05-24,2025,1,21,20,21,1.02727272727273,1,FALSE
"Oregon",2025-05-31,"calendar","sir","hurdle_ztpoisson",2025-05-31,2025,0,7,14,7,7,7,FALSE
"Pennsylvania",2025-01-02,"calendar","hsgp","hurdle_ztnb",2024-11-30,2024,4,114,116,114,2.1180303030303,2,TRUE
"Pennsylvania",2025-01-02,"calendar","hsgp","hurdle_ztnb",2024-12-07,2024,3,175,208,175,20.9554545454546,33,TRUE
"Pennsylvania",2025-01-02,"calendar","hsgp","hurdle_ztnb",2024-12-14,2024,2,267,349,267,63.714393939394,82,FALSE
"Pennsylvania",2025-01-02,"calendar","hsgp","hurdle_ztnb",2024-12-21,2024,1,344,632,344,258.526666666667,288,FALSE
"Pennsylvania",2025-01-02,"calendar","hsgp","hurdle_ztnb",2024-12-28,2024,0,985,1210,986,190.37196969697,224,FALSE
"Pennsylvania",2025-01-02,"calendar","hsgp","hurdle_ztpoisson",2024-11-30,2024,4,114,116,114,2,2,FALSE
"Pennsylvania",2025-01-02,"calendar","hsgp","hurdle_ztpoisson",2024-12-07,2024,3,175,208,175,33,33,FALSE
"Pennsylvania",2025-01-02,"calendar","hsgp","hurdle_ztpoisson",2024-12-14,2024,2,267,349,267,80.6613636363637,82,FALSE
"Pennsylvania",2025-01-02,"calendar","hsgp","hurdle_ztpoisson",2024-12-21,2024,1,344,632,344,281.650909090909,288,FALSE
"Pennsylvania",2025-01-02,"calendar","hsgp","hurdle_ztpoisson",2024-12-28,2024,0,985,1210,985,207.183181818182,225,FALSE
"Pennsylvania",2025-01-02,"calendar","sir","hurdle_ztnb",2024-11-30,2024,4,114,116,114,1.60954545454545,2,TRUE
"Pennsylvania",2025-01-02,"calendar","sir","hurdle_ztnb",2024-12-07,2024,3,175,208,175,28.9527272727273,33,FALSE
"Pennsylvania",2025-01-02,"calendar","sir","hurdle_ztnb",2024-12-14,2024,2,267,349,267,75.3531818181818,82,FALSE
"Pennsylvania",2025-01-02,"calendar","sir","hurdle_ztnb",2024-12-21,2024,1,344,632,344,275.519696969697,288,FALSE
"Pennsylvania",2025-01-02,"calendar","sir","hurdle_ztnb",2024-12-28,2024,0,985,1210,985,204.018636363636,225,FALSE
"Pennsylvania",2025-01-02,"calendar","sir","hurdle_ztpoisson",2024-11-30,2024,4,114,116,114,2,2,FALSE
"Pennsylvania",2025-01-02,"calendar","sir","hurdle_ztpoisson",2024-12-07,2024,3,175,208,175,24.4431818181818,33,TRUE
"Pennsylvania",2025-01-02,"calendar","sir","hurdle_ztpoisson",2024-12-14,2024,2,267,349,267,82,82,FALSE
"Pennsylvania",2025-01-02,"calendar","sir","hurdle_ztpoisson",2024-12-21,2024,1,344,632,344,285.210454545455,288,FALSE
"Pennsylvania",2025-01-02,"calendar","sir","hurdle_ztpoisson",2024-12-28,2024,0,985,1210,985,210.945606060606,225,FALSE
"Pennsylvania",2025-02-15,"calendar","hsgp","hurdle_ztnb",2025-01-18,2025,4,2476,2483,2477,8.11696969696969,6,TRUE
"Pennsylvania",2025-02-15,"calendar","hsgp","hurdle_ztnb",2025-01-25,2025,3,3041,3182,3056,70.5672727272727,126,TRUE
"Pennsylvania",2025-02-15,"calendar","hsgp","hurdle_ztnb",2025-02-01,2025,2,3730,3853,3752,53.7930303030303,101,TRUE
"Pennsylvania",2025-02-15,"calendar","hsgp","hurdle_ztnb",2025-02-08,2025,1,4177,4358,4197,81.9674242424243,161,TRUE
"Pennsylvania",2025-02-15,"calendar","hsgp","hurdle_ztnb",2025-02-15,2025,0,4290,4571,4340.5,131.909242424242,230.5,TRUE
"Pennsylvania",2025-02-15,"calendar","hsgp","hurdle_ztpoisson",2025-01-18,2025,4,2476,2483,2476,4.71045454545455,7,TRUE
"Pennsylvania",2025-02-15,"calendar","hsgp","hurdle_ztpoisson",2025-01-25,2025,3,3041,3182,3041,125.208181818182,141,FALSE
"Pennsylvania",2025-02-15,"calendar","hsgp","hurdle_ztpoisson",2025-02-01,2025,2,3730,3853,3730,98.9439393939394,123,FALSE
"Pennsylvania",2025-02-15,"calendar","hsgp","hurdle_ztpoisson",2025-02-08,2025,1,4177,4358,4177,136.041363636364,181,FALSE
"Pennsylvania",2025-02-15,"calendar","hsgp","hurdle_ztpoisson",2025-02-15,2025,0,4290,4571,4290,300.894848484849,281,FALSE
"Pennsylvania",2025-02-15,"calendar","sir","hurdle_ztnb",2025-01-18,2025,4,2476,2483,2476,4.75803030303025,7,TRUE
"Pennsylvania",2025-02-15,"calendar","sir","hurdle_ztnb",2025-01-25,2025,3,3041,3182,3041,127.849545454545,141,FALSE
"Pennsylvania",2025-02-15,"calendar","sir","hurdle_ztnb",2025-02-01,2025,2,3730,3853,3730,111.606818181818,123,FALSE
"Pennsylvania",2025-02-15,"calendar","sir","hurdle_ztnb",2025-02-08,2025,1,4177,4358,4177,163.865454545455,181,FALSE
"Pennsylvania",2025-02-15,"calendar","sir","hurdle_ztnb",2025-02-15,2025,0,4290,4571,4290,234.699848484849,281,FALSE
"Pennsylvania",2025-02-15,"calendar","sir","hurdle_ztpoisson",2025-01-18,2025,4,2476,2483,2476,6.09090909090909,7,TRUE
"Pennsylvania",2025-02-15,"calendar","sir","hurdle_ztpoisson",2025-01-25,2025,3,3041,3182,3041,141,141,FALSE
"Pennsylvania",2025-02-15,"calendar","sir","hurdle_ztpoisson",2025-02-01,2025,2,3730,3853,3730,123,123,FALSE
"Pennsylvania",2025-02-15,"calendar","sir","hurdle_ztpoisson",2025-02-08,2025,1,4177,4358,4177,181,181,FALSE
"Pennsylvania",2025-02-15,"calendar","sir","hurdle_ztpoisson",2025-02-15,2025,0,4290,4571,4290,281.671818181818,281,FALSE
"Pennsylvania",2025-03-29,"calendar","hsgp","hurdle_ztnb",2025-03-01,2025,4,3019,3136,3019,93.0506060606061,117,FALSE
"Pennsylvania",2025-03-29,"calendar","hsgp","hurdle_ztnb",2025-03-08,2025,3,2356,2429,2356,49.469696969697,73,FALSE
"Pennsylvania",2025-03-29,"calendar","hsgp","hurdle_ztnb",2025-03-15,2025,2,1607,1648,1608,21.780303030303,40,TRUE
"Pennsylvania",2025-03-29,"calendar","hsgp","hurdle_ztnb",2025-03-22,2025,1,1248,1346,1249,70.3854545454545,97,FALSE
"Pennsylvania",2025-03-29,"calendar","hsgp","hurdle_ztnb",2025-03-29,2025,0,921,958,925,16.4687878787879,33,TRUE
"Pennsylvania",2025-03-29,"calendar","hsgp","hurdle_ztpoisson",2025-03-01,2025,4,3019,3136,3036,86.4656060606061,100,FALSE
"Pennsylvania",2025-03-29,"calendar","hsgp","hurdle_ztpoisson",2025-03-08,2025,3,2356,2429,2370,41.5372727272727,59,FALSE
"Pennsylvania",2025-03-29,"calendar","hsgp","hurdle_ztpoisson",2025-03-15,2025,2,1607,1648,1620,16.3754545454545,28,TRUE
"Pennsylvania",2025-03-29,"calendar","hsgp","hurdle_ztpoisson",2025-03-22,2025,1,1248,1346,1269,61.3681818181818,77,FALSE
"Pennsylvania",2025-03-29,"calendar","hsgp","hurdle_ztpoisson",2025-03-29,2025,0,921,958,868,42.0287878787879,90,TRUE
"Pennsylvania",2025-03-29,"calendar","sir","hurdle_ztnb",2025-03-01,2025,4,3019,3136,3019,108.055454545455,117,FALSE
"Pennsylvania",2025-03-29,"calendar","sir","hurdle_ztnb",2025-03-08,2025,3,2356,2429,2356,66.0145454545455,73,FALSE
"Pennsylvania",2025-03-29,"calendar","sir","hurdle_ztnb",2025-03-15,2025,2,1607,1648,1607,28.4327272727273,41,TRUE
"Pennsylvania",2025-03-29,"calendar","sir","hurdle_ztnb",2025-03-22,2025,1,1248,1346,1248,71.1906060606061,98,FALSE
"Pennsylvania",2025-03-29,"calendar","sir","hurdle_ztnb",2025-03-29,2025,0,921,958,921,21.8595454545454,37,TRUE
"Pennsylvania",2025-03-29,"calendar","sir","hurdle_ztpoisson",2025-03-01,2025,4,3019,3136,3019,117,117,FALSE
"Pennsylvania",2025-03-29,"calendar","sir","hurdle_ztpoisson",2025-03-08,2025,3,2356,2429,2356,73,73,FALSE
"Pennsylvania",2025-03-29,"calendar","sir","hurdle_ztpoisson",2025-03-15,2025,2,1607,1648,1607,41,41,FALSE
"Pennsylvania",2025-03-29,"calendar","sir","hurdle_ztpoisson",2025-03-22,2025,1,1248,1346,1248,98,98,FALSE
"Pennsylvania",2025-03-29,"calendar","sir","hurdle_ztpoisson",2025-03-29,2025,0,921,958,921,37,37,FALSE
"Pennsylvania",2025-04-26,"calendar","hsgp","hurdle_ztnb",2025-03-29,2025,4,933,958,933,18.3509090909091,25,FALSE
"Pennsylvania",2025-04-26,"calendar","hsgp","hurdle_ztnb",2025-04-05,2025,3,587,671,587,77.0363636363636,84,FALSE
"Pennsylvania",2025-04-26,"calendar","hsgp","hurdle_ztnb",2025-04-12,2025,2,441,479,441,31.0836363636364,38,FALSE
"Pennsylvania",2025-04-26,"calendar","hsgp","hurdle_ztnb",2025-04-19,2025,1,347,417,347,61.3040909090909,70,FALSE
"Pennsylvania",2025-04-26,"calendar","hsgp","hurdle_ztnb",2025-04-26,2025,0,239,474,239,219.29196969697,235,FALSE
"Pennsylvania",2025-04-26,"calendar","hsgp","hurdle_ztpoisson",2025-03-29,2025,4,933,958,933,14.7509090909091,25,TRUE
"Pennsylvania",2025-04-26,"calendar","hsgp","hurdle_ztpoisson",2025-04-05,2025,3,587,671,587,74.9213636363637,84,FALSE
"Pennsylvania",2025-04-26,"calendar","hsgp","hurdle_ztpoisson",2025-04-12,2025,2,441,479,441,28.6377272727273,38,FALSE
"Pennsylvania",2025-04-26,"calendar","hsgp","hurdle_ztpoisson",2025-04-19,2025,1,347,417,351,60.5862121212121,66,FALSE
"Pennsylvania",2025-04-26,"calendar","hsgp","hurdle_ztpoisson",2025-04-26,2025,0,239,474,239,224.610454545455,235,FALSE
"Pennsylvania",2025-04-26,"calendar","sir","hurdle_ztnb",2025-03-29,2025,4,933,958,933,20.2909090909091,25,FALSE
"Pennsylvania",2025-04-26,"calendar","sir","hurdle_ztnb",2025-04-05,2025,3,587,671,587,74.9781818181818,84,FALSE
"Pennsylvania",2025-04-26,"calendar","sir","hurdle_ztnb",2025-04-12,2025,2,441,479,441,28.2687878787879,38,FALSE
"Pennsylvania",2025-04-26,"calendar","sir","hurdle_ztnb",2025-04-19,2025,1,347,417,347,51.5672727272727,70,FALSE
"Pennsylvania",2025-04-26,"calendar","sir","hurdle_ztnb",2025-04-26,2025,0,239,474,239,209.083181818182,235,FALSE
"Pennsylvania",2025-04-26,"calendar","sir","hurdle_ztpoisson",2025-03-29,2025,4,933,958,933,25,25,FALSE
"Pennsylvania",2025-04-26,"calendar","sir","hurdle_ztpoisson",2025-04-05,2025,3,587,671,587,84,84,FALSE
"Pennsylvania",2025-04-26,"calendar","sir","hurdle_ztpoisson",2025-04-12,2025,2,441,479,441,38,38,FALSE
"Pennsylvania",2025-04-26,"calendar","sir","hurdle_ztpoisson",2025-04-19,2025,1,347,417,347,70,70,FALSE
"Pennsylvania",2025-04-26,"calendar","sir","hurdle_ztpoisson",2025-04-26,2025,0,239,474,239,235,235,FALSE
"Pennsylvania",2025-05-31,"calendar","hsgp","hurdle_ztnb",2025-05-03,2025,4,254,256,254,1.66348484848485,2,TRUE
"Pennsylvania",2025-05-31,"calendar","hsgp","hurdle_ztnb",2025-05-10,2025,3,251,262,251,6.97272727272727,11,TRUE
"Pennsylvania",2025-05-31,"calendar","hsgp","hurdle_ztnb",2025-05-17,2025,2,151,173,151,15.5886363636364,22,TRUE
"Pennsylvania",2025-05-31,"calendar","hsgp","hurdle_ztnb",2025-05-24,2025,1,169,172,169,2.56515151515151,3,TRUE
"Pennsylvania",2025-05-31,"calendar","hsgp","hurdle_ztnb",2025-05-31,2025,0,183,187,184,3.86727272727273,3,TRUE
"Pennsylvania",2025-05-31,"calendar","hsgp","hurdle_ztpoisson",2025-05-03,2025,4,254,256,254,1.57272727272727,2,TRUE
"Pennsylvania",2025-05-31,"calendar","hsgp","hurdle_ztpoisson",2025-05-10,2025,3,251,262,251,7.665,11,FALSE
"Pennsylvania",2025-05-31,"calendar","hsgp","hurdle_ztpoisson",2025-05-17,2025,2,151,173,151,17.0272727272727,22,FALSE
"Pennsylvania",2025-05-31,"calendar","hsgp","hurdle_ztpoisson",2025-05-24,2025,1,169,172,169,1.46606060606061,3,TRUE
"Pennsylvania",2025-05-31,"calendar","hsgp","hurdle_ztpoisson",2025-05-31,2025,0,183,187,183,3.805,4,TRUE
"Pennsylvania",2025-05-31,"calendar","sir","hurdle_ztnb",2025-05-03,2025,4,254,256,254,1.29090909090909,2,TRUE
"Pennsylvania",2025-05-31,"calendar","sir","hurdle_ztnb",2025-05-10,2025,3,251,262,251,7.30545454545454,11,TRUE
"Pennsylvania",2025-05-31,"calendar","sir","hurdle_ztnb",2025-05-17,2025,2,151,173,151,15.8727272727273,22,TRUE
"Pennsylvania",2025-05-31,"calendar","sir","hurdle_ztnb",2025-05-24,2025,1,169,172,169,2.25727272727273,3,TRUE
"Pennsylvania",2025-05-31,"calendar","sir","hurdle_ztnb",2025-05-31,2025,0,183,187,183,3.05106060606061,4,TRUE
"Pennsylvania",2025-05-31,"calendar","sir","hurdle_ztpoisson",2025-05-03,2025,4,254,256,254,2,2,FALSE
"Pennsylvania",2025-05-31,"calendar","sir","hurdle_ztpoisson",2025-05-10,2025,3,251,262,251,11,11,FALSE
"Pennsylvania",2025-05-31,"calendar","sir","hurdle_ztpoisson",2025-05-17,2025,2,151,173,151,22,22,FALSE
"Pennsylvania",2025-05-31,"calendar","sir","hurdle_ztpoisson",2025-05-24,2025,1,169,172,169,3,3,FALSE
"Pennsylvania",2025-05-31,"calendar","sir","hurdle_ztpoisson",2025-05-31,2025,0,183,187,183,4,4,FALSE
"Puerto Rico",2025-01-02,"calendar","hsgp","hurdle_ztnb",2024-11-30,2024,4,279,368,279,82.9145454545455,89,FALSE
"Puerto Rico",2025-01-02,"calendar","hsgp","hurdle_ztnb",2024-12-07,2024,3,435,457,435,15.1690909090909,22,FALSE
"Puerto Rico",2025-01-02,"calendar","hsgp","hurdle_ztnb",2024-12-14,2024,2,371,470,372,90.0136363636364,98,FALSE
"Puerto Rico",2025-01-02,"calendar","hsgp","hurdle_ztnb",2024-12-21,2024,1,19,553,19,524.086060606061,534,FALSE
"Puerto Rico",2025-01-02,"calendar","hsgp","hurdle_ztnb",2024-12-28,2024,0,13,707,14,669.475606060606,693,FALSE
"Puerto Rico",2025-01-02,"calendar","hsgp","hurdle_ztpoisson",2024-11-30,2024,4,279,368,279,84.3,89,FALSE
"Puerto Rico",2025-01-02,"calendar","hsgp","hurdle_ztpoisson",2024-12-07,2024,3,435,457,435,14.2856060606061,22,FALSE
"Puerto Rico",2025-01-02,"calendar","hsgp","hurdle_ztpoisson",2024-12-14,2024,2,371,470,371,90.4039393939394,99,FALSE
"Puerto Rico",2025-01-02,"calendar","hsgp","hurdle_ztpoisson",2024-12-21,2024,1,19,553,19,528.048787878788,534,FALSE
"Puerto Rico",2025-01-02,"calendar","hsgp","hurdle_ztpoisson",2024-12-28,2024,0,13,707,13,689.457272727273,694,FALSE
"Puerto Rico",2025-01-02,"calendar","sir","hurdle_ztnb",2024-11-30,2024,4,279,368,279,85.165,89,FALSE
"Puerto Rico",2025-01-02,"calendar","sir","hurdle_ztnb",2024-12-07,2024,3,435,457,435,16.9209090909091,22,FALSE
"Puerto Rico",2025-01-02,"calendar","sir","hurdle_ztnb",2024-12-14,2024,2,371,470,371,91.9795454545455,99,FALSE
"Puerto Rico",2025-01-02,"calendar","sir","hurdle_ztnb",2024-12-21,2024,1,19,553,19,525.132727272727,534,FALSE
"Puerto Rico",2025-01-02,"calendar","sir","hurdle_ztnb",2024-12-28,2024,0,13,707,14,675.283181818182,693,FALSE
"Puerto Rico",2025-01-02,"calendar","sir","hurdle_ztpoisson",2024-11-30,2024,4,279,368,279,87.1704545454545,89,FALSE
"Puerto Rico",2025-01-02,"calendar","sir","hurdle_ztpoisson",2024-12-07,2024,3,435,457,441,8.96878787878788,16,TRUE
"Puerto Rico",2025-01-02,"calendar","sir","hurdle_ztpoisson",2024-12-14,2024,2,371,470,371,90.3468181818182,99,FALSE
"Puerto Rico",2025-01-02,"calendar","sir","hurdle_ztpoisson",2024-12-21,2024,1,19,553,19,528.593636363636,534,FALSE
"Puerto Rico",2025-01-02,"calendar","sir","hurdle_ztpoisson",2024-12-28,2024,0,13,707,13,687.640909090909,694,FALSE
"Puerto Rico",2025-02-15,"calendar","hsgp","hurdle_ztnb",2025-01-18,2025,4,415,643,419,211.133787878788,224,FALSE
"Puerto Rico",2025-02-15,"calendar","hsgp","hurdle_ztnb",2025-01-25,2025,3,319,505,321.5,172.880151515152,183.5,FALSE
"Puerto Rico",2025-02-15,"calendar","hsgp","hurdle_ztnb",2025-02-01,2025,2,48,348,50,285.975454545455,298,FALSE
"Puerto Rico",2025-02-15,"calendar","hsgp","hurdle_ztnb",2025-02-08,2025,1,164,251,165,73.6922727272727,86,FALSE
"Puerto Rico",2025-02-15,"calendar","hsgp","hurdle_ztnb",2025-02-15,2025,0,233,355,234,109.51,121,FALSE
"Puerto Rico",2025-02-15,"calendar","hsgp","hurdle_ztpoisson",2025-01-18,2025,4,415,643,427,194.401212121212,216,FALSE
"Puerto Rico",2025-02-15,"calendar","hsgp","hurdle_ztpoisson",2025-01-25,2025,3,319,505,328.5,157.873636363636,176.5,FALSE
"Puerto Rico",2025-02-15,"calendar","hsgp","hurdle_ztpoisson",2025-02-01,2025,2,48,348,59,273.704242424242,289,FALSE
"Puerto Rico",2025-02-15,"calendar","hsgp","hurdle_ztpoisson",2025-02-08,2025,1,164,251,169,66.7363636363636,82,FALSE
"Puerto Rico",2025-02-15,"calendar","hsgp","hurdle_ztpoisson",2025-02-15,2025,0,233,355,233,105.89,122,FALSE
"Puerto Rico",2025-02-15,"calendar","sir","hurdle_ztnb",2025-01-18,2025,4,415,643,416,212.021363636364,227,FALSE
"Puerto Rico",2025-02-15,"calendar","sir","hurdle_ztnb",2025-01-25,2025,3,319,505,320,163.873333333333,185,FALSE
"Puerto Rico",2025-02-15,"calendar","sir","hurdle_ztnb",2025-02-01,2025,2,48,348,49,278.922878787879,299,FALSE
"Puerto Rico",2025-02-15,"calendar","sir","hurdle_ztnb",2025-02-08,2025,1,164,251,167,51.1942424242424,84,TRUE
"Puerto Rico",2025-02-15,"calendar","sir","hurdle_ztnb",2025-02-15,2025,0,233,355,237.5,76.4281818181818,117.5,TRUE
"Puerto Rico",2025-02-15,"calendar","sir","hurdle_ztpoisson",2025-01-18,2025,4,415,643,429,201.395454545455,214,FALSE
"Puerto Rico",2025-02-15,"calendar","sir","hurdle_ztpoisson",2025-01-25,2025,3,319,505,324.5,171.244545454545,180.5,FALSE
"Puerto Rico",2025-02-15,"calendar","sir","hurdle_ztpoisson",2025-02-01,2025,2,48,348,48,296.209090909091,300,FALSE
"Puerto Rico",2025-02-15,"calendar","sir","hurdle_ztpoisson",2025-02-08,2025,1,164,251,164.5,74.2172727272727,86.5,FALSE
"Puerto Rico",2025-02-15,"calendar","sir","hurdle_ztpoisson",2025-02-15,2025,0,233,355,245,73.8893939393939,110,TRUE
"Puerto Rico",2025-03-29,"calendar","hsgp","hurdle_ztnb",2025-03-01,2025,4,311,315,313,1.98181818181818,2,TRUE
"Puerto Rico",2025-03-29,"calendar","hsgp","hurdle_ztnb",2025-03-08,2025,3,263,283,265,9.89363636363636,18,TRUE
"Puerto Rico",2025-03-29,"calendar","hsgp","hurdle_ztnb",2025-03-15,2025,2,346,346,348,2.62712121212121,2,TRUE
"Puerto Rico",2025-03-29,"calendar","hsgp","hurdle_ztnb",2025-03-22,2025,1,238,243,241,2.99,2,TRUE
"Puerto Rico",2025-03-29,"calendar","hsgp","hurdle_ztnb",2025-03-29,2025,0,177,212,185,15.0101515151515,27,TRUE
"Puerto Rico",2025-03-29,"calendar","hsgp","hurdle_ztpoisson",2025-03-01,2025,4,311,315,328.5,7.96727272727273,13.5,TRUE
"Puerto Rico",2025-03-29,"calendar","hsgp","hurdle_ztpoisson",2025-03-08,2025,3,263,283,287.5,7.44287878787879,4.5,TRUE
"Puerto Rico",2025-03-29,"calendar","hsgp","hurdle_ztpoisson",2025-03-15,2025,2,346,346,375,18.4421212121212,29,TRUE
"Puerto Rico",2025-03-29,"calendar","hsgp","hurdle_ztpoisson",2025-03-22,2025,1,238,243,294.5,30.7809090909091,51.5,TRUE
"Puerto Rico",2025-03-29,"calendar","hsgp","hurdle_ztpoisson",2025-03-29,2025,0,177,212,270.5,47.1968181818182,58.5,TRUE
"Puerto Rico",2025-03-29,"calendar","sir","hurdle_ztnb",2025-03-01,2025,4,311,315,311,3.11287878787879,4,TRUE
"Puerto Rico",2025-03-29,"calendar","sir","hurdle_ztnb",2025-03-08,2025,3,263,283,265,9.40878787878788,18,TRUE
"Puerto Rico",2025-03-29,"calendar","sir","hurdle_ztnb",2025-03-15,2025,2,346,346,349,4.09015151515152,3,TRUE
"Puerto Rico",2025-03-29,"calendar","sir","hurdle_ztnb",2025-03-22,2025,1,238,243,243.5,6.17196969696969,0.5,TRUE
"Puerto Rico",2025-03-29,"calendar","sir","hurdle_ztnb",2025-03-29,2025,0,177,212,182.5,15.9065151515152,29.5,TRUE
"Puerto Rico",2025-03-29,"calendar","sir","hurdle_ztpoisson",2025-03-01,2025,4,311,315,311,4,4,FALSE
"Puerto Rico",2025-03-29,"calendar","sir","hurdle_ztpoisson",2025-03-08,2025,3,263,283,263,20,20,FALSE
"Puerto Rico",2025-03-29,"calendar","sir","hurdle_ztpoisson",2025-03-15,2025,2,346,346,346,0,0,TRUE
"Puerto Rico",2025-03-29,"calendar","sir","hurdle_ztpoisson",2025-03-22,2025,1,238,243,238,4.66318181818187,5,FALSE
"Puerto Rico",2025-03-29,"calendar","sir","hurdle_ztpoisson",2025-03-29,2025,0,177,212,177,26.7013636363636,35,FALSE
"Puerto Rico",2025-04-26,"calendar","hsgp","hurdle_ztnb",2025-03-29,2025,4,186,212,186,20.3804545454546,26,FALSE
"Puerto Rico",2025-04-26,"calendar","hsgp","hurdle_ztnb",2025-04-05,2025,3,189,194,189,2.55454545454545,5,TRUE
"Puerto Rico",2025-04-26,"calendar","hsgp","hurdle_ztnb",2025-04-12,2025,2,231,274,231,33.0669696969697,43,FALSE
"Puerto Rico",2025-04-26,"calendar","hsgp","hurdle_ztnb",2025-04-19,2025,1,182,187,186,3.28363636363636,1,TRUE
"Puerto Rico",2025-04-26,"calendar","hsgp","hurdle_ztnb",2025-04-26,2025,0,178,185,182.5,4.78015151515152,2.5,TRUE
"Puerto Rico",2025-04-26,"calendar","hsgp","hurdle_ztpoisson",2025-03-29,2025,4,186,212,136,52.5763636363636,76,FALSE
"Puerto Rico",2025-04-26,"calendar","hsgp","hurdle_ztpoisson",2025-04-05,2025,3,189,194,140,32.3633333333333,54,TRUE
"Puerto Rico",2025-04-26,"calendar","hsgp","hurdle_ztpoisson",2025-04-12,2025,2,231,274,181.5,61.8680303030303,92.5,FALSE
"Puerto Rico",2025-04-26,"calendar","hsgp","hurdle_ztpoisson",2025-04-19,2025,1,182,187,150,22.4448484848485,37,TRUE
"Puerto Rico",2025-04-26,"calendar","hsgp","hurdle_ztpoisson",2025-04-26,2025,0,178,185,161.5,17.9260606060606,23.5,TRUE
"Puerto Rico",2025-04-26,"calendar","sir","hurdle_ztnb",2025-03-29,2025,4,186,212,186,15.190303030303,26,TRUE
"Puerto Rico",2025-04-26,"calendar","sir","hurdle_ztnb",2025-04-05,2025,3,189,194,189,3.22151515151515,5,TRUE
"Puerto Rico",2025-04-26,"calendar","sir","hurdle_ztnb",2025-04-12,2025,2,231,274,233,23.75,41,TRUE
"Puerto Rico",2025-04-26,"calendar","sir","hurdle_ztnb",2025-04-19,2025,1,182,187,183,4.6580303030303,4,TRUE
"Puerto Rico",2025-04-26,"calendar","sir","hurdle_ztnb",2025-04-26,2025,0,178,185,185,6.53560606060606,0,TRUE
"Puerto Rico",2025-04-26,"calendar","sir","hurdle_ztpoisson",2025-03-29,2025,4,186,212,186,26,26,FALSE
"Puerto Rico",2025-04-26,"calendar","sir","hurdle_ztpoisson",2025-04-05,2025,3,189,194,189,5,5,FALSE
"Puerto Rico",2025-04-26,"calendar","sir","hurdle_ztpoisson",2025-04-12,2025,2,231,274,231,43,43,FALSE
"Puerto Rico",2025-04-26,"calendar","sir","hurdle_ztpoisson",2025-04-19,2025,1,182,187,182,4.24818181818182,5,TRUE
"Puerto Rico",2025-04-26,"calendar","sir","hurdle_ztpoisson",2025-04-26,2025,0,178,185,178,5.90909090909091,7,TRUE
"Puerto Rico",2025-05-31,"calendar","hsgp","hurdle_ztnb",2025-05-03,2025,4,138,138,138,0.685606060606061,0,TRUE
"Puerto Rico",2025-05-31,"calendar","hsgp","hurdle_ztnb",2025-05-10,2025,3,199,210,199,6.48318181818182,11,TRUE
"Puerto Rico",2025-05-31,"calendar","hsgp","hurdle_ztnb",2025-05-17,2025,2,171,202,171,20.725,31,FALSE
"Puerto Rico",2025-05-31,"calendar","hsgp","hurdle_ztnb",2025-05-24,2025,1,157,174,157.5,7.95893939393939,16.5,TRUE
"Puerto Rico",2025-05-31,"calendar","hsgp","hurdle_ztnb",2025-05-31,2025,0,240,255,243,6.47666666666666,12,TRUE
"Puerto Rico",2025-05-31,"calendar","hsgp","hurdle_ztpoisson",2025-05-03,2025,4,138,138,97,25.0271212121212,41,TRUE
"Puerto Rico",2025-05-31,"calendar","hsgp","hurdle_ztpoisson",2025-05-10,2025,3,199,210,149.5,37.1883333333333,60.5,TRUE
"Puerto Rico",2025-05-31,"calendar","hsgp","hurdle_ztpoisson",2025-05-17,2025,2,171,202,134,43.8018181818182,68,TRUE
"Puerto Rico",2025-05-31,"calendar","hsgp","hurdle_ztpoisson",2025-05-24,2025,1,157,174,110,36.6828787878788,64,TRUE
"Puerto Rico",2025-05-31,"calendar","hsgp","hurdle_ztpoisson",2025-05-31,2025,0,240,255,226.5,24.75,28.5,TRUE
"Puerto Rico",2025-05-31,"calendar","sir","hurdle_ztnb",2025-05-03,2025,4,138,138,138,1.77272727272727,0,TRUE
"Puerto Rico",2025-05-31,"calendar","sir","hurdle_ztnb",2025-05-10,2025,3,199,210,199,6.095,11,TRUE
"Puerto Rico",2025-05-31,"calendar","sir","hurdle_ztnb",2025-05-17,2025,2,171,202,171,17.3068181818182,31,TRUE
"Puerto Rico",2025-05-31,"calendar","sir","hurdle_ztnb",2025-05-24,2025,1,157,174,158,7.89272727272727,16,TRUE
"Puerto Rico",2025-05-31,"calendar","sir","hurdle_ztnb",2025-05-31,2025,0,240,255,242,7.51590909090909,13,TRUE
"Puerto Rico",2025-05-31,"calendar","sir","hurdle_ztpoisson",2025-05-03,2025,4,138,138,138,0,0,TRUE
"Puerto Rico",2025-05-31,"calendar","sir","hurdle_ztpoisson",2025-05-10,2025,3,199,210,199,11,11,FALSE
"Puerto Rico",2025-05-31,"calendar","sir","hurdle_ztpoisson",2025-05-17,2025,2,171,202,171,31,31,FALSE
"Puerto Rico",2025-05-31,"calendar","sir","hurdle_ztpoisson",2025-05-24,2025,1,157,174,157,14.0663636363636,17,TRUE
"Puerto Rico",2025-05-31,"calendar","sir","hurdle_ztpoisson",2025-05-31,2025,0,240,255,240,10.1024242424242,15,TRUE
"Rhode Island",2025-01-02,"calendar","hsgp","hurdle_ztnb",2024-11-30,2024,4,6,6,6,0.0090909090909091,0,TRUE
"Rhode Island",2025-01-02,"calendar","hsgp","hurdle_ztnb",2024-12-07,2024,3,10,10,10,0.0545454545454546,0,TRUE
"Rhode Island",2025-01-02,"calendar","hsgp","hurdle_ztnb",2024-12-14,2024,2,28,28,28,0.110454545454545,0,TRUE
"Rhode Island",2025-01-02,"calendar","hsgp","hurdle_ztnb",2024-12-21,2024,1,23,29,23,4.30136363636364,6,FALSE
"Rhode Island",2025-01-02,"calendar","hsgp","hurdle_ztnb",2024-12-28,2024,0,39,65,40,21.8854545454545,25,FALSE
"Rhode Island",2025-01-02,"calendar","hsgp","hurdle_ztpoisson",2024-11-30,2024,4,6,6,6,0,0,TRUE
"Rhode Island",2025-01-02,"calendar","hsgp","hurdle_ztpoisson",2024-12-07,2024,3,10,10,10,0.0219696969696966,0,TRUE
"Rhode Island",2025-01-02,"calendar","hsgp","hurdle_ztpoisson",2024-12-14,2024,2,28,28,28,0.0636363636363637,0,TRUE
"Rhode Island",2025-01-02,"calendar","hsgp","hurdle_ztpoisson",2024-12-21,2024,1,23,29,23,4.41045454545455,6,FALSE
"Rhode Island",2025-01-02,"calendar","hsgp","hurdle_ztpoisson",2024-12-28,2024,0,39,65,40,22.6104545454545,25,FALSE
"Rhode Island",2025-01-02,"calendar","sir","hurdle_ztnb",2024-11-30,2024,4,6,6,6,0,0,TRUE
"Rhode Island",2025-01-02,"calendar","sir","hurdle_ztnb",2024-12-07,2024,3,10,10,10,0,0,TRUE
"Rhode Island",2025-01-02,"calendar","sir","hurdle_ztnb",2024-12-14,2024,2,28,28,28,0,0,TRUE
"Rhode Island",2025-01-02,"calendar","sir","hurdle_ztnb",2024-12-21,2024,1,23,29,23,6,6,FALSE
"Rhode Island",2025-01-02,"calendar","sir","hurdle_ztnb",2024-12-28,2024,0,39,65,39,26,26,FALSE
"Rhode Island",2025-01-02,"calendar","sir","hurdle_ztpoisson",2024-11-30,2024,4,6,6,6,0,0,TRUE
"Rhode Island",2025-01-02,"calendar","sir","hurdle_ztpoisson",2024-12-07,2024,3,10,10,10,0,0,TRUE
"Rhode Island",2025-01-02,"calendar","sir","hurdle_ztpoisson",2024-12-14,2024,2,28,28,28,0,0,TRUE
"Rhode Island",2025-01-02,"calendar","sir","hurdle_ztpoisson",2024-12-21,2024,1,23,29,23,6,6,FALSE
"Rhode Island",2025-01-02,"calendar","sir","hurdle_ztpoisson",2024-12-28,2024,0,39,65,39,26,26,FALSE
"Rhode Island",2025-02-15,"calendar","hsgp","hurdle_ztnb",2025-01-18,2025,4,107,107,109,1.09363636363636,2,TRUE
"Rhode Island",2025-02-15,"calendar","hsgp","hurdle_ztnb",2025-01-25,2025,3,113,114,115,0.942727272727272,1,TRUE
"Rhode Island",2025-02-15,"calendar","hsgp","hurdle_ztnb",2025-02-01,2025,2,173,173,178,2.605,5,TRUE
"Rhode Island",2025-02-15,"calendar","hsgp","hurdle_ztnb",2025-02-08,2025,1,193,202,198,2.66075757575758,4,TRUE
"Rhode Island",2025-02-15,"calendar","hsgp","hurdle_ztnb",2025-02-15,2025,0,170,180,178,3.80772727272727,2,TRUE
"Rhode Island",2025-02-15,"calendar","hsgp","hurdle_ztpoisson",2025-01-18,2025,4,107,107,107,0.393636363636363,0,TRUE
"Rhode Island",2025-02-15,"calendar","hsgp","hurdle_ztpoisson",2025-01-25,2025,3,113,114,114,0.936363636363636,0,TRUE
"Rhode Island",2025-02-15,"calendar","hsgp","hurdle_ztpoisson",2025-02-01,2025,2,173,173,176,1.99090909090909,3,TRUE
"Rhode Island",2025-02-15,"calendar","hsgp","hurdle_ztpoisson",2025-02-08,2025,1,193,202,198,3.54424242424242,4,TRUE
"Rhode Island",2025-02-15,"calendar","hsgp","hurdle_ztpoisson",2025-02-15,2025,0,170,180,194,11.1439393939394,14,TRUE
"Rhode Island",2025-02-15,"calendar","sir","hurdle_ztnb",2025-01-18,2025,4,107,107,107,0,0,TRUE
"Rhode Island",2025-02-15,"calendar","sir","hurdle_ztnb",2025-01-25,2025,3,113,114,113,1,1,FALSE
"Rhode Island",2025-02-15,"calendar","sir","hurdle_ztnb",2025-02-01,2025,2,173,173,173,0,0,TRUE
"Rhode Island",2025-02-15,"calendar","sir","hurdle_ztnb",2025-02-08,2025,1,193,202,193,9,9,FALSE
"Rhode Island",2025-02-15,"calendar","sir","hurdle_ztnb",2025-02-15,2025,0,170,180,170,10,10,FALSE
"Rhode Island",2025-02-15,"calendar","sir","hurdle_ztpoisson",2025-01-18,2025,4,107,107,107,0,0,TRUE
"Rhode Island",2025-02-15,"calendar","sir","hurdle_ztpoisson",2025-01-25,2025,3,113,114,113,1,1,FALSE
"Rhode Island",2025-02-15,"calendar","sir","hurdle_ztpoisson",2025-02-01,2025,2,173,173,173,0,0,TRUE
"Rhode Island",2025-02-15,"calendar","sir","hurdle_ztpoisson",2025-02-08,2025,1,193,202,193,9,9,FALSE
"Rhode Island",2025-02-15,"calendar","sir","hurdle_ztpoisson",2025-02-15,2025,0,170,180,170,10,10,FALSE
"Rhode Island",2025-03-29,"calendar","hsgp","hurdle_ztnb",2025-03-01,2025,4,107,107,107,0.2,0,TRUE
"Rhode Island",2025-03-29,"calendar","hsgp","hurdle_ztnb",2025-03-08,2025,3,65,79,65,12.3104545454546,14,FALSE
"Rhode Island",2025-03-29,"calendar","hsgp","hurdle_ztnb",2025-03-15,2025,2,57,68,57,9.01818181818182,11,FALSE
"Rhode Island",2025-03-29,"calendar","hsgp","hurdle_ztnb",2025-03-22,2025,1,28,43,28,12.2559090909091,15,FALSE
"Rhode Island",2025-03-29,"calendar","hsgp","hurdle_ztnb",2025-03-29,2025,0,17,26,17,4.94681818181818,9,TRUE
"Rhode Island",2025-03-29,"calendar","hsgp","hurdle_ztpoisson",2025-03-01,2025,4,107,107,107,0.428636363636364,0,TRUE
"Rhode Island",2025-03-29,"calendar","hsgp","hurdle_ztpoisson",2025-03-08,2025,3,65,79,65,11.2831818181818,14,FALSE
"Rhode Island",2025-03-29,"calendar","hsgp","hurdle_ztpoisson",2025-03-15,2025,2,57,68,57,7.47954545454546,11,FALSE
"Rhode Island",2025-03-29,"calendar","hsgp","hurdle_ztpoisson",2025-03-22,2025,1,28,43,28,10.7551515151515,15,FALSE
"Rhode Island",2025-03-29,"calendar","hsgp","hurdle_ztpoisson",2025-03-29,2025,0,17,26,20,3.57409090909091,6,TRUE
"Rhode Island",2025-03-29,"calendar","sir","hurdle_ztnb",2025-03-01,2025,4,107,107,107,0,0,TRUE
"Rhode Island",2025-03-29,"calendar","sir","hurdle_ztnb",2025-03-08,2025,3,65,79,65,14,14,FALSE
"Rhode Island",2025-03-29,"calendar","sir","hurdle_ztnb",2025-03-15,2025,2,57,68,57,11,11,FALSE
"Rhode Island",2025-03-29,"calendar","sir","hurdle_ztnb",2025-03-22,2025,1,28,43,28,15,15,FALSE
"Rhode Island",2025-03-29,"calendar","sir","hurdle_ztnb",2025-03-29,2025,0,17,26,17,9,9,FALSE
"Rhode Island",2025-03-29,"calendar","sir","hurdle_ztpoisson",2025-03-01,2025,4,107,107,107,0,0,TRUE
"Rhode Island",2025-03-29,"calendar","sir","hurdle_ztpoisson",2025-03-08,2025,3,65,79,65,14,14,FALSE
"Rhode Island",2025-03-29,"calendar","sir","hurdle_ztpoisson",2025-03-15,2025,2,57,68,57,11,11,FALSE
"Rhode Island",2025-03-29,"calendar","sir","hurdle_ztpoisson",2025-03-22,2025,1,28,43,28,15,15,FALSE
"Rhode Island",2025-03-29,"calendar","sir","hurdle_ztpoisson",2025-03-29,2025,0,17,26,17,9,9,FALSE
"Rhode Island",2025-04-26,"calendar","hsgp","hurdle_ztnb",2025-03-29,2025,4,26,26,26,0.0286363636363635,0,TRUE
"Rhode Island",2025-04-26,"calendar","hsgp","hurdle_ztnb",2025-04-05,2025,3,25,25,25,0.0933333333333332,0,TRUE
"Rhode Island",2025-04-26,"calendar","hsgp","hurdle_ztnb",2025-04-12,2025,2,22,22,22,0.1,0,TRUE
"Rhode Island",2025-04-26,"calendar","hsgp","hurdle_ztnb",2025-04-19,2025,1,17,17,17,0.2,0,TRUE
"Rhode Island",2025-04-26,"calendar","hsgp","hurdle_ztnb",2025-04-26,2025,0,4,4,4,0.465,0,TRUE
"Rhode Island",2025-04-26,"calendar","hsgp","hurdle_ztpoisson",2025-03-29,2025,4,26,26,26,0.127272727272727,0,TRUE
"Rhode Island",2025-04-26,"calendar","hsgp","hurdle_ztpoisson",2025-04-05,2025,3,25,25,25,0.0363636363636364,0,TRUE
"Rhode Island",2025-04-26,"calendar","hsgp","hurdle_ztpoisson",2025-04-12,2025,2,22,22,22,0.111515151515151,0,TRUE
"Rhode Island",2025-04-26,"calendar","hsgp","hurdle_ztpoisson",2025-04-19,2025,1,17,17,17,0.218181818181818,0,TRUE
"Rhode Island",2025-04-26,"calendar","hsgp","hurdle_ztpoisson",2025-04-26,2025,0,4,4,4,0.433333333333333,0,TRUE
"Rhode Island",2025-04-26,"calendar","sir","hurdle_ztnb",2025-03-29,2025,4,26,26,26,0,0,TRUE
"Rhode Island",2025-04-26,"calendar","sir","hurdle_ztnb",2025-04-05,2025,3,25,25,25,0,0,TRUE
"Rhode Island",2025-04-26,"calendar","sir","hurdle_ztnb",2025-04-12,2025,2,22,22,22,0,0,TRUE
"Rhode Island",2025-04-26,"calendar","sir","hurdle_ztnb",2025-04-19,2025,1,17,17,17,0,0,TRUE
"Rhode Island",2025-04-26,"calendar","sir","hurdle_ztnb",2025-04-26,2025,0,4,4,4,0,0,TRUE
"Rhode Island",2025-04-26,"calendar","sir","hurdle_ztpoisson",2025-03-29,2025,4,26,26,26,0,0,TRUE
"Rhode Island",2025-04-26,"calendar","sir","hurdle_ztpoisson",2025-04-05,2025,3,25,25,25,0,0,TRUE
"Rhode Island",2025-04-26,"calendar","sir","hurdle_ztpoisson",2025-04-12,2025,2,22,22,22,0,0,TRUE
"Rhode Island",2025-04-26,"calendar","sir","hurdle_ztpoisson",2025-04-19,2025,1,17,17,17,0,0,TRUE
"Rhode Island",2025-04-26,"calendar","sir","hurdle_ztpoisson",2025-04-26,2025,0,4,4,4,0,0,TRUE
"Rhode Island",2025-05-31,"calendar","hsgp","hurdle_ztnb",2025-05-03,2025,4,8,8,8,0,0,TRUE
"Rhode Island",2025-05-31,"calendar","hsgp","hurdle_ztnb",2025-05-10,2025,3,3,3,3,0,0,TRUE
"Rhode Island",2025-05-31,"calendar","hsgp","hurdle_ztnb",2025-05-17,2025,2,2,2,2,0,0,TRUE
"Rhode Island",2025-05-31,"calendar","hsgp","hurdle_ztnb",2025-05-24,2025,1,2,2,2,0.0181818181818182,0,TRUE
"Rhode Island",2025-05-31,"calendar","hsgp","hurdle_ztnb",2025-05-31,2025,0,2,2,2,0.0454545454545455,0,TRUE
"Rhode Island",2025-05-31,"calendar","hsgp","hurdle_ztpoisson",2025-05-03,2025,4,8,8,8,0,0,TRUE
"Rhode Island",2025-05-31,"calendar","hsgp","hurdle_ztpoisson",2025-05-10,2025,3,3,3,3,0,0,TRUE
"Rhode Island",2025-05-31,"calendar","hsgp","hurdle_ztpoisson",2025-05-17,2025,2,2,2,2,0,0,TRUE
"Rhode Island",2025-05-31,"calendar","hsgp","hurdle_ztpoisson",2025-05-24,2025,1,2,2,2,0.0454545454545455,0,TRUE
"Rhode Island",2025-05-31,"calendar","hsgp","hurdle_ztpoisson",2025-05-31,2025,0,2,2,2,0.0922727272727271,0,TRUE
"Rhode Island",2025-05-31,"calendar","sir","hurdle_ztnb",2025-05-03,2025,4,8,8,8,0,0,TRUE
"Rhode Island",2025-05-31,"calendar","sir","hurdle_ztnb",2025-05-10,2025,3,3,3,3,0,0,TRUE
"Rhode Island",2025-05-31,"calendar","sir","hurdle_ztnb",2025-05-17,2025,2,2,2,2,0,0,TRUE
"Rhode Island",2025-05-31,"calendar","sir","hurdle_ztnb",2025-05-24,2025,1,2,2,2,0,0,TRUE
"Rhode Island",2025-05-31,"calendar","sir","hurdle_ztnb",2025-05-31,2025,0,2,2,2,0,0,TRUE
"Rhode Island",2025-05-31,"calendar","sir","hurdle_ztpoisson",2025-05-03,2025,4,8,8,8,0,0,TRUE
"Rhode Island",2025-05-31,"calendar","sir","hurdle_ztpoisson",2025-05-10,2025,3,3,3,3,0,0,TRUE
"Rhode Island",2025-05-31,"calendar","sir","hurdle_ztpoisson",2025-05-17,2025,2,2,2,2,0,0,TRUE
"Rhode Island",2025-05-31,"calendar","sir","hurdle_ztpoisson",2025-05-24,2025,1,2,2,2,0,0,TRUE
"Rhode Island",2025-05-31,"calendar","sir","hurdle_ztpoisson",2025-05-31,2025,0,2,2,2,0,0,TRUE
"South Carolina",2025-01-02,"calendar","hsgp","hurdle_ztnb",2024-11-30,2024,4,18,18,18,0.112878787878788,0,TRUE
"South Carolina",2025-01-02,"calendar","hsgp","hurdle_ztnb",2024-12-07,2024,3,40,40,40,0.231363636363636,0,TRUE
"South Carolina",2025-01-02,"calendar","hsgp","hurdle_ztnb",2024-12-14,2024,2,77,80,77,2.18318181818182,3,TRUE
"South Carolina",2025-01-02,"calendar","hsgp","hurdle_ztnb",2024-12-21,2024,1,156,160,156,2.17787878787879,4,TRUE
"South Carolina",2025-01-02,"calendar","hsgp","hurdle_ztnb",2024-12-28,2024,0,309,327,309,8.97,18,TRUE
"South Carolina",2025-01-02,"calendar","hsgp","hurdle_ztpoisson",2024-11-30,2024,4,18,18,18,0,0,TRUE
"South Carolina",2025-01-02,"calendar","hsgp","hurdle_ztpoisson",2024-12-07,2024,3,40,40,40,0,0,TRUE
"South Carolina",2025-01-02,"calendar","hsgp","hurdle_ztpoisson",2024-12-14,2024,2,77,80,77,3,3,FALSE
"South Carolina",2025-01-02,"calendar","hsgp","hurdle_ztpoisson",2024-12-21,2024,1,156,160,156,3.21090909090909,4,TRUE
"South Carolina",2025-01-02,"calendar","hsgp","hurdle_ztpoisson",2024-12-28,2024,0,309,327,309,12.6415151515152,18,FALSE
"South Carolina",2025-01-02,"calendar","sir","hurdle_ztnb",2024-11-30,2024,4,18,18,18,0.163636363636364,0,TRUE
"South Carolina",2025-01-02,"calendar","sir","hurdle_ztnb",2024-12-07,2024,3,40,40,40,0.0922727272727271,0,TRUE
"South Carolina",2025-01-02,"calendar","sir","hurdle_ztnb",2024-12-14,2024,2,77,80,77,2.11045454545455,3,TRUE
"South Carolina",2025-01-02,"calendar","sir","hurdle_ztnb",2024-12-21,2024,1,156,160,156,2.61863636363636,4,TRUE
"South Carolina",2025-01-02,"calendar","sir","hurdle_ztnb",2024-12-28,2024,0,309,327,309,12.0545454545455,18,TRUE
"South Carolina",2025-01-02,"calendar","sir","hurdle_ztpoisson",2024-11-30,2024,4,18,18,18,0,0,TRUE
"South Carolina",2025-01-02,"calendar","sir","hurdle_ztpoisson",2024-12-07,2024,3,40,40,40,0.291060606060606,0,TRUE
"South Carolina",2025-01-02,"calendar","sir","hurdle_ztpoisson",2024-12-14,2024,2,77,80,77,3,3,FALSE
"South Carolina",2025-01-02,"calendar","sir","hurdle_ztpoisson",2024-12-21,2024,1,156,160,156,2.88318181818182,4,TRUE
"South Carolina",2025-01-02,"calendar","sir","hurdle_ztpoisson",2024-12-28,2024,0,309,327,309,12.7868181818182,18,FALSE
"South Carolina",2025-02-15,"calendar","hsgp","hurdle_ztnb",2025-01-18,2025,4,591,642,591.5,35.2745454545455,50.5,FALSE
"South Carolina",2025-02-15,"calendar","hsgp","hurdle_ztnb",2025-01-25,2025,3,823,833,826,4.58136363636364,7,TRUE
"South Carolina",2025-02-15,"calendar","hsgp","hurdle_ztnb",2025-02-01,2025,2,1259,1287,1271,8.96363636363636,16,TRUE
"South Carolina",2025-02-15,"calendar","hsgp","hurdle_ztnb",2025-02-08,2025,1,1194,1241,1208.5,18.0404545454545,32.5,TRUE
"South Carolina",2025-02-15,"calendar","hsgp","hurdle_ztnb",2025-02-15,2025,0,686,690,714,19.5190909090909,24,TRUE
"South Carolina",2025-02-15,"calendar","hsgp","hurdle_ztpoisson",2025-01-18,2025,4,591,642,591,40.2,51,FALSE
"South Carolina",2025-02-15,"calendar","hsgp","hurdle_ztpoisson",2025-01-25,2025,3,823,833,823,3.80787878787879,10,TRUE
"South Carolina",2025-02-15,"calendar","hsgp","hurdle_ztpoisson",2025-02-01,2025,2,1259,1287,1267.5,11.9909090909091,19.5,TRUE
"South Carolina",2025-02-15,"calendar","hsgp","hurdle_ztpoisson",2025-02-08,2025,1,1194,1241,1203.5,22.8318181818182,37.5,TRUE
"South Carolina",2025-02-15,"calendar","hsgp","hurdle_ztpoisson",2025-02-15,2025,0,686,690,691,9.51136363636363,1,TRUE
"South Carolina",2025-02-15,"calendar","sir","hurdle_ztnb",2025-01-18,2025,4,591,642,591,45.9272727272727,51,FALSE
"South Carolina",2025-02-15,"calendar","sir","hurdle_ztnb",2025-01-25,2025,3,823,833,823,6.26469696969698,10,TRUE
"South Carolina",2025-02-15,"calendar","sir","hurdle_ztnb",2025-02-01,2025,2,1259,1287,1259,22.4572727272727,28,FALSE
"South Carolina",2025-02-15,"calendar","sir","hurdle_ztnb",2025-02-08,2025,1,1194,1241,1194,36.9587878787879,47,FALSE
"South Carolina",2025-02-15,"calendar","sir","hurdle_ztnb",2025-02-15,2025,0,686,690,686,2.78151515151515,4,TRUE
"South Carolina",2025-02-15,"calendar","sir","hurdle_ztpoisson",2025-01-18,2025,4,591,642,591,46.0909090909091,51,FALSE
"South Carolina",2025-02-15,"calendar","sir","hurdle_ztpoisson",2025-01-25,2025,3,823,833,823,9.55090909090911,10,FALSE
"South Carolina",2025-02-15,"calendar","sir","hurdle_ztpoisson",2025-02-01,2025,2,1259,1287,1259,24.9286363636364,28,FALSE
"South Carolina",2025-02-15,"calendar","sir","hurdle_ztpoisson",2025-02-08,2025,1,1194,1241,1194,41.9963636363637,47,FALSE
"South Carolina",2025-02-15,"calendar","sir","hurdle_ztpoisson",2025-02-15,2025,0,686,690,686,3.70954545454545,4,TRUE
"South Carolina",2025-03-29,"calendar","hsgp","hurdle_ztnb",2025-03-01,2025,4,442,446,442,2.79090909090909,4,TRUE
"South Carolina",2025-03-29,"calendar","hsgp","hurdle_ztnb",2025-03-08,2025,3,407,408,407,0.683181818181818,1,TRUE
"South Carolina",2025-03-29,"calendar","hsgp","hurdle_ztnb",2025-03-15,2025,2,266,269,266,1.90909090909091,3,TRUE
"South Carolina",2025-03-29,"calendar","hsgp","hurdle_ztnb",2025-03-22,2025,1,181,188,181,3.75060606060606,7,TRUE
"South Carolina",2025-03-29,"calendar","hsgp","hurdle_ztnb",2025-03-29,2025,0,129,137,130,3.43515151515151,7,TRUE
"South Carolina",2025-03-29,"calendar","hsgp","hurdle_ztpoisson",2025-03-01,2025,4,442,446,442,2.42727272727273,4,TRUE
"South Carolina",2025-03-29,"calendar","hsgp","hurdle_ztpoisson",2025-03-08,2025,3,407,408,407,0.994545454545455,1,TRUE
"South Carolina",2025-03-29,"calendar","hsgp","hurdle_ztpoisson",2025-03-15,2025,2,266,269,266,1.93106060606061,3,TRUE
"South Carolina",2025-03-29,"calendar","hsgp","hurdle_ztpoisson",2025-03-22,2025,1,181,188,181,3.49787878787879,7,TRUE
"South Carolina",2025-03-29,"calendar","hsgp","hurdle_ztpoisson",2025-03-29,2025,0,129,137,129,4.29090909090909,8,TRUE
"South Carolina",2025-03-29,"calendar","sir","hurdle_ztnb",2025-03-01,2025,4,442,446,442,2.70136363636364,4,TRUE
"South Carolina",2025-03-29,"calendar","sir","hurdle_ztnb",2025-03-08,2025,3,407,408,407,0.746818181818182,1,TRUE
"South Carolina",2025-03-29,"calendar","sir","hurdle_ztnb",2025-03-15,2025,2,266,269,266,1.84681818181818,3,TRUE
"South Carolina",2025-03-29,"calendar","sir","hurdle_ztnb",2025-03-22,2025,1,181,188,181,3.91287878787879,7,TRUE
"South Carolina",2025-03-29,"calendar","sir","hurdle_ztnb",2025-03-29,2025,0,129,137,129,4.26757575757575,8,TRUE
"South Carolina",2025-03-29,"calendar","sir","hurdle_ztpoisson",2025-03-01,2025,4,442,446,442,4,4,FALSE
"South Carolina",2025-03-29,"calendar","sir","hurdle_ztpoisson",2025-03-08,2025,3,407,408,407,1,1,FALSE
"South Carolina",2025-03-29,"calendar","sir","hurdle_ztpoisson",2025-03-15,2025,2,266,269,266,3,3,FALSE
"South Carolina",2025-03-29,"calendar","sir","hurdle_ztpoisson",2025-03-22,2025,1,181,188,181,6.84454545454548,7,FALSE
"South Carolina",2025-03-29,"calendar","sir","hurdle_ztpoisson",2025-03-29,2025,0,129,137,129,8,8,FALSE
"South Carolina",2025-04-26,"calendar","hsgp","hurdle_ztnb",2025-03-29,2025,4,135,137,135,1.80136363636364,2,FALSE
"South Carolina",2025-04-26,"calendar","hsgp","hurdle_ztnb",2025-04-05,2025,3,80,80,80,0.0818181818181819,0,TRUE
"South Carolina",2025-04-26,"calendar","hsgp","hurdle_ztnb",2025-04-12,2025,2,43,43,43,0.1,0,TRUE
"South Carolina",2025-04-26,"calendar","hsgp","hurdle_ztnb",2025-04-19,2025,1,34,34,34,0.177727272727272,0,TRUE
"South Carolina",2025-04-26,"calendar","hsgp","hurdle_ztnb",2025-04-26,2025,0,25,33,25,4.37348484848484,8,TRUE
"South Carolina",2025-04-26,"calendar","hsgp","hurdle_ztpoisson",2025-03-29,2025,4,135,137,135,1.70136363636364,2,TRUE
"South Carolina",2025-04-26,"calendar","hsgp","hurdle_ztpoisson",2025-04-05,2025,3,80,80,80,0.0286363636363635,0,TRUE
"South Carolina",2025-04-26,"calendar","hsgp","hurdle_ztpoisson",2025-04-12,2025,2,43,43,43,0.137727272727273,0,TRUE
"South Carolina",2025-04-26,"calendar","hsgp","hurdle_ztpoisson",2025-04-19,2025,1,34,34,34,0.127272727272727,0,TRUE
"South Carolina",2025-04-26,"calendar","hsgp","hurdle_ztpoisson",2025-04-26,2025,0,25,33,25,6.29090909090909,8,FALSE
"South Carolina",2025-04-26,"calendar","sir","hurdle_ztnb",2025-03-29,2025,4,135,137,135,1.44181818181818,2,TRUE
"South Carolina",2025-04-26,"calendar","sir","hurdle_ztnb",2025-04-05,2025,3,80,80,80,0.220606060606061,0,TRUE
"South Carolina",2025-04-26,"calendar","sir","hurdle_ztnb",2025-04-12,2025,2,43,43,43,0.248181818181818,0,TRUE
"South Carolina",2025-04-26,"calendar","sir","hurdle_ztnb",2025-04-19,2025,1,34,34,34,0.676515151515151,0,TRUE
"South Carolina",2025-04-26,"calendar","sir","hurdle_ztnb",2025-04-26,2025,0,25,33,25,3.88318181818182,8,TRUE
"South Carolina",2025-04-26,"calendar","sir","hurdle_ztpoisson",2025-03-29,2025,4,135,137,135,2,2,FALSE
"South Carolina",2025-04-26,"calendar","sir","hurdle_ztpoisson",2025-04-05,2025,3,80,80,80,0,0,TRUE
"South Carolina",2025-04-26,"calendar","sir","hurdle_ztpoisson",2025-04-12,2025,2,43,43,43,0,0,TRUE
"South Carolina",2025-04-26,"calendar","sir","hurdle_ztpoisson",2025-04-19,2025,1,34,34,34,0,0,TRUE
"South Carolina",2025-04-26,"calendar","sir","hurdle_ztpoisson",2025-04-26,2025,0,25,33,25,8,8,FALSE
"South Carolina",2025-05-31,"calendar","hsgp","hurdle_ztnb",2025-05-03,2025,4,16,16,16,0,0,TRUE
"South Carolina",2025-05-31,"calendar","hsgp","hurdle_ztnb",2025-05-10,2025,3,13,13,13,0,0,TRUE
"South Carolina",2025-05-31,"calendar","hsgp","hurdle_ztnb",2025-05-17,2025,2,15,15,15,0.0272727272727273,0,TRUE
"South Carolina",2025-05-31,"calendar","hsgp","hurdle_ztnb",2025-05-24,2025,1,17,17,17,0.127272727272727,0,TRUE
"South Carolina",2025-05-31,"calendar","hsgp","hurdle_ztnb",2025-05-31,2025,0,18,18,18,0.427272727272727,0,TRUE
"South Carolina",2025-05-31,"calendar","hsgp","hurdle_ztpoisson",2025-05-03,2025,4,16,16,16,0,0,TRUE
"South Carolina",2025-05-31,"calendar","hsgp","hurdle_ztpoisson",2025-05-10,2025,3,13,13,13,0,0,TRUE
"South Carolina",2025-05-31,"calendar","hsgp","hurdle_ztpoisson",2025-05-17,2025,2,15,15,15,0,0,TRUE
"South Carolina",2025-05-31,"calendar","hsgp","hurdle_ztpoisson",2025-05-24,2025,1,17,17,17,0,0,TRUE
"South Carolina",2025-05-31,"calendar","hsgp","hurdle_ztpoisson",2025-05-31,2025,0,18,18,18,0.0569696969696969,0,TRUE
"South Carolina",2025-05-31,"calendar","sir","hurdle_ztnb",2025-05-03,2025,4,16,16,16,0.058636363636363,0,TRUE
"South Carolina",2025-05-31,"calendar","sir","hurdle_ztnb",2025-05-10,2025,3,13,13,13,0.083181818181818,0,TRUE
"South Carolina",2025-05-31,"calendar","sir","hurdle_ztnb",2025-05-17,2025,2,15,15,15,0.227272727272727,0,TRUE
"South Carolina",2025-05-31,"calendar","sir","hurdle_ztnb",2025-05-24,2025,1,17,17,17,0.184242424242424,0,TRUE
"South Carolina",2025-05-31,"calendar","sir","hurdle_ztnb",2025-05-31,2025,0,18,18,18,0.481818181818182,0,TRUE
"South Carolina",2025-05-31,"calendar","sir","hurdle_ztpoisson",2025-05-03,2025,4,16,16,16,0,0,TRUE
"South Carolina",2025-05-31,"calendar","sir","hurdle_ztpoisson",2025-05-10,2025,3,13,13,13,0,0,TRUE
"South Carolina",2025-05-31,"calendar","sir","hurdle_ztpoisson",2025-05-17,2025,2,15,15,15,0,0,TRUE
"South Carolina",2025-05-31,"calendar","sir","hurdle_ztpoisson",2025-05-24,2025,1,17,17,17,0,0,TRUE
"South Carolina",2025-05-31,"calendar","sir","hurdle_ztpoisson",2025-05-31,2025,0,18,18,18,0,0,TRUE
"South Dakota",2025-01-02,"calendar","hsgp","hurdle_ztnb",2024-11-30,2024,4,5,5,5,0,0,TRUE
"South Dakota",2025-01-02,"calendar","hsgp","hurdle_ztnb",2024-12-07,2024,3,1,1,1,0.0090909090909091,0,TRUE
"South Dakota",2025-01-02,"calendar","hsgp","hurdle_ztnb",2024-12-14,2024,2,8,8,8,0.0272727272727273,0,TRUE
"South Dakota",2025-01-02,"calendar","hsgp","hurdle_ztnb",2024-12-21,2024,1,13,14,13,0.527272727272727,1,TRUE
"South Dakota",2025-01-02,"calendar","hsgp","hurdle_ztnb",2024-12-28,2024,0,32,33,32,0.5,1,TRUE
"South Dakota",2025-01-02,"calendar","hsgp","hurdle_ztpoisson",2024-11-30,2024,4,5,5,5,0,0,TRUE
"South Dakota",2025-01-02,"calendar","hsgp","hurdle_ztpoisson",2024-12-07,2024,3,1,1,1,0.0090909090909091,0,TRUE
"South Dakota",2025-01-02,"calendar","hsgp","hurdle_ztpoisson",2024-12-14,2024,2,8,8,8,0.0286363636363634,0,TRUE
"South Dakota",2025-01-02,"calendar","hsgp","hurdle_ztpoisson",2024-12-21,2024,1,13,14,13,0.545454545454546,1,TRUE
"South Dakota",2025-01-02,"calendar","hsgp","hurdle_ztpoisson",2024-12-28,2024,0,32,33,32,0.419545454545454,1,TRUE
"South Dakota",2025-01-02,"calendar","sir","hurdle_ztnb",2024-11-30,2024,4,5,5,5,0,0,TRUE
"South Dakota",2025-01-02,"calendar","sir","hurdle_ztnb",2024-12-07,2024,3,1,1,1,0,0,TRUE
"South Dakota",2025-01-02,"calendar","sir","hurdle_ztnb",2024-12-14,2024,2,8,8,8,0.0090909090909091,0,TRUE
"South Dakota",2025-01-02,"calendar","sir","hurdle_ztnb",2024-12-21,2024,1,13,14,13,0.665,1,TRUE
"South Dakota",2025-01-02,"calendar","sir","hurdle_ztnb",2024-12-28,2024,0,32,33,32,0.565,1,TRUE
"South Dakota",2025-01-02,"calendar","sir","hurdle_ztpoisson",2024-11-30,2024,4,5,5,5,0,0,TRUE
"South Dakota",2025-01-02,"calendar","sir","hurdle_ztpoisson",2024-12-07,2024,3,1,1,1,0,0,TRUE
"South Dakota",2025-01-02,"calendar","sir","hurdle_ztpoisson",2024-12-14,2024,2,8,8,8,0.0090909090909091,0,TRUE
"South Dakota",2025-01-02,"calendar","sir","hurdle_ztpoisson",2024-12-21,2024,1,13,14,13,0.672727272727273,1,TRUE
"South Dakota",2025-01-02,"calendar","sir","hurdle_ztpoisson",2024-12-28,2024,0,32,33,32,0.565,1,TRUE
"South Dakota",2025-02-15,"calendar","hsgp","hurdle_ztnb",2025-01-18,2025,4,53,55,54,0.690909090909091,1,TRUE
"South Dakota",2025-02-15,"calendar","hsgp","hurdle_ztnb",2025-01-25,2025,3,80,88,82,4.14181818181818,6,TRUE
"South Dakota",2025-02-15,"calendar","hsgp","hurdle_ztnb",2025-02-01,2025,2,139,139,141,1.56,2,TRUE
"South Dakota",2025-02-15,"calendar","hsgp","hurdle_ztnb",2025-02-08,2025,1,197,207,200,3.34742424242424,7,TRUE
"South Dakota",2025-02-15,"calendar","hsgp","hurdle_ztnb",2025-02-15,2025,0,170,183,177,4.13212121212121,6,TRUE
"South Dakota",2025-02-15,"calendar","hsgp","hurdle_ztpoisson",2025-01-18,2025,4,53,55,53,0.954545454545455,2,TRUE
"South Dakota",2025-02-15,"calendar","hsgp","hurdle_ztpoisson",2025-01-25,2025,3,80,88,80,5.19393939393939,8,FALSE
"South Dakota",2025-02-15,"calendar","hsgp","hurdle_ztpoisson",2025-02-01,2025,2,139,139,142,1.61287878787879,3,TRUE
"South Dakota",2025-02-15,"calendar","hsgp","hurdle_ztpoisson",2025-02-08,2025,1,197,207,202,2.7710606060606,5,TRUE
"South Dakota",2025-02-15,"calendar","hsgp","hurdle_ztpoisson",2025-02-15,2025,0,170,183,178,5.91272727272727,5,TRUE
"South Dakota",2025-02-15,"calendar","sir","hurdle_ztnb",2025-01-18,2025,4,53,55,53,1.82727272727273,2,FALSE
"South Dakota",2025-02-15,"calendar","sir","hurdle_ztnb",2025-01-25,2025,3,80,88,80,7.31818181818182,8,FALSE
"South Dakota",2025-02-15,"calendar","sir","hurdle_ztnb",2025-02-01,2025,2,139,139,139,0.0727272727272728,0,TRUE
"South Dakota",2025-02-15,"calendar","sir","hurdle_ztnb",2025-02-08,2025,1,197,207,197,7.87181818181819,10,FALSE
"South Dakota",2025-02-15,"calendar","sir","hurdle_ztnb",2025-02-15,2025,0,170,183,170,9.28227272727274,13,FALSE
"South Dakota",2025-02-15,"calendar","sir","hurdle_ztpoisson",2025-01-18,2025,4,53,55,55,0.58560606060606,0,TRUE
"South Dakota",2025-02-15,"calendar","sir","hurdle_ztpoisson",2025-01-25,2025,3,80,88,80,6.40136363636364,8,FALSE
"South Dakota",2025-02-15,"calendar","sir","hurdle_ztpoisson",2025-02-01,2025,2,139,139,140,0.618181818181818,1,TRUE
"South Dakota",2025-02-15,"calendar","sir","hurdle_ztpoisson",2025-02-08,2025,1,197,207,200,4.29090909090909,7,TRUE
"South Dakota",2025-02-15,"calendar","sir","hurdle_ztpoisson",2025-02-15,2025,0,170,183,174,4.64015151515151,9,TRUE
"South Dakota",2025-03-29,"calendar","hsgp","hurdle_ztnb",2025-03-01,2025,4,89,89,89,0.3,0,TRUE
"South Dakota",2025-03-29,"calendar","hsgp","hurdle_ztnb",2025-03-08,2025,3,53,59,53,4.22727272727273,6,FALSE
"South Dakota",2025-03-29,"calendar","hsgp","hurdle_ztnb",2025-03-15,2025,2,26,26,26,0.219545454545454,0,TRUE
"South Dakota",2025-03-29,"calendar","hsgp","hurdle_ztnb",2025-03-22,2025,1,14,16,14,0.954545454545455,2,TRUE
"South Dakota",2025-03-29,"calendar","hsgp","hurdle_ztnb",2025-03-29,2025,0,11,11,11,0.328636363636363,0,TRUE
"South Dakota",2025-03-29,"calendar","hsgp","hurdle_ztpoisson",2025-03-01,2025,4,89,89,89,0.255909090909091,0,TRUE
"South Dakota",2025-03-29,"calendar","hsgp","hurdle_ztpoisson",2025-03-08,2025,3,53,59,53,4.03909090909091,6,FALSE
"South Dakota",2025-03-29,"calendar","hsgp","hurdle_ztpoisson",2025-03-15,2025,2,26,26,26,0.227272727272727,0,TRUE
"South Dakota",2025-03-29,"calendar","hsgp","hurdle_ztpoisson",2025-03-22,2025,1,14,16,14,1.01818181818182,2,TRUE
"South Dakota",2025-03-29,"calendar","hsgp","hurdle_ztpoisson",2025-03-29,2025,0,11,11,11,0.367272727272727,0,TRUE
"South Dakota",2025-03-29,"calendar","sir","hurdle_ztnb",2025-03-01,2025,4,89,89,89,0.176363636363636,0,TRUE
"South Dakota",2025-03-29,"calendar","sir","hurdle_ztnb",2025-03-08,2025,3,53,59,53,4.31045454545455,6,FALSE
"South Dakota",2025-03-29,"calendar","sir","hurdle_ztnb",2025-03-15,2025,2,26,26,26,0.181818181818182,0,TRUE
"South Dakota",2025-03-29,"calendar","sir","hurdle_ztnb",2025-03-22,2025,1,14,16,14,0.990909090909091,2,TRUE
"South Dakota",2025-03-29,"calendar","sir","hurdle_ztnb",2025-03-29,2025,0,11,11,11,0.474090909090909,0,TRUE
"South Dakota",2025-03-29,"calendar","sir","hurdle_ztpoisson",2025-03-01,2025,4,89,89,89,0.109090909090909,0,TRUE
"South Dakota",2025-03-29,"calendar","sir","hurdle_ztpoisson",2025-03-08,2025,3,53,59,53,4.67272727272727,6,FALSE
"South Dakota",2025-03-29,"calendar","sir","hurdle_ztpoisson",2025-03-15,2025,2,26,26,26,0.0636363636363637,0,TRUE
"South Dakota",2025-03-29,"calendar","sir","hurdle_ztpoisson",2025-03-22,2025,1,14,16,14,1.19227272727273,2,TRUE
"South Dakota",2025-03-29,"calendar","sir","hurdle_ztpoisson",2025-03-29,2025,0,11,11,11,0.227272727272727,0,TRUE
"South Dakota",2025-04-26,"calendar","hsgp","hurdle_ztnb",2025-03-29,2025,4,11,11,11,0.0090909090909091,0,TRUE
"South Dakota",2025-04-26,"calendar","hsgp","hurdle_ztnb",2025-04-05,2025,3,7,8,7,0.828636363636364,1,TRUE
"South Dakota",2025-04-26,"calendar","hsgp","hurdle_ztnb",2025-04-12,2025,2,7,7,7,0.0090909090909091,0,TRUE
"South Dakota",2025-04-26,"calendar","hsgp","hurdle_ztnb",2025-04-19,2025,1,10,10,10,0.0363636363636364,0,TRUE
"South Dakota",2025-04-26,"calendar","hsgp","hurdle_ztnb",2025-04-26,2025,0,8,8,8,0.110454545454545,0,TRUE
"South Dakota",2025-04-26,"calendar","hsgp","hurdle_ztpoisson",2025-03-29,2025,4,11,11,11,0.0181818181818182,0,TRUE
"South Dakota",2025-04-26,"calendar","hsgp","hurdle_ztpoisson",2025-04-05,2025,3,7,8,7,1,1,FALSE
"South Dakota",2025-04-26,"calendar","hsgp","hurdle_ztpoisson",2025-04-12,2025,2,7,7,7,0.0181818181818182,0,TRUE
"South Dakota",2025-04-26,"calendar","hsgp","hurdle_ztpoisson",2025-04-19,2025,1,10,10,10,0.0454545454545455,0,TRUE
"South Dakota",2025-04-26,"calendar","hsgp","hurdle_ztpoisson",2025-04-26,2025,0,8,8,8,0.118181818181818,0,TRUE
"South Dakota",2025-04-26,"calendar","sir","hurdle_ztnb",2025-03-29,2025,4,11,11,11,0.0454545454545455,0,TRUE
"South Dakota",2025-04-26,"calendar","sir","hurdle_ztnb",2025-04-05,2025,3,7,8,7,0.693333333333333,1,TRUE
"South Dakota",2025-04-26,"calendar","sir","hurdle_ztnb",2025-04-12,2025,2,7,7,7,0.0856060606060603,0,TRUE
"South Dakota",2025-04-26,"calendar","sir","hurdle_ztnb",2025-04-19,2025,1,10,10,10,0.163636363636364,0,TRUE
"South Dakota",2025-04-26,"calendar","sir","hurdle_ztnb",2025-04-26,2025,0,8,8,8,0.432272727272729,0,TRUE
"South Dakota",2025-04-26,"calendar","sir","hurdle_ztpoisson",2025-03-29,2025,4,11,11,11,0,0,TRUE
"South Dakota",2025-04-26,"calendar","sir","hurdle_ztpoisson",2025-04-05,2025,3,7,8,7,1,1,FALSE
"South Dakota",2025-04-26,"calendar","sir","hurdle_ztpoisson",2025-04-12,2025,2,7,7,7,0.0090909090909091,0,TRUE
"South Dakota",2025-04-26,"calendar","sir","hurdle_ztpoisson",2025-04-19,2025,1,10,10,10,0.0636363636363637,0,TRUE
"South Dakota",2025-04-26,"calendar","sir","hurdle_ztpoisson",2025-04-26,2025,0,8,8,8,0.155909090909091,0,TRUE
"South Dakota",2025-05-31,"calendar","hsgp","hurdle_ztnb",2025-05-03,2025,4,4,4,4,0,0,TRUE
"South Dakota",2025-05-31,"calendar","hsgp","hurdle_ztnb",2025-05-10,2025,3,1,1,1,0,0,TRUE
"South Dakota",2025-05-31,"calendar","hsgp","hurdle_ztnb",2025-05-17,2025,2,5,5,5,0.0181818181818182,0,TRUE
"South Dakota",2025-05-31,"calendar","hsgp","hurdle_ztnb",2025-05-24,2025,1,7,7,7,0.0377272727272725,0,TRUE
"South Dakota",2025-05-31,"calendar","hsgp","hurdle_ztnb",2025-05-31,2025,0,4,5,4,0.465,1,TRUE
"South Dakota",2025-05-31,"calendar","hsgp","hurdle_ztpoisson",2025-05-03,2025,4,4,4,4,0,0,TRUE
"South Dakota",2025-05-31,"calendar","hsgp","hurdle_ztpoisson",2025-05-10,2025,3,1,1,1,0.0090909090909091,0,TRUE
"South Dakota",2025-05-31,"calendar","hsgp","hurdle_ztpoisson",2025-05-17,2025,2,5,5,5,0.0363636363636364,0,TRUE
"South Dakota",2025-05-31,"calendar","hsgp","hurdle_ztpoisson",2025-05-24,2025,1,7,7,7,0.0545454545454546,0,TRUE
"South Dakota",2025-05-31,"calendar","hsgp","hurdle_ztpoisson",2025-05-31,2025,0,4,5,4,0.536363636363636,1,TRUE
"South Dakota",2025-05-31,"calendar","sir","hurdle_ztnb",2025-05-03,2025,4,4,4,4,0.0727272727272728,0,TRUE
"South Dakota",2025-05-31,"calendar","sir","hurdle_ztnb",2025-05-10,2025,3,1,1,1,0.146818181818182,0,TRUE
"South Dakota",2025-05-31,"calendar","sir","hurdle_ztnb",2025-05-17,2025,2,5,5,5,0.183181818181818,0,TRUE
"South Dakota",2025-05-31,"calendar","sir","hurdle_ztnb",2025-05-24,2025,1,7,7,7,0.267424242424242,0,TRUE
"South Dakota",2025-05-31,"calendar","sir","hurdle_ztnb",2025-05-31,2025,0,4,5,4,0.901363636363636,1,TRUE
"South Dakota",2025-05-31,"calendar","sir","hurdle_ztpoisson",2025-05-03,2025,4,4,4,4,0,0,TRUE
"South Dakota",2025-05-31,"calendar","sir","hurdle_ztpoisson",2025-05-10,2025,3,1,1,1,0,0,TRUE
"South Dakota",2025-05-31,"calendar","sir","hurdle_ztpoisson",2025-05-17,2025,2,5,5,5,0.0454545454545455,0,TRUE
"South Dakota",2025-05-31,"calendar","sir","hurdle_ztpoisson",2025-05-24,2025,1,7,7,7,0.0842424242424241,0,TRUE
"South Dakota",2025-05-31,"calendar","sir","hurdle_ztpoisson",2025-05-31,2025,0,4,5,4,0.611515151515151,1,TRUE
"Tennessee",2025-01-02,"calendar","hsgp","hurdle_ztnb",2024-11-30,2024,4,60,60,60,0.745454545454545,0,TRUE
"Tennessee",2025-01-02,"calendar","hsgp","hurdle_ztnb",2024-12-07,2024,3,114,115,114,1.14818181818182,1,TRUE
"Tennessee",2025-01-02,"calendar","hsgp","hurdle_ztnb",2024-12-14,2024,2,210,217,210,3.27651515151515,7,TRUE
"Tennessee",2025-01-02,"calendar","hsgp","hurdle_ztnb",2024-12-21,2024,1,356,372,356,8.88590909090909,16,TRUE
"Tennessee",2025-01-02,"calendar","hsgp","hurdle_ztnb",2024-12-28,2024,0,707,747,711,23.6936363636364,36,TRUE
"Tennessee",2025-01-02,"calendar","hsgp","hurdle_ztpoisson",2024-11-30,2024,4,60,60,60,0.0818181818181818,0,TRUE
"Tennessee",2025-01-02,"calendar","hsgp","hurdle_ztpoisson",2024-12-07,2024,3,114,115,114,0.681818181818182,1,TRUE
"Tennessee",2025-01-02,"calendar","hsgp","hurdle_ztpoisson",2024-12-14,2024,2,210,217,210,3.55454545454545,7,TRUE
"Tennessee",2025-01-02,"calendar","hsgp","hurdle_ztpoisson",2024-12-21,2024,1,356,372,358.5,7.20439393939393,13.5,TRUE
"Tennessee",2025-01-02,"calendar","hsgp","hurdle_ztpoisson",2024-12-28,2024,0,707,747,713,18.4230303030303,34,TRUE
"Tennessee",2025-01-02,"calendar","sir","hurdle_ztnb",2024-11-30,2024,4,60,60,60,0.341515151515151,0,TRUE
"Tennessee",2025-01-02,"calendar","sir","hurdle_ztnb",2024-12-07,2024,3,114,115,114,0.755909090909091,1,TRUE
"Tennessee",2025-01-02,"calendar","sir","hurdle_ztnb",2024-12-14,2024,2,210,217,210,3.96363636363636,7,TRUE
"Tennessee",2025-01-02,"calendar","sir","hurdle_ztnb",2024-12-21,2024,1,356,372,356,9.36212121212121,16,TRUE
"Tennessee",2025-01-02,"calendar","sir","hurdle_ztnb",2024-12-28,2024,0,707,747,707,27.1351515151515,40,FALSE
"Tennessee",2025-01-02,"calendar","sir","hurdle_ztpoisson",2024-11-30,2024,4,60,60,60,0,0,TRUE
"Tennessee",2025-01-02,"calendar","sir","hurdle_ztpoisson",2024-12-07,2024,3,114,115,114,1.45030303030303,1,TRUE
"Tennessee",2025-01-02,"calendar","sir","hurdle_ztpoisson",2024-12-14,2024,2,210,217,210,4.81954545454546,7,TRUE
"Tennessee",2025-01-02,"calendar","sir","hurdle_ztpoisson",2024-12-21,2024,1,356,372,356,11.0272727272727,16,FALSE
"Tennessee",2025-01-02,"calendar","sir","hurdle_ztpoisson",2024-12-28,2024,0,707,747,710,21.7333333333333,37,TRUE
"Tennessee",2025-02-15,"calendar","hsgp","hurdle_ztnb",2025-01-18,2025,4,568,570,572,2.86242424242424,2,TRUE
"Tennessee",2025-02-15,"calendar","hsgp","hurdle_ztnb",2025-01-25,2025,3,646,646,650,3.99712121212121,4,TRUE
"Tennessee",2025-02-15,"calendar","hsgp","hurdle_ztnb",2025-02-01,2025,2,944,944,957,8.20363636363636,13,TRUE
"Tennessee",2025-02-15,"calendar","hsgp","hurdle_ztnb",2025-02-08,2025,1,1005,1067,1019,26.9333333333333,48,TRUE
"Tennessee",2025-02-15,"calendar","hsgp","hurdle_ztnb",2025-02-15,2025,0,670,699,686,15.7443939393939,13,TRUE
"Tennessee",2025-02-15,"calendar","hsgp","hurdle_ztpoisson",2025-01-18,2025,4,568,570,568,1.27787878787879,2,TRUE
"Tennessee",2025-02-15,"calendar","hsgp","hurdle_ztpoisson",2025-01-25,2025,3,646,646,646,1.41393939393939,0,TRUE
"Tennessee",2025-02-15,"calendar","hsgp","hurdle_ztpoisson",2025-02-01,2025,2,944,944,947,1.98560606060606,3,TRUE
"Tennessee",2025-02-15,"calendar","hsgp","hurdle_ztpoisson",2025-02-08,2025,1,1005,1067,1005,50.690303030303,62,FALSE
"Tennessee",2025-02-15,"calendar","hsgp","hurdle_ztpoisson",2025-02-15,2025,0,670,699,670,36.504696969697,29,TRUE
"Tennessee",2025-02-15,"calendar","sir","hurdle_ztnb",2025-01-18,2025,4,568,570,568,1.25454545454545,2,TRUE
"Tennessee",2025-02-15,"calendar","sir","hurdle_ztnb",2025-01-25,2025,3,646,646,646,0.921969696969698,0,TRUE
"Tennessee",2025-02-15,"calendar","sir","hurdle_ztnb",2025-02-01,2025,2,944,944,944,1.05030303030303,0,TRUE
"Tennessee",2025-02-15,"calendar","sir","hurdle_ztnb",2025-02-08,2025,1,1005,1067,1006,49.0878787878788,61,FALSE
"Tennessee",2025-02-15,"calendar","sir","hurdle_ztnb",2025-02-15,2025,0,670,699,670,17.4701515151515,29,TRUE
"Tennessee",2025-02-15,"calendar","sir","hurdle_ztpoisson",2025-01-18,2025,4,568,570,571,1.56742424242424,1,TRUE
"Tennessee",2025-02-15,"calendar","sir","hurdle_ztpoisson",2025-01-25,2025,3,646,646,646,0.109090909090909,0,TRUE
"Tennessee",2025-02-15,"calendar","sir","hurdle_ztpoisson",2025-02-01,2025,2,944,944,944,0.4,0,TRUE
"Tennessee",2025-02-15,"calendar","sir","hurdle_ztpoisson",2025-02-08,2025,1,1005,1067,1005,55.7319696969697,62,FALSE
"Tennessee",2025-02-15,"calendar","sir","hurdle_ztpoisson",2025-02-15,2025,0,670,699,670,23.8859090909091,29,FALSE
"Tennessee",2025-03-29,"calendar","hsgp","hurdle_ztnb",2025-03-01,2025,4,526,526,526,0.559393939393939,0,TRUE
"Tennessee",2025-03-29,"calendar","hsgp","hurdle_ztnb",2025-03-08,2025,3,477,479,477,1.14681818181818,2,TRUE
"Tennessee",2025-03-29,"calendar","hsgp","hurdle_ztnb",2025-03-15,2025,2,461,461,461,0.793636363636363,0,TRUE
"Tennessee",2025-03-29,"calendar","hsgp","hurdle_ztnb",2025-03-22,2025,1,303,308,304,2.13,4,TRUE
"Tennessee",2025-03-29,"calendar","hsgp","hurdle_ztnb",2025-03-29,2025,0,219,219,222,2.89742424242424,3,TRUE
"Tennessee",2025-03-29,"calendar","hsgp","hurdle_ztpoisson",2025-03-01,2025,4,526,526,526,0.181818181818182,0,TRUE
"Tennessee",2025-03-29,"calendar","hsgp","hurdle_ztpoisson",2025-03-08,2025,3,477,479,477,1.25590909090909,2,TRUE
"Tennessee",2025-03-29,"calendar","hsgp","hurdle_ztpoisson",2025-03-15,2025,2,461,461,461,0.654545454545455,0,TRUE
"Tennessee",2025-03-29,"calendar","hsgp","hurdle_ztpoisson",2025-03-22,2025,1,303,308,303,2.31287878787879,5,TRUE
"Tennessee",2025-03-29,"calendar","hsgp","hurdle_ztpoisson",2025-03-29,2025,0,219,219,219,5.37287878787879,0,TRUE
"Tennessee",2025-03-29,"calendar","sir","hurdle_ztnb",2025-03-01,2025,4,526,526,526,0.393636363636363,0,TRUE
"Tennessee",2025-03-29,"calendar","sir","hurdle_ztnb",2025-03-08,2025,3,477,479,477,1.11954545454545,2,TRUE
"Tennessee",2025-03-29,"calendar","sir","hurdle_ztnb",2025-03-15,2025,2,461,461,461,0.968636363636362,0,TRUE
"Tennessee",2025-03-29,"calendar","sir","hurdle_ztnb",2025-03-22,2025,1,303,308,303,2.6119696969697,5,TRUE
"Tennessee",2025-03-29,"calendar","sir","hurdle_ztnb",2025-03-29,2025,0,219,219,221,3.26863636363636,2,TRUE
"Tennessee",2025-03-29,"calendar","sir","hurdle_ztpoisson",2025-03-01,2025,4,526,526,526,0.0818181818181818,0,TRUE
"Tennessee",2025-03-29,"calendar","sir","hurdle_ztpoisson",2025-03-08,2025,3,477,479,477,1.42727272727273,2,TRUE
"Tennessee",2025-03-29,"calendar","sir","hurdle_ztpoisson",2025-03-15,2025,2,461,461,461,0.136363636363636,0,TRUE
"Tennessee",2025-03-29,"calendar","sir","hurdle_ztpoisson",2025-03-22,2025,1,303,308,303,3.36363636363636,5,TRUE
"Tennessee",2025-03-29,"calendar","sir","hurdle_ztpoisson",2025-03-29,2025,0,219,219,219,0.421515151515151,0,TRUE
"Tennessee",2025-04-26,"calendar","hsgp","hurdle_ztnb",2025-03-29,2025,4,219,219,219,0.137727272727273,0,TRUE
"Tennessee",2025-04-26,"calendar","hsgp","hurdle_ztnb",2025-04-05,2025,3,150,150,150,0.165,0,TRUE
"Tennessee",2025-04-26,"calendar","hsgp","hurdle_ztnb",2025-04-12,2025,2,100,100,100,0.274090909090909,0,TRUE
"Tennessee",2025-04-26,"calendar","hsgp","hurdle_ztnb",2025-04-19,2025,1,59,59,59,0.549242424242424,0,TRUE
"Tennessee",2025-04-26,"calendar","hsgp","hurdle_ztnb",2025-04-26,2025,0,64,65,64,1.505,1,TRUE
"Tennessee",2025-04-26,"calendar","hsgp","hurdle_ztpoisson",2025-03-29,2025,4,219,219,219,0.119545454545455,0,TRUE
"Tennessee",2025-04-26,"calendar","hsgp","hurdle_ztpoisson",2025-04-05,2025,3,150,150,150,0.184242424242424,0,TRUE
"Tennessee",2025-04-26,"calendar","hsgp","hurdle_ztpoisson",2025-04-12,2025,2,100,100,100,0.218181818181818,0,TRUE
"Tennessee",2025-04-26,"calendar","hsgp","hurdle_ztpoisson",2025-04-19,2025,1,59,59,59,0.263636363636364,0,TRUE
"Tennessee",2025-04-26,"calendar","hsgp","hurdle_ztpoisson",2025-04-26,2025,0,64,65,64,1.13954545454545,1,TRUE
"Tennessee",2025-04-26,"calendar","sir","hurdle_ztnb",2025-03-29,2025,4,219,219,219,0.201363636363636,0,TRUE
"Tennessee",2025-04-26,"calendar","sir","hurdle_ztnb",2025-04-05,2025,3,150,150,150,0.479242424242424,0,TRUE
"Tennessee",2025-04-26,"calendar","sir","hurdle_ztnb",2025-04-12,2025,2,100,100,100,0.809090909090909,0,TRUE
"Tennessee",2025-04-26,"calendar","sir","hurdle_ztnb",2025-04-19,2025,1,59,59,60,1.0219696969697,1,TRUE
"Tennessee",2025-04-26,"calendar","sir","hurdle_ztnb",2025-04-26,2025,0,64,65,64,1.87818181818182,1,TRUE
"Tennessee",2025-04-26,"calendar","sir","hurdle_ztpoisson",2025-03-29,2025,4,219,219,219,0,0,TRUE
"Tennessee",2025-04-26,"calendar","sir","hurdle_ztpoisson",2025-04-05,2025,3,150,150,150,0.0272727272727273,0,TRUE
"Tennessee",2025-04-26,"calendar","sir","hurdle_ztpoisson",2025-04-12,2025,2,100,100,100,0.0272727272727273,0,TRUE
"Tennessee",2025-04-26,"calendar","sir","hurdle_ztpoisson",2025-04-19,2025,1,59,59,59,0.00136363636363616,0,TRUE
"Tennessee",2025-04-26,"calendar","sir","hurdle_ztpoisson",2025-04-26,2025,0,64,65,64,0.827272727272727,1,TRUE
"Tennessee",2025-05-31,"calendar","hsgp","hurdle_ztnb",2025-05-03,2025,4,46,46,46,0.0195454545454544,0,TRUE
"Tennessee",2025-05-31,"calendar","hsgp","hurdle_ztnb",2025-05-10,2025,3,32,32,32,0.0559090909090907,0,TRUE
"Tennessee",2025-05-31,"calendar","hsgp","hurdle_ztnb",2025-05-17,2025,2,50,50,50,0.0636363636363637,0,TRUE
"Tennessee",2025-05-31,"calendar","hsgp","hurdle_ztnb",2025-05-24,2025,1,35,36,35,0.574090909090909,1,TRUE
"Tennessee",2025-05-31,"calendar","hsgp","hurdle_ztnb",2025-05-31,2025,0,33,35,33,1.365,2,TRUE
"Tennessee",2025-05-31,"calendar","hsgp","hurdle_ztpoisson",2025-05-03,2025,4,46,46,46,0,0,TRUE
"Tennessee",2025-05-31,"calendar","hsgp","hurdle_ztpoisson",2025-05-10,2025,3,32,32,32,0,0,TRUE
"Tennessee",2025-05-31,"calendar","hsgp","hurdle_ztpoisson",2025-05-17,2025,2,50,50,50,0.00136363636363616,0,TRUE
"Tennessee",2025-05-31,"calendar","hsgp","hurdle_ztpoisson",2025-05-24,2025,1,35,36,35,0.845454545454545,1,TRUE
"Tennessee",2025-05-31,"calendar","hsgp","hurdle_ztpoisson",2025-05-31,2025,0,33,35,33,1.76363636363636,2,TRUE
"Tennessee",2025-05-31,"calendar","sir","hurdle_ztnb",2025-05-03,2025,4,46,46,46,0.128636363636363,0,TRUE
"Tennessee",2025-05-31,"calendar","sir","hurdle_ztnb",2025-05-10,2025,3,32,32,32,0.209090909090909,0,TRUE
"Tennessee",2025-05-31,"calendar","sir","hurdle_ztnb",2025-05-17,2025,2,50,50,50,0.360909090909092,0,TRUE
"Tennessee",2025-05-31,"calendar","sir","hurdle_ztnb",2025-05-24,2025,1,35,36,35,0.845454545454546,1,TRUE
"Tennessee",2025-05-31,"calendar","sir","hurdle_ztnb",2025-05-31,2025,0,33,35,33,1.68439393939394,2,TRUE
"Tennessee",2025-05-31,"calendar","sir","hurdle_ztpoisson",2025-05-03,2025,4,46,46,46,0,0,TRUE
"Tennessee",2025-05-31,"calendar","sir","hurdle_ztpoisson",2025-05-10,2025,3,32,32,32,0,0,TRUE
"Tennessee",2025-05-31,"calendar","sir","hurdle_ztpoisson",2025-05-17,2025,2,50,50,50,0,0,TRUE
"Tennessee",2025-05-31,"calendar","sir","hurdle_ztpoisson",2025-05-24,2025,1,35,36,35,1,1,FALSE
"Tennessee",2025-05-31,"calendar","sir","hurdle_ztpoisson",2025-05-31,2025,0,33,35,33,1.66363636363636,2,TRUE
"Texas",2025-01-02,"calendar","hsgp","hurdle_ztnb",2024-11-30,2024,4,403,402,403,1.55060606060606,1,TRUE
"Texas",2025-01-02,"calendar","hsgp","hurdle_ztnb",2024-12-07,2024,3,523,526,523,2.44681818181818,3,TRUE
"Texas",2025-01-02,"calendar","hsgp","hurdle_ztnb",2024-12-14,2024,2,705,701,705,3.97272727272727,4,TRUE
"Texas",2025-01-02,"calendar","hsgp","hurdle_ztnb",2024-12-21,2024,1,1146,1169,1146,13.4328787878788,23,TRUE
"Texas",2025-01-02,"calendar","hsgp","hurdle_ztnb",2024-12-28,2024,0,1974,2076,1974,62.594696969697,102,TRUE
"Texas",2025-01-02,"calendar","hsgp","hurdle_ztpoisson",2024-11-30,2024,4,403,402,403,1.07409090909091,1,TRUE
"Texas",2025-01-02,"calendar","hsgp","hurdle_ztpoisson",2024-12-07,2024,3,523,526,523,2.28666666666667,3,TRUE
"Texas",2025-01-02,"calendar","hsgp","hurdle_ztpoisson",2024-12-14,2024,2,705,701,705,3.84787878787879,4,TRUE
"Texas",2025-01-02,"calendar","hsgp","hurdle_ztpoisson",2024-12-21,2024,1,1146,1169,1146,12.5428787878788,23,TRUE
"Texas",2025-01-02,"calendar","hsgp","hurdle_ztpoisson",2024-12-28,2024,0,1974,2076,1974,55.8093939393939,102,TRUE
"Texas",2025-01-02,"calendar","sir","hurdle_ztnb",2024-11-30,2024,4,403,402,403,0.98590909090909,1,TRUE
"Texas",2025-01-02,"calendar","sir","hurdle_ztnb",2024-12-07,2024,3,523,526,523,2.30151515151515,3,TRUE
"Texas",2025-01-02,"calendar","sir","hurdle_ztnb",2024-12-14,2024,2,705,701,705,3.47181818181818,4,TRUE
"Texas",2025-01-02,"calendar","sir","hurdle_ztnb",2024-12-21,2024,1,1146,1169,1146,16.6660606060606,23,TRUE
"Texas",2025-01-02,"calendar","sir","hurdle_ztnb",2024-12-28,2024,0,1974,2076,1974,90.7193939393939,102,FALSE
"Texas",2025-01-02,"calendar","sir","hurdle_ztpoisson",2024-11-30,2024,4,403,402,403,0.902727272727273,1,TRUE
"Texas",2025-01-02,"calendar","sir","hurdle_ztpoisson",2024-12-07,2024,3,523,526,523,2.83045454545454,3,TRUE
"Texas",2025-01-02,"calendar","sir","hurdle_ztpoisson",2024-12-14,2024,2,705,701,705,3.64681818181818,4,TRUE
"Texas",2025-01-02,"calendar","sir","hurdle_ztpoisson",2024-12-21,2024,1,1146,1169,1146,16.3013636363636,23,TRUE
"Texas",2025-01-02,"calendar","sir","hurdle_ztpoisson",2024-12-28,2024,0,1974,2076,1974,77.2128787878788,102,FALSE
"Texas",2025-02-15,"calendar","hsgp","hurdle_ztnb",2025-01-18,2025,4,2410,2435,2411,13.2816666666667,24,TRUE
"Texas",2025-02-15,"calendar","hsgp","hurdle_ztnb",2025-01-25,2025,3,3251,3307,3257,28.3980303030303,50,TRUE
"Texas",2025-02-15,"calendar","hsgp","hurdle_ztnb",2025-02-01,2025,2,4660,4715,4665.5,27.9656060606061,49.5,TRUE
"Texas",2025-02-15,"calendar","hsgp","hurdle_ztnb",2025-02-08,2025,1,4063,4241,4073,101.115151515151,168,TRUE
"Texas",2025-02-15,"calendar","hsgp","hurdle_ztnb",2025-02-15,2025,0,2244,2510,2262.5,152.440757575758,247.5,TRUE
"Texas",2025-02-15,"calendar","hsgp","hurdle_ztpoisson",2025-01-18,2025,4,2410,2435,2410,20.4181818181818,25,FALSE
"Texas",2025-02-15,"calendar","hsgp","hurdle_ztpoisson",2025-01-25,2025,3,3251,3307,3251,49.6300000000001,56,FALSE
"Texas",2025-02-15,"calendar","hsgp","hurdle_ztpoisson",2025-02-01,2025,2,4660,4715,4660,46.2103030303031,55,FALSE
"Texas",2025-02-15,"calendar","hsgp","hurdle_ztpoisson",2025-02-08,2025,1,4063,4241,4063,155.225606060606,178,FALSE
"Texas",2025-02-15,"calendar","hsgp","hurdle_ztpoisson",2025-02-15,2025,0,2244,2510,2244,221.939545454545,266,TRUE
"Texas",2025-02-15,"calendar","sir","hurdle_ztnb",2025-01-18,2025,4,2410,2435,2410,20.6277272727273,25,FALSE
"Texas",2025-02-15,"calendar","sir","hurdle_ztnb",2025-01-25,2025,3,3251,3307,3251,48.7390909090908,56,FALSE
"Texas",2025-02-15,"calendar","sir","hurdle_ztnb",2025-02-01,2025,2,4660,4715,4660,43.8046969696971,55,FALSE
"Texas",2025-02-15,"calendar","sir","hurdle_ztnb",2025-02-08,2025,1,4063,4241,4063,165.629090909091,178,FALSE
"Texas",2025-02-15,"calendar","sir","hurdle_ztnb",2025-02-15,2025,0,2244,2510,2244,245.33196969697,266,FALSE
"Texas",2025-02-15,"calendar","sir","hurdle_ztpoisson",2025-01-18,2025,4,2410,2435,2410,17.5433333333334,25,FALSE
"Texas",2025-02-15,"calendar","sir","hurdle_ztpoisson",2025-01-25,2025,3,3251,3307,3251,54.265,56,FALSE
"Texas",2025-02-15,"calendar","sir","hurdle_ztpoisson",2025-02-01,2025,2,4660,4715,4660,50.9081818181818,55,FALSE
"Texas",2025-02-15,"calendar","sir","hurdle_ztpoisson",2025-02-08,2025,1,4063,4241,4063,174.284848484848,178,FALSE
"Texas",2025-02-15,"calendar","sir","hurdle_ztpoisson",2025-02-15,2025,0,2244,2510,2244,264.277424242424,266,FALSE
"Texas",2025-03-29,"calendar","hsgp","hurdle_ztnb",2025-03-01,2025,4,1526,1548,1528,11.19,20,TRUE
"Texas",2025-03-29,"calendar","hsgp","hurdle_ztnb",2025-03-08,2025,3,1208,1208,1211,2.44954545454546,3,TRUE
"Texas",2025-03-29,"calendar","hsgp","hurdle_ztnb",2025-03-15,2025,2,903,905,905,2.53227272727273,0,TRUE
"Texas",2025-03-29,"calendar","hsgp","hurdle_ztnb",2025-03-22,2025,1,596,605,601,4.74848484848485,4,TRUE
"Texas",2025-03-29,"calendar","hsgp","hurdle_ztnb",2025-03-29,2025,0,515,538,518,14.0637878787879,20,TRUE
"Texas",2025-03-29,"calendar","hsgp","hurdle_ztpoisson",2025-03-01,2025,4,1526,1548,1526,22.2322727272727,22,FALSE
"Texas",2025-03-29,"calendar","hsgp","hurdle_ztpoisson",2025-03-08,2025,3,1208,1208,1208,0.381818181818182,0,TRUE
"Texas",2025-03-29,"calendar","hsgp","hurdle_ztpoisson",2025-03-15,2025,2,903,905,903,1.87909090909091,2,TRUE
"Texas",2025-03-29,"calendar","hsgp","hurdle_ztpoisson",2025-03-22,2025,1,596,605,596,5.05287878787879,9,TRUE
"Texas",2025-03-29,"calendar","hsgp","hurdle_ztpoisson",2025-03-29,2025,0,515,538,515,14.0589393939394,23,TRUE
"Texas",2025-03-29,"calendar","sir","hurdle_ztnb",2025-03-01,2025,4,1526,1548,1526,16.7313636363637,22,FALSE
"Texas",2025-03-29,"calendar","sir","hurdle_ztnb",2025-03-08,2025,3,1208,1208,1208,1.1880303030303,0,TRUE
"Texas",2025-03-29,"calendar","sir","hurdle_ztnb",2025-03-15,2025,2,903,905,904,1.73348484848485,1,TRUE
"Texas",2025-03-29,"calendar","sir","hurdle_ztnb",2025-03-22,2025,1,596,605,596,5.17075757575758,9,TRUE
"Texas",2025-03-29,"calendar","sir","hurdle_ztnb",2025-03-29,2025,0,515,538,516,13.8398484848485,22,TRUE
"Texas",2025-03-29,"calendar","sir","hurdle_ztpoisson",2025-03-01,2025,4,1526,1548,1526,20.9636363636364,22,FALSE
"Texas",2025-03-29,"calendar","sir","hurdle_ztpoisson",2025-03-08,2025,3,1208,1208,1208,0.0636363636363637,0,TRUE
"Texas",2025-03-29,"calendar","sir","hurdle_ztpoisson",2025-03-15,2025,2,903,905,903,1.71045454545455,2,TRUE
"Texas",2025-03-29,"calendar","sir","hurdle_ztpoisson",2025-03-22,2025,1,596,605,596,8.48181818181818,9,FALSE
"Texas",2025-03-29,"calendar","sir","hurdle_ztpoisson",2025-03-29,2025,0,515,538,515,21.9377272727273,23,FALSE
"Texas",2025-04-26,"calendar","hsgp","hurdle_ztnb",2025-03-29,2025,4,532,538,532,3.75454545454545,6,TRUE
"Texas",2025-04-26,"calendar","hsgp","hurdle_ztnb",2025-04-05,2025,3,360,369,360,5.56136363636364,9,TRUE
"Texas",2025-04-26,"calendar","hsgp","hurdle_ztnb",2025-04-12,2025,2,275,283,275,4.11818181818182,8,TRUE
"Texas",2025-04-26,"calendar","hsgp","hurdle_ztnb",2025-04-19,2025,1,257,266,258,3.87651515151515,8,TRUE
"Texas",2025-04-26,"calendar","hsgp","hurdle_ztnb",2025-04-26,2025,0,214,229,215.5,7.03621212121212,13.5,TRUE
"Texas",2025-04-26,"calendar","hsgp","hurdle_ztpoisson",2025-03-29,2025,4,532,538,532,6.04545454545455,6,FALSE
"Texas",2025-04-26,"calendar","hsgp","hurdle_ztpoisson",2025-04-05,2025,3,360,369,360,9.14787878787879,9,FALSE
"Texas",2025-04-26,"calendar","hsgp","hurdle_ztpoisson",2025-04-12,2025,2,275,283,275,6.13772727272727,8,TRUE
"Texas",2025-04-26,"calendar","hsgp","hurdle_ztpoisson",2025-04-19,2025,1,257,266,257,5.72969696969697,9,TRUE
"Texas",2025-04-26,"calendar","hsgp","hurdle_ztpoisson",2025-04-26,2025,0,214,229,214,7.26,15,TRUE
"Texas",2025-04-26,"calendar","sir","hurdle_ztnb",2025-03-29,2025,4,532,538,532,3.57409090909091,6,TRUE
"Texas",2025-04-26,"calendar","sir","hurdle_ztnb",2025-04-05,2025,3,360,369,360,5.5340909090909,9,TRUE
"Texas",2025-04-26,"calendar","sir","hurdle_ztnb",2025-04-12,2025,2,275,283,276,3.6990909090909,7,TRUE
"Texas",2025-04-26,"calendar","sir","hurdle_ztnb",2025-04-19,2025,1,257,266,257,4.89848484848485,9,TRUE
"Texas",2025-04-26,"calendar","sir","hurdle_ztnb",2025-04-26,2025,0,214,229,215,8.73257575757576,14,TRUE
"Texas",2025-04-26,"calendar","sir","hurdle_ztpoisson",2025-03-29,2025,4,532,538,532,6,6,FALSE
"Texas",2025-04-26,"calendar","sir","hurdle_ztpoisson",2025-04-05,2025,3,360,369,360,9,9,FALSE
"Texas",2025-04-26,"calendar","sir","hurdle_ztpoisson",2025-04-12,2025,2,275,283,275,8,8,FALSE
"Texas",2025-04-26,"calendar","sir","hurdle_ztpoisson",2025-04-19,2025,1,257,266,257,9,9,FALSE
"Texas",2025-04-26,"calendar","sir","hurdle_ztpoisson",2025-04-26,2025,0,214,229,214,15,15,FALSE
"Texas",2025-05-31,"calendar","hsgp","hurdle_ztnb",2025-05-03,2025,4,190,190,190,0.0946969696969694,0,TRUE
"Texas",2025-05-31,"calendar","hsgp","hurdle_ztnb",2025-05-10,2025,3,167,175,167,6.48454545454546,8,FALSE
"Texas",2025-05-31,"calendar","hsgp","hurdle_ztnb",2025-05-17,2025,2,196,202,196,3.16742424242424,6,TRUE
"Texas",2025-05-31,"calendar","hsgp","hurdle_ztnb",2025-05-24,2025,1,131,141,131,5.54787878787879,10,TRUE
"Texas",2025-05-31,"calendar","hsgp","hurdle_ztnb",2025-05-31,2025,0,139,164,141,13.0606060606061,23,TRUE
"Texas",2025-05-31,"calendar","hsgp","hurdle_ztpoisson",2025-05-03,2025,4,190,190,190,0.0454545454545455,0,TRUE
"Texas",2025-05-31,"calendar","hsgp","hurdle_ztpoisson",2025-05-10,2025,3,167,175,167,6.30909090909091,8,FALSE
"Texas",2025-05-31,"calendar","hsgp","hurdle_ztpoisson",2025-05-17,2025,2,196,202,196,4.17409090909091,6,TRUE
"Texas",2025-05-31,"calendar","hsgp","hurdle_ztpoisson",2025-05-24,2025,1,131,141,131,7.42969696969697,10,FALSE
"Texas",2025-05-31,"calendar","hsgp","hurdle_ztpoisson",2025-05-31,2025,0,139,164,139,19.9933333333333,25,FALSE
"Texas",2025-05-31,"calendar","sir","hurdle_ztnb",2025-05-03,2025,4,190,190,190,0.619545454545454,0,TRUE
"Texas",2025-05-31,"calendar","sir","hurdle_ztnb",2025-05-10,2025,3,167,175,167,4.39590909090909,8,TRUE
"Texas",2025-05-31,"calendar","sir","hurdle_ztnb",2025-05-17,2025,2,196,202,196,3.24681818181818,6,TRUE
"Texas",2025-05-31,"calendar","sir","hurdle_ztnb",2025-05-24,2025,1,131,141,132,4.84212121212121,9,TRUE
"Texas",2025-05-31,"calendar","sir","hurdle_ztnb",2025-05-31,2025,0,139,164,139.5,15.4778787878788,24.5,TRUE
"Texas",2025-05-31,"calendar","sir","hurdle_ztpoisson",2025-05-03,2025,4,190,190,190,0,0,TRUE
"Texas",2025-05-31,"calendar","sir","hurdle_ztpoisson",2025-05-10,2025,3,167,175,167,8,8,FALSE
"Texas",2025-05-31,"calendar","sir","hurdle_ztpoisson",2025-05-17,2025,2,196,202,196,6,6,FALSE
"Texas",2025-05-31,"calendar","sir","hurdle_ztpoisson",2025-05-24,2025,1,131,141,131,10,10,FALSE
"Texas",2025-05-31,"calendar","sir","hurdle_ztpoisson",2025-05-31,2025,0,139,164,139,24.4818181818182,25,FALSE
"US",2025-01-02,"calendar","hsgp","hurdle_ztnb",2024-11-30,2024,4,4348,4423,4349,66.4269696969697,74,TRUE
"US",2025-01-02,"calendar","hsgp","hurdle_ztnb",2024-12-07,2024,3,6342,6505,6339.5,112.542575757576,165.5,TRUE
"US",2025-01-02,"calendar","hsgp","hurdle_ztnb",2024-12-14,2024,2,9118,9574,9119,287.797575757576,455,TRUE
"US",2025-01-02,"calendar","hsgp","hurdle_ztnb",2024-12-21,2024,1,14667,16099,14694,980.929848484849,1405,TRUE
"US",2025-01-02,"calendar","hsgp","hurdle_ztnb",2024-12-28,2024,0,25693,28615,25758,2062.66090909091,2857,FALSE
"US",2025-01-02,"calendar","hsgp","hurdle_ztpoisson",2024-11-30,2024,4,4348,4423,4348,64.3818181818182,75,FALSE
"US",2025-01-02,"calendar","hsgp","hurdle_ztpoisson",2024-12-07,2024,3,6342,6505,6342,150.561818181818,163,FALSE
"US",2025-01-02,"calendar","hsgp","hurdle_ztpoisson",2024-12-14,2024,2,9118,9574,9118,430.992727272727,456,FALSE
"US",2025-01-02,"calendar","hsgp","hurdle_ztpoisson",2024-12-21,2024,1,14667,16099,14667,1376.74318181818,1432,FALSE
"US",2025-01-02,"calendar","hsgp","hurdle_ztpoisson",2024-12-28,2024,0,25693,28615,25693,2831.80121212122,2922,FALSE
"US",2025-01-02,"calendar","sir","hurdle_ztnb",2024-11-30,2024,4,4348,4423,4348,70.319393939394,75,FALSE
"US",2025-01-02,"calendar","sir","hurdle_ztnb",2024-12-07,2024,3,6342,6505,6342,148.637878787879,163,FALSE
"US",2025-01-02,"calendar","sir","hurdle_ztnb",2024-12-14,2024,2,9118,9574,9118,444.349545454546,456,FALSE
"US",2025-01-02,"calendar","sir","hurdle_ztnb",2024-12-21,2024,1,14667,16099,14667,1409.16606060606,1432,FALSE
"US",2025-01-02,"calendar","sir","hurdle_ztnb",2024-12-28,2024,0,25693,28615,25693,2892.26318181818,2922,FALSE
"US",2025-01-02,"calendar","sir","hurdle_ztpoisson",2024-11-30,2024,4,4348,4423,4348,75,75,FALSE
"US",2025-01-02,"calendar","sir","hurdle_ztpoisson",2024-12-07,2024,3,6342,6505,6342,158.540909090909,163,FALSE
"US",2025-01-02,"calendar","sir","hurdle_ztpoisson",2024-12-14,2024,2,9118,9574,9118,456,456,FALSE
"US",2025-01-02,"calendar","sir","hurdle_ztpoisson",2024-12-21,2024,1,14667,16099,14667,1432,1432,FALSE
"US",2025-01-02,"calendar","sir","hurdle_ztpoisson",2024-12-28,2024,0,25693,28615,25693,2916.04954545455,2922,FALSE
"US",2025-02-15,"calendar","hsgp","hurdle_ztnb",2025-01-18,2025,4,32561,33612,32569,660.200606060606,1043,TRUE
"US",2025-02-15,"calendar","hsgp","hurdle_ztnb",2025-01-25,2025,3,39927,41334,39938.5,948.233636363638,1395.5,TRUE
"US",2025-02-15,"calendar","hsgp","hurdle_ztnb",2025-02-01,2025,2,50272,52428,50326,1240.44848484848,2102,TRUE
"US",2025-02-15,"calendar","hsgp","hurdle_ztnb",2025-02-08,2025,1,52211,55421,52474,1771.78893939394,2947,TRUE
"US",2025-02-15,"calendar","hsgp","hurdle_ztnb",2025-02-15,2025,0,41658,47713,42067.5,3357.78924242424,5645.5,TRUE
"US",2025-02-15,"calendar","hsgp","hurdle_ztpoisson",2025-01-18,2025,4,32561,33612,32561,965.928484848484,1051,FALSE
"US",2025-02-15,"calendar","hsgp","hurdle_ztpoisson",2025-01-25,2025,3,39927,41334,39927,1237.11348484848,1407,FALSE
"US",2025-02-15,"calendar","hsgp","hurdle_ztpoisson",2025-02-01,2025,2,50272,52428,50272,1992.15651515152,2156,FALSE
"US",2025-02-15,"calendar","hsgp","hurdle_ztpoisson",2025-02-08,2025,1,52211,55421,52211,2957.45848484849,3210,FALSE
"US",2025-02-15,"calendar","hsgp","hurdle_ztpoisson",2025-02-15,2025,0,41658,47713,41658,6362.20818181818,6055,FALSE
"US",2025-02-15,"calendar","sir","hurdle_ztnb",2025-01-18,2025,4,32561,33612,32561,1026.40303030303,1051,FALSE
"US",2025-02-15,"calendar","sir","hurdle_ztnb",2025-01-25,2025,3,39927,41334,39927,1384.15378787879,1407,FALSE
"US",2025-02-15,"calendar","sir","hurdle_ztnb",2025-02-01,2025,2,50272,52428,50272,2105.72545454545,2156,FALSE
"US",2025-02-15,"calendar","sir","hurdle_ztnb",2025-02-08,2025,1,52211,55421,52211,3121.77348484848,3210,FALSE
"US",2025-02-15,"calendar","sir","hurdle_ztnb",2025-02-15,2025,0,41658,47713,41658,5944.02727272727,6055,FALSE
"US",2025-02-15,"calendar","sir","hurdle_ztpoisson",2025-01-18,2025,4,32561,33612,32561,1043.47545454545,1051,FALSE
"US",2025-02-15,"calendar","sir","hurdle_ztpoisson",2025-01-25,2025,3,39927,41334,39927,1407,1407,FALSE
"US",2025-02-15,"calendar","sir","hurdle_ztpoisson",2025-02-01,2025,2,50272,52428,50272,2156,2156,FALSE
"US",2025-02-15,"calendar","sir","hurdle_ztpoisson",2025-02-08,2025,1,52211,55421,52211,3210,3210,FALSE
"US",2025-02-15,"calendar","sir","hurdle_ztpoisson",2025-02-15,2025,0,41658,47713,41658,6055,6055,FALSE
"US",2025-03-29,"calendar","hsgp","hurdle_ztnb",2025-03-01,2025,4,30796,31853,30841.5,828.844696969697,1011.5,FALSE
"US",2025-03-29,"calendar","hsgp","hurdle_ztnb",2025-03-08,2025,3,23948,24630,23987.5,424.422272727273,642.5,TRUE
"US",2025-03-29,"calendar","hsgp","hurdle_ztnb",2025-03-15,2025,2,18359,18809,18404,220.63893939394,405,TRUE
"US",2025-03-29,"calendar","hsgp","hurdle_ztnb",2025-03-22,2025,1,13464,13997,13524,288.249090909091,473,TRUE
"US",2025-03-29,"calendar","hsgp","hurdle_ztnb",2025-03-29,2025,0,9135,9938,9281,374.075,657,TRUE
"US",2025-03-29,"calendar","hsgp","hurdle_ztpoisson",2025-03-01,2025,4,30796,31853,30796,958.799242424244,1057,FALSE
"US",2025-03-29,"calendar","hsgp","hurdle_ztpoisson",2025-03-08,2025,3,23948,24630,23967,587.983484848485,663,FALSE
"US",2025-03-29,"calendar","hsgp","hurdle_ztpoisson",2025-03-15,2025,2,18359,18809,18406,352.393484848485,403,FALSE
"US",2025-03-29,"calendar","hsgp","hurdle_ztpoisson",2025-03-22,2025,1,13464,13997,13478.5,437.552727272727,518.5,FALSE
"US",2025-03-29,"calendar","hsgp","hurdle_ztpoisson",2025-03-29,2025,0,9135,9938,9113.5,902.425151515152,824.5,FALSE
"US",2025-03-29,"calendar","sir","hurdle_ztnb",2025-03-01,2025,4,30796,31853,30796,1032.97651515152,1057,FALSE
"US",2025-03-29,"calendar","sir","hurdle_ztnb",2025-03-08,2025,3,23948,24630,23948,652.434848484848,682,FALSE
"US",2025-03-29,"calendar","sir","hurdle_ztnb",2025-03-15,2025,2,18359,18809,18359,420.357121212121,450,FALSE
"US",2025-03-29,"calendar","sir","hurdle_ztnb",2025-03-22,2025,1,13464,13997,13464,508.591818181818,533,FALSE
"US",2025-03-29,"calendar","sir","hurdle_ztnb",2025-03-29,2025,0,9135,9938,9135,736.198333333334,803,FALSE
"US",2025-03-29,"calendar","sir","hurdle_ztpoisson",2025-03-01,2025,4,30796,31853,30796,1057,1057,FALSE
"US",2025-03-29,"calendar","sir","hurdle_ztpoisson",2025-03-08,2025,3,23948,24630,23948,682,682,FALSE
"US",2025-03-29,"calendar","sir","hurdle_ztpoisson",2025-03-15,2025,2,18359,18809,18359,450,450,FALSE
"US",2025-03-29,"calendar","sir","hurdle_ztpoisson",2025-03-22,2025,1,13464,13997,13464,533,533,FALSE
"US",2025-03-29,"calendar","sir","hurdle_ztpoisson",2025-03-29,2025,0,9135,9938,9135,803,803,FALSE
"US",2025-04-26,"calendar","hsgp","hurdle_ztnb",2025-03-29,2025,4,9671,9938,9684,208.824393939394,254,FALSE
"US",2025-04-26,"calendar","hsgp","hurdle_ztnb",2025-04-05,2025,3,6679,6950,6687,211.897121212121,263,FALSE
"US",2025-04-26,"calendar","hsgp","hurdle_ztnb",2025-04-12,2025,2,4812,5035,4819,146.374242424242,216,TRUE
"US",2025-04-26,"calendar","hsgp","hurdle_ztnb",2025-04-19,2025,1,3785,3957,3813,84.7128787878788,144,TRUE
"US",2025-04-26,"calendar","hsgp","hurdle_ztnb",2025-04-26,2025,0,2740,3296,2832.5,267.268636363636,463.5,TRUE
"US",2025-04-26,"calendar","hsgp","hurdle_ztpoisson",2025-03-29,2025,4,9671,9938,9671,245.982121212121,267,FALSE
"US",2025-04-26,"calendar","hsgp","hurdle_ztpoisson",2025-04-05,2025,3,6679,6950,6679,252.045757575758,271,FALSE
"US",2025-04-26,"calendar","hsgp","hurdle_ztpoisson",2025-04-12,2025,2,4812,5035,4812,194.204696969697,223,FALSE
"US",2025-04-26,"calendar","hsgp","hurdle_ztpoisson",2025-04-19,2025,1,3785,3957,3785,142.153787878788,172,FALSE
"US",2025-04-26,"calendar","hsgp","hurdle_ztpoisson",2025-04-26,2025,0,2740,3296,2488.5,577.34303030303,807.5,FALSE
"US",2025-04-26,"calendar","sir","hurdle_ztnb",2025-03-29,2025,4,9671,9938,9671,242.685303030303,267,FALSE
"US",2025-04-26,"calendar","sir","hurdle_ztnb",2025-04-05,2025,3,6679,6950,6679,255.356060606061,271,FALSE
"US",2025-04-26,"calendar","sir","hurdle_ztnb",2025-04-12,2025,2,4812,5035,4812,207.690909090909,223,FALSE
"US",2025-04-26,"calendar","sir","hurdle_ztnb",2025-04-19,2025,1,3785,3957,3785,146.230454545455,172,FALSE
"US",2025-04-26,"calendar","sir","hurdle_ztnb",2025-04-26,2025,0,2740,3296,2740,522.654393939394,556,FALSE
"US",2025-04-26,"calendar","sir","hurdle_ztpoisson",2025-03-29,2025,4,9671,9938,9671,267,267,FALSE
"US",2025-04-26,"calendar","sir","hurdle_ztpoisson",2025-04-05,2025,3,6679,6950,6679,271,271,FALSE
"US",2025-04-26,"calendar","sir","hurdle_ztpoisson",2025-04-12,2025,2,4812,5035,4812,223,223,FALSE
"US",2025-04-26,"calendar","sir","hurdle_ztpoisson",2025-04-19,2025,1,3785,3957,3785,172,172,FALSE
"US",2025-04-26,"calendar","sir","hurdle_ztpoisson",2025-04-26,2025,0,2740,3296,2740,556,556,FALSE
"US",2025-05-31,"calendar","hsgp","hurdle_ztnb",2025-05-03,2025,4,2437,2520,2437,68.5656060606061,83,FALSE
"US",2025-05-31,"calendar","hsgp","hurdle_ztnb",2025-05-10,2025,3,2105,2169,2107,46.4233333333334,62,FALSE
"US",2025-05-31,"calendar","hsgp","hurdle_ztnb",2025-05-17,2025,2,1794,1890,1799,64.5554545454546,91,FALSE
"US",2025-05-31,"calendar","hsgp","hurdle_ztnb",2025-05-24,2025,1,1652,1732,1658,43.4534848484849,74,TRUE
"US",2025-05-31,"calendar","hsgp","hurdle_ztnb",2025-05-31,2025,0,1632,1836,1665,100.100454545455,171,TRUE
"US",2025-05-31,"calendar","hsgp","hurdle_ztpoisson",2025-05-03,2025,4,2437,2520,2437,75.9656060606061,83,FALSE
"US",2025-05-31,"calendar","hsgp","hurdle_ztpoisson",2025-05-10,2025,3,2105,2169,2105,57.1857575757576,64,FALSE
"US",2025-05-31,"calendar","hsgp","hurdle_ztpoisson",2025-05-17,2025,2,1794,1890,1794,87.5110606060606,96,FALSE
"US",2025-05-31,"calendar","hsgp","hurdle_ztpoisson",2025-05-24,2025,1,1652,1732,1652,68.3481818181818,80,FALSE
"US",2025-05-31,"calendar","hsgp","hurdle_ztpoisson",2025-05-31,2025,0,1632,1836,1618,241.48696969697,218,FALSE
"US",2025-05-31,"calendar","sir","hurdle_ztnb",2025-05-03,2025,4,2437,2520,2430,85.4036363636364,90,FALSE
"US",2025-05-31,"calendar","sir","hurdle_ztnb",2025-05-10,2025,3,2105,2169,2101,60.8772727272728,68,FALSE
"US",2025-05-31,"calendar","sir","hurdle_ztnb",2025-05-17,2025,2,1794,1890,1791,82.8059090909091,99,FALSE
"US",2025-05-31,"calendar","sir","hurdle_ztnb",2025-05-24,2025,1,1652,1732,1650,75.1868181818182,82,FALSE
"US",2025-05-31,"calendar","sir","hurdle_ztnb",2025-05-31,2025,0,1632,1836,1631.5,188.559545454545,204.5,FALSE
"US",2025-05-31,"calendar","sir","hurdle_ztpoisson",2025-05-03,2025,4,2437,2520,2437,83,83,FALSE
"US",2025-05-31,"calendar","sir","hurdle_ztpoisson",2025-05-10,2025,3,2105,2169,2105,64,64,FALSE
"US",2025-05-31,"calendar","sir","hurdle_ztpoisson",2025-05-17,2025,2,1794,1890,1794,96,96,FALSE
"US",2025-05-31,"calendar","sir","hurdle_ztpoisson",2025-05-24,2025,1,1652,1732,1652,80,80,FALSE
"US",2025-05-31,"calendar","sir","hurdle_ztpoisson",2025-05-31,2025,0,1632,1836,1632,204,204,FALSE
"Utah",2025-01-02,"calendar","hsgp","hurdle_ztnb",2024-11-30,2024,4,20,20,20,0.0842424242424241,0,TRUE
"Utah",2025-01-02,"calendar","hsgp","hurdle_ztnb",2024-12-07,2024,3,64,64,64,0.363636363636364,0,TRUE
"Utah",2025-01-02,"calendar","hsgp","hurdle_ztnb",2024-12-14,2024,2,87,90,87,1.42863636363636,3,TRUE
"Utah",2025-01-02,"calendar","hsgp","hurdle_ztnb",2024-12-21,2024,1,163,163,165,1.81818181818182,2,TRUE
"Utah",2025-01-02,"calendar","hsgp","hurdle_ztnb",2024-12-28,2024,0,246,295,253,29.6087878787879,42,FALSE
"Utah",2025-01-02,"calendar","hsgp","hurdle_ztpoisson",2024-11-30,2024,4,20,20,20,0.0272727272727273,0,TRUE
"Utah",2025-01-02,"calendar","hsgp","hurdle_ztpoisson",2024-12-07,2024,3,64,64,64,0.110454545454545,0,TRUE
"Utah",2025-01-02,"calendar","hsgp","hurdle_ztpoisson",2024-12-14,2024,2,87,90,87,1.53772727272727,3,TRUE
"Utah",2025-01-02,"calendar","hsgp","hurdle_ztpoisson",2024-12-21,2024,1,163,163,164,2.04787878787879,1,TRUE
"Utah",2025-01-02,"calendar","hsgp","hurdle_ztpoisson",2024-12-28,2024,0,246,295,257.5,19.2827272727273,37.5,TRUE
"Utah",2025-01-02,"calendar","sir","hurdle_ztnb",2024-11-30,2024,4,20,20,20,0.0933333333333332,0,TRUE
"Utah",2025-01-02,"calendar","sir","hurdle_ztnb",2024-12-07,2024,3,64,64,64,0.155909090909091,0,TRUE
"Utah",2025-01-02,"calendar","sir","hurdle_ztnb",2024-12-14,2024,2,87,90,87,1.71287878787879,3,TRUE
"Utah",2025-01-02,"calendar","sir","hurdle_ztnb",2024-12-21,2024,1,163,163,163,0.867424242424242,0,TRUE
"Utah",2025-01-02,"calendar","sir","hurdle_ztnb",2024-12-28,2024,0,246,295,246,35.9736363636364,49,FALSE
"Utah",2025-01-02,"calendar","sir","hurdle_ztpoisson",2024-11-30,2024,4,20,20,20,0.0181818181818182,0,TRUE
"Utah",2025-01-02,"calendar","sir","hurdle_ztpoisson",2024-12-07,2024,3,64,64,64,0.276515151515152,0,TRUE
"Utah",2025-01-02,"calendar","sir","hurdle_ztpoisson",2024-12-14,2024,2,87,90,87,2.10242424242424,3,TRUE
"Utah",2025-01-02,"calendar","sir","hurdle_ztpoisson",2024-12-21,2024,1,163,163,163,0.728636363636363,0,TRUE
"Utah",2025-01-02,"calendar","sir","hurdle_ztpoisson",2024-12-28,2024,0,246,295,246,30.2368181818182,49,TRUE
"Utah",2025-02-15,"calendar","hsgp","hurdle_ztnb",2025-01-18,2025,4,180,199,180,16.4468181818182,19,FALSE
"Utah",2025-02-15,"calendar","hsgp","hurdle_ztnb",2025-01-25,2025,3,185,185,185,0.563636363636364,0,TRUE
"Utah",2025-02-15,"calendar","hsgp","hurdle_ztnb",2025-02-01,2025,2,195,195,195,0.862121212121212,0,TRUE
"Utah",2025-02-15,"calendar","hsgp","hurdle_ztnb",2025-02-08,2025,1,209,218,209,4.35060606060606,9,TRUE
"Utah",2025-02-15,"calendar","hsgp","hurdle_ztnb",2025-02-15,2025,0,201,203,206.5,5.3519696969697,3.5,TRUE
"Utah",2025-02-15,"calendar","hsgp","hurdle_ztpoisson",2025-01-18,2025,4,180,199,180,18.0181818181818,19,FALSE
"Utah",2025-02-15,"calendar","hsgp","hurdle_ztpoisson",2025-01-25,2025,3,185,185,185,0.316515151515151,0,TRUE
"Utah",2025-02-15,"calendar","hsgp","hurdle_ztpoisson",2025-02-01,2025,2,195,195,195,0.809090909090909,0,TRUE
"Utah",2025-02-15,"calendar","hsgp","hurdle_ztpoisson",2025-02-08,2025,1,209,218,209,6.00742424242424,9,TRUE
"Utah",2025-02-15,"calendar","hsgp","hurdle_ztpoisson",2025-02-15,2025,0,201,203,207,10.9439393939394,4,TRUE
"Utah",2025-02-15,"calendar","sir","hurdle_ztnb",2025-01-18,2025,4,180,199,180,16.36,19,FALSE
"Utah",2025-02-15,"calendar","sir","hurdle_ztnb",2025-01-25,2025,3,185,185,185,0.220909090909091,0,TRUE
"Utah",2025-02-15,"calendar","sir","hurdle_ztnb",2025-02-01,2025,2,195,195,195,0.404090909090909,0,TRUE
"Utah",2025-02-15,"calendar","sir","hurdle_ztnb",2025-02-08,2025,1,209,218,209,5.5869696969697,9,TRUE
"Utah",2025-02-15,"calendar","sir","hurdle_ztnb",2025-02-15,2025,0,201,203,201,2.78363636363636,2,TRUE
"Utah",2025-02-15,"calendar","sir","hurdle_ztpoisson",2025-01-18,2025,4,180,199,180,18.165,19,FALSE
"Utah",2025-02-15,"calendar","sir","hurdle_ztpoisson",2025-01-25,2025,3,185,185,185,0,0,TRUE
"Utah",2025-02-15,"calendar","sir","hurdle_ztpoisson",2025-02-01,2025,2,195,195,195,0,0,TRUE
"Utah",2025-02-15,"calendar","sir","hurdle_ztpoisson",2025-02-08,2025,1,209,218,209,8.53909090909092,9,FALSE
"Utah",2025-02-15,"calendar","sir","hurdle_ztpoisson",2025-02-15,2025,0,201,203,201,1.81954545454545,2,TRUE
"Utah",2025-03-29,"calendar","hsgp","hurdle_ztnb",2025-03-01,2025,4,123,123,123,0.0856060606060603,0,TRUE
"Utah",2025-03-29,"calendar","hsgp","hurdle_ztnb",2025-03-08,2025,3,121,127,121,4.31818181818182,6,TRUE
"Utah",2025-03-29,"calendar","hsgp","hurdle_ztnb",2025-03-15,2025,2,102,102,102,0.219545454545454,0,TRUE
"Utah",2025-03-29,"calendar","hsgp","hurdle_ztnb",2025-03-22,2025,1,76,76,76,0.571060606060606,0,TRUE
"Utah",2025-03-29,"calendar","hsgp","hurdle_ztnb",2025-03-29,2025,0,53,54,53,1.15454545454545,1,TRUE
"Utah",2025-03-29,"calendar","hsgp","hurdle_ztpoisson",2025-03-01,2025,4,123,123,123,0.0454545454545455,0,TRUE
"Utah",2025-03-29,"calendar","hsgp","hurdle_ztpoisson",2025-03-08,2025,3,121,127,121,4.15590909090909,6,TRUE
"Utah",2025-03-29,"calendar","hsgp","hurdle_ztpoisson",2025-03-15,2025,2,102,102,102,0.284242424242424,0,TRUE
"Utah",2025-03-29,"calendar","hsgp","hurdle_ztpoisson",2025-03-22,2025,1,76,76,76,1.20378787878788,0,TRUE
"Utah",2025-03-29,"calendar","hsgp","hurdle_ztpoisson",2025-03-29,2025,0,53,54,53,2.85969696969697,1,TRUE
"Utah",2025-03-29,"calendar","sir","hurdle_ztnb",2025-03-01,2025,4,123,123,123,0.0545454545454546,0,TRUE
"Utah",2025-03-29,"calendar","sir","hurdle_ztnb",2025-03-08,2025,3,121,127,121,4.49090909090909,6,TRUE
"Utah",2025-03-29,"calendar","sir","hurdle_ztnb",2025-03-15,2025,2,102,102,102,0.174090909090909,0,TRUE
"Utah",2025-03-29,"calendar","sir","hurdle_ztnb",2025-03-22,2025,1,76,76,76,0.434090909090908,0,TRUE
"Utah",2025-03-29,"calendar","sir","hurdle_ztnb",2025-03-29,2025,0,53,54,53,1.48333333333333,1,TRUE
"Utah",2025-03-29,"calendar","sir","hurdle_ztpoisson",2025-03-01,2025,4,123,123,123,0,0,TRUE
"Utah",2025-03-29,"calendar","sir","hurdle_ztpoisson",2025-03-08,2025,3,121,127,121,5.80136363636364,6,FALSE
"Utah",2025-03-29,"calendar","sir","hurdle_ztpoisson",2025-03-15,2025,2,102,102,102,0.0377272727272728,0,TRUE
"Utah",2025-03-29,"calendar","sir","hurdle_ztpoisson",2025-03-22,2025,1,76,76,76,0.0990909090909092,0,TRUE
"Utah",2025-03-29,"calendar","sir","hurdle_ztpoisson",2025-03-29,2025,0,53,54,53,1.05590909090909,1,FALSE
"Utah",2025-04-26,"calendar","hsgp","hurdle_ztnb",2025-03-29,2025,4,54,54,54,0,0,TRUE
"Utah",2025-04-26,"calendar","hsgp","hurdle_ztnb",2025-04-05,2025,3,54,54,54,0.0286363636363635,0,TRUE
"Utah",2025-04-26,"calendar","hsgp","hurdle_ztnb",2025-04-12,2025,2,33,33,33,0.0636363636363637,0,TRUE
"Utah",2025-04-26,"calendar","hsgp","hurdle_ztnb",2025-04-19,2025,1,27,27,27,0.127272727272727,0,TRUE
"Utah",2025-04-26,"calendar","hsgp","hurdle_ztnb",2025-04-26,2025,0,19,19,19,0.72060606060606,0,TRUE
"Utah",2025-04-26,"calendar","hsgp","hurdle_ztpoisson",2025-03-29,2025,4,54,54,54,0,0,TRUE
"Utah",2025-04-26,"calendar","hsgp","hurdle_ztpoisson",2025-04-05,2025,3,54,54,54,0.0286363636363635,0,TRUE
"Utah",2025-04-26,"calendar","hsgp","hurdle_ztpoisson",2025-04-12,2025,2,33,33,33,0.127272727272727,0,TRUE
"Utah",2025-04-26,"calendar","hsgp","hurdle_ztpoisson",2025-04-19,2025,1,27,27,27,0.311515151515151,0,TRUE
"Utah",2025-04-26,"calendar","hsgp","hurdle_ztpoisson",2025-04-26,2025,0,19,19,19,1.24545454545455,0,TRUE
"Utah",2025-04-26,"calendar","sir","hurdle_ztnb",2025-03-29,2025,4,54,54,54,0,0,TRUE
"Utah",2025-04-26,"calendar","sir","hurdle_ztnb",2025-04-05,2025,3,54,54,54,0.0377272727272726,0,TRUE
"Utah",2025-04-26,"calendar","sir","hurdle_ztnb",2025-04-12,2025,2,33,33,33,0.114242424242424,0,TRUE
"Utah",2025-04-26,"calendar","sir","hurdle_ztnb",2025-04-19,2025,1,27,27,27,0.228636363636364,0,TRUE
"Utah",2025-04-26,"calendar","sir","hurdle_ztnb",2025-04-26,2025,0,19,19,19,0.858333333333333,0,TRUE
"Utah",2025-04-26,"calendar","sir","hurdle_ztpoisson",2025-03-29,2025,4,54,54,54,0,0,TRUE
"Utah",2025-04-26,"calendar","sir","hurdle_ztpoisson",2025-04-05,2025,3,54,54,54,0,0,TRUE
"Utah",2025-04-26,"calendar","sir","hurdle_ztpoisson",2025-04-12,2025,2,33,33,33,0,0,TRUE
"Utah",2025-04-26,"calendar","sir","hurdle_ztpoisson",2025-04-19,2025,1,27,27,27,0.0118181818181814,0,TRUE
"Utah",2025-04-26,"calendar","sir","hurdle_ztpoisson",2025-04-26,2025,0,19,19,19,0.00545454545454463,0,TRUE
"Utah",2025-05-31,"calendar","hsgp","hurdle_ztnb",2025-05-03,2025,4,17,17,17,0,0,TRUE
"Utah",2025-05-31,"calendar","hsgp","hurdle_ztnb",2025-05-10,2025,3,14,14,14,0,0,TRUE
"Utah",2025-05-31,"calendar","hsgp","hurdle_ztnb",2025-05-17,2025,2,12,12,12,0.0363636363636364,0,TRUE
"Utah",2025-05-31,"calendar","hsgp","hurdle_ztnb",2025-05-24,2025,1,14,14,14,0.0272727272727273,0,TRUE
"Utah",2025-05-31,"calendar","hsgp","hurdle_ztnb",2025-05-31,2025,0,13,13,13,0.372727272727273,0,TRUE
"Utah",2025-05-31,"calendar","hsgp","hurdle_ztpoisson",2025-05-03,2025,4,17,17,17,0,0,TRUE
"Utah",2025-05-31,"calendar","hsgp","hurdle_ztpoisson",2025-05-10,2025,3,14,14,14,0,0,TRUE
"Utah",2025-05-31,"calendar","hsgp","hurdle_ztpoisson",2025-05-17,2025,2,12,12,12,0.0181818181818182,0,TRUE
"Utah",2025-05-31,"calendar","hsgp","hurdle_ztpoisson",2025-05-24,2025,1,14,14,14,0.0636363636363637,0,TRUE
"Utah",2025-05-31,"calendar","hsgp","hurdle_ztpoisson",2025-05-31,2025,0,13,13,13,0.545454545454545,0,TRUE
"Utah",2025-05-31,"calendar","sir","hurdle_ztnb",2025-05-03,2025,4,17,17,17,0,0,TRUE
"Utah",2025-05-31,"calendar","sir","hurdle_ztnb",2025-05-10,2025,3,14,14,14,0.0195454545454544,0,TRUE
"Utah",2025-05-31,"calendar","sir","hurdle_ztnb",2025-05-17,2025,2,12,12,12,0.0545454545454546,0,TRUE
"Utah",2025-05-31,"calendar","sir","hurdle_ztnb",2025-05-24,2025,1,14,14,14,0.172727272727273,0,TRUE
"Utah",2025-05-31,"calendar","sir","hurdle_ztnb",2025-05-31,2025,0,13,13,13,0.538787878787879,0,TRUE
"Utah",2025-05-31,"calendar","sir","hurdle_ztpoisson",2025-05-03,2025,4,17,17,17,0,0,TRUE
"Utah",2025-05-31,"calendar","sir","hurdle_ztpoisson",2025-05-10,2025,3,14,14,14,0,0,TRUE
"Utah",2025-05-31,"calendar","sir","hurdle_ztpoisson",2025-05-17,2025,2,12,12,12,0,0,TRUE
"Utah",2025-05-31,"calendar","sir","hurdle_ztpoisson",2025-05-24,2025,1,14,14,14,0.00409090909090889,0,TRUE
"Utah",2025-05-31,"calendar","sir","hurdle_ztpoisson",2025-05-31,2025,0,13,13,13,0.146818181818182,0,TRUE
"Vermont",2025-01-02,"calendar","hsgp","hurdle_ztnb",2024-11-30,2024,4,3,3,3,0,0,TRUE
"Vermont",2025-01-02,"calendar","hsgp","hurdle_ztnb",2024-12-07,2024,3,0,0,0,0,0,TRUE
"Vermont",2025-01-02,"calendar","hsgp","hurdle_ztnb",2024-12-14,2024,2,8,8,8,0.0206060606060605,0,TRUE
"Vermont",2025-01-02,"calendar","hsgp","hurdle_ztnb",2024-12-21,2024,1,8,8,8,0.0363636363636364,0,TRUE
"Vermont",2025-01-02,"calendar","hsgp","hurdle_ztnb",2024-12-28,2024,0,19,19,19,0.254545454545455,0,TRUE
"Vermont",2025-01-02,"calendar","hsgp","hurdle_ztpoisson",2024-11-30,2024,4,3,3,3,0,0,TRUE
"Vermont",2025-01-02,"calendar","hsgp","hurdle_ztpoisson",2024-12-07,2024,3,0,0,0,0.0090909090909091,0,TRUE
"Vermont",2025-01-02,"calendar","hsgp","hurdle_ztpoisson",2024-12-14,2024,2,8,8,8,0.0363636363636364,0,TRUE
"Vermont",2025-01-02,"calendar","hsgp","hurdle_ztpoisson",2024-12-21,2024,1,8,8,8,0.058181818181818,0,TRUE
"Vermont",2025-01-02,"calendar","hsgp","hurdle_ztpoisson",2024-12-28,2024,0,19,19,19,0.254545454545455,0,TRUE
"Vermont",2025-01-02,"calendar","sir","hurdle_ztnb",2024-11-30,2024,4,3,3,3,0,0,TRUE
"Vermont",2025-01-02,"calendar","sir","hurdle_ztnb",2024-12-07,2024,3,0,0,0,0,0,TRUE
"Vermont",2025-01-02,"calendar","sir","hurdle_ztnb",2024-12-14,2024,2,8,8,8,0,0,TRUE
"Vermont",2025-01-02,"calendar","sir","hurdle_ztnb",2024-12-21,2024,1,8,8,8,0,0,TRUE
"Vermont",2025-01-02,"calendar","sir","hurdle_ztnb",2024-12-28,2024,0,19,19,19,0,0,TRUE
"Vermont",2025-01-02,"calendar","sir","hurdle_ztpoisson",2024-11-30,2024,4,3,3,3,0,0,TRUE
"Vermont",2025-01-02,"calendar","sir","hurdle_ztpoisson",2024-12-07,2024,3,0,0,0,0,0,TRUE
"Vermont",2025-01-02,"calendar","sir","hurdle_ztpoisson",2024-12-14,2024,2,8,8,8,0,0,TRUE
"Vermont",2025-01-02,"calendar","sir","hurdle_ztpoisson",2024-12-21,2024,1,8,8,8,0,0,TRUE
"Vermont",2025-01-02,"calendar","sir","hurdle_ztpoisson",2024-12-28,2024,0,19,19,19,0,0,TRUE
"Vermont",2025-02-15,"calendar","hsgp","hurdle_ztnb",2025-01-18,2025,4,39,41,39,1.00969696969697,2,TRUE
"Vermont",2025-02-15,"calendar","hsgp","hurdle_ztnb",2025-01-25,2025,3,56,58,56,0.976515151515151,2,TRUE
"Vermont",2025-02-15,"calendar","hsgp","hurdle_ztnb",2025-02-01,2025,2,83,84,84,0.658333333333333,0,TRUE
"Vermont",2025-02-15,"calendar","hsgp","hurdle_ztnb",2025-02-08,2025,1,125,134,127.5,3.63636363636364,6.5,TRUE
"Vermont",2025-02-15,"calendar","hsgp","hurdle_ztnb",2025-02-15,2025,0,98,115,102,7.24560606060606,13,TRUE
"Vermont",2025-02-15,"calendar","hsgp","hurdle_ztpoisson",2025-01-18,2025,4,39,41,39,1.3569696969697,2,TRUE
"Vermont",2025-02-15,"calendar","hsgp","hurdle_ztpoisson",2025-01-25,2025,3,56,58,56,0.975151515151515,2,TRUE
"Vermont",2025-02-15,"calendar","hsgp","hurdle_ztpoisson",2025-02-01,2025,2,83,84,84,0.575151515151515,0,TRUE
"Vermont",2025-02-15,"calendar","hsgp","hurdle_ztpoisson",2025-02-08,2025,1,125,134,128,3.33636363636364,6,TRUE
"Vermont",2025-02-15,"calendar","hsgp","hurdle_ztpoisson",2025-02-15,2025,0,98,115,105,5.77787878787879,10,TRUE
"Vermont",2025-02-15,"calendar","sir","hurdle_ztnb",2025-01-18,2025,4,39,41,39,2,2,FALSE
"Vermont",2025-02-15,"calendar","sir","hurdle_ztnb",2025-01-25,2025,3,56,58,56,2,2,FALSE
"Vermont",2025-02-15,"calendar","sir","hurdle_ztnb",2025-02-01,2025,2,83,84,83,1,1,FALSE
"Vermont",2025-02-15,"calendar","sir","hurdle_ztnb",2025-02-08,2025,1,125,134,125,9,9,FALSE
"Vermont",2025-02-15,"calendar","sir","hurdle_ztnb",2025-02-15,2025,0,98,115,98,17,17,FALSE
"Vermont",2025-02-15,"calendar","sir","hurdle_ztpoisson",2025-01-18,2025,4,39,41,39,2,2,FALSE
"Vermont",2025-02-15,"calendar","sir","hurdle_ztpoisson",2025-01-25,2025,3,56,58,56,2,2,FALSE
"Vermont",2025-02-15,"calendar","sir","hurdle_ztpoisson",2025-02-01,2025,2,83,84,83,1,1,FALSE
"Vermont",2025-02-15,"calendar","sir","hurdle_ztpoisson",2025-02-08,2025,1,125,134,125,9,9,FALSE
"Vermont",2025-02-15,"calendar","sir","hurdle_ztpoisson",2025-02-15,2025,0,98,115,98,17,17,FALSE
"Vermont",2025-03-29,"calendar","hsgp","hurdle_ztnb",2025-03-01,2025,4,65,65,65,0.154545454545455,0,TRUE
"Vermont",2025-03-29,"calendar","hsgp","hurdle_ztnb",2025-03-08,2025,3,43,43,43,0.245454545454545,0,TRUE
"Vermont",2025-03-29,"calendar","hsgp","hurdle_ztnb",2025-03-15,2025,2,32,32,32,0.245454545454545,0,TRUE
"Vermont",2025-03-29,"calendar","hsgp","hurdle_ztnb",2025-03-22,2025,1,34,34,34,0.381818181818182,0,TRUE
"Vermont",2025-03-29,"calendar","hsgp","hurdle_ztnb",2025-03-29,2025,0,26,26,27,0.802424242424242,1,TRUE
"Vermont",2025-03-29,"calendar","hsgp","hurdle_ztpoisson",2025-03-01,2025,4,65,65,65,0.136363636363636,0,TRUE
"Vermont",2025-03-29,"calendar","hsgp","hurdle_ztpoisson",2025-03-08,2025,3,43,43,43,0.227272727272727,0,TRUE
"Vermont",2025-03-29,"calendar","hsgp","hurdle_ztpoisson",2025-03-15,2025,2,32,32,32,0.336363636363636,0,TRUE
"Vermont",2025-03-29,"calendar","hsgp","hurdle_ztpoisson",2025-03-22,2025,1,34,34,35,0.718181818181818,1,TRUE
"Vermont",2025-03-29,"calendar","hsgp","hurdle_ztpoisson",2025-03-29,2025,0,26,26,28,1.22863636363636,2,TRUE
"Vermont",2025-03-29,"calendar","sir","hurdle_ztnb",2025-03-01,2025,4,65,65,65,0,0,TRUE
"Vermont",2025-03-29,"calendar","sir","hurdle_ztnb",2025-03-08,2025,3,43,43,43,0,0,TRUE
"Vermont",2025-03-29,"calendar","sir","hurdle_ztnb",2025-03-15,2025,2,32,32,32,0,0,TRUE
"Vermont",2025-03-29,"calendar","sir","hurdle_ztnb",2025-03-22,2025,1,34,34,34,0,0,TRUE
"Vermont",2025-03-29,"calendar","sir","hurdle_ztnb",2025-03-29,2025,0,26,26,26,0,0,TRUE
"Vermont",2025-03-29,"calendar","sir","hurdle_ztpoisson",2025-03-01,2025,4,65,65,65,0,0,TRUE
"Vermont",2025-03-29,"calendar","sir","hurdle_ztpoisson",2025-03-08,2025,3,43,43,43,0,0,TRUE
"Vermont",2025-03-29,"calendar","sir","hurdle_ztpoisson",2025-03-15,2025,2,32,32,32,0,0,TRUE
"Vermont",2025-03-29,"calendar","sir","hurdle_ztpoisson",2025-03-22,2025,1,34,34,34,0,0,TRUE
"Vermont",2025-03-29,"calendar","sir","hurdle_ztpoisson",2025-03-29,2025,0,26,26,26,0,0,TRUE
"Vermont",2025-04-26,"calendar","hsgp","hurdle_ztnb",2025-03-29,2025,4,26,26,26,0.0181818181818182,0,TRUE
"Vermont",2025-04-26,"calendar","hsgp","hurdle_ztnb",2025-04-05,2025,3,28,28,28,0.0454545454545455,0,TRUE
"Vermont",2025-04-26,"calendar","hsgp","hurdle_ztnb",2025-04-12,2025,2,5,8,5,2.31818181818182,3,TRUE
"Vermont",2025-04-26,"calendar","hsgp","hurdle_ztnb",2025-04-19,2025,1,12,12,12,0.0636363636363637,0,TRUE
"Vermont",2025-04-26,"calendar","hsgp","hurdle_ztnb",2025-04-26,2025,0,12,13,12,0.620909090909091,1,TRUE
"Vermont",2025-04-26,"calendar","hsgp","hurdle_ztpoisson",2025-03-29,2025,4,26,26,26,0.0195454545454544,0,TRUE
"Vermont",2025-04-26,"calendar","hsgp","hurdle_ztpoisson",2025-04-05,2025,3,28,28,28,0.0636363636363637,0,TRUE
"Vermont",2025-04-26,"calendar","hsgp","hurdle_ztpoisson",2025-04-12,2025,2,5,8,5,2.16363636363636,3,TRUE
"Vermont",2025-04-26,"calendar","hsgp","hurdle_ztpoisson",2025-04-19,2025,1,12,12,12,0.136363636363636,0,TRUE
"Vermont",2025-04-26,"calendar","hsgp","hurdle_ztpoisson",2025-04-26,2025,0,12,13,12,0.576515151515151,1,TRUE
"Vermont",2025-04-26,"calendar","sir","hurdle_ztnb",2025-03-29,2025,4,26,26,26,0,0,TRUE
"Vermont",2025-04-26,"calendar","sir","hurdle_ztnb",2025-04-05,2025,3,28,28,28,0,0,TRUE
"Vermont",2025-04-26,"calendar","sir","hurdle_ztnb",2025-04-12,2025,2,5,8,5,3,3,FALSE
"Vermont",2025-04-26,"calendar","sir","hurdle_ztnb",2025-04-19,2025,1,12,12,12,0,0,TRUE
"Vermont",2025-04-26,"calendar","sir","hurdle_ztnb",2025-04-26,2025,0,12,13,12,1,1,FALSE
"Vermont",2025-04-26,"calendar","sir","hurdle_ztpoisson",2025-03-29,2025,4,26,26,26,0,0,TRUE
"Vermont",2025-04-26,"calendar","sir","hurdle_ztpoisson",2025-04-05,2025,3,28,28,28,0,0,TRUE
"Vermont",2025-04-26,"calendar","sir","hurdle_ztpoisson",2025-04-12,2025,2,5,8,5,3,3,FALSE
"Vermont",2025-04-26,"calendar","sir","hurdle_ztpoisson",2025-04-19,2025,1,12,12,12,0,0,TRUE
"Vermont",2025-04-26,"calendar","sir","hurdle_ztpoisson",2025-04-26,2025,0,12,13,12,1,1,FALSE
"Vermont",2025-05-31,"calendar","hsgp","hurdle_ztnb",2025-05-03,2025,4,3,3,3,0,0,TRUE
"Vermont",2025-05-31,"calendar","hsgp","hurdle_ztnb",2025-05-10,2025,3,1,1,1,0,0,TRUE
"Vermont",2025-05-31,"calendar","hsgp","hurdle_ztnb",2025-05-17,2025,2,2,2,2,0.0090909090909091,0,TRUE
"Vermont",2025-05-31,"calendar","hsgp","hurdle_ztnb",2025-05-24,2025,1,1,1,1,0.0090909090909091,0,TRUE
"Vermont",2025-05-31,"calendar","hsgp","hurdle_ztnb",2025-05-31,2025,0,1,1,1,0.0363636363636364,0,TRUE
"Vermont",2025-05-31,"calendar","hsgp","hurdle_ztpoisson",2025-05-03,2025,4,3,3,3,0,0,TRUE
"Vermont",2025-05-31,"calendar","hsgp","hurdle_ztpoisson",2025-05-10,2025,3,1,1,1,0,0,TRUE
"Vermont",2025-05-31,"calendar","hsgp","hurdle_ztpoisson",2025-05-17,2025,2,2,2,2,0.0090909090909091,0,TRUE
"Vermont",2025-05-31,"calendar","hsgp","hurdle_ztpoisson",2025-05-24,2025,1,1,1,1,0.0090909090909091,0,TRUE
"Vermont",2025-05-31,"calendar","hsgp","hurdle_ztpoisson",2025-05-31,2025,0,1,1,1,0.1,0,TRUE
"Vermont",2025-05-31,"calendar","sir","hurdle_ztnb",2025-05-03,2025,4,3,3,3,0,0,TRUE
"Vermont",2025-05-31,"calendar","sir","hurdle_ztnb",2025-05-10,2025,3,1,1,1,0,0,TRUE
"Vermont",2025-05-31,"calendar","sir","hurdle_ztnb",2025-05-17,2025,2,2,2,2,0,0,TRUE
"Vermont",2025-05-31,"calendar","sir","hurdle_ztnb",2025-05-24,2025,1,1,1,1,0,0,TRUE
"Vermont",2025-05-31,"calendar","sir","hurdle_ztnb",2025-05-31,2025,0,1,1,1,0,0,TRUE
"Vermont",2025-05-31,"calendar","sir","hurdle_ztpoisson",2025-05-03,2025,4,3,3,3,0,0,TRUE
"Vermont",2025-05-31,"calendar","sir","hurdle_ztpoisson",2025-05-10,2025,3,1,1,1,0,0,TRUE
"Vermont",2025-05-31,"calendar","sir","hurdle_ztpoisson",2025-05-17,2025,2,2,2,2,0,0,TRUE
"Vermont",2025-05-31,"calendar","sir","hurdle_ztpoisson",2025-05-24,2025,1,1,1,1,0,0,TRUE
"Vermont",2025-05-31,"calendar","sir","hurdle_ztpoisson",2025-05-31,2025,0,1,1,1,0,0,TRUE
"Virginia",2025-01-02,"calendar","hsgp","hurdle_ztnb",2024-11-30,2024,4,46,46,46,0.220606060606061,0,TRUE
"Virginia",2025-01-02,"calendar","hsgp","hurdle_ztnb",2024-12-07,2024,3,68,69,68,0.9,1,TRUE
"Virginia",2025-01-02,"calendar","hsgp","hurdle_ztnb",2024-12-14,2024,2,140,140,140,0.574090909090909,0,TRUE
"Virginia",2025-01-02,"calendar","hsgp","hurdle_ztnb",2024-12-21,2024,1,184,192,184,4.14045454545455,8,TRUE
"Virginia",2025-01-02,"calendar","hsgp","hurdle_ztnb",2024-12-28,2024,0,343,374,343,18.1760606060606,31,TRUE
"Virginia",2025-01-02,"calendar","hsgp","hurdle_ztpoisson",2024-11-30,2024,4,46,46,46,0,0,TRUE
"Virginia",2025-01-02,"calendar","hsgp","hurdle_ztpoisson",2024-12-07,2024,3,68,69,68,1,1,FALSE
"Virginia",2025-01-02,"calendar","hsgp","hurdle_ztpoisson",2024-12-14,2024,2,140,140,140,0,0,TRUE
"Virginia",2025-01-02,"calendar","hsgp","hurdle_ztpoisson",2024-12-21,2024,1,184,192,184,6.65454545454546,8,TRUE
"Virginia",2025-01-02,"calendar","hsgp","hurdle_ztpoisson",2024-12-28,2024,0,343,374,343,25.325,31,FALSE
"Virginia",2025-01-02,"calendar","sir","hurdle_ztnb",2024-11-30,2024,4,46,46,46,0.137727272727273,0,TRUE
"Virginia",2025-01-02,"calendar","sir","hurdle_ztnb",2024-12-07,2024,3,68,69,68,0.901363636363636,1,TRUE
"Virginia",2025-01-02,"calendar","sir","hurdle_ztnb",2024-12-14,2024,2,140,140,140,0.298787878787878,0,TRUE
"Virginia",2025-01-02,"calendar","sir","hurdle_ztnb",2024-12-21,2024,1,184,192,184,4.77924242424242,8,TRUE
"Virginia",2025-01-02,"calendar","sir","hurdle_ztnb",2024-12-28,2024,0,343,374,343,22.2528787878788,31,FALSE
"Virginia",2025-01-02,"calendar","sir","hurdle_ztpoisson",2024-11-30,2024,4,46,46,46,0,0,TRUE
"Virginia",2025-01-02,"calendar","sir","hurdle_ztpoisson",2024-12-07,2024,3,68,69,68,0.974090909090909,1,TRUE
"Virginia",2025-01-02,"calendar","sir","hurdle_ztpoisson",2024-12-14,2024,2,140,140,140,0,0,TRUE
"Virginia",2025-01-02,"calendar","sir","hurdle_ztpoisson",2024-12-21,2024,1,184,192,184,5.555,8,TRUE
"Virginia",2025-01-02,"calendar","sir","hurdle_ztpoisson",2024-12-28,2024,0,343,374,343,21.8460606060606,31,FALSE
"Virginia",2025-02-15,"calendar","hsgp","hurdle_ztnb",2025-01-18,2025,4,472,493,472,9.62469696969697,21,TRUE
"Virginia",2025-02-15,"calendar","hsgp","hurdle_ztnb",2025-01-25,2025,3,658,685,659,11.8362121212121,26,TRUE
"Virginia",2025-02-15,"calendar","hsgp","hurdle_ztnb",2025-02-01,2025,2,986,1083,994.5,57.3677272727273,88.5,FALSE
"Virginia",2025-02-15,"calendar","hsgp","hurdle_ztnb",2025-02-08,2025,1,1153,1315,1170.5,104.559696969697,144.5,FALSE
"Virginia",2025-02-15,"calendar","hsgp","hurdle_ztnb",2025-02-15,2025,0,1077,1190,1096.5,47.8980303030303,93.5,TRUE
"Virginia",2025-02-15,"calendar","hsgp","hurdle_ztpoisson",2025-01-18,2025,4,472,493,472,15.7377272727273,21,FALSE
"Virginia",2025-02-15,"calendar","hsgp","hurdle_ztpoisson",2025-01-25,2025,3,658,685,658,18.8769696969697,27,FALSE
"Virginia",2025-02-15,"calendar","hsgp","hurdle_ztpoisson",2025-02-01,2025,2,986,1083,986,87.8437878787879,97,FALSE
"Virginia",2025-02-15,"calendar","hsgp","hurdle_ztpoisson",2025-02-08,2025,1,1153,1315,1153,137.28803030303,162,FALSE
"Virginia",2025-02-15,"calendar","hsgp","hurdle_ztpoisson",2025-02-15,2025,0,1077,1190,1082.5,66.7480303030303,107.5,TRUE
"Virginia",2025-02-15,"calendar","sir","hurdle_ztnb",2025-01-18,2025,4,472,493,472,17.8068181818182,21,FALSE
"Virginia",2025-02-15,"calendar","sir","hurdle_ztnb",2025-01-25,2025,3,658,685,658,20.705,27,FALSE
"Virginia",2025-02-15,"calendar","sir","hurdle_ztnb",2025-02-01,2025,2,986,1083,986,89.1727272727273,97,FALSE
"Virginia",2025-02-15,"calendar","sir","hurdle_ztnb",2025-02-08,2025,1,1153,1315,1153,147.576515151515,162,FALSE
"Virginia",2025-02-15,"calendar","sir","hurdle_ztnb",2025-02-15,2025,0,1077,1190,1078,89.4242424242425,112,FALSE
"Virginia",2025-02-15,"calendar","sir","hurdle_ztpoisson",2025-01-18,2025,4,472,493,472,11.6818181818182,21,TRUE
"Virginia",2025-02-15,"calendar","sir","hurdle_ztpoisson",2025-01-25,2025,3,658,685,658,24.5818181818182,27,FALSE
"Virginia",2025-02-15,"calendar","sir","hurdle_ztpoisson",2025-02-01,2025,2,986,1083,986,91.3327272727273,97,FALSE
"Virginia",2025-02-15,"calendar","sir","hurdle_ztpoisson",2025-02-08,2025,1,1153,1315,1153,150.209090909091,162,FALSE
"Virginia",2025-02-15,"calendar","sir","hurdle_ztpoisson",2025-02-15,2025,0,1077,1190,1077,94.2568181818182,113,FALSE
"Virginia",2025-03-29,"calendar","hsgp","hurdle_ztnb",2025-03-01,2025,4,714,727,714,6.66393939393941,13,TRUE
"Virginia",2025-03-29,"calendar","hsgp","hurdle_ztnb",2025-03-08,2025,3,556,556,556,1.71287878787879,0,TRUE
"Virginia",2025-03-29,"calendar","hsgp","hurdle_ztnb",2025-03-15,2025,2,514,514,514,2.01772727272727,0,TRUE
"Virginia",2025-03-29,"calendar","hsgp","hurdle_ztnb",2025-03-22,2025,1,339,339,341,2.68424242424242,2,TRUE
"Virginia",2025-03-29,"calendar","hsgp","hurdle_ztnb",2025-03-29,2025,0,196,213,198,7.03924242424242,15,TRUE
"Virginia",2025-03-29,"calendar","hsgp","hurdle_ztpoisson",2025-03-01,2025,4,714,727,714,7.07060606060607,13,TRUE
"Virginia",2025-03-29,"calendar","hsgp","hurdle_ztpoisson",2025-03-08,2025,3,556,556,556,1.36,0,TRUE
"Virginia",2025-03-29,"calendar","hsgp","hurdle_ztpoisson",2025-03-15,2025,2,514,514,514,2.37575757575757,0,TRUE
"Virginia",2025-03-29,"calendar","hsgp","hurdle_ztpoisson",2025-03-22,2025,1,339,339,339,3.74575757575758,0,TRUE
"Virginia",2025-03-29,"calendar","hsgp","hurdle_ztpoisson",2025-03-29,2025,0,196,213,209,5.67530303030303,4,TRUE
"Virginia",2025-03-29,"calendar","sir","hurdle_ztnb",2025-03-01,2025,4,714,727,714,8.56575757575757,13,TRUE
"Virginia",2025-03-29,"calendar","sir","hurdle_ztnb",2025-03-08,2025,3,556,556,556,0.716666666666666,0,TRUE
"Virginia",2025-03-29,"calendar","sir","hurdle_ztnb",2025-03-15,2025,2,514,514,514,1.1,0,TRUE
"Virginia",2025-03-29,"calendar","sir","hurdle_ztnb",2025-03-22,2025,1,339,339,339,1.60924242424242,0,TRUE
"Virginia",2025-03-29,"calendar","sir","hurdle_ztnb",2025-03-29,2025,0,196,213,196,8.69272727272727,17,TRUE
"Virginia",2025-03-29,"calendar","sir","hurdle_ztpoisson",2025-03-01,2025,4,714,727,714,9.32681818181819,13,TRUE
"Virginia",2025-03-29,"calendar","sir","hurdle_ztpoisson",2025-03-08,2025,3,556,556,556,0.128636363636364,0,TRUE
"Virginia",2025-03-29,"calendar","sir","hurdle_ztpoisson",2025-03-15,2025,2,514,514,514,0.447878787878788,0,TRUE
"Virginia",2025-03-29,"calendar","sir","hurdle_ztpoisson",2025-03-22,2025,1,339,339,339,0.547878787878788,0,TRUE
"Virginia",2025-03-29,"calendar","sir","hurdle_ztpoisson",2025-03-29,2025,0,196,213,196,11.7886363636364,17,TRUE
"Virginia",2025-04-26,"calendar","hsgp","hurdle_ztnb",2025-03-29,2025,4,199,213,199,12.0922727272727,14,FALSE
"Virginia",2025-04-26,"calendar","hsgp","hurdle_ztnb",2025-04-05,2025,3,143,153,143,7.79090909090909,10,FALSE
"Virginia",2025-04-26,"calendar","hsgp","hurdle_ztnb",2025-04-12,2025,2,84,93,84,6.49227272727273,9,TRUE
"Virginia",2025-04-26,"calendar","hsgp","hurdle_ztnb",2025-04-19,2025,1,56,56,56,0.293333333333333,0,TRUE
"Virginia",2025-04-26,"calendar","hsgp","hurdle_ztnb",2025-04-26,2025,0,37,54,37,9.73636363636364,17,TRUE
"Virginia",2025-04-26,"calendar","hsgp","hurdle_ztpoisson",2025-03-29,2025,4,199,213,199,11.2740909090909,14,FALSE
"Virginia",2025-04-26,"calendar","hsgp","hurdle_ztpoisson",2025-04-05,2025,3,143,153,143,7.05590909090909,10,TRUE
"Virginia",2025-04-26,"calendar","hsgp","hurdle_ztpoisson",2025-04-12,2025,2,84,93,84,6.51424242424242,9,TRUE
"Virginia",2025-04-26,"calendar","hsgp","hurdle_ztpoisson",2025-04-19,2025,1,56,56,56,0.495909090909091,0,TRUE
"Virginia",2025-04-26,"calendar","hsgp","hurdle_ztpoisson",2025-04-26,2025,0,37,54,39,10.8159090909091,15,FALSE
"Virginia",2025-04-26,"calendar","sir","hurdle_ztnb",2025-03-29,2025,4,199,213,199,10.0954545454545,14,TRUE
"Virginia",2025-04-26,"calendar","sir","hurdle_ztnb",2025-04-05,2025,3,143,153,143,6.96136363636364,10,TRUE
"Virginia",2025-04-26,"calendar","sir","hurdle_ztnb",2025-04-12,2025,2,84,93,84,5.39590909090909,9,TRUE
"Virginia",2025-04-26,"calendar","sir","hurdle_ztnb",2025-04-19,2025,1,56,56,56,1.45469696969697,0,TRUE
"Virginia",2025-04-26,"calendar","sir","hurdle_ztnb",2025-04-26,2025,0,37,54,38,8.13484848484848,16,TRUE
"Virginia",2025-04-26,"calendar","sir","hurdle_ztpoisson",2025-03-29,2025,4,199,213,199,14,14,FALSE
"Virginia",2025-04-26,"calendar","sir","hurdle_ztpoisson",2025-04-05,2025,3,143,153,143,9.71500000000004,10,FALSE
"Virginia",2025-04-26,"calendar","sir","hurdle_ztpoisson",2025-04-12,2025,2,84,93,84,7.45454545454546,9,TRUE
"Virginia",2025-04-26,"calendar","sir","hurdle_ztpoisson",2025-04-19,2025,1,56,56,56,0,0,TRUE
"Virginia",2025-04-26,"calendar","sir","hurdle_ztpoisson",2025-04-26,2025,0,37,54,37,15.6181818181818,17,FALSE
"Virginia",2025-05-31,"calendar","hsgp","hurdle_ztnb",2025-05-03,2025,4,32,40,32,7.62863636363637,8,FALSE
"Virginia",2025-05-31,"calendar","hsgp","hurdle_ztnb",2025-05-10,2025,3,32,35,32,2.97409090909091,3,FALSE
"Virginia",2025-05-31,"calendar","hsgp","hurdle_ztnb",2025-05-17,2025,2,15,16,15,0.872727272727273,1,TRUE
"Virginia",2025-05-31,"calendar","hsgp","hurdle_ztnb",2025-05-24,2025,1,26,33,26,5.13772727272727,7,TRUE
"Virginia",2025-05-31,"calendar","hsgp","hurdle_ztnb",2025-05-31,2025,0,25,27,25,1.12727272727273,2,TRUE
"Virginia",2025-05-31,"calendar","hsgp","hurdle_ztpoisson",2025-05-03,2025,4,32,40,32,8,8,FALSE
"Virginia",2025-05-31,"calendar","hsgp","hurdle_ztpoisson",2025-05-10,2025,3,32,35,32,3,3,FALSE
"Virginia",2025-05-31,"calendar","hsgp","hurdle_ztpoisson",2025-05-17,2025,2,15,16,15,1.04545454545455,1,FALSE
"Virginia",2025-05-31,"calendar","hsgp","hurdle_ztpoisson",2025-05-24,2025,1,26,33,26,5.35454545454546,7,FALSE
"Virginia",2025-05-31,"calendar","hsgp","hurdle_ztpoisson",2025-05-31,2025,0,25,27,25,1.07272727272727,2,TRUE
"Virginia",2025-05-31,"calendar","sir","hurdle_ztnb",2025-05-03,2025,4,32,40,32,5.81954545454545,8,TRUE
"Virginia",2025-05-31,"calendar","sir","hurdle_ztnb",2025-05-10,2025,3,32,35,32,2.14545454545455,3,TRUE
"Virginia",2025-05-31,"calendar","sir","hurdle_ztnb",2025-05-17,2025,2,15,16,15,0.792272727272727,1,TRUE
"Virginia",2025-05-31,"calendar","sir","hurdle_ztnb",2025-05-24,2025,1,26,33,26,4.32863636363636,7,TRUE
"Virginia",2025-05-31,"calendar","sir","hurdle_ztnb",2025-05-31,2025,0,25,27,25,1.78833333333333,2,TRUE
"Virginia",2025-05-31,"calendar","sir","hurdle_ztpoisson",2025-05-03,2025,4,32,40,32,8,8,FALSE
"Virginia",2025-05-31,"calendar","sir","hurdle_ztpoisson",2025-05-10,2025,3,32,35,32,3,3,FALSE
"Virginia",2025-05-31,"calendar","sir","hurdle_ztpoisson",2025-05-17,2025,2,15,16,15,1,1,FALSE
"Virginia",2025-05-31,"calendar","sir","hurdle_ztpoisson",2025-05-24,2025,1,26,33,26,7,7,FALSE
"Virginia",2025-05-31,"calendar","sir","hurdle_ztpoisson",2025-05-31,2025,0,25,27,25,1.87045454545457,2,FALSE
"Washington",2025-01-02,"calendar","hsgp","hurdle_ztnb",2024-11-30,2024,4,46,46,46,0.328636363636364,0,TRUE
"Washington",2025-01-02,"calendar","hsgp","hurdle_ztnb",2024-12-07,2024,3,78,78,78,0.543787878787878,0,TRUE
"Washington",2025-01-02,"calendar","hsgp","hurdle_ztnb",2024-12-14,2024,2,181,188,181,3.87,7,TRUE
"Washington",2025-01-02,"calendar","hsgp","hurdle_ztnb",2024-12-21,2024,1,412,418,412,4.30348484848485,6,TRUE
"Washington",2025-01-02,"calendar","hsgp","hurdle_ztnb",2024-12-28,2024,0,524,541,531.5,7.6830303030303,9.5,TRUE
"Washington",2025-01-02,"calendar","hsgp","hurdle_ztpoisson",2024-11-30,2024,4,46,46,46,0.0109090909090897,0,TRUE
"Washington",2025-01-02,"calendar","hsgp","hurdle_ztpoisson",2024-12-07,2024,3,78,78,78,0.502424242424243,0,TRUE
"Washington",2025-01-02,"calendar","hsgp","hurdle_ztpoisson",2024-12-14,2024,2,181,188,181,5.06969696969697,7,TRUE
"Washington",2025-01-02,"calendar","hsgp","hurdle_ztpoisson",2024-12-21,2024,1,412,418,412,6.47515151515151,6,TRUE
"Washington",2025-01-02,"calendar","hsgp","hurdle_ztpoisson",2024-12-28,2024,0,524,541,524,12.7395454545455,17,TRUE
"Washington",2025-01-02,"calendar","sir","hurdle_ztnb",2024-11-30,2024,4,46,46,46,0.284545454545454,0,TRUE
"Washington",2025-01-02,"calendar","sir","hurdle_ztnb",2024-12-07,2024,3,78,78,78,0.479545454545455,0,TRUE
"Washington",2025-01-02,"calendar","sir","hurdle_ztnb",2024-12-14,2024,2,181,188,181,4.20272727272727,7,TRUE
"Washington",2025-01-02,"calendar","sir","hurdle_ztnb",2024-12-21,2024,1,412,418,412,3.77954545454545,6,TRUE
"Washington",2025-01-02,"calendar","sir","hurdle_ztnb",2024-12-28,2024,0,524,541,524,9.28500000000001,17,TRUE
"Washington",2025-01-02,"calendar","sir","hurdle_ztpoisson",2024-11-30,2024,4,46,46,46,0,0,TRUE
"Washington",2025-01-02,"calendar","sir","hurdle_ztpoisson",2024-12-07,2024,3,78,78,78,1.61954545454546,0,TRUE
"Washington",2025-01-02,"calendar","sir","hurdle_ztpoisson",2024-12-14,2024,2,181,188,181,5.44015151515152,7,TRUE
"Washington",2025-01-02,"calendar","sir","hurdle_ztpoisson",2024-12-21,2024,1,412,418,412,6.43712121212121,6,TRUE
"Washington",2025-01-02,"calendar","sir","hurdle_ztpoisson",2024-12-28,2024,0,524,541,524,11.8016666666667,17,TRUE
"Washington",2025-02-15,"calendar","hsgp","hurdle_ztnb",2025-01-18,2025,4,357,360,357,3.38954545454545,3,TRUE
"Washington",2025-02-15,"calendar","hsgp","hurdle_ztnb",2025-01-25,2025,3,417,417,419,5.70166666666666,2,TRUE
"Washington",2025-02-15,"calendar","hsgp","hurdle_ztnb",2025-02-01,2025,2,578,602,578,12.2107575757576,24,TRUE
"Washington",2025-02-15,"calendar","hsgp","hurdle_ztnb",2025-02-08,2025,1,749,747,757.5,11.2528787878788,10.5,TRUE
"Washington",2025-02-15,"calendar","hsgp","hurdle_ztnb",2025-02-15,2025,0,583,659,602.5,35.1880303030303,56.5,TRUE
"Washington",2025-02-15,"calendar","hsgp","hurdle_ztpoisson",2025-01-18,2025,4,357,360,357,5.09045454545454,3,TRUE
"Washington",2025-02-15,"calendar","hsgp","hurdle_ztpoisson",2025-01-25,2025,3,417,417,417,5.87893939393939,0,TRUE
"Washington",2025-02-15,"calendar","hsgp","hurdle_ztpoisson",2025-02-01,2025,2,578,602,578,21.7833333333333,24,TRUE
"Washington",2025-02-15,"calendar","hsgp","hurdle_ztpoisson",2025-02-08,2025,1,749,747,749,6.84333333333333,2,TRUE
"Washington",2025-02-15,"calendar","hsgp","hurdle_ztpoisson",2025-02-15,2025,0,583,659,583,40.1051515151515,76,TRUE
"Washington",2025-02-15,"calendar","sir","hurdle_ztnb",2025-01-18,2025,4,357,360,357,2.15863636363636,3,TRUE
"Washington",2025-02-15,"calendar","sir","hurdle_ztnb",2025-01-25,2025,3,417,417,417,1.27272727272727,0,TRUE
"Washington",2025-02-15,"calendar","sir","hurdle_ztnb",2025-02-01,2025,2,578,602,578,14.3821212121212,24,TRUE
"Washington",2025-02-15,"calendar","sir","hurdle_ztnb",2025-02-08,2025,1,749,747,749,3.83090909090909,2,TRUE
"Washington",2025-02-15,"calendar","sir","hurdle_ztnb",2025-02-15,2025,0,583,659,584,47.9709090909091,75,TRUE
"Washington",2025-02-15,"calendar","sir","hurdle_ztpoisson",2025-01-18,2025,4,357,360,357,3.33636363636364,3,TRUE
"Washington",2025-02-15,"calendar","sir","hurdle_ztpoisson",2025-01-25,2025,3,417,417,417,0.110454545454545,0,TRUE
"Washington",2025-02-15,"calendar","sir","hurdle_ztpoisson",2025-02-01,2025,2,578,602,578,18.9363636363636,24,FALSE
"Washington",2025-02-15,"calendar","sir","hurdle_ztpoisson",2025-02-08,2025,1,749,747,749,3.06060606060606,2,FALSE
"Washington",2025-02-15,"calendar","sir","hurdle_ztpoisson",2025-02-15,2025,0,583,659,583,61.2304545454546,76,FALSE
"Washington",2025-03-29,"calendar","hsgp","hurdle_ztnb",2025-03-01,2025,4,424,422,424,2.70378787878788,2,FALSE
"Washington",2025-03-29,"calendar","hsgp","hurdle_ztnb",2025-03-08,2025,3,244,253,244,5.23636363636364,9,TRUE
"Washington",2025-03-29,"calendar","hsgp","hurdle_ztnb",2025-03-15,2025,2,192,201,192,5.31287878787879,9,TRUE
"Washington",2025-03-29,"calendar","hsgp","hurdle_ztnb",2025-03-22,2025,1,166,165,166,1.40272727272727,1,TRUE
"Washington",2025-03-29,"calendar","hsgp","hurdle_ztnb",2025-03-29,2025,0,112,113,112,1.75545454545455,1,TRUE
"Washington",2025-03-29,"calendar","hsgp","hurdle_ztpoisson",2025-03-01,2025,4,424,422,424,2.37545454545455,2,TRUE
"Washington",2025-03-29,"calendar","hsgp","hurdle_ztpoisson",2025-03-08,2025,3,244,253,244,7.91954545454545,9,TRUE
"Washington",2025-03-29,"calendar","hsgp","hurdle_ztpoisson",2025-03-15,2025,2,192,201,192,7.63772727272727,9,TRUE
"Washington",2025-03-29,"calendar","hsgp","hurdle_ztpoisson",2025-03-22,2025,1,166,165,166,1.86636363636364,1,TRUE
"Washington",2025-03-29,"calendar","hsgp","hurdle_ztpoisson",2025-03-29,2025,0,112,113,112,2.72318181818182,1,TRUE
"Washington",2025-03-29,"calendar","sir","hurdle_ztnb",2025-03-01,2025,4,424,422,424,2.22318181818182,2,TRUE
"Washington",2025-03-29,"calendar","sir","hurdle_ztnb",2025-03-08,2025,3,244,253,244,5.26606060606061,9,TRUE
"Washington",2025-03-29,"calendar","sir","hurdle_ztnb",2025-03-15,2025,2,192,201,192,5.57969696969697,9,TRUE
"Washington",2025-03-29,"calendar","sir","hurdle_ztnb",2025-03-22,2025,1,166,165,166,2.0930303030303,1,TRUE
"Washington",2025-03-29,"calendar","sir","hurdle_ztnb",2025-03-29,2025,0,112,113,113,4.00742424242424,0,TRUE
"Washington",2025-03-29,"calendar","sir","hurdle_ztpoisson",2025-03-01,2025,4,424,422,424,2.10272727272727,2,FALSE
"Washington",2025-03-29,"calendar","sir","hurdle_ztpoisson",2025-03-08,2025,3,244,253,244,7.48318181818182,9,TRUE
"Washington",2025-03-29,"calendar","sir","hurdle_ztpoisson",2025-03-15,2025,2,192,201,192,9,9,FALSE
"Washington",2025-03-29,"calendar","sir","hurdle_ztpoisson",2025-03-22,2025,1,166,165,166,1.11818181818182,1,FALSE
"Washington",2025-03-29,"calendar","sir","hurdle_ztpoisson",2025-03-29,2025,0,112,113,112,0.949242424242424,1,TRUE
"Washington",2025-04-26,"calendar","hsgp","hurdle_ztnb",2025-03-29,2025,4,113,113,113,0.176515151515151,0,TRUE
"Washington",2025-04-26,"calendar","hsgp","hurdle_ztnb",2025-04-05,2025,3,101,101,101,0.174090909090909,0,TRUE
"Washington",2025-04-26,"calendar","hsgp","hurdle_ztnb",2025-04-12,2025,2,74,74,74,0.219545454545454,0,TRUE
"Washington",2025-04-26,"calendar","hsgp","hurdle_ztnb",2025-04-19,2025,1,42,42,42,0.355909090909091,0,TRUE
"Washington",2025-04-26,"calendar","hsgp","hurdle_ztnb",2025-04-26,2025,0,37,39,37,1.39363636363636,2,TRUE
"Washington",2025-04-26,"calendar","hsgp","hurdle_ztpoisson",2025-03-29,2025,4,113,113,113,0.445454545454545,0,TRUE
"Washington",2025-04-26,"calendar","hsgp","hurdle_ztpoisson",2025-04-05,2025,3,101,101,101,0.405,0,TRUE
"Washington",2025-04-26,"calendar","hsgp","hurdle_ztpoisson",2025-04-12,2025,2,74,74,74,0.483181818181818,0,TRUE
"Washington",2025-04-26,"calendar","hsgp","hurdle_ztpoisson",2025-04-19,2025,1,42,42,42,0.507424242424242,0,TRUE
"Washington",2025-04-26,"calendar","hsgp","hurdle_ztpoisson",2025-04-26,2025,0,37,39,37,1.40909090909091,2,TRUE
"Washington",2025-04-26,"calendar","sir","hurdle_ztnb",2025-03-29,2025,4,113,113,113,0.581818181818182,0,TRUE
"Washington",2025-04-26,"calendar","sir","hurdle_ztnb",2025-04-05,2025,3,101,101,101,0.753333333333333,0,TRUE
"Washington",2025-04-26,"calendar","sir","hurdle_ztnb",2025-04-12,2025,2,74,74,74,1.08454545454545,0,TRUE
"Washington",2025-04-26,"calendar","sir","hurdle_ztnb",2025-04-19,2025,1,42,42,42,1.84136363636364,0,TRUE
"Washington",2025-04-26,"calendar","sir","hurdle_ztnb",2025-04-26,2025,0,37,39,37,2.84242424242424,2,TRUE
"Washington",2025-04-26,"calendar","sir","hurdle_ztpoisson",2025-03-29,2025,4,113,113,113,0,0,TRUE
"Washington",2025-04-26,"calendar","sir","hurdle_ztpoisson",2025-04-05,2025,3,101,101,101,0.0754545454545451,0,TRUE
"Washington",2025-04-26,"calendar","sir","hurdle_ztpoisson",2025-04-12,2025,2,74,74,74,0,0,TRUE
"Washington",2025-04-26,"calendar","sir","hurdle_ztpoisson",2025-04-19,2025,1,42,42,42,0,0,TRUE
"Washington",2025-04-26,"calendar","sir","hurdle_ztpoisson",2025-04-26,2025,0,37,39,37,1.97409090909091,2,FALSE
"Washington",2025-05-31,"calendar","hsgp","hurdle_ztnb",2025-05-03,2025,4,20,20,20,0.22969696969697,0,TRUE
"Washington",2025-05-31,"calendar","hsgp","hurdle_ztnb",2025-05-10,2025,3,24,24,24,0.41560606060606,0,TRUE
"Washington",2025-05-31,"calendar","hsgp","hurdle_ztnb",2025-05-17,2025,2,17,16,17,0.903787878787879,1,TRUE
"Washington",2025-05-31,"calendar","hsgp","hurdle_ztnb",2025-05-24,2025,1,20,29,20,7.3,9,TRUE
"Washington",2025-05-31,"calendar","hsgp","hurdle_ztnb",2025-05-31,2025,0,20,26,20,3.54696969696969,6,TRUE
"Washington",2025-05-31,"calendar","hsgp","hurdle_ztpoisson",2025-05-03,2025,4,20,20,20,1.61818181818182,0,TRUE
"Washington",2025-05-31,"calendar","hsgp","hurdle_ztpoisson",2025-05-10,2025,3,24,24,24,1.60742424242424,0,TRUE
"Washington",2025-05-31,"calendar","hsgp","hurdle_ztpoisson",2025-05-17,2025,2,17,16,17,1.69590909090909,1,TRUE
"Washington",2025-05-31,"calendar","hsgp","hurdle_ztpoisson",2025-05-24,2025,1,20,29,20,8.2569696969697,9,FALSE
"Washington",2025-05-31,"calendar","hsgp","hurdle_ztpoisson",2025-05-31,2025,0,20,26,20,4.06742424242424,6,TRUE
"Washington",2025-05-31,"calendar","sir","hurdle_ztnb",2025-05-03,2025,4,20,20,20,0.942878787878787,0,TRUE
"Washington",2025-05-31,"calendar","sir","hurdle_ztnb",2025-05-10,2025,3,24,24,24,1.24181818181818,0,TRUE
"Washington",2025-05-31,"calendar","sir","hurdle_ztnb",2025-05-17,2025,2,17,16,17,2.08575757575757,1,TRUE
"Washington",2025-05-31,"calendar","sir","hurdle_ztnb",2025-05-24,2025,1,20,29,20,6.77742424242424,9,TRUE
"Washington",2025-05-31,"calendar","sir","hurdle_ztnb",2025-05-31,2025,0,20,26,20,4.75242424242424,6,TRUE
"Washington",2025-05-31,"calendar","sir","hurdle_ztpoisson",2025-05-03,2025,4,20,20,20,1.45454545454545,0,TRUE
"Washington",2025-05-31,"calendar","sir","hurdle_ztpoisson",2025-05-10,2025,3,24,24,24,1.50909090909091,0,TRUE
"Washington",2025-05-31,"calendar","sir","hurdle_ztpoisson",2025-05-17,2025,2,17,16,17,1.15151515151515,1,TRUE
"Washington",2025-05-31,"calendar","sir","hurdle_ztpoisson",2025-05-24,2025,1,20,29,20,9.66772727272729,9,FALSE
"Washington",2025-05-31,"calendar","sir","hurdle_ztpoisson",2025-05-31,2025,0,20,26,20,5.91424242424243,6,FALSE
"West Virginia",2025-01-02,"calendar","hsgp","hurdle_ztnb",2024-11-30,2024,4,3,3,3,0,0,TRUE
"West Virginia",2025-01-02,"calendar","hsgp","hurdle_ztnb",2024-12-07,2024,3,13,13,13,0,0,TRUE
"West Virginia",2025-01-02,"calendar","hsgp","hurdle_ztnb",2024-12-14,2024,2,21,21,21,0,0,TRUE
"West Virginia",2025-01-02,"calendar","hsgp","hurdle_ztnb",2024-12-21,2024,1,37,37,37,0.0740909090909089,0,TRUE
"West Virginia",2025-01-02,"calendar","hsgp","hurdle_ztnb",2024-12-28,2024,0,102,108,102,3.18818181818182,6,TRUE
"West Virginia",2025-01-02,"calendar","hsgp","hurdle_ztpoisson",2024-11-30,2024,4,3,3,3,0,0,TRUE
"West Virginia",2025-01-02,"calendar","hsgp","hurdle_ztpoisson",2024-12-07,2024,3,13,13,13,0,0,TRUE
"West Virginia",2025-01-02,"calendar","hsgp","hurdle_ztpoisson",2024-12-14,2024,2,21,21,21,0,0,TRUE
"West Virginia",2025-01-02,"calendar","hsgp","hurdle_ztpoisson",2024-12-21,2024,1,37,37,37,0.0090909090909091,0,TRUE
"West Virginia",2025-01-02,"calendar","hsgp","hurdle_ztpoisson",2024-12-28,2024,0,102,108,102,3.52727272727273,6,TRUE
"West Virginia",2025-01-02,"calendar","sir","hurdle_ztnb",2024-11-30,2024,4,3,3,3,0,0,TRUE
"West Virginia",2025-01-02,"calendar","sir","hurdle_ztnb",2024-12-07,2024,3,13,13,13,0,0,TRUE
"West Virginia",2025-01-02,"calendar","sir","hurdle_ztnb",2024-12-14,2024,2,21,21,21,0,0,TRUE
"West Virginia",2025-01-02,"calendar","sir","hurdle_ztnb",2024-12-21,2024,1,37,37,37,0,0,TRUE
"West Virginia",2025-01-02,"calendar","sir","hurdle_ztnb",2024-12-28,2024,0,102,108,102,4.88318181818182,6,TRUE
"West Virginia",2025-01-02,"calendar","sir","hurdle_ztpoisson",2024-11-30,2024,4,3,3,3,0,0,TRUE
"West Virginia",2025-01-02,"calendar","sir","hurdle_ztpoisson",2024-12-07,2024,3,13,13,13,0,0,TRUE
"West Virginia",2025-01-02,"calendar","sir","hurdle_ztpoisson",2024-12-14,2024,2,21,21,21,0,0,TRUE
"West Virginia",2025-01-02,"calendar","sir","hurdle_ztpoisson",2024-12-21,2024,1,37,37,37,0.0181818181818182,0,TRUE
"West Virginia",2025-01-02,"calendar","sir","hurdle_ztpoisson",2024-12-28,2024,0,102,108,102,3.73772727272727,6,TRUE
"West Virginia",2025-02-15,"calendar","hsgp","hurdle_ztnb",2025-01-18,2025,4,133,133,133,0,0,TRUE
"West Virginia",2025-02-15,"calendar","hsgp","hurdle_ztnb",2025-01-25,2025,3,160,160,160,0.0104545454545453,0,TRUE
"West Virginia",2025-02-15,"calendar","hsgp","hurdle_ztnb",2025-02-01,2025,2,267,267,267,0.083181818181818,0,TRUE
"West Virginia",2025-02-15,"calendar","hsgp","hurdle_ztnb",2025-02-08,2025,1,446,458,446,8.825,12,TRUE
"West Virginia",2025-02-15,"calendar","hsgp","hurdle_ztnb",2025-02-15,2025,0,614,617,617,4.4330303030303,0,TRUE
"West Virginia",2025-02-15,"calendar","hsgp","hurdle_ztpoisson",2025-01-18,2025,4,133,133,133,0,0,TRUE
"West Virginia",2025-02-15,"calendar","hsgp","hurdle_ztpoisson",2025-01-25,2025,3,160,160,160,0.0286363636363634,0,TRUE
"West Virginia",2025-02-15,"calendar","hsgp","hurdle_ztpoisson",2025-02-01,2025,2,267,267,267,0.145454545454545,0,TRUE
"West Virginia",2025-02-15,"calendar","hsgp","hurdle_ztpoisson",2025-02-08,2025,1,446,458,446,6.42560606060607,12,TRUE
"West Virginia",2025-02-15,"calendar","hsgp","hurdle_ztpoisson",2025-02-15,2025,0,614,617,614,10.2474242424242,3,TRUE
"West Virginia",2025-02-15,"calendar","sir","hurdle_ztnb",2025-01-18,2025,4,133,133,133,0,0,TRUE
"West Virginia",2025-02-15,"calendar","sir","hurdle_ztnb",2025-01-25,2025,3,160,160,160,0,0,TRUE
"West Virginia",2025-02-15,"calendar","sir","hurdle_ztnb",2025-02-01,2025,2,267,267,267,0,0,TRUE
"West Virginia",2025-02-15,"calendar","sir","hurdle_ztnb",2025-02-08,2025,1,446,458,446,11.8363636363636,12,FALSE
"West Virginia",2025-02-15,"calendar","sir","hurdle_ztnb",2025-02-15,2025,0,614,617,614,2.14287878787879,3,TRUE
"West Virginia",2025-02-15,"calendar","sir","hurdle_ztpoisson",2025-01-18,2025,4,133,133,133,0.00909090909090909,0,TRUE
"West Virginia",2025-02-15,"calendar","sir","hurdle_ztpoisson",2025-01-25,2025,3,160,160,160,0,0,TRUE
"West Virginia",2025-02-15,"calendar","sir","hurdle_ztpoisson",2025-02-01,2025,2,267,267,267,0,0,TRUE
"West Virginia",2025-02-15,"calendar","sir","hurdle_ztpoisson",2025-02-08,2025,1,446,458,446,11.8272727272727,12,FALSE
"West Virginia",2025-02-15,"calendar","sir","hurdle_ztpoisson",2025-02-15,2025,0,614,617,614,2.11045454545455,3,TRUE
"West Virginia",2025-03-29,"calendar","hsgp","hurdle_ztnb",2025-03-01,2025,4,511,511,511,0,0,TRUE
"West Virginia",2025-03-29,"calendar","hsgp","hurdle_ztnb",2025-03-08,2025,3,456,458,456,1.65590909090909,2,TRUE
"West Virginia",2025-03-29,"calendar","hsgp","hurdle_ztnb",2025-03-15,2025,2,347,347,347,0.157272727272727,0,TRUE
"West Virginia",2025-03-29,"calendar","hsgp","hurdle_ztnb",2025-03-22,2025,1,275,275,275,0.3,0,TRUE
"West Virginia",2025-03-29,"calendar","hsgp","hurdle_ztnb",2025-03-29,2025,0,168,168,169.5,2.34136363636364,1.5,TRUE
"West Virginia",2025-03-29,"calendar","hsgp","hurdle_ztpoisson",2025-03-01,2025,4,511,511,511,0,0,TRUE
"West Virginia",2025-03-29,"calendar","hsgp","hurdle_ztpoisson",2025-03-08,2025,3,456,458,456,1.68181818181818,2,TRUE
"West Virginia",2025-03-29,"calendar","hsgp","hurdle_ztpoisson",2025-03-15,2025,2,347,347,347,0.145454545454546,0,TRUE
"West Virginia",2025-03-29,"calendar","hsgp","hurdle_ztpoisson",2025-03-22,2025,1,275,275,275,0.401363636363636,0,TRUE
"West Virginia",2025-03-29,"calendar","hsgp","hurdle_ztpoisson",2025-03-29,2025,0,168,168,168,1.865,0,TRUE
"West Virginia",2025-03-29,"calendar","sir","hurdle_ztnb",2025-03-01,2025,4,511,511,511,0,0,TRUE
"West Virginia",2025-03-29,"calendar","sir","hurdle_ztnb",2025-03-08,2025,3,456,458,456,2,2,FALSE
"West Virginia",2025-03-29,"calendar","sir","hurdle_ztnb",2025-03-15,2025,2,347,347,347,0,0,TRUE
"West Virginia",2025-03-29,"calendar","sir","hurdle_ztnb",2025-03-22,2025,1,275,275,275,0.0636363636363637,0,TRUE
"West Virginia",2025-03-29,"calendar","sir","hurdle_ztnb",2025-03-29,2025,0,168,168,168,0.414242424242424,0,TRUE
"West Virginia",2025-03-29,"calendar","sir","hurdle_ztpoisson",2025-03-01,2025,4,511,511,511,0,0,TRUE
"West Virginia",2025-03-29,"calendar","sir","hurdle_ztpoisson",2025-03-08,2025,3,456,458,456,2,2,FALSE
"West Virginia",2025-03-29,"calendar","sir","hurdle_ztpoisson",2025-03-15,2025,2,347,347,347,0,0,TRUE
"West Virginia",2025-03-29,"calendar","sir","hurdle_ztpoisson",2025-03-22,2025,1,275,275,275,0,0,TRUE
"West Virginia",2025-03-29,"calendar","sir","hurdle_ztpoisson",2025-03-29,2025,0,168,168,168,0,0,TRUE
"West Virginia",2025-04-26,"calendar","hsgp","hurdle_ztnb",2025-03-29,2025,4,168,168,168,0,0,TRUE
"West Virginia",2025-04-26,"calendar","hsgp","hurdle_ztnb",2025-04-05,2025,3,102,102,102,0,0,TRUE
"West Virginia",2025-04-26,"calendar","hsgp","hurdle_ztnb",2025-04-12,2025,2,47,47,47,0,0,TRUE
"West Virginia",2025-04-26,"calendar","hsgp","hurdle_ztnb",2025-04-19,2025,1,26,26,26,0.0272727272727273,0,TRUE
"West Virginia",2025-04-26,"calendar","hsgp","hurdle_ztnb",2025-04-26,2025,0,18,18,18,0.548181818181818,0,TRUE
"West Virginia",2025-04-26,"calendar","hsgp","hurdle_ztpoisson",2025-03-29,2025,4,168,168,168,0,0,TRUE
"West Virginia",2025-04-26,"calendar","hsgp","hurdle_ztpoisson",2025-04-05,2025,3,102,102,102,0,0,TRUE
"West Virginia",2025-04-26,"calendar","hsgp","hurdle_ztpoisson",2025-04-12,2025,2,47,47,47,0,0,TRUE
"West Virginia",2025-04-26,"calendar","hsgp","hurdle_ztpoisson",2025-04-19,2025,1,26,26,26,0.0104545454545453,0,TRUE
"West Virginia",2025-04-26,"calendar","hsgp","hurdle_ztpoisson",2025-04-26,2025,0,18,18,18,0.127272727272727,0,TRUE
"West Virginia",2025-04-26,"calendar","sir","hurdle_ztnb",2025-03-29,2025,4,168,168,168,0,0,TRUE
"West Virginia",2025-04-26,"calendar","sir","hurdle_ztnb",2025-04-05,2025,3,102,102,102,0,0,TRUE
"West Virginia",2025-04-26,"calendar","sir","hurdle_ztnb",2025-04-12,2025,2,47,47,47,0,0,TRUE
"West Virginia",2025-04-26,"calendar","sir","hurdle_ztnb",2025-04-19,2025,1,26,26,26,0.0181818181818182,0,TRUE
"West Virginia",2025-04-26,"calendar","sir","hurdle_ztnb",2025-04-26,2025,0,18,18,18,0.0922727272727271,0,TRUE
"West Virginia",2025-04-26,"calendar","sir","hurdle_ztpoisson",2025-03-29,2025,4,168,168,168,0,0,TRUE
"West Virginia",2025-04-26,"calendar","sir","hurdle_ztpoisson",2025-04-05,2025,3,102,102,102,0,0,TRUE
"West Virginia",2025-04-26,"calendar","sir","hurdle_ztpoisson",2025-04-12,2025,2,47,47,47,0,0,TRUE
"West Virginia",2025-04-26,"calendar","sir","hurdle_ztpoisson",2025-04-19,2025,1,26,26,26,0,0,TRUE
"West Virginia",2025-04-26,"calendar","sir","hurdle_ztpoisson",2025-04-26,2025,0,18,18,18,0,0,TRUE
"West Virginia",2025-05-31,"calendar","hsgp","hurdle_ztnb",2025-05-03,2025,4,10,10,10,0,0,TRUE
"West Virginia",2025-05-31,"calendar","hsgp","hurdle_ztnb",2025-05-10,2025,3,6,6,6,0,0,TRUE
"West Virginia",2025-05-31,"calendar","hsgp","hurdle_ztnb",2025-05-17,2025,2,5,5,5,0,0,TRUE
"West Virginia",2025-05-31,"calendar","hsgp","hurdle_ztnb",2025-05-24,2025,1,1,1,1,0,0,TRUE
"West Virginia",2025-05-31,"calendar","hsgp","hurdle_ztnb",2025-05-31,2025,0,1,1,1,0.0090909090909091,0,TRUE
"West Virginia",2025-05-31,"calendar","hsgp","hurdle_ztpoisson",2025-05-03,2025,4,10,10,10,0,0,TRUE
"West Virginia",2025-05-31,"calendar","hsgp","hurdle_ztpoisson",2025-05-10,2025,3,6,6,6,0,0,TRUE
"West Virginia",2025-05-31,"calendar","hsgp","hurdle_ztpoisson",2025-05-17,2025,2,5,5,5,0,0,TRUE
"West Virginia",2025-05-31,"calendar","hsgp","hurdle_ztpoisson",2025-05-24,2025,1,1,1,1,0,0,TRUE
"West Virginia",2025-05-31,"calendar","hsgp","hurdle_ztpoisson",2025-05-31,2025,0,1,1,1,0,0,TRUE
"West Virginia",2025-05-31,"calendar","sir","hurdle_ztnb",2025-05-03,2025,4,10,10,10,0,0,TRUE
"West Virginia",2025-05-31,"calendar","sir","hurdle_ztnb",2025-05-10,2025,3,6,6,6,0,0,TRUE
"West Virginia",2025-05-31,"calendar","sir","hurdle_ztnb",2025-05-17,2025,2,5,5,5,0,0,TRUE
"West Virginia",2025-05-31,"calendar","sir","hurdle_ztnb",2025-05-24,2025,1,1,1,1,0,0,TRUE
"West Virginia",2025-05-31,"calendar","sir","hurdle_ztnb",2025-05-31,2025,0,1,1,1,0.0936363636363633,0,TRUE
"West Virginia",2025-05-31,"calendar","sir","hurdle_ztpoisson",2025-05-03,2025,4,10,10,10,0,0,TRUE
"West Virginia",2025-05-31,"calendar","sir","hurdle_ztpoisson",2025-05-10,2025,3,6,6,6,0,0,TRUE
"West Virginia",2025-05-31,"calendar","sir","hurdle_ztpoisson",2025-05-17,2025,2,5,5,5,0,0,TRUE
"West Virginia",2025-05-31,"calendar","sir","hurdle_ztpoisson",2025-05-24,2025,1,1,1,1,0,0,TRUE
"West Virginia",2025-05-31,"calendar","sir","hurdle_ztpoisson",2025-05-31,2025,0,1,1,1,0,0,TRUE
"Wisconsin",2025-01-02,"calendar","hsgp","hurdle_ztnb",2024-11-30,2024,4,12,12,12,0.2,0,TRUE
"Wisconsin",2025-01-02,"calendar","hsgp","hurdle_ztnb",2024-12-07,2024,3,27,27,27,0.255909090909091,0,TRUE
"Wisconsin",2025-01-02,"calendar","hsgp","hurdle_ztnb",2024-12-14,2024,2,65,66,65,0.593636363636364,1,TRUE
"Wisconsin",2025-01-02,"calendar","hsgp","hurdle_ztnb",2024-12-21,2024,1,111,120,111,5.09090909090909,9,TRUE
"Wisconsin",2025-01-02,"calendar","hsgp","hurdle_ztnb",2024-12-28,2024,0,246,253,246,3.3869696969697,7,TRUE
"Wisconsin",2025-01-02,"calendar","hsgp","hurdle_ztpoisson",2024-11-30,2024,4,12,12,12,0,0,TRUE
"Wisconsin",2025-01-02,"calendar","hsgp","hurdle_ztpoisson",2024-12-07,2024,3,27,27,27,0.0104545454545453,0,TRUE
"Wisconsin",2025-01-02,"calendar","hsgp","hurdle_ztpoisson",2024-12-14,2024,2,65,66,65,0.701363636363636,1,TRUE
"Wisconsin",2025-01-02,"calendar","hsgp","hurdle_ztpoisson",2024-12-21,2024,1,111,120,111,6.58454545454545,9,FALSE
"Wisconsin",2025-01-02,"calendar","hsgp","hurdle_ztpoisson",2024-12-28,2024,0,246,253,248,2.66742424242424,5,TRUE
"Wisconsin",2025-01-02,"calendar","sir","hurdle_ztnb",2024-11-30,2024,4,12,12,12,0.0569696969696968,0,TRUE
"Wisconsin",2025-01-02,"calendar","sir","hurdle_ztnb",2024-12-07,2024,3,27,27,27,0.0454545454545455,0,TRUE
"Wisconsin",2025-01-02,"calendar","sir","hurdle_ztnb",2024-12-14,2024,2,65,66,65,0.609090909090909,1,TRUE
"Wisconsin",2025-01-02,"calendar","sir","hurdle_ztnb",2024-12-21,2024,1,111,120,111,7.51045454545455,9,FALSE
"Wisconsin",2025-01-02,"calendar","sir","hurdle_ztnb",2024-12-28,2024,0,246,253,246,4.76636363636364,7,TRUE
"Wisconsin",2025-01-02,"calendar","sir","hurdle_ztpoisson",2024-11-30,2024,4,12,12,12,0.0090909090909091,0,TRUE
"Wisconsin",2025-01-02,"calendar","sir","hurdle_ztpoisson",2024-12-07,2024,3,27,27,27,0.0387878787878787,0,TRUE
"Wisconsin",2025-01-02,"calendar","sir","hurdle_ztpoisson",2024-12-14,2024,2,65,66,65,0.709090909090909,1,TRUE
"Wisconsin",2025-01-02,"calendar","sir","hurdle_ztpoisson",2024-12-21,2024,1,111,120,111,6.17409090909091,9,TRUE
"Wisconsin",2025-01-02,"calendar","sir","hurdle_ztpoisson",2024-12-28,2024,0,246,253,246,3.80409090909091,7,TRUE
"Wisconsin",2025-02-15,"calendar","hsgp","hurdle_ztnb",2025-01-18,2025,4,593,593,601,4.80878787878788,8,TRUE
"Wisconsin",2025-02-15,"calendar","hsgp","hurdle_ztnb",2025-01-25,2025,3,812,857,823,21.6886363636364,34,TRUE
"Wisconsin",2025-02-15,"calendar","hsgp","hurdle_ztnb",2025-02-01,2025,2,994,1068,1009.5,36.39,58.5,TRUE
"Wisconsin",2025-02-15,"calendar","hsgp","hurdle_ztnb",2025-02-08,2025,1,1119,1153,1139,10.1434848484848,14,TRUE
"Wisconsin",2025-02-15,"calendar","hsgp","hurdle_ztnb",2025-02-15,2025,0,1030,1107,1061,27.7342424242424,46,TRUE
"Wisconsin",2025-02-15,"calendar","hsgp","hurdle_ztpoisson",2025-01-18,2025,4,593,593,597,1.95833333333333,4,TRUE
"Wisconsin",2025-02-15,"calendar","hsgp","hurdle_ztpoisson",2025-01-25,2025,3,812,857,816,34.8159090909091,41,FALSE
"Wisconsin",2025-02-15,"calendar","hsgp","hurdle_ztpoisson",2025-02-01,2025,2,994,1068,1002,57.8690909090909,66,FALSE
"Wisconsin",2025-02-15,"calendar","hsgp","hurdle_ztpoisson",2025-02-08,2025,1,1119,1153,1131,11.2674242424242,22,TRUE
"Wisconsin",2025-02-15,"calendar","hsgp","hurdle_ztpoisson",2025-02-15,2025,0,1030,1107,1034,57.1222727272727,73,TRUE
"Wisconsin",2025-02-15,"calendar","sir","hurdle_ztnb",2025-01-18,2025,4,593,593,593,0.209090909090909,0,TRUE
"Wisconsin",2025-02-15,"calendar","sir","hurdle_ztnb",2025-01-25,2025,3,812,857,812,41.1636363636364,45,FALSE
"Wisconsin",2025-02-15,"calendar","sir","hurdle_ztnb",2025-02-01,2025,2,994,1068,994,69.6740909090909,74,FALSE
"Wisconsin",2025-02-15,"calendar","sir","hurdle_ztnb",2025-02-08,2025,1,1119,1153,1119,28.6954545454546,34,FALSE
"Wisconsin",2025-02-15,"calendar","sir","hurdle_ztnb",2025-02-15,2025,0,1030,1107,1030,65.259696969697,77,FALSE
"Wisconsin",2025-02-15,"calendar","sir","hurdle_ztpoisson",2025-01-18,2025,4,593,593,605,7.49166666666668,12,TRUE
"Wisconsin",2025-02-15,"calendar","sir","hurdle_ztpoisson",2025-01-25,2025,3,812,857,813,41.365,44,FALSE
"Wisconsin",2025-02-15,"calendar","sir","hurdle_ztpoisson",2025-02-01,2025,2,994,1068,996,68.6377272727273,72,FALSE
"Wisconsin",2025-02-15,"calendar","sir","hurdle_ztpoisson",2025-02-08,2025,1,1119,1153,1122,24.5348484848485,31,FALSE
"Wisconsin",2025-02-15,"calendar","sir","hurdle_ztpoisson",2025-02-15,2025,0,1030,1107,1034,50.7648484848485,73,TRUE
"Wisconsin",2025-03-29,"calendar","hsgp","hurdle_ztnb",2025-03-01,2025,4,781,783,782,1.17272727272727,1,TRUE
"Wisconsin",2025-03-29,"calendar","hsgp","hurdle_ztnb",2025-03-08,2025,3,501,501,501,0.727272727272727,0,TRUE
"Wisconsin",2025-03-29,"calendar","hsgp","hurdle_ztnb",2025-03-15,2025,2,326,326,327,1.11287878787879,1,TRUE
"Wisconsin",2025-03-29,"calendar","hsgp","hurdle_ztnb",2025-03-22,2025,1,186,186,186,0.712878787878788,0,TRUE
"Wisconsin",2025-03-29,"calendar","hsgp","hurdle_ztnb",2025-03-29,2025,0,131,136,133,2.1569696969697,3,TRUE
"Wisconsin",2025-03-29,"calendar","hsgp","hurdle_ztpoisson",2025-03-01,2025,4,781,783,786,1.90363636363636,3,TRUE
"Wisconsin",2025-03-29,"calendar","hsgp","hurdle_ztpoisson",2025-03-08,2025,3,501,501,506,2.38318181818182,5,TRUE
"Wisconsin",2025-03-29,"calendar","hsgp","hurdle_ztpoisson",2025-03-15,2025,2,326,326,330,2.17151515151515,4,TRUE
"Wisconsin",2025-03-29,"calendar","hsgp","hurdle_ztpoisson",2025-03-22,2025,1,186,186,191,2.70242424242424,5,TRUE
"Wisconsin",2025-03-29,"calendar","hsgp","hurdle_ztpoisson",2025-03-29,2025,0,131,136,131,2.77106060606061,5,TRUE
"Wisconsin",2025-03-29,"calendar","sir","hurdle_ztnb",2025-03-01,2025,4,781,783,781,1.24545454545455,2,TRUE
"Wisconsin",2025-03-29,"calendar","sir","hurdle_ztnb",2025-03-08,2025,3,501,501,501,0.221969696969697,0,TRUE
"Wisconsin",2025-03-29,"calendar","sir","hurdle_ztnb",2025-03-15,2025,2,326,326,326,0.467424242424242,0,TRUE
"Wisconsin",2025-03-29,"calendar","sir","hurdle_ztnb",2025-03-22,2025,1,186,186,186,0.863333333333334,0,TRUE
"Wisconsin",2025-03-29,"calendar","sir","hurdle_ztnb",2025-03-29,2025,0,131,136,132,2.47787878787879,4,TRUE
"Wisconsin",2025-03-29,"calendar","sir","hurdle_ztpoisson",2025-03-01,2025,4,781,783,781,1.35454545454545,2,TRUE
"Wisconsin",2025-03-29,"calendar","sir","hurdle_ztpoisson",2025-03-08,2025,3,501,501,501,0.109090909090909,0,TRUE
"Wisconsin",2025-03-29,"calendar","sir","hurdle_ztpoisson",2025-03-15,2025,2,326,326,326,0.136363636363636,0,TRUE
"Wisconsin",2025-03-29,"calendar","sir","hurdle_ztpoisson",2025-03-22,2025,1,186,186,186,0.075151515151515,0,TRUE
"Wisconsin",2025-03-29,"calendar","sir","hurdle_ztpoisson",2025-03-29,2025,0,131,136,131,4.04181818181818,5,TRUE
"Wisconsin",2025-04-26,"calendar","hsgp","hurdle_ztnb",2025-03-29,2025,4,136,136,136,0.0636363636363637,0,TRUE
"Wisconsin",2025-04-26,"calendar","hsgp","hurdle_ztnb",2025-04-05,2025,3,77,77,77,0.0842424242424241,0,TRUE
"Wisconsin",2025-04-26,"calendar","hsgp","hurdle_ztnb",2025-04-12,2025,2,65,66,65,0.775454545454545,1,TRUE
"Wisconsin",2025-04-26,"calendar","hsgp","hurdle_ztnb",2025-04-19,2025,1,40,40,40,0.207424242424242,0,TRUE
"Wisconsin",2025-04-26,"calendar","hsgp","hurdle_ztnb",2025-04-26,2025,0,29,33,29,2.25727272727273,4,TRUE
"Wisconsin",2025-04-26,"calendar","hsgp","hurdle_ztpoisson",2025-03-29,2025,4,136,136,136,0.265,0,TRUE
"Wisconsin",2025-04-26,"calendar","hsgp","hurdle_ztpoisson",2025-04-05,2025,3,77,77,77,0.241363636363636,0,TRUE
"Wisconsin",2025-04-26,"calendar","hsgp","hurdle_ztpoisson",2025-04-12,2025,2,65,66,65,0.718181818181818,1,TRUE
"Wisconsin",2025-04-26,"calendar","hsgp","hurdle_ztpoisson",2025-04-19,2025,1,40,40,40,0.303787878787878,0,TRUE
"Wisconsin",2025-04-26,"calendar","hsgp","hurdle_ztpoisson",2025-04-26,2025,0,29,33,29,2.32181818181818,4,TRUE
"Wisconsin",2025-04-26,"calendar","sir","hurdle_ztnb",2025-03-29,2025,4,136,136,136,0.0818181818181818,0,TRUE
"Wisconsin",2025-04-26,"calendar","sir","hurdle_ztnb",2025-04-05,2025,3,77,77,77,0.118181818181818,0,TRUE
"Wisconsin",2025-04-26,"calendar","sir","hurdle_ztnb",2025-04-12,2025,2,65,66,65,0.666363636363636,1,TRUE
"Wisconsin",2025-04-26,"calendar","sir","hurdle_ztnb",2025-04-19,2025,1,40,40,40,0.212727272727274,0,TRUE
"Wisconsin",2025-04-26,"calendar","sir","hurdle_ztnb",2025-04-26,2025,0,29,33,29,1.8760606060606,4,TRUE
"Wisconsin",2025-04-26,"calendar","sir","hurdle_ztpoisson",2025-03-29,2025,4,136,136,136,0,0,TRUE
"Wisconsin",2025-04-26,"calendar","sir","hurdle_ztpoisson",2025-04-05,2025,3,77,77,77,0,0,TRUE
"Wisconsin",2025-04-26,"calendar","sir","hurdle_ztpoisson",2025-04-12,2025,2,65,66,65,0.827272727272727,1,TRUE
"Wisconsin",2025-04-26,"calendar","sir","hurdle_ztpoisson",2025-04-19,2025,1,40,40,40,0,0,TRUE
"Wisconsin",2025-04-26,"calendar","sir","hurdle_ztpoisson",2025-04-26,2025,0,29,33,29,4,4,FALSE
"Wisconsin",2025-05-31,"calendar","hsgp","hurdle_ztnb",2025-05-03,2025,4,30,30,30,0.00136363636363616,0,TRUE
"Wisconsin",2025-05-31,"calendar","hsgp","hurdle_ztnb",2025-05-10,2025,3,27,27,27,0.00136363636363616,0,TRUE
"Wisconsin",2025-05-31,"calendar","hsgp","hurdle_ztnb",2025-05-17,2025,2,15,15,15,0.0468181818181816,0,TRUE
"Wisconsin",2025-05-31,"calendar","hsgp","hurdle_ztnb",2025-05-24,2025,1,9,10,9,0.718181818181818,1,TRUE
"Wisconsin",2025-05-31,"calendar","hsgp","hurdle_ztnb",2025-05-31,2025,0,4,4,4,0.36060606060606,0,TRUE
"Wisconsin",2025-05-31,"calendar","hsgp","hurdle_ztpoisson",2025-05-03,2025,4,30,30,30,0.0272727272727273,0,TRUE
"Wisconsin",2025-05-31,"calendar","hsgp","hurdle_ztpoisson",2025-05-10,2025,3,27,27,27,0.0181818181818182,0,TRUE
"Wisconsin",2025-05-31,"calendar","hsgp","hurdle_ztpoisson",2025-05-17,2025,2,15,15,15,0.0286363636363635,0,TRUE
"Wisconsin",2025-05-31,"calendar","hsgp","hurdle_ztpoisson",2025-05-24,2025,1,9,10,9,0.709090909090909,1,TRUE
"Wisconsin",2025-05-31,"calendar","hsgp","hurdle_ztpoisson",2025-05-31,2025,0,4,4,4,0.163636363636364,0,TRUE
"Wisconsin",2025-05-31,"calendar","sir","hurdle_ztnb",2025-05-03,2025,4,30,30,30,0.0195454545454544,0,TRUE
"Wisconsin",2025-05-31,"calendar","sir","hurdle_ztnb",2025-05-10,2025,3,27,27,27,0.0636363636363637,0,TRUE
"Wisconsin",2025-05-31,"calendar","sir","hurdle_ztnb",2025-05-17,2025,2,15,15,15,0.0636363636363637,0,TRUE
"Wisconsin",2025-05-31,"calendar","sir","hurdle_ztnb",2025-05-24,2025,1,9,10,9,0.755909090909091,1,TRUE
"Wisconsin",2025-05-31,"calendar","sir","hurdle_ztnb",2025-05-31,2025,0,4,4,4,0.563636363636364,0,TRUE
"Wisconsin",2025-05-31,"calendar","sir","hurdle_ztpoisson",2025-05-03,2025,4,30,30,30,0,0,TRUE
"Wisconsin",2025-05-31,"calendar","sir","hurdle_ztpoisson",2025-05-10,2025,3,27,27,27,0,0,TRUE
"Wisconsin",2025-05-31,"calendar","sir","hurdle_ztpoisson",2025-05-17,2025,2,15,15,15,0,0,TRUE
"Wisconsin",2025-05-31,"calendar","sir","hurdle_ztpoisson",2025-05-24,2025,1,9,10,9,1,1,FALSE
"Wisconsin",2025-05-31,"calendar","sir","hurdle_ztpoisson",2025-05-31,2025,0,4,4,4,0,0,TRUE
"Wyoming",2025-01-02,"calendar","hsgp","hurdle_ztnb",2024-11-30,2024,4,4,7,4,2.06727272727273,3,TRUE
"Wyoming",2025-01-02,"calendar","hsgp","hurdle_ztnb",2024-12-07,2024,3,5,5,5,0.1,0,TRUE
"Wyoming",2025-01-02,"calendar","hsgp","hurdle_ztnb",2024-12-14,2024,2,31,33,31,1.2,2,TRUE
"Wyoming",2025-01-02,"calendar","hsgp","hurdle_ztnb",2024-12-21,2024,1,14,18,14,2.27272727272727,4,TRUE
"Wyoming",2025-01-02,"calendar","hsgp","hurdle_ztnb",2024-12-28,2024,0,90,84,90,5.66863636363636,6,FALSE
"Wyoming",2025-01-02,"calendar","hsgp","hurdle_ztpoisson",2024-11-30,2024,4,4,7,4,3,3,FALSE
"Wyoming",2025-01-02,"calendar","hsgp","hurdle_ztpoisson",2024-12-07,2024,3,5,5,5,0.0181818181818182,0,TRUE
"Wyoming",2025-01-02,"calendar","hsgp","hurdle_ztpoisson",2024-12-14,2024,2,31,33,31,1.33636363636364,2,TRUE
"Wyoming",2025-01-02,"calendar","hsgp","hurdle_ztpoisson",2024-12-21,2024,1,14,18,14,2.27272727272727,4,TRUE
"Wyoming",2025-01-02,"calendar","hsgp","hurdle_ztpoisson",2024-12-28,2024,0,90,84,91,5.3,7,TRUE
"Wyoming",2025-01-02,"calendar","sir","hurdle_ztnb",2024-11-30,2024,4,4,7,4,3,3,FALSE
"Wyoming",2025-01-02,"calendar","sir","hurdle_ztnb",2024-12-07,2024,3,5,5,5,0,0,TRUE
"Wyoming",2025-01-02,"calendar","sir","hurdle_ztnb",2024-12-14,2024,2,31,33,31,2,2,FALSE
"Wyoming",2025-01-02,"calendar","sir","hurdle_ztnb",2024-12-21,2024,1,14,18,14,4,4,FALSE
"Wyoming",2025-01-02,"calendar","sir","hurdle_ztnb",2024-12-28,2024,0,90,84,90,6,6,FALSE
"Wyoming",2025-01-02,"calendar","sir","hurdle_ztpoisson",2024-11-30,2024,4,4,7,4,3,3,FALSE
"Wyoming",2025-01-02,"calendar","sir","hurdle_ztpoisson",2024-12-07,2024,3,5,5,5,0,0,TRUE
"Wyoming",2025-01-02,"calendar","sir","hurdle_ztpoisson",2024-12-14,2024,2,31,33,31,2,2,FALSE
"Wyoming",2025-01-02,"calendar","sir","hurdle_ztpoisson",2024-12-21,2024,1,14,18,14,4,4,FALSE
"Wyoming",2025-01-02,"calendar","sir","hurdle_ztpoisson",2024-12-28,2024,0,90,84,90,6,6,FALSE
"Wyoming",2025-02-15,"calendar","hsgp","hurdle_ztnb",2025-01-18,2025,4,86,84,87,2.60242424242424,3,FALSE
"Wyoming",2025-02-15,"calendar","hsgp","hurdle_ztnb",2025-01-25,2025,3,87,89,88,0.892272727272727,1,TRUE
"Wyoming",2025-02-15,"calendar","hsgp","hurdle_ztnb",2025-02-01,2025,2,103,102,105,2.25969696969697,3,TRUE
"Wyoming",2025-02-15,"calendar","hsgp","hurdle_ztnb",2025-02-08,2025,1,98,106,101,2.71530303030303,5,TRUE
"Wyoming",2025-02-15,"calendar","hsgp","hurdle_ztnb",2025-02-15,2025,0,70,72,73,2.44015151515152,1,TRUE
"Wyoming",2025-02-15,"calendar","hsgp","hurdle_ztpoisson",2025-01-18,2025,4,86,84,87,2.43272727272727,3,TRUE
"Wyoming",2025-02-15,"calendar","hsgp","hurdle_ztpoisson",2025-01-25,2025,3,87,89,88,1.11818181818182,1,TRUE
"Wyoming",2025-02-15,"calendar","hsgp","hurdle_ztpoisson",2025-02-01,2025,2,103,102,105,2.08560606060606,3,TRUE
"Wyoming",2025-02-15,"calendar","hsgp","hurdle_ztpoisson",2025-02-08,2025,1,98,106,101,2.92090909090909,5,TRUE
"Wyoming",2025-02-15,"calendar","hsgp","hurdle_ztpoisson",2025-02-15,2025,0,70,72,73,3.16742424242424,1,TRUE
"Wyoming",2025-02-15,"calendar","sir","hurdle_ztnb",2025-01-18,2025,4,86,84,86,2,2,FALSE
"Wyoming",2025-02-15,"calendar","sir","hurdle_ztnb",2025-01-25,2025,3,87,89,87,2,2,FALSE
"Wyoming",2025-02-15,"calendar","sir","hurdle_ztnb",2025-02-01,2025,2,103,102,103,1,1,FALSE
"Wyoming",2025-02-15,"calendar","sir","hurdle_ztnb",2025-02-08,2025,1,98,106,98,8,8,FALSE
"Wyoming",2025-02-15,"calendar","sir","hurdle_ztnb",2025-02-15,2025,0,70,72,70,2,2,FALSE
"Wyoming",2025-02-15,"calendar","sir","hurdle_ztpoisson",2025-01-18,2025,4,86,84,86,2,2,FALSE
"Wyoming",2025-02-15,"calendar","sir","hurdle_ztpoisson",2025-01-25,2025,3,87,89,87,2,2,FALSE
"Wyoming",2025-02-15,"calendar","sir","hurdle_ztpoisson",2025-02-01,2025,2,103,102,103,1,1,FALSE
"Wyoming",2025-02-15,"calendar","sir","hurdle_ztpoisson",2025-02-08,2025,1,98,106,98,8,8,FALSE
"Wyoming",2025-02-15,"calendar","sir","hurdle_ztpoisson",2025-02-15,2025,0,70,72,70,2,2,FALSE
"Wyoming",2025-03-29,"calendar","hsgp","hurdle_ztnb",2025-03-01,2025,4,46,57,46,10.1636363636364,11,FALSE
"Wyoming",2025-03-29,"calendar","hsgp","hurdle_ztnb",2025-03-08,2025,3,39,53,39,12.6909090909091,14,FALSE
"Wyoming",2025-03-29,"calendar","hsgp","hurdle_ztnb",2025-03-15,2025,2,44,44,44,0.145454545454545,0,TRUE
"Wyoming",2025-03-29,"calendar","hsgp","hurdle_ztnb",2025-03-22,2025,1,30,30,30,0.209090909090909,0,TRUE
"Wyoming",2025-03-29,"calendar","hsgp","hurdle_ztnb",2025-03-29,2025,0,23,23,23,0.327272727272727,0,TRUE
"Wyoming",2025-03-29,"calendar","hsgp","hurdle_ztpoisson",2025-03-01,2025,4,46,57,46,9.51954545454545,11,FALSE
"Wyoming",2025-03-29,"calendar","hsgp","hurdle_ztpoisson",2025-03-08,2025,3,39,53,39,12.2413636363636,14,FALSE
"Wyoming",2025-03-29,"calendar","hsgp","hurdle_ztpoisson",2025-03-15,2025,2,44,44,44,0.303636363636363,0,TRUE
"Wyoming",2025-03-29,"calendar","hsgp","hurdle_ztpoisson",2025-03-22,2025,1,30,30,30,0.413939393939394,0,TRUE
"Wyoming",2025-03-29,"calendar","hsgp","hurdle_ztpoisson",2025-03-29,2025,0,23,23,23,0.993333333333333,0,TRUE
"Wyoming",2025-03-29,"calendar","sir","hurdle_ztnb",2025-03-01,2025,4,46,57,46,11,11,FALSE
"Wyoming",2025-03-29,"calendar","sir","hurdle_ztnb",2025-03-08,2025,3,39,53,39,14,14,FALSE
"Wyoming",2025-03-29,"calendar","sir","hurdle_ztnb",2025-03-15,2025,2,44,44,44,0,0,TRUE
"Wyoming",2025-03-29,"calendar","sir","hurdle_ztnb",2025-03-22,2025,1,30,30,30,0,0,TRUE
"Wyoming",2025-03-29,"calendar","sir","hurdle_ztnb",2025-03-29,2025,0,23,23,23,0,0,TRUE
"Wyoming",2025-03-29,"calendar","sir","hurdle_ztpoisson",2025-03-01,2025,4,46,57,46,11,11,FALSE
"Wyoming",2025-03-29,"calendar","sir","hurdle_ztpoisson",2025-03-08,2025,3,39,53,39,14,14,FALSE
"Wyoming",2025-03-29,"calendar","sir","hurdle_ztpoisson",2025-03-15,2025,2,44,44,44,0,0,TRUE
"Wyoming",2025-03-29,"calendar","sir","hurdle_ztpoisson",2025-03-22,2025,1,30,30,30,0,0,TRUE
"Wyoming",2025-03-29,"calendar","sir","hurdle_ztpoisson",2025-03-29,2025,0,23,23,23,0,0,TRUE
"Wyoming",2025-04-26,"calendar","hsgp","hurdle_ztnb",2025-03-29,2025,4,23,23,23,0.0104545454545453,0,TRUE
"Wyoming",2025-04-26,"calendar","hsgp","hurdle_ztnb",2025-04-05,2025,3,12,12,12,0,0,TRUE
"Wyoming",2025-04-26,"calendar","hsgp","hurdle_ztnb",2025-04-12,2025,2,1,4,1,2.82727272727273,3,FALSE
"Wyoming",2025-04-26,"calendar","hsgp","hurdle_ztnb",2025-04-19,2025,1,3,3,3,0.0296969696969696,0,TRUE
"Wyoming",2025-04-26,"calendar","hsgp","hurdle_ztnb",2025-04-26,2025,0,2,6,2,3.31818181818182,4,FALSE
"Wyoming",2025-04-26,"calendar","hsgp","hurdle_ztpoisson",2025-03-29,2025,4,23,23,23,0.0636363636363637,0,TRUE
"Wyoming",2025-04-26,"calendar","hsgp","hurdle_ztpoisson",2025-04-05,2025,3,12,12,12,0.0377272727272725,0,TRUE
"Wyoming",2025-04-26,"calendar","hsgp","hurdle_ztpoisson",2025-04-12,2025,2,1,4,1,2.49090909090909,3,FALSE
"Wyoming",2025-04-26,"calendar","hsgp","hurdle_ztpoisson",2025-04-19,2025,1,3,3,3,0.0909090909090909,0,TRUE
"Wyoming",2025-04-26,"calendar","hsgp","hurdle_ztpoisson",2025-04-26,2025,0,2,6,2,2.73636363636364,4,TRUE
"Wyoming",2025-04-26,"calendar","sir","hurdle_ztnb",2025-03-29,2025,4,23,23,23,0,0,TRUE
"Wyoming",2025-04-26,"calendar","sir","hurdle_ztnb",2025-04-05,2025,3,12,12,12,0,0,TRUE
"Wyoming",2025-04-26,"calendar","sir","hurdle_ztnb",2025-04-12,2025,2,1,4,1,3,3,FALSE
"Wyoming",2025-04-26,"calendar","sir","hurdle_ztnb",2025-04-19,2025,1,3,3,3,0,0,TRUE
"Wyoming",2025-04-26,"calendar","sir","hurdle_ztnb",2025-04-26,2025,0,2,6,2,4,4,FALSE
"Wyoming",2025-04-26,"calendar","sir","hurdle_ztpoisson",2025-03-29,2025,4,23,23,23,0,0,TRUE
"Wyoming",2025-04-26,"calendar","sir","hurdle_ztpoisson",2025-04-05,2025,3,12,12,12,0,0,TRUE
"Wyoming",2025-04-26,"calendar","sir","hurdle_ztpoisson",2025-04-12,2025,2,1,4,1,3,3,FALSE
"Wyoming",2025-04-26,"calendar","sir","hurdle_ztpoisson",2025-04-19,2025,1,3,3,3,0,0,TRUE
"Wyoming",2025-04-26,"calendar","sir","hurdle_ztpoisson",2025-04-26,2025,0,2,6,2,4,4,FALSE
"Wyoming",2025-05-31,"calendar","hsgp","hurdle_ztnb",2025-05-03,2025,4,1,1,1,0,0,TRUE
"Wyoming",2025-05-31,"calendar","hsgp","hurdle_ztnb",2025-05-10,2025,3,4,4,4,0,0,TRUE
"Wyoming",2025-05-31,"calendar","hsgp","hurdle_ztnb",2025-05-17,2025,2,2,3,2,1,1,FALSE
"Wyoming",2025-05-31,"calendar","hsgp","hurdle_ztnb",2025-05-24,2025,1,3,3,3,0.0090909090909091,0,TRUE
"Wyoming",2025-05-31,"calendar","hsgp","hurdle_ztnb",2025-05-31,2025,0,3,3,3,0.0390909090909089,0,TRUE
"Wyoming",2025-05-31,"calendar","hsgp","hurdle_ztpoisson",2025-05-03,2025,4,1,1,1,0,0,TRUE
"Wyoming",2025-05-31,"calendar","hsgp","hurdle_ztpoisson",2025-05-10,2025,3,4,4,4,0,0,TRUE
"Wyoming",2025-05-31,"calendar","hsgp","hurdle_ztpoisson",2025-05-17,2025,2,2,3,2,1,1,FALSE
"Wyoming",2025-05-31,"calendar","hsgp","hurdle_ztpoisson",2025-05-24,2025,1,3,3,3,0,0,TRUE
"Wyoming",2025-05-31,"calendar","hsgp","hurdle_ztpoisson",2025-05-31,2025,0,3,3,3,0.0272727272727273,0,TRUE
"Wyoming",2025-05-31,"calendar","sir","hurdle_ztnb",2025-05-03,2025,4,1,1,1,0,0,TRUE
"Wyoming",2025-05-31,"calendar","sir","hurdle_ztnb",2025-05-10,2025,3,4,4,4,0,0,TRUE
"Wyoming",2025-05-31,"calendar","sir","hurdle_ztnb",2025-05-17,2025,2,2,3,2,1,1,FALSE
"Wyoming",2025-05-31,"calendar","sir","hurdle_ztnb",2025-05-24,2025,1,3,3,3,0,0,TRUE
"Wyoming",2025-05-31,"calendar","sir","hurdle_ztnb",2025-05-31,2025,0,3,3,3,0,0,TRUE
"Wyoming",2025-05-31,"calendar","sir","hurdle_ztpoisson",2025-05-03,2025,4,1,1,1,0,0,TRUE
"Wyoming",2025-05-31,"calendar","sir","hurdle_ztpoisson",2025-05-10,2025,3,4,4,4,0,0,TRUE
"Wyoming",2025-05-31,"calendar","sir","hurdle_ztpoisson",2025-05-17,2025,2,2,3,2,1,1,FALSE
"Wyoming",2025-05-31,"calendar","sir","hurdle_ztpoisson",2025-05-24,2025,1,3,3,3,0,0,TRUE
"Wyoming",2025-05-31,"calendar","sir","hurdle_ztpoisson",2025-05-31,2025,0,3,3,3,0,0,TRUE
