"location","origin","clock","epidemic","model","event_date","event_year","age","current","truth","estimate","lower90","upper90","level","warnings"
"Alabama",2025-01-02,"calendar","hsgp","hurdle_ztnb",2024-11-30,2024,4,65,65,65,65,75,0.9,""
"Alabama",2025-01-02,"calendar","hsgp","hurdle_ztnb",2024-12-07,2024,3,102,102,103,102,117,0.9,""
"Alabama",2025-01-02,"calendar","hsgp","hurdle_ztnb",2024-12-14,2024,2,193,193,195,189.45,211,0.9,""
"Alabama",2025-01-02,"calendar","hsgp","hurdle_ztnb",2024-12-21,2024,1,437,437,440,428,463,0.9,""
"Alabama",2025-01-02,"calendar","hsgp","hurdle_ztnb",2024-12-28,2024,0,664,667,669,641.9,713,0.9,""
"Alabama",2025-01-02,"calendar","hsgp","hurdle_ztpoisson",2024-11-30,2024,4,65,65,65,65,67.55,0.9,""
"Alabama",2025-01-02,"calendar","hsgp","hurdle_ztpoisson",2024-12-07,2024,3,102,102,102,102,107,0.9,""
"Alabama",2025-01-02,"calendar","hsgp","hurdle_ztpoisson",2024-12-14,2024,2,193,193,193,192,201,0.9,""
"Alabama",2025-01-02,"calendar","hsgp","hurdle_ztpoisson",2024-12-21,2024,1,437,437,437,427.45,453,0.9,""
"Alabama",2025-01-02,"calendar","hsgp","hurdle_ztpoisson",2024-12-28,2024,0,664,667,668,624.25,718.55,0.9,""
"Alabama",2025-01-02,"calendar","sir","hurdle_ztnb",2024-11-30,2024,4,65,65,65,65,67.55,0.9,""
"Alabama",2025-01-02,"calendar","sir","hurdle_ztnb",2024-12-07,2024,3,102,102,102,102,107,0.9,""
"Alabama",2025-01-02,"calendar","sir","hurdle_ztnb",2024-12-14,2024,2,193,193,193,193,198,0.9,""
"Alabama",2025-01-02,"calendar","sir","hurdle_ztnb",2024-12-21,2024,1,437,437,437,432,446.55,0.9,""
"Alabama",2025-01-02,"calendar","sir","hurdle_ztnb",2024-12-28,2024,0,664,667,664,653,680.55,0.9,""
"Alabama",2025-01-02,"calendar","sir","hurdle_ztpoisson",2024-11-30,2024,4,65,65,65,65,65.55,0.9,""
"Alabama",2025-01-02,"calendar","sir","hurdle_ztpoisson",2024-12-07,2024,3,102,102,105,98,115.55,0.9,""
"Alabama",2025-01-02,"calendar","sir","hurdle_ztpoisson",2024-12-14,2024,2,193,193,193,193,197,0.9,""
"Alabama",2025-01-02,"calendar","sir","hurdle_ztpoisson",2024-12-21,2024,1,437,437,437,430.45,447.55,0.9,""
"Alabama",2025-01-02,"calendar","sir","hurdle_ztpoisson",2024-12-28,2024,0,664,667,664,643.45,690.65,0.9,""
"Alabama",2025-02-15,"calendar","hsgp","hurdle_ztnb",2025-01-18,2025,4,490,490,490,489.45,510,0.9,""
"Alabama",2025-02-15,"calendar","hsgp","hurdle_ztnb",2025-01-25,2025,3,632,632,633,631,662.55,0.9,""
"Alabama",2025-02-15,"calendar","hsgp","hurdle_ztnb",2025-02-01,2025,2,742,742,744,738.45,795.55,0.9,""
"Alabama",2025-02-15,"calendar","hsgp","hurdle_ztnb",2025-02-08,2025,1,652,663,658,633.45,717.2,0.9,""
"Alabama",2025-02-15,"calendar","hsgp","hurdle_ztnb",2025-02-15,2025,0,391,415,401,344.4,544.95,0.9,""
"Alabama",2025-02-15,"calendar","hsgp","hurdle_ztpoisson",2025-01-18,2025,4,490,490,490,490,492.55,0.9,""
"Alabama",2025-02-15,"calendar","hsgp","hurdle_ztpoisson",2025-01-25,2025,3,632,632,632,629,635.55,0.9,""
"Alabama",2025-02-15,"calendar","hsgp","hurdle_ztpoisson",2025-02-01,2025,2,742,742,742,738,748,0.9,""
"Alabama",2025-02-15,"calendar","hsgp","hurdle_ztpoisson",2025-02-08,2025,1,652,663,652,639,665,0.9,""
"Alabama",2025-02-15,"calendar","hsgp","hurdle_ztpoisson",2025-02-15,2025,0,391,415,391,294,489,0.9,""
"Alabama",2025-02-15,"calendar","sir","hurdle_ztnb",2025-01-18,2025,4,490,490,490,490,491,0.9,""
"Alabama",2025-02-15,"calendar","sir","hurdle_ztnb",2025-01-25,2025,3,632,632,632,632,635,0.9,""
"Alabama",2025-02-15,"calendar","sir","hurdle_ztnb",2025-02-01,2025,2,742,742,742,742,752,0.9,""
"Alabama",2025-02-15,"calendar","sir","hurdle_ztnb",2025-02-08,2025,1,652,663,652,650.45,666.55,0.9,""
"Alabama",2025-02-15,"calendar","sir","hurdle_ztnb",2025-02-15,2025,0,391,415,391,367.45,432.65,0.9,""
"Alabama",2025-02-15,"calendar","sir","hurdle_ztpoisson",2025-01-18,2025,4,490,490,491,488,496,0.9,""
"Alabama",2025-02-15,"calendar","sir","hurdle_ztpoisson",2025-01-25,2025,3,632,632,632,632,633.55,0.9,""
"Alabama",2025-02-15,"calendar","sir","hurdle_ztpoisson",2025-02-01,2025,2,742,742,742,740.45,745,0.9,""
"Alabama",2025-02-15,"calendar","sir","hurdle_ztpoisson",2025-02-08,2025,1,652,663,652,647,656,0.9,""
"Alabama",2025-02-15,"calendar","sir","hurdle_ztpoisson",2025-02-15,2025,0,391,415,391,376.45,404.55,0.9,""
"Alabama",2025-03-29,"calendar","hsgp","hurdle_ztnb",2025-03-01,2025,4,330,330,330,330,340,0.9,""
"Alabama",2025-03-29,"calendar","hsgp","hurdle_ztnb",2025-03-08,2025,3,315,315,315,315,333.55,0.9,""
"Alabama",2025-03-29,"calendar","hsgp","hurdle_ztnb",2025-03-15,2025,2,273,273,273,273,289,0.9,""
"Alabama",2025-03-29,"calendar","hsgp","hurdle_ztnb",2025-03-22,2025,1,193,193,193,190.45,216.1,0.9,""
"Alabama",2025-03-29,"calendar","hsgp","hurdle_ztnb",2025-03-29,2025,0,162,169,163,147.9,197.55,0.9,""
"Alabama",2025-03-29,"calendar","hsgp","hurdle_ztpoisson",2025-03-01,2025,4,330,330,330,330,330,0.9,""
"Alabama",2025-03-29,"calendar","hsgp","hurdle_ztpoisson",2025-03-08,2025,3,315,315,315,315,315,0.9,""
"Alabama",2025-03-29,"calendar","hsgp","hurdle_ztpoisson",2025-03-15,2025,2,273,273,273,273,277,0.9,""
"Alabama",2025-03-29,"calendar","hsgp","hurdle_ztpoisson",2025-03-22,2025,1,193,193,193,186,202,0.9,""
"Alabama",2025-03-29,"calendar","hsgp","hurdle_ztpoisson",2025-03-29,2025,0,162,169,162,128.45,201.55,0.9,""
"Alabama",2025-03-29,"calendar","sir","hurdle_ztnb",2025-03-01,2025,4,330,330,330,330,330,0.9,""
"Alabama",2025-03-29,"calendar","sir","hurdle_ztnb",2025-03-08,2025,3,315,315,315,315,316,0.9,""
"Alabama",2025-03-29,"calendar","sir","hurdle_ztnb",2025-03-15,2025,2,273,273,273,273,277,0.9,""
"Alabama",2025-03-29,"calendar","sir","hurdle_ztnb",2025-03-22,2025,1,193,193,193,189,206,0.9,""
"Alabama",2025-03-29,"calendar","sir","hurdle_ztnb",2025-03-29,2025,0,162,169,162,150.45,191,0.9,""
"Alabama",2025-03-29,"calendar","sir","hurdle_ztpoisson",2025-03-01,2025,4,330,330,330,330,330,0.9,""
"Alabama",2025-03-29,"calendar","sir","hurdle_ztpoisson",2025-03-08,2025,3,315,315,315,315,315,0.9,""
"Alabama",2025-03-29,"calendar","sir","hurdle_ztpoisson",2025-03-15,2025,2,273,273,273,273,273,0.9,""
"Alabama",2025-03-29,"calendar","sir","hurdle_ztpoisson",2025-03-22,2025,1,193,193,193,193,193,0.9,""
"Alabama",2025-03-29,"calendar","sir","hurdle_ztpoisson",2025-03-29,2025,0,162,169,162,162,162,0.9,""
"Alabama",2025-04-26,"calendar","hsgp","hurdle_ztnb",2025-03-29,2025,4,167,169,167,164,167.55,0.9,""
"Alabama",2025-04-26,"calendar","hsgp","hurdle_ztnb",2025-04-05,2025,3,85,85,85,83,87,0.9,""
"Alabama",2025-04-26,"calendar","hsgp","hurdle_ztnb",2025-04-12,2025,2,53,54,53,49,55,0.9,""
"Alabama",2025-04-26,"calendar","hsgp","hurdle_ztnb",2025-04-19,2025,1,50,50,50,44,55.55,0.9,""
"Alabama",2025-04-26,"calendar","hsgp","hurdle_ztnb",2025-04-26,2025,0,34,35,34,28,50,0.9,""
"Alabama",2025-04-26,"calendar","hsgp","hurdle_ztpoisson",2025-03-29,2025,4,167,169,167,167,167,0.9,""
"Alabama",2025-04-26,"calendar","hsgp","hurdle_ztpoisson",2025-04-05,2025,3,85,85,85,84.45,85,0.9,""
"Alabama",2025-04-26,"calendar","hsgp","hurdle_ztpoisson",2025-04-12,2025,2,53,54,53,51,54,0.9,""
"Alabama",2025-04-26,"calendar","hsgp","hurdle_ztpoisson",2025-04-19,2025,1,50,50,50,47,53,0.9,""
"Alabama",2025-04-26,"calendar","hsgp","hurdle_ztpoisson",2025-04-26,2025,0,34,35,34,27,42,0.9,""
"Alabama",2025-04-26,"calendar","sir","hurdle_ztnb",2025-03-29,2025,4,167,169,167,165.45,167,0.9,""
"Alabama",2025-04-26,"calendar","sir","hurdle_ztnb",2025-04-05,2025,3,85,85,85,81.45,86,0.9,""
"Alabama",2025-04-26,"calendar","sir","hurdle_ztnb",2025-04-12,2025,2,53,54,53,48,57,0.9,""
"Alabama",2025-04-26,"calendar","sir","hurdle_ztnb",2025-04-19,2025,1,50,50,50,41,58,0.9,""
"Alabama",2025-04-26,"calendar","sir","hurdle_ztnb",2025-04-26,2025,0,34,35,34,20.25,67,0.9,""
"Alabama",2025-04-26,"calendar","sir","hurdle_ztpoisson",2025-03-29,2025,4,167,169,167,167,167,0.9,""
"Alabama",2025-04-26,"calendar","sir","hurdle_ztpoisson",2025-04-05,2025,3,85,85,85,85,85,0.9,""
"Alabama",2025-04-26,"calendar","sir","hurdle_ztpoisson",2025-04-12,2025,2,53,54,53,53,53,0.9,""
"Alabama",2025-04-26,"calendar","sir","hurdle_ztpoisson",2025-04-19,2025,1,50,50,50,50,50,0.9,""
"Alabama",2025-04-26,"calendar","sir","hurdle_ztpoisson",2025-04-26,2025,0,34,35,34,34,34,0.9,""
"Alabama",2025-05-31,"calendar","hsgp","hurdle_ztnb",2025-05-03,2025,4,27,27,27,27,29,0.9,""
"Alabama",2025-05-31,"calendar","hsgp","hurdle_ztnb",2025-05-10,2025,3,33,33,33,32,36.55,0.9,""
"Alabama",2025-05-31,"calendar","hsgp","hurdle_ztnb",2025-05-17,2025,2,37,37,37,36,41,0.9,""
"Alabama",2025-05-31,"calendar","hsgp","hurdle_ztnb",2025-05-24,2025,1,28,28,28,26,34,0.9,""
"Alabama",2025-05-31,"calendar","hsgp","hurdle_ztnb",2025-05-31,2025,0,11,11,11,5,20,0.9,""
"Alabama",2025-05-31,"calendar","hsgp","hurdle_ztpoisson",2025-05-03,2025,4,27,27,27,27,29,0.9,""
"Alabama",2025-05-31,"calendar","hsgp","hurdle_ztpoisson",2025-05-10,2025,3,33,33,33,33,34,0.9,""
"Alabama",2025-05-31,"calendar","hsgp","hurdle_ztpoisson",2025-05-17,2025,2,37,37,37,37,38,0.9,""
"Alabama",2025-05-31,"calendar","hsgp","hurdle_ztpoisson",2025-05-24,2025,1,28,28,28,28,31,0.9,""
"Alabama",2025-05-31,"calendar","hsgp","hurdle_ztpoisson",2025-05-31,2025,0,11,11,11,6,16,0.9,""
"Alabama",2025-05-31,"calendar","sir","hurdle_ztnb",2025-05-03,2025,4,27,27,27,24.45,32,0.9,""
"Alabama",2025-05-31,"calendar","sir","hurdle_ztnb",2025-05-10,2025,3,33,33,33,28.45,38.55,0.9,""
"Alabama",2025-05-31,"calendar","sir","hurdle_ztnb",2025-05-17,2025,2,37,37,37,32,46.55,0.9,""
"Alabama",2025-05-31,"calendar","sir","hurdle_ztnb",2025-05-24,2025,1,28,28,28,21,43,0.9,""
"Alabama",2025-05-31,"calendar","sir","hurdle_ztnb",2025-05-31,2025,0,11,11,12,0,36.55,0.9,""
"Alabama",2025-05-31,"calendar","sir","hurdle_ztpoisson",2025-05-03,2025,4,27,27,27,27,27,0.9,""
"Alabama",2025-05-31,"calendar","sir","hurdle_ztpoisson",2025-05-10,2025,3,33,33,33,33,33,0.9,""
"Alabama",2025-05-31,"calendar","sir","hurdle_ztpoisson",2025-05-17,2025,2,37,37,37,37,37,0.9,""
"Alabama",2025-05-31,"calendar","sir","hurdle_ztpoisson",2025-05-24,2025,1,28,28,28,28,28,0.9,""
"Alabama",2025-05-31,"calendar","sir","hurdle_ztpoisson",2025-05-31,2025,0,11,11,11,11,11,0.9,""
"Alaska",2025-01-02,"calendar","hsgp","hurdle_ztnb",2024-11-30,2024,4,9,10,9,9,13,0.9,""
"Alaska",2025-01-02,"calendar","hsgp","hurdle_ztnb",2024-12-07,2024,3,17,18,17,17,21,0.9,""
"Alaska",2025-01-02,"calendar","hsgp","hurdle_ztnb",2024-12-14,2024,2,25,27,25,25,29,0.9,""
"Alaska",2025-01-02,"calendar","hsgp","hurdle_ztnb",2024-12-21,2024,1,18,22,18,18,23,0.9,""
"Alaska",2025-01-02,"calendar","hsgp","hurdle_ztnb",2024-12-28,2024,0,17,35,18,14,26,0.9,""
"Alaska",2025-01-02,"calendar","hsgp","hurdle_ztpoisson",2024-11-30,2024,4,9,10,9,9,12,0.9,""
"Alaska",2025-01-02,"calendar","hsgp","hurdle_ztpoisson",2024-12-07,2024,3,17,18,17,17,21,0.9,""
"Alaska",2025-01-02,"calendar","hsgp","hurdle_ztpoisson",2024-12-14,2024,2,25,27,25,25,30,0.9,""
"Alaska",2025-01-02,"calendar","hsgp","hurdle_ztpoisson",2024-12-21,2024,1,18,22,18,17,24,0.9,""
"Alaska",2025-01-02,"calendar","hsgp","hurdle_ztpoisson",2024-12-28,2024,0,17,35,19,13.45,25.55,0.9,""
"Alaska",2025-01-02,"calendar","sir","hurdle_ztnb",2024-11-30,2024,4,9,10,9,9,12,0.9,""
"Alaska",2025-01-02,"calendar","sir","hurdle_ztnb",2024-12-07,2024,3,17,18,17,17,20,0.9,""
"Alaska",2025-01-02,"calendar","sir","hurdle_ztnb",2024-12-14,2024,2,25,27,25,25,28,0.9,""
"Alaska",2025-01-02,"calendar","sir","hurdle_ztnb",2024-12-21,2024,1,18,22,18,18,21,0.9,""
"Alaska",2025-01-02,"calendar","sir","hurdle_ztnb",2024-12-28,2024,0,17,35,17,16,24,0.9,""
"Alaska",2025-01-02,"calendar","sir","hurdle_ztpoisson",2024-11-30,2024,4,9,10,9,9,11,0.9,""
"Alaska",2025-01-02,"calendar","sir","hurdle_ztpoisson",2024-12-07,2024,3,17,18,17,17,19.55,0.9,""
"Alaska",2025-01-02,"calendar","sir","hurdle_ztpoisson",2024-12-14,2024,2,25,27,25,25,28,0.9,""
"Alaska",2025-01-02,"calendar","sir","hurdle_ztpoisson",2024-12-21,2024,1,18,22,18,18,22,0.9,""
"Alaska",2025-01-02,"calendar","sir","hurdle_ztpoisson",2024-12-28,2024,0,17,35,17,16,23,0.9,""
"Alaska",2025-02-15,"calendar","hsgp","hurdle_ztnb",2025-01-18,2025,4,32,33,32,32,38,0.9,""
"Alaska",2025-02-15,"calendar","hsgp","hurdle_ztnb",2025-01-25,2025,3,25,29,25,25,31,0.9,""
"Alaska",2025-02-15,"calendar","hsgp","hurdle_ztnb",2025-02-01,2025,2,28,30,29,27.45,36,0.9,""
"Alaska",2025-02-15,"calendar","hsgp","hurdle_ztnb",2025-02-08,2025,1,26,26,28,24,37,0.9,""
"Alaska",2025-02-15,"calendar","hsgp","hurdle_ztnb",2025-02-15,2025,0,38,53,41,35.45,57,0.9,""
"Alaska",2025-02-15,"calendar","hsgp","hurdle_ztpoisson",2025-01-18,2025,4,32,33,33,32,40,0.9,""
"Alaska",2025-02-15,"calendar","hsgp","hurdle_ztpoisson",2025-01-25,2025,3,25,29,26,23,34,0.9,""
"Alaska",2025-02-15,"calendar","hsgp","hurdle_ztpoisson",2025-02-01,2025,2,28,30,30,26,37.55,0.9,""
"Alaska",2025-02-15,"calendar","hsgp","hurdle_ztpoisson",2025-02-08,2025,1,26,26,30,23,39.55,0.9,""
"Alaska",2025-02-15,"calendar","hsgp","hurdle_ztpoisson",2025-02-15,2025,0,38,53,44,32.45,56,0.9,""
"Alaska",2025-02-15,"calendar","sir","hurdle_ztnb",2025-01-18,2025,4,32,33,32,32,35.55,0.9,""
"Alaska",2025-02-15,"calendar","sir","hurdle_ztnb",2025-01-25,2025,3,25,29,25,25,30,0.9,""
"Alaska",2025-02-15,"calendar","sir","hurdle_ztnb",2025-02-01,2025,2,28,30,28,28,33,0.9,""
"Alaska",2025-02-15,"calendar","sir","hurdle_ztnb",2025-02-08,2025,1,26,26,26,26,32,0.9,""
"Alaska",2025-02-15,"calendar","sir","hurdle_ztnb",2025-02-15,2025,0,38,53,38.5,37,51.55,0.9,""
"Alaska",2025-02-15,"calendar","sir","hurdle_ztpoisson",2025-01-18,2025,4,32,33,33,32,40,0.9,""
"Alaska",2025-02-15,"calendar","sir","hurdle_ztpoisson",2025-01-25,2025,3,25,29,25,25,28,0.9,""
"Alaska",2025-02-15,"calendar","sir","hurdle_ztpoisson",2025-02-01,2025,2,28,30,28,28,32,0.9,""
"Alaska",2025-02-15,"calendar","sir","hurdle_ztpoisson",2025-02-08,2025,1,26,26,26,25,31,0.9,""
"Alaska",2025-02-15,"calendar","sir","hurdle_ztpoisson",2025-02-15,2025,0,38,53,40,35.45,49,0.9,""
"Alaska",2025-03-29,"calendar","hsgp","hurdle_ztnb",2025-03-01,2025,4,56,57,56,56,61.55,0.9,""
"Alaska",2025-03-29,"calendar","hsgp","hurdle_ztnb",2025-03-08,2025,3,58,62,58,58,63,0.9,""
"Alaska",2025-03-29,"calendar","hsgp","hurdle_ztnb",2025-03-15,2025,2,32,31,32,32,39,0.9,""
"Alaska",2025-03-29,"calendar","hsgp","hurdle_ztnb",2025-03-22,2025,1,21,26,22,20,29,0.9,""
"Alaska",2025-03-29,"calendar","hsgp","hurdle_ztnb",2025-03-29,2025,0,25,32,27,23.45,39,0.9,""
"Alaska",2025-03-29,"calendar","hsgp","hurdle_ztpoisson",2025-03-01,2025,4,56,57,56,56,61.55,0.9,""
"Alaska",2025-03-29,"calendar","hsgp","hurdle_ztpoisson",2025-03-08,2025,3,58,62,58,58,65,0.9,""
"Alaska",2025-03-29,"calendar","hsgp","hurdle_ztpoisson",2025-03-15,2025,2,32,31,33,30.45,40,0.9,""
"Alaska",2025-03-29,"calendar","hsgp","hurdle_ztpoisson",2025-03-22,2025,1,21,26,24,19,32,0.9,""
"Alaska",2025-03-29,"calendar","hsgp","hurdle_ztpoisson",2025-03-29,2025,0,25,32,30,20,41.55,0.9,""
"Alaska",2025-03-29,"calendar","sir","hurdle_ztnb",2025-03-01,2025,4,56,57,56,56,58.55,0.9,""
"Alaska",2025-03-29,"calendar","sir","hurdle_ztnb",2025-03-08,2025,3,58,62,58,58,61,0.9,""
"Alaska",2025-03-29,"calendar","sir","hurdle_ztnb",2025-03-15,2025,2,32,31,32,32,37,0.9,""
"Alaska",2025-03-29,"calendar","sir","hurdle_ztnb",2025-03-22,2025,1,21,26,21,21,28.55,0.9,""
"Alaska",2025-03-29,"calendar","sir","hurdle_ztnb",2025-03-29,2025,0,25,32,25,24,35,0.9,""
"Alaska",2025-03-29,"calendar","sir","hurdle_ztpoisson",2025-03-01,2025,4,56,57,56,56,59,0.9,""
"Alaska",2025-03-29,"calendar","sir","hurdle_ztpoisson",2025-03-08,2025,3,58,62,58,58,62,0.9,""
"Alaska",2025-03-29,"calendar","sir","hurdle_ztpoisson",2025-03-15,2025,2,32,31,32,32,36,0.9,""
"Alaska",2025-03-29,"calendar","sir","hurdle_ztpoisson",2025-03-22,2025,1,21,26,21,21,25.55,0.9,""
"Alaska",2025-03-29,"calendar","sir","hurdle_ztpoisson",2025-03-29,2025,0,25,32,25,23,31,0.9,""
"Alaska",2025-04-26,"calendar","hsgp","hurdle_ztnb",2025-03-29,2025,4,30,32,30,30,34,0.9,""
"Alaska",2025-04-26,"calendar","hsgp","hurdle_ztnb",2025-04-05,2025,3,14,17,14,14,18,0.9,""
"Alaska",2025-04-26,"calendar","hsgp","hurdle_ztnb",2025-04-12,2025,2,15,16,15,15,20.55,0.9,""
"Alaska",2025-04-26,"calendar","hsgp","hurdle_ztnb",2025-04-19,2025,1,7,12,7,7,12.55,0.9,""
"Alaska",2025-04-26,"calendar","hsgp","hurdle_ztnb",2025-04-26,2025,0,4,9,4,2,12,0.9,""
"Alaska",2025-04-26,"calendar","hsgp","hurdle_ztpoisson",2025-03-29,2025,4,30,32,30,30,34.55,0.9,""
"Alaska",2025-04-26,"calendar","hsgp","hurdle_ztpoisson",2025-04-05,2025,3,14,17,14,14,18.55,0.9,""
"Alaska",2025-04-26,"calendar","hsgp","hurdle_ztpoisson",2025-04-12,2025,2,15,16,15,15,20,0.9,""
"Alaska",2025-04-26,"calendar","hsgp","hurdle_ztpoisson",2025-04-19,2025,1,7,12,7,6,12,0.9,""
"Alaska",2025-04-26,"calendar","hsgp","hurdle_ztpoisson",2025-04-26,2025,0,4,9,5,2,12,0.9,""
"Alaska",2025-04-26,"calendar","sir","hurdle_ztnb",2025-03-29,2025,4,30,32,30,30,32,0.9,""
"Alaska",2025-04-26,"calendar","sir","hurdle_ztnb",2025-04-05,2025,3,14,17,14,14,16,0.9,""
"Alaska",2025-04-26,"calendar","sir","hurdle_ztnb",2025-04-12,2025,2,15,16,15,15,19,0.9,""
"Alaska",2025-04-26,"calendar","sir","hurdle_ztnb",2025-04-19,2025,1,7,12,7,7,12,0.9,""
"Alaska",2025-04-26,"calendar","sir","hurdle_ztnb",2025-04-26,2025,0,4,9,4,4,11,0.9,""
"Alaska",2025-04-26,"calendar","sir","hurdle_ztpoisson",2025-03-29,2025,4,30,32,30,30,33.55,0.9,""
"Alaska",2025-04-26,"calendar","sir","hurdle_ztpoisson",2025-04-05,2025,3,14,17,14,14,17,0.9,""
"Alaska",2025-04-26,"calendar","sir","hurdle_ztpoisson",2025-04-12,2025,2,15,16,15,15,16,0.9,""
"Alaska",2025-04-26,"calendar","sir","hurdle_ztpoisson",2025-04-19,2025,1,7,12,7,7,9,0.9,""
"Alaska",2025-04-26,"calendar","sir","hurdle_ztpoisson",2025-04-26,2025,0,4,9,4,4,7,0.9,""
"Alaska",2025-05-31,"calendar","hsgp","hurdle_ztnb",2025-05-03,2025,4,7,9,7,7,8,0.9,""
"Alaska",2025-05-31,"calendar","hsgp","hurdle_ztnb",2025-05-10,2025,3,3,5,3,3,5,0.9,""
"Alaska",2025-05-31,"calendar","hsgp","hurdle_ztnb",2025-05-17,2025,2,5,6,5,5,7.54999999999998,0.9,""
"Alaska",2025-05-31,"calendar","hsgp","hurdle_ztnb",2025-05-24,2025,1,7,10,7,7,11,0.9,""
"Alaska",2025-05-31,"calendar","hsgp","hurdle_ztnb",2025-05-31,2025,0,6,8,6,6,11.55,0.9,""
"Alaska",2025-05-31,"calendar","hsgp","hurdle_ztpoisson",2025-05-03,2025,4,7,9,7,7,9,0.9,""
"Alaska",2025-05-31,"calendar","hsgp","hurdle_ztpoisson",2025-05-10,2025,3,3,5,3,3,5,0.9,""
"Alaska",2025-05-31,"calendar","hsgp","hurdle_ztpoisson",2025-05-17,2025,2,5,6,5,5,7.54999999999998,0.9,""
"Alaska",2025-05-31,"calendar","hsgp","hurdle_ztpoisson",2025-05-24,2025,1,7,10,7,7,10,0.9,""
"Alaska",2025-05-31,"calendar","hsgp","hurdle_ztpoisson",2025-05-31,2025,0,6,8,6,5,11,0.9,""
"Alaska",2025-05-31,"calendar","sir","hurdle_ztnb",2025-05-03,2025,4,7,9,7,7,9,0.9,""
"Alaska",2025-05-31,"calendar","sir","hurdle_ztnb",2025-05-10,2025,3,3,5,3,3,6,0.9,""
"Alaska",2025-05-31,"calendar","sir","hurdle_ztnb",2025-05-17,2025,2,5,6,5,5,8,0.9,""
"Alaska",2025-05-31,"calendar","sir","hurdle_ztnb",2025-05-24,2025,1,7,10,7,7,11,0.9,""
"Alaska",2025-05-31,"calendar","sir","hurdle_ztnb",2025-05-31,2025,0,6,8,6,6,11,0.9,""
"Alaska",2025-05-31,"calendar","sir","hurdle_ztpoisson",2025-05-03,2025,4,7,9,7,7,8,0.9,""
"Alaska",2025-05-31,"calendar","sir","hurdle_ztpoisson",2025-05-10,2025,3,3,5,3,3,3,0.9,""
"Alaska",2025-05-31,"calendar","sir","hurdle_ztpoisson",2025-05-17,2025,2,5,6,5,5,6,0.9,""
"Alaska",2025-05-31,"calendar","sir","hurdle_ztpoisson",2025-05-24,2025,1,7,10,7,7,9,0.9,""
"Alaska",2025-05-31,"calendar","sir","hurdle_ztpoisson",2025-05-31,2025,0,6,8,6,5.45,9,0.9,""
"Arizona",2025-01-02,"calendar","hsgp","hurdle_ztnb",2024-11-30,2024,4,589,558,591,589,654.1,0.9,""
"Arizona",2025-01-02,"calendar","hsgp","hurdle_ztnb",2024-12-07,2024,3,884,882,893,878.35,978.3,0.9,""
"Arizona",2025-01-02,"calendar","hsgp","hurdle_ztnb",2024-12-14,2024,2,994,1023,1007,994,1137.1,0.9,""
"Arizona",2025-01-02,"calendar","hsgp","hurdle_ztnb",2024-12-21,2024,1,1507,1534,1520.5,1480.7,1770.75,0.9,""
"Arizona",2025-01-02,"calendar","hsgp","hurdle_ztnb",2024-12-28,2024,0,2283,2340,2324,2239.15,2709.25,0.9,""
"Arizona",2025-01-02,"calendar","hsgp","hurdle_ztpoisson",2024-11-30,2024,4,589,558,589,589,604.1,0.9,""
"Arizona",2025-01-02,"calendar","hsgp","hurdle_ztpoisson",2024-12-07,2024,3,884,882,884,873,901,0.9,""
"Arizona",2025-01-02,"calendar","hsgp","hurdle_ztpoisson",2024-12-14,2024,2,994,1023,994,977.45,1026.65,0.9,""
"Arizona",2025-01-02,"calendar","hsgp","hurdle_ztpoisson",2024-12-21,2024,1,1507,1534,1507,1442,1591.1,0.9,""
"Arizona",2025-01-02,"calendar","hsgp","hurdle_ztpoisson",2024-12-28,2024,0,2283,2340,2283,1673,2843.85,0.9,""
"Arizona",2025-01-02,"calendar","sir","hurdle_ztnb",2024-11-30,2024,4,589,558,589,589,615.1,0.9,""
"Arizona",2025-01-02,"calendar","sir","hurdle_ztnb",2024-12-07,2024,3,884,882,884,884,913.2,0.9,""
"Arizona",2025-01-02,"calendar","sir","hurdle_ztnb",2024-12-14,2024,2,994,1023,994,994,1039.1,0.9,""
"Arizona",2025-01-02,"calendar","sir","hurdle_ztnb",2024-12-21,2024,1,1507,1534,1508,1499.45,1584.4,0.9,""
"Arizona",2025-01-02,"calendar","sir","hurdle_ztnb",2024-12-28,2024,0,2283,2340,2284,2279,2367.3,0.9,""
"Arizona",2025-01-02,"calendar","sir","hurdle_ztpoisson",2024-11-30,2024,4,589,558,589,589,589,0.9,""
"Arizona",2025-01-02,"calendar","sir","hurdle_ztpoisson",2024-12-07,2024,3,884,882,884,884,931,0.9,""
"Arizona",2025-01-02,"calendar","sir","hurdle_ztpoisson",2024-12-14,2024,2,994,1023,994,994,1017,0.9,""
"Arizona",2025-01-02,"calendar","sir","hurdle_ztpoisson",2024-12-21,2024,1,1507,1534,1507,1473.45,1545.3,0.9,""
"Arizona",2025-01-02,"calendar","sir","hurdle_ztpoisson",2024-12-28,2024,0,2283,2340,2283,1897.6,2611.9,0.9,""
"Arizona",2025-02-15,"calendar","hsgp","hurdle_ztnb",2025-01-18,2025,4,1099,1077,1109,1046.8,1306.85,0.9,""
"Arizona",2025-02-15,"calendar","hsgp","hurdle_ztnb",2025-01-25,2025,3,1005,999,1008,835.7,1282.2,0.9,""
"Arizona",2025-02-15,"calendar","hsgp","hurdle_ztnb",2025-02-01,2025,2,873,836,878.5,813.7,1170.1,0.9,""
"Arizona",2025-02-15,"calendar","hsgp","hurdle_ztnb",2025-02-08,2025,1,838,836,847.5,775.9,1160.4,0.9,""
"Arizona",2025-02-15,"calendar","hsgp","hurdle_ztnb",2025-02-15,2025,0,708,711,727,665.9,1114.6,0.9,""
"Arizona",2025-02-15,"calendar","hsgp","hurdle_ztpoisson",2025-01-18,2025,4,1099,1077,1099,52.05,1099,0.9,""
"Arizona",2025-02-15,"calendar","hsgp","hurdle_ztpoisson",2025-01-25,2025,3,1005,999,882.5,384.05,1005,0.9,""
"Arizona",2025-02-15,"calendar","hsgp","hurdle_ztpoisson",2025-02-01,2025,2,873,836,765.5,415.95,873,0.9,""
"Arizona",2025-02-15,"calendar","hsgp","hurdle_ztpoisson",2025-02-08,2025,1,838,836,752.5,484,838,0.9,""
"Arizona",2025-02-15,"calendar","hsgp","hurdle_ztpoisson",2025-02-15,2025,0,708,711,708,372.45,868,0.9,""
"Arizona",2025-02-15,"calendar","sir","hurdle_ztnb",2025-01-18,2025,4,1099,1077,1099,1036.3,1297.35,0.9,""
"Arizona",2025-02-15,"calendar","sir","hurdle_ztnb",2025-01-25,2025,3,1005,999,1005,955.95,1153,0.9,""
"Arizona",2025-02-15,"calendar","sir","hurdle_ztnb",2025-02-01,2025,2,873,836,873,833.35,1009.2,0.9,""
"Arizona",2025-02-15,"calendar","sir","hurdle_ztnb",2025-02-08,2025,1,838,836,838,796.25,1055.3,0.9,""
"Arizona",2025-02-15,"calendar","sir","hurdle_ztnb",2025-02-15,2025,0,708,711,712,692.35,918.05,0.9,""
"Arizona",2025-02-15,"calendar","sir","hurdle_ztpoisson",2025-01-18,2025,4,1099,1077,1034,74.8499999999998,1099,0.9,"The `hurdle_ztpoisson` optimizer did not pass the stability gate.
✖ Optimizer code 0: L-BFGS-B polish: CONVERGENCE: REL_REDUCTION_OF_F <=
  FACTR*EPSMCH
✖ Maximum absolute gradient: 0.1258.
ℹ Try `count_cumulative_process(observation = ""hurdle_ztnb"")`; the ZTNB
  magnitude law was stable in the package-wide sweep.
ℹ This finite fit is returned with `gradient_status = ""warning""`; inspect
  `fit$opt` before using it."
"Arizona",2025-02-15,"calendar","sir","hurdle_ztpoisson",2025-01-25,2025,3,1005,999,1005,534.85,1022.4,0.9,"The `hurdle_ztpoisson` optimizer did not pass the stability gate.
✖ Optimizer code 0: L-BFGS-B polish: CONVERGENCE: REL_REDUCTION_OF_F <=
  FACTR*EPSMCH
✖ Maximum absolute gradient: 0.1258.
ℹ Try `count_cumulative_process(observation = ""hurdle_ztnb"")`; the ZTNB
  magnitude law was stable in the package-wide sweep.
ℹ This finite fit is returned with `gradient_status = ""warning""`; inspect
  `fit$opt` before using it."
"Arizona",2025-02-15,"calendar","sir","hurdle_ztpoisson",2025-02-01,2025,2,873,836,841,457.8,909.35,0.9,"The `hurdle_ztpoisson` optimizer did not pass the stability gate.
✖ Optimizer code 0: L-BFGS-B polish: CONVERGENCE: REL_REDUCTION_OF_F <=
  FACTR*EPSMCH
✖ Maximum absolute gradient: 0.1258.
ℹ Try `count_cumulative_process(observation = ""hurdle_ztnb"")`; the ZTNB
  magnitude law was stable in the package-wide sweep.
ℹ This finite fit is returned with `gradient_status = ""warning""`; inspect
  `fit$opt` before using it."
"Arizona",2025-02-15,"calendar","sir","hurdle_ztpoisson",2025-02-08,2025,1,838,836,838,323.05,965.7,0.9,"The `hurdle_ztpoisson` optimizer did not pass the stability gate.
✖ Optimizer code 0: L-BFGS-B polish: CONVERGENCE: REL_REDUCTION_OF_F <=
  FACTR*EPSMCH
✖ Maximum absolute gradient: 0.1258.
ℹ Try `count_cumulative_process(observation = ""hurdle_ztnb"")`; the ZTNB
  magnitude law was stable in the package-wide sweep.
ℹ This finite fit is returned with `gradient_status = ""warning""`; inspect
  `fit$opt` before using it."
"Arizona",2025-02-15,"calendar","sir","hurdle_ztpoisson",2025-02-15,2025,0,708,711,703,162.7,941.349999999999,0.9,"The `hurdle_ztpoisson` optimizer did not pass the stability gate.
✖ Optimizer code 0: L-BFGS-B polish: CONVERGENCE: REL_REDUCTION_OF_F <=
  FACTR*EPSMCH
✖ Maximum absolute gradient: 0.1258.
ℹ Try `count_cumulative_process(observation = ""hurdle_ztnb"")`; the ZTNB
  magnitude law was stable in the package-wide sweep.
ℹ This finite fit is returned with `gradient_status = ""warning""`; inspect
  `fit$opt` before using it."
"Arizona",2025-03-29,"calendar","hsgp","hurdle_ztnb",2025-03-01,2025,4,619,657,619,605.9,652,0.9,""
"Arizona",2025-03-29,"calendar","hsgp","hurdle_ztnb",2025-03-08,2025,3,468,499,468,447.35,505.1,0.9,""
"Arizona",2025-03-29,"calendar","hsgp","hurdle_ztnb",2025-03-15,2025,2,359,393,359,335.35,408.55,0.9,""
"Arizona",2025-03-29,"calendar","hsgp","hurdle_ztnb",2025-03-22,2025,1,307,346,307,266,359.55,0.9,""
"Arizona",2025-03-29,"calendar","hsgp","hurdle_ztnb",2025-03-29,2025,0,208,238,215.5,179.7,358.75,0.9,""
"Arizona",2025-03-29,"calendar","hsgp","hurdle_ztpoisson",2025-03-01,2025,4,619,657,619,547,619,0.9,""
"Arizona",2025-03-29,"calendar","hsgp","hurdle_ztpoisson",2025-03-08,2025,3,468,499,468,395,468,0.9,""
"Arizona",2025-03-29,"calendar","hsgp","hurdle_ztpoisson",2025-03-15,2025,2,359,393,359,283.45,359,0.9,""
"Arizona",2025-03-29,"calendar","hsgp","hurdle_ztpoisson",2025-03-22,2025,1,307,346,307,225.9,356.65,0.9,""
"Arizona",2025-03-29,"calendar","hsgp","hurdle_ztpoisson",2025-03-29,2025,0,208,238,208,128.45,324.1,0.9,""
"Arizona",2025-03-29,"calendar","sir","hurdle_ztnb",2025-03-01,2025,4,619,657,619,556.65,679.1,0.9,""
"Arizona",2025-03-29,"calendar","sir","hurdle_ztnb",2025-03-08,2025,3,468,499,468,419.45,518.55,0.9,""
"Arizona",2025-03-29,"calendar","sir","hurdle_ztnb",2025-03-15,2025,2,359,393,359,301.8,419.6,0.9,""
"Arizona",2025-03-29,"calendar","sir","hurdle_ztnb",2025-03-22,2025,1,307,346,307,268.25,407.2,0.9,""
"Arizona",2025-03-29,"calendar","sir","hurdle_ztnb",2025-03-29,2025,0,208,238,208,165.15,333.4,0.9,""
"Arizona",2025-03-29,"calendar","sir","hurdle_ztpoisson",2025-03-01,2025,4,619,657,619,543.05,656.3,0.9,""
"Arizona",2025-03-29,"calendar","sir","hurdle_ztpoisson",2025-03-08,2025,3,468,499,468,390.45,530,0.9,""
"Arizona",2025-03-29,"calendar","sir","hurdle_ztpoisson",2025-03-15,2025,2,359,393,359,293.9,407.55,0.9,""
"Arizona",2025-03-29,"calendar","sir","hurdle_ztpoisson",2025-03-22,2025,1,307,346,307,258,346.75,0.9,""
"Arizona",2025-03-29,"calendar","sir","hurdle_ztpoisson",2025-03-29,2025,0,208,238,208,163.5,261,0.9,""
"Arizona",2025-04-26,"calendar","hsgp","hurdle_ztnb",2025-03-29,2025,4,222,238,222,211.9,232,0.9,""
"Arizona",2025-04-26,"calendar","hsgp","hurdle_ztnb",2025-04-05,2025,3,100,111,100,92,113,0.9,""
"Arizona",2025-04-26,"calendar","hsgp","hurdle_ztnb",2025-04-12,2025,2,68,93,68,61.45,94.55,0.9,""
"Arizona",2025-04-26,"calendar","hsgp","hurdle_ztnb",2025-04-19,2025,1,81,88,81,61.45,121,0.9,""
"Arizona",2025-04-26,"calendar","hsgp","hurdle_ztnb",2025-04-26,2025,0,73,77,73.5,50,148.55,0.9,""
"Arizona",2025-04-26,"calendar","hsgp","hurdle_ztpoisson",2025-03-29,2025,4,222,238,222,171,222,0.9,"The `hurdle_ztpoisson` optimizer did not pass the stability gate.
✖ Optimizer code 0: relative convergence (4)
✖ Maximum absolute gradient: 4.779.
ℹ Try `count_cumulative_process(observation = ""hurdle_ztnb"")`; the ZTNB
  magnitude law was stable in the package-wide sweep.
ℹ This finite fit is returned with `gradient_status = ""warning""`; inspect
  `fit$opt` before using it."
"Arizona",2025-04-26,"calendar","hsgp","hurdle_ztpoisson",2025-04-05,2025,3,100,111,100,52.45,100,0.9,"The `hurdle_ztpoisson` optimizer did not pass the stability gate.
✖ Optimizer code 0: relative convergence (4)
✖ Maximum absolute gradient: 4.779.
ℹ Try `count_cumulative_process(observation = ""hurdle_ztnb"")`; the ZTNB
  magnitude law was stable in the package-wide sweep.
ℹ This finite fit is returned with `gradient_status = ""warning""`; inspect
  `fit$opt` before using it."
"Arizona",2025-04-26,"calendar","hsgp","hurdle_ztpoisson",2025-04-12,2025,2,68,93,68,28.45,68,0.9,"The `hurdle_ztpoisson` optimizer did not pass the stability gate.
✖ Optimizer code 0: relative convergence (4)
✖ Maximum absolute gradient: 4.779.
ℹ Try `count_cumulative_process(observation = ""hurdle_ztnb"")`; the ZTNB
  magnitude law was stable in the package-wide sweep.
ℹ This finite fit is returned with `gradient_status = ""warning""`; inspect
  `fit$opt` before using it."
"Arizona",2025-04-26,"calendar","hsgp","hurdle_ztpoisson",2025-04-19,2025,1,81,88,81,54,81,0.9,"The `hurdle_ztpoisson` optimizer did not pass the stability gate.
✖ Optimizer code 0: relative convergence (4)
✖ Maximum absolute gradient: 4.779.
ℹ Try `count_cumulative_process(observation = ""hurdle_ztnb"")`; the ZTNB
  magnitude law was stable in the package-wide sweep.
ℹ This finite fit is returned with `gradient_status = ""warning""`; inspect
  `fit$opt` before using it."
"Arizona",2025-04-26,"calendar","hsgp","hurdle_ztpoisson",2025-04-26,2025,0,73,77,73,73,84,0.9,"The `hurdle_ztpoisson` optimizer did not pass the stability gate.
✖ Optimizer code 0: relative convergence (4)
✖ Maximum absolute gradient: 4.779.
ℹ Try `count_cumulative_process(observation = ""hurdle_ztnb"")`; the ZTNB
  magnitude law was stable in the package-wide sweep.
ℹ This finite fit is returned with `gradient_status = ""warning""`; inspect
  `fit$opt` before using it."
"Arizona",2025-04-26,"calendar","sir","hurdle_ztnb",2025-03-29,2025,4,222,238,222,201,240.75,0.9,""
"Arizona",2025-04-26,"calendar","sir","hurdle_ztnb",2025-04-05,2025,3,100,111,100,77.25,125,0.9,""
"Arizona",2025-04-26,"calendar","sir","hurdle_ztnb",2025-04-12,2025,2,68,93,68,52.45,95,0.9,""
"Arizona",2025-04-26,"calendar","sir","hurdle_ztnb",2025-04-19,2025,1,81,88,81,66.45,115.55,0.9,""
"Arizona",2025-04-26,"calendar","sir","hurdle_ztnb",2025-04-26,2025,0,73,77,73,60,117.55,0.9,""
"Arizona",2025-04-26,"calendar","sir","hurdle_ztpoisson",2025-03-29,2025,4,222,238,222,165.8,222,0.9,""
"Arizona",2025-04-26,"calendar","sir","hurdle_ztpoisson",2025-04-05,2025,3,100,111,100,82.2,100,0.9,""
"Arizona",2025-04-26,"calendar","sir","hurdle_ztpoisson",2025-04-12,2025,2,68,93,68,68,89.55,0.9,""
"Arizona",2025-04-26,"calendar","sir","hurdle_ztpoisson",2025-04-19,2025,1,81,88,81,65.5999999999999,109.55,0.9,""
"Arizona",2025-04-26,"calendar","sir","hurdle_ztpoisson",2025-04-26,2025,0,73,77,73,62.55,98.55,0.9,""
"Arizona",2025-05-31,"calendar","hsgp","hurdle_ztnb",2025-05-03,2025,4,71,80,71,69,73.55,0.9,""
"Arizona",2025-05-31,"calendar","hsgp","hurdle_ztnb",2025-05-10,2025,3,53,53,53,51,62.1,0.9,""
"Arizona",2025-05-31,"calendar","hsgp","hurdle_ztnb",2025-05-17,2025,2,52,69,52,50,72,0.9,""
"Arizona",2025-05-31,"calendar","hsgp","hurdle_ztnb",2025-05-24,2025,1,35,38,35,27,52.55,0.9,""
"Arizona",2025-05-31,"calendar","hsgp","hurdle_ztnb",2025-05-31,2025,0,54,55,54,45,74.1,0.9,""
"Arizona",2025-05-31,"calendar","hsgp","hurdle_ztpoisson",2025-05-03,2025,4,71,80,71,50.05,71,0.9,""
"Arizona",2025-05-31,"calendar","hsgp","hurdle_ztpoisson",2025-05-10,2025,3,53,53,53,24.45,53,0.9,""
"Arizona",2025-05-31,"calendar","hsgp","hurdle_ztpoisson",2025-05-17,2025,2,52,69,52,24.45,52,0.9,""
"Arizona",2025-05-31,"calendar","hsgp","hurdle_ztpoisson",2025-05-24,2025,1,35,38,35,18.9,35,0.9,""
"Arizona",2025-05-31,"calendar","hsgp","hurdle_ztpoisson",2025-05-31,2025,0,54,55,54,25.45,73.55,0.9,""
"Arizona",2025-05-31,"calendar","sir","hurdle_ztnb",2025-05-03,2025,4,71,80,71,65.45,87.55,0.9,""
"Arizona",2025-05-31,"calendar","sir","hurdle_ztnb",2025-05-10,2025,3,53,53,53,46.9,68.1,0.9,""
"Arizona",2025-05-31,"calendar","sir","hurdle_ztnb",2025-05-17,2025,2,52,69,52,40,79.1,0.9,""
"Arizona",2025-05-31,"calendar","sir","hurdle_ztnb",2025-05-24,2025,1,35,38,35,24,61,0.9,""
"Arizona",2025-05-31,"calendar","sir","hurdle_ztnb",2025-05-31,2025,0,54,55,54,48.9,86.6499999999999,0.9,""
"Arizona",2025-05-31,"calendar","sir","hurdle_ztpoisson",2025-05-03,2025,4,71,80,71,45.7,71,0.9,"The `hurdle_ztpoisson` optimizer did not pass the stability gate.
✖ Optimizer code 0: L-BFGS-B polish: CONVERGENCE: REL_REDUCTION_OF_F <=
  FACTR*EPSMCH
✖ Maximum absolute gradient: 0.2742.
ℹ Try `count_cumulative_process(observation = ""hurdle_ztnb"")`; the ZTNB
  magnitude law was stable in the package-wide sweep.
ℹ This finite fit is returned with `gradient_status = ""warning""`; inspect
  `fit$opt` before using it."
"Arizona",2025-05-31,"calendar","sir","hurdle_ztpoisson",2025-05-10,2025,3,53,53,53,53,53,0.9,"The `hurdle_ztpoisson` optimizer did not pass the stability gate.
✖ Optimizer code 0: L-BFGS-B polish: CONVERGENCE: REL_REDUCTION_OF_F <=
  FACTR*EPSMCH
✖ Maximum absolute gradient: 0.2742.
ℹ Try `count_cumulative_process(observation = ""hurdle_ztnb"")`; the ZTNB
  magnitude law was stable in the package-wide sweep.
ℹ This finite fit is returned with `gradient_status = ""warning""`; inspect
  `fit$opt` before using it."
"Arizona",2025-05-31,"calendar","sir","hurdle_ztpoisson",2025-05-17,2025,2,52,69,52,24.25,71.7499999999999,0.9,"The `hurdle_ztpoisson` optimizer did not pass the stability gate.
✖ Optimizer code 0: L-BFGS-B polish: CONVERGENCE: REL_REDUCTION_OF_F <=
  FACTR*EPSMCH
✖ Maximum absolute gradient: 0.2742.
ℹ Try `count_cumulative_process(observation = ""hurdle_ztnb"")`; the ZTNB
  magnitude law was stable in the package-wide sweep.
ℹ This finite fit is returned with `gradient_status = ""warning""`; inspect
  `fit$opt` before using it."
"Arizona",2025-05-31,"calendar","sir","hurdle_ztpoisson",2025-05-24,2025,1,35,38,35,35,35,0.9,"The `hurdle_ztpoisson` optimizer did not pass the stability gate.
✖ Optimizer code 0: L-BFGS-B polish: CONVERGENCE: REL_REDUCTION_OF_F <=
  FACTR*EPSMCH
✖ Maximum absolute gradient: 0.2742.
ℹ Try `count_cumulative_process(observation = ""hurdle_ztnb"")`; the ZTNB
  magnitude law was stable in the package-wide sweep.
ℹ This finite fit is returned with `gradient_status = ""warning""`; inspect
  `fit$opt` before using it."
"Arizona",2025-05-31,"calendar","sir","hurdle_ztpoisson",2025-05-31,2025,0,54,55,54,54,85.55,0.9,"The `hurdle_ztpoisson` optimizer did not pass the stability gate.
✖ Optimizer code 0: L-BFGS-B polish: CONVERGENCE: REL_REDUCTION_OF_F <=
  FACTR*EPSMCH
✖ Maximum absolute gradient: 0.2742.
ℹ Try `count_cumulative_process(observation = ""hurdle_ztnb"")`; the ZTNB
  magnitude law was stable in the package-wide sweep.
ℹ This finite fit is returned with `gradient_status = ""warning""`; inspect
  `fit$opt` before using it."
"Arkansas",2025-01-02,"calendar","hsgp","hurdle_ztnb",2024-11-30,2024,4,12,12,12,12,15,0.9,""
"Arkansas",2025-01-02,"calendar","hsgp","hurdle_ztnb",2024-12-07,2024,3,20,32,20,20,25,0.9,""
"Arkansas",2025-01-02,"calendar","hsgp","hurdle_ztnb",2024-12-14,2024,2,41,42,41,41,47,0.9,""
"Arkansas",2025-01-02,"calendar","hsgp","hurdle_ztnb",2024-12-21,2024,1,57,59,57,55,65,0.9,""
"Arkansas",2025-01-02,"calendar","hsgp","hurdle_ztnb",2024-12-28,2024,0,121,127,122,116,133,0.9,""
"Arkansas",2025-01-02,"calendar","hsgp","hurdle_ztpoisson",2024-11-30,2024,4,12,12,12,12,12,0.9,""
"Arkansas",2025-01-02,"calendar","hsgp","hurdle_ztpoisson",2024-12-07,2024,3,20,32,20,20,21,0.9,""
"Arkansas",2025-01-02,"calendar","hsgp","hurdle_ztpoisson",2024-12-14,2024,2,41,42,41,41,44,0.9,""
"Arkansas",2025-01-02,"calendar","hsgp","hurdle_ztpoisson",2024-12-21,2024,1,57,59,57,54.45,62,0.9,""
"Arkansas",2025-01-02,"calendar","hsgp","hurdle_ztpoisson",2024-12-28,2024,0,121,127,121,117,130,0.9,""
"Arkansas",2025-01-02,"calendar","sir","hurdle_ztnb",2024-11-30,2024,4,12,12,12,12,15,0.9,""
"Arkansas",2025-01-02,"calendar","sir","hurdle_ztnb",2024-12-07,2024,3,20,32,20,20,24,0.9,""
"Arkansas",2025-01-02,"calendar","sir","hurdle_ztnb",2024-12-14,2024,2,41,42,41,41,46,0.9,""
"Arkansas",2025-01-02,"calendar","sir","hurdle_ztnb",2024-12-21,2024,1,57,59,57,53.45,63.55,0.9,""
"Arkansas",2025-01-02,"calendar","sir","hurdle_ztnb",2024-12-28,2024,0,121,127,121,117.45,130,0.9,""
"Arkansas",2025-01-02,"calendar","sir","hurdle_ztpoisson",2024-11-30,2024,4,12,12,12,12,12,0.9,""
"Arkansas",2025-01-02,"calendar","sir","hurdle_ztpoisson",2024-12-07,2024,3,20,32,20,20,20,0.9,""
"Arkansas",2025-01-02,"calendar","sir","hurdle_ztpoisson",2024-12-14,2024,2,41,42,41,41,43,0.9,""
"Arkansas",2025-01-02,"calendar","sir","hurdle_ztpoisson",2024-12-21,2024,1,57,59,57,57,61,0.9,""
"Arkansas",2025-01-02,"calendar","sir","hurdle_ztpoisson",2024-12-28,2024,0,121,127,121,121,130.55,0.9,""
"Arkansas",2025-02-15,"calendar","hsgp","hurdle_ztnb",2025-01-18,2025,4,216,223,221,216,237.55,0.9,""
"Arkansas",2025-02-15,"calendar","hsgp","hurdle_ztnb",2025-01-25,2025,3,384,388,391.5,384,420.55,0.9,""
"Arkansas",2025-02-15,"calendar","hsgp","hurdle_ztnb",2025-02-01,2025,2,503,551,514,496,547.55,0.9,""
"Arkansas",2025-02-15,"calendar","hsgp","hurdle_ztnb",2025-02-08,2025,1,679,752,694.5,651,771.2,0.9,""
"Arkansas",2025-02-15,"calendar","hsgp","hurdle_ztnb",2025-02-15,2025,0,407,543,431,304.05,551,0.9,""
"Arkansas",2025-02-15,"calendar","hsgp","hurdle_ztpoisson",2025-01-18,2025,4,216,223,219,216,229.55,0.9,""
"Arkansas",2025-02-15,"calendar","hsgp","hurdle_ztpoisson",2025-01-25,2025,3,384,388,390,384,403,0.9,""
"Arkansas",2025-02-15,"calendar","hsgp","hurdle_ztpoisson",2025-02-01,2025,2,503,551,511.5,497,530.55,0.9,""
"Arkansas",2025-02-15,"calendar","hsgp","hurdle_ztpoisson",2025-02-08,2025,1,679,752,694,666.45,730,0.9,""
"Arkansas",2025-02-15,"calendar","hsgp","hurdle_ztpoisson",2025-02-15,2025,0,407,543,430,345.9,508,0.9,""
"Arkansas",2025-02-15,"calendar","sir","hurdle_ztnb",2025-01-18,2025,4,216,223,216,216,225,0.9,""
"Arkansas",2025-02-15,"calendar","sir","hurdle_ztnb",2025-01-25,2025,3,384,388,384,384,392.55,0.9,""
"Arkansas",2025-02-15,"calendar","sir","hurdle_ztnb",2025-02-01,2025,2,503,551,503,500,516,0.9,""
"Arkansas",2025-02-15,"calendar","sir","hurdle_ztnb",2025-02-08,2025,1,679,752,679,669.45,698,0.9,""
"Arkansas",2025-02-15,"calendar","sir","hurdle_ztnb",2025-02-15,2025,0,407,543,409,398,452.65,0.9,""
"Arkansas",2025-02-15,"calendar","sir","hurdle_ztpoisson",2025-01-18,2025,4,216,223,226,213.45,245.55,0.9,""
"Arkansas",2025-02-15,"calendar","sir","hurdle_ztpoisson",2025-01-25,2025,3,384,388,384,384,393,0.9,""
"Arkansas",2025-02-15,"calendar","sir","hurdle_ztpoisson",2025-02-01,2025,2,503,551,506,495.45,517,0.9,""
"Arkansas",2025-02-15,"calendar","sir","hurdle_ztpoisson",2025-02-08,2025,1,679,752,686,657.45,717.55,0.9,""
"Arkansas",2025-02-15,"calendar","sir","hurdle_ztpoisson",2025-02-15,2025,0,407,543,413.5,380,465.1,0.9,""
"Arkansas",2025-03-29,"calendar","hsgp","hurdle_ztnb",2025-03-01,2025,4,350,363,354,346,366.55,0.9,""
"Arkansas",2025-03-29,"calendar","hsgp","hurdle_ztnb",2025-03-08,2025,3,325,325,329,320,342,0.9,""
"Arkansas",2025-03-29,"calendar","hsgp","hurdle_ztnb",2025-03-15,2025,2,228,229,232,224,246,0.9,""
"Arkansas",2025-03-29,"calendar","hsgp","hurdle_ztnb",2025-03-22,2025,1,143,164,147,138,166,0.9,""
"Arkansas",2025-03-29,"calendar","hsgp","hurdle_ztnb",2025-03-29,2025,0,86,111,90,73,124.55,0.9,""
"Arkansas",2025-03-29,"calendar","hsgp","hurdle_ztpoisson",2025-03-01,2025,4,350,363,354,347,366,0.9,""
"Arkansas",2025-03-29,"calendar","hsgp","hurdle_ztpoisson",2025-03-08,2025,3,325,325,330,320,344,0.9,""
"Arkansas",2025-03-29,"calendar","hsgp","hurdle_ztpoisson",2025-03-15,2025,2,228,229,233,223.45,244,0.9,""
"Arkansas",2025-03-29,"calendar","hsgp","hurdle_ztpoisson",2025-03-22,2025,1,143,164,148,136.45,161,0.9,""
"Arkansas",2025-03-29,"calendar","hsgp","hurdle_ztpoisson",2025-03-29,2025,0,86,111,93,72,116.1,0.9,""
"Arkansas",2025-03-29,"calendar","sir","hurdle_ztnb",2025-03-01,2025,4,350,363,350,348,359,0.9,""
"Arkansas",2025-03-29,"calendar","sir","hurdle_ztnb",2025-03-08,2025,3,325,325,325,320.45,335.55,0.9,""
"Arkansas",2025-03-29,"calendar","sir","hurdle_ztnb",2025-03-15,2025,2,228,229,229,223.45,247,0.9,""
"Arkansas",2025-03-29,"calendar","sir","hurdle_ztnb",2025-03-22,2025,1,143,164,144,135,166.2,0.9,""
"Arkansas",2025-03-29,"calendar","sir","hurdle_ztnb",2025-03-29,2025,0,86,111,87,69.45,118.55,0.9,""
"Arkansas",2025-03-29,"calendar","sir","hurdle_ztpoisson",2025-03-01,2025,4,350,363,350,345,359,0.9,""
"Arkansas",2025-03-29,"calendar","sir","hurdle_ztpoisson",2025-03-08,2025,3,325,325,325,318,335,0.9,""
"Arkansas",2025-03-29,"calendar","sir","hurdle_ztpoisson",2025-03-15,2025,2,228,229,228,220.45,239,0.9,""
"Arkansas",2025-03-29,"calendar","sir","hurdle_ztpoisson",2025-03-22,2025,1,143,164,143,135.45,155,0.9,""
"Arkansas",2025-03-29,"calendar","sir","hurdle_ztpoisson",2025-03-29,2025,0,86,111,87,77.45,99,0.9,""
"Arkansas",2025-04-26,"calendar","hsgp","hurdle_ztnb",2025-03-29,2025,4,111,111,111,110.45,120,0.9,""
"Arkansas",2025-04-26,"calendar","hsgp","hurdle_ztnb",2025-04-05,2025,3,71,71,71,69,77.55,0.9,""
"Arkansas",2025-04-26,"calendar","hsgp","hurdle_ztnb",2025-04-12,2025,2,32,32,32,31,39,0.9,""
"Arkansas",2025-04-26,"calendar","hsgp","hurdle_ztnb",2025-04-19,2025,1,28,29,28,25,35,0.9,""
"Arkansas",2025-04-26,"calendar","hsgp","hurdle_ztnb",2025-04-26,2025,0,13,24,13,10,22,0.9,""
"Arkansas",2025-04-26,"calendar","hsgp","hurdle_ztpoisson",2025-03-29,2025,4,111,111,111,111,117.55,0.9,""
"Arkansas",2025-04-26,"calendar","hsgp","hurdle_ztpoisson",2025-04-05,2025,3,71,71,71,69,77,0.9,""
"Arkansas",2025-04-26,"calendar","hsgp","hurdle_ztpoisson",2025-04-12,2025,2,32,32,32,29,39,0.9,""
"Arkansas",2025-04-26,"calendar","hsgp","hurdle_ztpoisson",2025-04-19,2025,1,28,29,28,25,34,0.9,""
"Arkansas",2025-04-26,"calendar","hsgp","hurdle_ztpoisson",2025-04-26,2025,0,13,24,13,9,21,0.9,""
"Arkansas",2025-04-26,"calendar","sir","hurdle_ztnb",2025-03-29,2025,4,111,111,111,109,122,0.9,""
"Arkansas",2025-04-26,"calendar","sir","hurdle_ztnb",2025-04-05,2025,3,71,71,71,70,81.55,0.9,""
"Arkansas",2025-04-26,"calendar","sir","hurdle_ztnb",2025-04-12,2025,2,32,32,32,30,44.55,0.9,""
"Arkansas",2025-04-26,"calendar","sir","hurdle_ztnb",2025-04-19,2025,1,28,29,28,23,43.55,0.9,""
"Arkansas",2025-04-26,"calendar","sir","hurdle_ztnb",2025-04-26,2025,0,13,24,14,7.45,37.55,0.9,""
"Arkansas",2025-04-26,"calendar","sir","hurdle_ztpoisson",2025-03-29,2025,4,111,111,111,109.45,117,0.9,""
"Arkansas",2025-04-26,"calendar","sir","hurdle_ztpoisson",2025-04-05,2025,3,71,71,71,70.45,75,0.9,""
"Arkansas",2025-04-26,"calendar","sir","hurdle_ztpoisson",2025-04-12,2025,2,32,32,32,31.45,35,0.9,""
"Arkansas",2025-04-26,"calendar","sir","hurdle_ztpoisson",2025-04-19,2025,1,28,29,28,24.45,32,0.9,""
"Arkansas",2025-04-26,"calendar","sir","hurdle_ztpoisson",2025-04-26,2025,0,13,24,13,10,18,0.9,""
"Arkansas",2025-05-31,"calendar","hsgp","hurdle_ztnb",2025-05-03,2025,4,21,21,21,21,25,0.9,""
"Arkansas",2025-05-31,"calendar","hsgp","hurdle_ztnb",2025-05-10,2025,3,13,13,13,13,16,0.9,""
"Arkansas",2025-05-31,"calendar","hsgp","hurdle_ztnb",2025-05-17,2025,2,13,13,13,13,18,0.9,""
"Arkansas",2025-05-31,"calendar","hsgp","hurdle_ztnb",2025-05-24,2025,1,14,14,14,12,23.55,0.9,""
"Arkansas",2025-05-31,"calendar","hsgp","hurdle_ztnb",2025-05-31,2025,0,6,14,8,2,17,0.9,""
"Arkansas",2025-05-31,"calendar","hsgp","hurdle_ztpoisson",2025-05-03,2025,4,21,21,21,21,23,0.9,""
"Arkansas",2025-05-31,"calendar","hsgp","hurdle_ztpoisson",2025-05-10,2025,3,13,13,13,13,15,0.9,""
"Arkansas",2025-05-31,"calendar","hsgp","hurdle_ztpoisson",2025-05-17,2025,2,13,13,13,13,16,0.9,""
"Arkansas",2025-05-31,"calendar","hsgp","hurdle_ztpoisson",2025-05-24,2025,1,14,14,14,14,18,0.9,""
"Arkansas",2025-05-31,"calendar","hsgp","hurdle_ztpoisson",2025-05-31,2025,0,6,14,6,4,11,0.9,""
"Arkansas",2025-05-31,"calendar","sir","hurdle_ztnb",2025-05-03,2025,4,21,21,21,20.45,31.55,0.9,""
"Arkansas",2025-05-31,"calendar","sir","hurdle_ztnb",2025-05-10,2025,3,13,13,13,12.45,20.55,0.9,""
"Arkansas",2025-05-31,"calendar","sir","hurdle_ztnb",2025-05-17,2025,2,13,13,13,12.45,28.1,0.9,""
"Arkansas",2025-05-31,"calendar","sir","hurdle_ztnb",2025-05-24,2025,1,14,14,14,12,28,0.9,""
"Arkansas",2025-05-31,"calendar","sir","hurdle_ztnb",2025-05-31,2025,0,6,14,6,2.45,28,0.9,""
"Arkansas",2025-05-31,"calendar","sir","hurdle_ztpoisson",2025-05-03,2025,4,21,21,21,21,21,0.9,""
"Arkansas",2025-05-31,"calendar","sir","hurdle_ztpoisson",2025-05-10,2025,3,13,13,13,13,13,0.9,""
"Arkansas",2025-05-31,"calendar","sir","hurdle_ztpoisson",2025-05-17,2025,2,13,13,13,13,13,0.9,""
"Arkansas",2025-05-31,"calendar","sir","hurdle_ztpoisson",2025-05-24,2025,1,14,14,14,14,15,0.9,""
"Arkansas",2025-05-31,"calendar","sir","hurdle_ztpoisson",2025-05-31,2025,0,6,14,6,6,10,0.9,""
"California",2025-01-02,"calendar","hsgp","hurdle_ztnb",2024-11-30,2024,4,686,699,689.5,675,749.85,0.9,""
"California",2025-01-02,"calendar","hsgp","hurdle_ztnb",2024-12-07,2024,3,1061,1122,1065,1038,1154.3,0.9,""
"California",2025-01-02,"calendar","hsgp","hurdle_ztnb",2024-12-14,2024,2,1384,1509,1391.5,1327.7,1502.4,0.9,""
"California",2025-01-02,"calendar","hsgp","hurdle_ztnb",2024-12-21,2024,1,2351,2557,2362,2275.7,2511.65,0.9,""
"California",2025-01-02,"calendar","hsgp","hurdle_ztnb",2024-12-28,2024,0,3005,3846,3033.5,2913.85,3285.85,0.9,""
"California",2025-01-02,"calendar","hsgp","hurdle_ztpoisson",2024-11-30,2024,4,686,699,686,686,706.55,0.9,""
"California",2025-01-02,"calendar","hsgp","hurdle_ztpoisson",2024-12-07,2024,3,1061,1122,1061,1061,1096,0.9,""
"California",2025-01-02,"calendar","hsgp","hurdle_ztpoisson",2024-12-14,2024,2,1384,1509,1387.5,1366,1433.55,0.9,""
"California",2025-01-02,"calendar","hsgp","hurdle_ztpoisson",2024-12-21,2024,1,2351,2557,2366.5,2299.8,2442.2,0.9,""
"California",2025-01-02,"calendar","hsgp","hurdle_ztpoisson",2024-12-28,2024,0,3005,3846,3005,2714.45,3323.55,0.9,""
"California",2025-01-02,"calendar","sir","hurdle_ztnb",2024-11-30,2024,4,686,699,686,679.45,703,0.9,""
"California",2025-01-02,"calendar","sir","hurdle_ztnb",2024-12-07,2024,3,1061,1122,1061,1054.45,1086.55,0.9,""
"California",2025-01-02,"calendar","sir","hurdle_ztnb",2024-12-14,2024,2,1384,1509,1384,1377,1412.55,0.9,""
"California",2025-01-02,"calendar","sir","hurdle_ztnb",2024-12-21,2024,1,2351,2557,2351,2317.6,2404.2,0.9,""
"California",2025-01-02,"calendar","sir","hurdle_ztnb",2024-12-28,2024,0,3005,3846,3006,2986.45,3093.6,0.9,""
"California",2025-01-02,"calendar","sir","hurdle_ztpoisson",2024-11-30,2024,4,686,699,686,686,686,0.9,""
"California",2025-01-02,"calendar","sir","hurdle_ztpoisson",2024-12-07,2024,3,1061,1122,1061,1034.45,1116.1,0.9,""
"California",2025-01-02,"calendar","sir","hurdle_ztpoisson",2024-12-14,2024,2,1384,1509,1384,1384,1401,0.9,""
"California",2025-01-02,"calendar","sir","hurdle_ztpoisson",2024-12-21,2024,1,2351,2557,2351,2351,2373.55,0.9,""
"California",2025-01-02,"calendar","sir","hurdle_ztpoisson",2024-12-28,2024,0,3005,3846,3005,2939.8,3079.5,0.9,""
"California",2025-02-15,"calendar","hsgp","hurdle_ztnb",2025-01-18,2025,4,3365,3642,3390,3348,3532.3,0.9,""
"California",2025-02-15,"calendar","hsgp","hurdle_ztnb",2025-01-25,2025,3,3893,4068,3913,3853.45,4091.3,0.9,""
"California",2025-02-15,"calendar","hsgp","hurdle_ztnb",2025-02-01,2025,2,4297,4562,4337,4226.25,4659.4,0.9,""
"California",2025-02-15,"calendar","hsgp","hurdle_ztnb",2025-02-08,2025,1,3402,3656,3450,3141.05,3913.5,0.9,""
"California",2025-02-15,"calendar","hsgp","hurdle_ztnb",2025-02-15,2025,0,2563,2775,2681.5,2242.35,3710.85,0.9,""
"California",2025-02-15,"calendar","hsgp","hurdle_ztpoisson",2025-01-18,2025,4,3365,3642,3365,3365,3389.55,0.9,""
"California",2025-02-15,"calendar","hsgp","hurdle_ztpoisson",2025-01-25,2025,3,3893,4068,3893,3872.8,3939.55,0.9,""
"California",2025-02-15,"calendar","hsgp","hurdle_ztpoisson",2025-02-01,2025,2,4297,4562,4297,4279.35,4354.65,0.9,""
"California",2025-02-15,"calendar","hsgp","hurdle_ztpoisson",2025-02-08,2025,1,3402,3656,3402,3332.9,3488.65,0.9,""
"California",2025-02-15,"calendar","hsgp","hurdle_ztpoisson",2025-02-15,2025,0,2563,2775,2563,1909.35,2658.7,0.9,""
"California",2025-02-15,"calendar","sir","hurdle_ztnb",2025-01-18,2025,4,3365,3642,3365,3362.45,3392.1,0.9,""
"California",2025-02-15,"calendar","sir","hurdle_ztnb",2025-01-25,2025,3,3893,4068,3893,3886,3931,0.9,""
"California",2025-02-15,"calendar","sir","hurdle_ztnb",2025-02-01,2025,2,4297,4562,4298,4289.9,4344.75,0.9,""
"California",2025-02-15,"calendar","sir","hurdle_ztnb",2025-02-08,2025,1,3402,3656,3402.5,3378.45,3457,0.9,""
"California",2025-02-15,"calendar","sir","hurdle_ztnb",2025-02-15,2025,0,2563,2775,2564,2525.45,2694.3,0.9,""
"California",2025-02-15,"calendar","sir","hurdle_ztpoisson",2025-01-18,2025,4,3365,3642,3365,3365,3402,0.9,"The `hurdle_ztpoisson` optimizer did not pass the stability gate.
✖ Optimizer code 1: L-BFGS-B polish: NEW_X
✖ Maximum absolute gradient: 1.497.
ℹ Try `count_cumulative_process(observation = ""hurdle_ztnb"")`; the ZTNB
  magnitude law was stable in the package-wide sweep.
ℹ This finite fit is returned with `gradient_status = ""warning""`; inspect
  `fit$opt` before using it."
"California",2025-02-15,"calendar","sir","hurdle_ztpoisson",2025-01-25,2025,3,3893,4068,3893,3893,3902.3,0.9,"The `hurdle_ztpoisson` optimizer did not pass the stability gate.
✖ Optimizer code 1: L-BFGS-B polish: NEW_X
✖ Maximum absolute gradient: 1.497.
ℹ Try `count_cumulative_process(observation = ""hurdle_ztnb"")`; the ZTNB
  magnitude law was stable in the package-wide sweep.
ℹ This finite fit is returned with `gradient_status = ""warning""`; inspect
  `fit$opt` before using it."
"California",2025-02-15,"calendar","sir","hurdle_ztpoisson",2025-02-01,2025,2,4297,4562,4297,4297,4317.55,0.9,"The `hurdle_ztpoisson` optimizer did not pass the stability gate.
✖ Optimizer code 1: L-BFGS-B polish: NEW_X
✖ Maximum absolute gradient: 1.497.
ℹ Try `count_cumulative_process(observation = ""hurdle_ztnb"")`; the ZTNB
  magnitude law was stable in the package-wide sweep.
ℹ This finite fit is returned with `gradient_status = ""warning""`; inspect
  `fit$opt` before using it."
"California",2025-02-15,"calendar","sir","hurdle_ztpoisson",2025-02-08,2025,1,3402,3656,3402,3402,3427.65,0.9,"The `hurdle_ztpoisson` optimizer did not pass the stability gate.
✖ Optimizer code 1: L-BFGS-B polish: NEW_X
✖ Maximum absolute gradient: 1.497.
ℹ Try `count_cumulative_process(observation = ""hurdle_ztnb"")`; the ZTNB
  magnitude law was stable in the package-wide sweep.
ℹ This finite fit is returned with `gradient_status = ""warning""`; inspect
  `fit$opt` before using it."
"California",2025-02-15,"calendar","sir","hurdle_ztpoisson",2025-02-15,2025,0,2563,2775,2563,2563,2590.1,0.9,"The `hurdle_ztpoisson` optimizer did not pass the stability gate.
✖ Optimizer code 1: L-BFGS-B polish: NEW_X
✖ Maximum absolute gradient: 1.497.
ℹ Try `count_cumulative_process(observation = ""hurdle_ztnb"")`; the ZTNB
  magnitude law was stable in the package-wide sweep.
ℹ This finite fit is returned with `gradient_status = ""warning""`; inspect
  `fit$opt` before using it."
"California",2025-03-29,"calendar","hsgp","hurdle_ztnb",2025-03-01,2025,4,1426,1462,1427,1420.9,1473.85,0.9,""
"California",2025-03-29,"calendar","hsgp","hurdle_ztnb",2025-03-08,2025,3,1047,1068,1049,1043,1093.2,0.9,""
"California",2025-03-29,"calendar","hsgp","hurdle_ztnb",2025-03-15,2025,2,969,993,972,961.45,1026.65,0.9,""
"California",2025-03-29,"calendar","hsgp","hurdle_ztnb",2025-03-22,2025,1,692,706,697,675,773.55,0.9,""
"California",2025-03-29,"calendar","hsgp","hurdle_ztnb",2025-03-29,2025,0,488,592,501,465.45,610.65,0.9,""
"California",2025-03-29,"calendar","hsgp","hurdle_ztpoisson",2025-03-01,2025,4,1426,1462,1426,1426,1444.65,0.9,""
"California",2025-03-29,"calendar","hsgp","hurdle_ztpoisson",2025-03-08,2025,3,1047,1068,1047,1047,1062,0.9,""
"California",2025-03-29,"calendar","hsgp","hurdle_ztpoisson",2025-03-15,2025,2,969,993,969,961,986.55,0.9,""
"California",2025-03-29,"calendar","hsgp","hurdle_ztpoisson",2025-03-22,2025,1,692,706,692,676.45,713.55,0.9,""
"California",2025-03-29,"calendar","hsgp","hurdle_ztpoisson",2025-03-29,2025,0,488,592,488,350.45,520.55,0.9,""
"California",2025-03-29,"calendar","sir","hurdle_ztnb",2025-03-01,2025,4,1426,1462,1426,1420.45,1457,0.9,""
"California",2025-03-29,"calendar","sir","hurdle_ztnb",2025-03-08,2025,3,1047,1068,1047,1042,1075.55,0.9,""
"California",2025-03-29,"calendar","sir","hurdle_ztnb",2025-03-15,2025,2,969,993,970,961.45,1010,0.9,""
"California",2025-03-29,"calendar","sir","hurdle_ztnb",2025-03-22,2025,1,692,706,693,671.15,777.55,0.9,""
"California",2025-03-29,"calendar","sir","hurdle_ztnb",2025-03-29,2025,0,488,592,490,466.9,562,0.9,""
"California",2025-03-29,"calendar","sir","hurdle_ztpoisson",2025-03-01,2025,4,1426,1462,1426,1426,1426,0.9,"The `hurdle_ztpoisson` optimizer did not pass the stability gate.
✖ Optimizer code 0: L-BFGS-B polish: CONVERGENCE: REL_REDUCTION_OF_F <=
  FACTR*EPSMCH
✖ Maximum absolute gradient: 0.1064.
ℹ Try `count_cumulative_process(observation = ""hurdle_ztnb"")`; the ZTNB
  magnitude law was stable in the package-wide sweep.
ℹ This finite fit is returned with `gradient_status = ""warning""`; inspect
  `fit$opt` before using it."
"California",2025-03-29,"calendar","sir","hurdle_ztpoisson",2025-03-08,2025,3,1047,1068,1047,1047,1047,0.9,"The `hurdle_ztpoisson` optimizer did not pass the stability gate.
✖ Optimizer code 0: L-BFGS-B polish: CONVERGENCE: REL_REDUCTION_OF_F <=
  FACTR*EPSMCH
✖ Maximum absolute gradient: 0.1064.
ℹ Try `count_cumulative_process(observation = ""hurdle_ztnb"")`; the ZTNB
  magnitude law was stable in the package-wide sweep.
ℹ This finite fit is returned with `gradient_status = ""warning""`; inspect
  `fit$opt` before using it."
"California",2025-03-29,"calendar","sir","hurdle_ztpoisson",2025-03-15,2025,2,969,993,969,969,969,0.9,"The `hurdle_ztpoisson` optimizer did not pass the stability gate.
✖ Optimizer code 0: L-BFGS-B polish: CONVERGENCE: REL_REDUCTION_OF_F <=
  FACTR*EPSMCH
✖ Maximum absolute gradient: 0.1064.
ℹ Try `count_cumulative_process(observation = ""hurdle_ztnb"")`; the ZTNB
  magnitude law was stable in the package-wide sweep.
ℹ This finite fit is returned with `gradient_status = ""warning""`; inspect
  `fit$opt` before using it."
"California",2025-03-29,"calendar","sir","hurdle_ztpoisson",2025-03-22,2025,1,692,706,692,692,692,0.9,"The `hurdle_ztpoisson` optimizer did not pass the stability gate.
✖ Optimizer code 0: L-BFGS-B polish: CONVERGENCE: REL_REDUCTION_OF_F <=
  FACTR*EPSMCH
✖ Maximum absolute gradient: 0.1064.
ℹ Try `count_cumulative_process(observation = ""hurdle_ztnb"")`; the ZTNB
  magnitude law was stable in the package-wide sweep.
ℹ This finite fit is returned with `gradient_status = ""warning""`; inspect
  `fit$opt` before using it."
"California",2025-03-29,"calendar","sir","hurdle_ztpoisson",2025-03-29,2025,0,488,592,488,488,488,0.9,"The `hurdle_ztpoisson` optimizer did not pass the stability gate.
✖ Optimizer code 0: L-BFGS-B polish: CONVERGENCE: REL_REDUCTION_OF_F <=
  FACTR*EPSMCH
✖ Maximum absolute gradient: 0.1064.
ℹ Try `count_cumulative_process(observation = ""hurdle_ztnb"")`; the ZTNB
  magnitude law was stable in the package-wide sweep.
ℹ This finite fit is returned with `gradient_status = ""warning""`; inspect
  `fit$opt` before using it."
"California",2025-04-26,"calendar","hsgp","hurdle_ztnb",2025-03-29,2025,4,565,592,565,565,578.55,0.9,""
"California",2025-04-26,"calendar","hsgp","hurdle_ztnb",2025-04-05,2025,3,446,453,446,445.45,470,0.9,""
"California",2025-04-26,"calendar","hsgp","hurdle_ztnb",2025-04-12,2025,2,412,418,412.5,408,435.55,0.9,""
"California",2025-04-26,"calendar","hsgp","hurdle_ztnb",2025-04-19,2025,1,340,355,342,322,376.55,0.9,""
"California",2025-04-26,"calendar","hsgp","hurdle_ztnb",2025-04-26,2025,0,229,253,239,209.45,312.65,0.9,""
"California",2025-04-26,"calendar","hsgp","hurdle_ztpoisson",2025-03-29,2025,4,565,592,565,565,573.1,0.9,""
"California",2025-04-26,"calendar","hsgp","hurdle_ztpoisson",2025-04-05,2025,3,446,453,446,446,456.55,0.9,""
"California",2025-04-26,"calendar","hsgp","hurdle_ztpoisson",2025-04-12,2025,2,412,418,412,412,423.55,0.9,""
"California",2025-04-26,"calendar","hsgp","hurdle_ztpoisson",2025-04-19,2025,1,340,355,340,332.45,351,0.9,""
"California",2025-04-26,"calendar","hsgp","hurdle_ztpoisson",2025-04-26,2025,0,229,253,229,183.45,268.1,0.9,""
"California",2025-04-26,"calendar","sir","hurdle_ztnb",2025-03-29,2025,4,565,592,565,563.45,590.65,0.9,""
"California",2025-04-26,"calendar","sir","hurdle_ztnb",2025-04-05,2025,3,446,453,446,438,474.65,0.9,""
"California",2025-04-26,"calendar","sir","hurdle_ztnb",2025-04-12,2025,2,412,418,412,404.9,446.1,0.9,""
"California",2025-04-26,"calendar","sir","hurdle_ztnb",2025-04-19,2025,1,340,355,340,320.9,391.75,0.9,""
"California",2025-04-26,"calendar","sir","hurdle_ztnb",2025-04-26,2025,0,229,253,230.5,219.9,283.2,0.9,""
"California",2025-04-26,"calendar","sir","hurdle_ztpoisson",2025-03-29,2025,4,565,592,565,565,565,0.9,""
"California",2025-04-26,"calendar","sir","hurdle_ztpoisson",2025-04-05,2025,3,446,453,446,446,446,0.9,""
"California",2025-04-26,"calendar","sir","hurdle_ztpoisson",2025-04-12,2025,2,412,418,412,412,412,0.9,""
"California",2025-04-26,"calendar","sir","hurdle_ztpoisson",2025-04-19,2025,1,340,355,340,340,340,0.9,""
"California",2025-04-26,"calendar","sir","hurdle_ztpoisson",2025-04-26,2025,0,229,253,229,229,229,0.9,""
"California",2025-05-31,"calendar","hsgp","hurdle_ztnb",2025-05-03,2025,4,241,235,241,241,248,0.9,""
"California",2025-05-31,"calendar","hsgp","hurdle_ztnb",2025-05-10,2025,3,171,175,171,170.45,182,0.9,""
"California",2025-05-31,"calendar","hsgp","hurdle_ztnb",2025-05-17,2025,2,167,168,167,164,181,0.9,""
"California",2025-05-31,"calendar","hsgp","hurdle_ztnb",2025-05-24,2025,1,179,183,179,173.45,205,0.9,""
"California",2025-05-31,"calendar","hsgp","hurdle_ztnb",2025-05-31,2025,0,164,188,169.5,159,218,0.9,""
"California",2025-05-31,"calendar","hsgp","hurdle_ztpoisson",2025-05-03,2025,4,241,235,241,241,241,0.9,""
"California",2025-05-31,"calendar","hsgp","hurdle_ztpoisson",2025-05-10,2025,3,171,175,171,171,173.75,0.9,""
"California",2025-05-31,"calendar","hsgp","hurdle_ztpoisson",2025-05-17,2025,2,167,168,167,167,174,0.9,""
"California",2025-05-31,"calendar","hsgp","hurdle_ztpoisson",2025-05-24,2025,1,179,183,179,179,188,0.9,""
"California",2025-05-31,"calendar","hsgp","hurdle_ztpoisson",2025-05-31,2025,0,164,188,164,128,191.55,0.9,""
"California",2025-05-31,"calendar","sir","hurdle_ztnb",2025-05-03,2025,4,241,235,241,241,255.55,0.9,""
"California",2025-05-31,"calendar","sir","hurdle_ztnb",2025-05-10,2025,3,171,175,171,171,196,0.9,""
"California",2025-05-31,"calendar","sir","hurdle_ztnb",2025-05-17,2025,2,167,168,167,164,196.2,0.9,""
"California",2025-05-31,"calendar","sir","hurdle_ztnb",2025-05-24,2025,1,179,183,179,175.45,206.65,0.9,""
"California",2025-05-31,"calendar","sir","hurdle_ztnb",2025-05-31,2025,0,164,188,165,154,193,0.9,""
"California",2025-05-31,"calendar","sir","hurdle_ztpoisson",2025-05-03,2025,4,241,235,241,241,241,0.9,"The `hurdle_ztpoisson` optimizer did not pass the stability gate.
✖ Optimizer code 0: L-BFGS-B polish: CONVERGENCE: REL_REDUCTION_OF_F <=
  FACTR*EPSMCH
✖ Maximum absolute gradient: 0.5663.
ℹ Try `count_cumulative_process(observation = ""hurdle_ztnb"")`; the ZTNB
  magnitude law was stable in the package-wide sweep.
ℹ This finite fit is returned with `gradient_status = ""warning""`; inspect
  `fit$opt` before using it."
"California",2025-05-31,"calendar","sir","hurdle_ztpoisson",2025-05-10,2025,3,171,175,171,171,171,0.9,"The `hurdle_ztpoisson` optimizer did not pass the stability gate.
✖ Optimizer code 0: L-BFGS-B polish: CONVERGENCE: REL_REDUCTION_OF_F <=
  FACTR*EPSMCH
✖ Maximum absolute gradient: 0.5663.
ℹ Try `count_cumulative_process(observation = ""hurdle_ztnb"")`; the ZTNB
  magnitude law was stable in the package-wide sweep.
ℹ This finite fit is returned with `gradient_status = ""warning""`; inspect
  `fit$opt` before using it."
"California",2025-05-31,"calendar","sir","hurdle_ztpoisson",2025-05-17,2025,2,167,168,167,167,167,0.9,"The `hurdle_ztpoisson` optimizer did not pass the stability gate.
✖ Optimizer code 0: L-BFGS-B polish: CONVERGENCE: REL_REDUCTION_OF_F <=
  FACTR*EPSMCH
✖ Maximum absolute gradient: 0.5663.
ℹ Try `count_cumulative_process(observation = ""hurdle_ztnb"")`; the ZTNB
  magnitude law was stable in the package-wide sweep.
ℹ This finite fit is returned with `gradient_status = ""warning""`; inspect
  `fit$opt` before using it."
"California",2025-05-31,"calendar","sir","hurdle_ztpoisson",2025-05-24,2025,1,179,183,179,179,179,0.9,"The `hurdle_ztpoisson` optimizer did not pass the stability gate.
✖ Optimizer code 0: L-BFGS-B polish: CONVERGENCE: REL_REDUCTION_OF_F <=
  FACTR*EPSMCH
✖ Maximum absolute gradient: 0.5663.
ℹ Try `count_cumulative_process(observation = ""hurdle_ztnb"")`; the ZTNB
  magnitude law was stable in the package-wide sweep.
ℹ This finite fit is returned with `gradient_status = ""warning""`; inspect
  `fit$opt` before using it."
"California",2025-05-31,"calendar","sir","hurdle_ztpoisson",2025-05-31,2025,0,164,188,164,164,164,0.9,"The `hurdle_ztpoisson` optimizer did not pass the stability gate.
✖ Optimizer code 0: L-BFGS-B polish: CONVERGENCE: REL_REDUCTION_OF_F <=
  FACTR*EPSMCH
✖ Maximum absolute gradient: 0.5663.
ℹ Try `count_cumulative_process(observation = ""hurdle_ztnb"")`; the ZTNB
  magnitude law was stable in the package-wide sweep.
ℹ This finite fit is returned with `gradient_status = ""warning""`; inspect
  `fit$opt` before using it."
"Colorado",2025-01-02,"calendar","hsgp","hurdle_ztnb",2024-11-30,2024,4,65,67,65,65,73.55,0.9,""
"Colorado",2025-01-02,"calendar","hsgp","hurdle_ztnb",2024-12-07,2024,3,90,90,90,90,101.55,0.9,""
"Colorado",2025-01-02,"calendar","hsgp","hurdle_ztnb",2024-12-14,2024,2,132,129,133,131,144,0.9,""
"Colorado",2025-01-02,"calendar","hsgp","hurdle_ztnb",2024-12-21,2024,1,178,179,180,175.45,193,0.9,""
"Colorado",2025-01-02,"calendar","hsgp","hurdle_ztnb",2024-12-28,2024,0,470,475,474,463,494,0.9,""
"Colorado",2025-01-02,"calendar","hsgp","hurdle_ztpoisson",2024-11-30,2024,4,65,67,65,65,67,0.9,""
"Colorado",2025-01-02,"calendar","hsgp","hurdle_ztpoisson",2024-12-07,2024,3,90,90,90,90,94,0.9,""
"Colorado",2025-01-02,"calendar","hsgp","hurdle_ztpoisson",2024-12-14,2024,2,132,129,132,132,138,0.9,""
"Colorado",2025-01-02,"calendar","hsgp","hurdle_ztpoisson",2024-12-21,2024,1,178,179,178,174,191.55,0.9,""
"Colorado",2025-01-02,"calendar","hsgp","hurdle_ztpoisson",2024-12-28,2024,0,470,475,476,453,507,0.9,""
"Colorado",2025-01-02,"calendar","sir","hurdle_ztnb",2024-11-30,2024,4,65,67,65,65,72,0.9,""
"Colorado",2025-01-02,"calendar","sir","hurdle_ztnb",2024-12-07,2024,3,90,90,90,90,96,0.9,""
"Colorado",2025-01-02,"calendar","sir","hurdle_ztnb",2024-12-14,2024,2,132,129,132,132,139,0.9,""
"Colorado",2025-01-02,"calendar","sir","hurdle_ztnb",2024-12-21,2024,1,178,179,178,177.45,187.55,0.9,""
"Colorado",2025-01-02,"calendar","sir","hurdle_ztnb",2024-12-28,2024,0,470,475,470,467,486.1,0.9,""
"Colorado",2025-01-02,"calendar","sir","hurdle_ztpoisson",2024-11-30,2024,4,65,67,65,65,65,0.9,""
"Colorado",2025-01-02,"calendar","sir","hurdle_ztpoisson",2024-12-07,2024,3,90,90,94,89,105,0.9,""
"Colorado",2025-01-02,"calendar","sir","hurdle_ztpoisson",2024-12-14,2024,2,132,129,132,132,136,0.9,""
"Colorado",2025-01-02,"calendar","sir","hurdle_ztpoisson",2024-12-21,2024,1,178,179,178,178,185,0.9,""
"Colorado",2025-01-02,"calendar","sir","hurdle_ztpoisson",2024-12-28,2024,0,470,475,474,464.45,500,0.9,""
"Colorado",2025-02-15,"calendar","hsgp","hurdle_ztnb",2025-01-18,2025,4,441,441,446,441,468.55,0.9,""
"Colorado",2025-02-15,"calendar","hsgp","hurdle_ztnb",2025-01-25,2025,3,456,456,464,451.8,490,0.9,""
"Colorado",2025-02-15,"calendar","hsgp","hurdle_ztnb",2025-02-01,2025,2,543,543,555.5,540.45,603.2,0.9,""
"Colorado",2025-02-15,"calendar","hsgp","hurdle_ztnb",2025-02-08,2025,1,604,622,622,584.7,704.2,0.9,""
"Colorado",2025-02-15,"calendar","hsgp","hurdle_ztnb",2025-02-15,2025,0,573,583,598,497.9,775.55,0.9,""
"Colorado",2025-02-15,"calendar","hsgp","hurdle_ztpoisson",2025-01-18,2025,4,441,441,441,436.45,448,0.9,""
"Colorado",2025-02-15,"calendar","hsgp","hurdle_ztpoisson",2025-01-25,2025,3,456,456,456,453,463,0.9,""
"Colorado",2025-02-15,"calendar","hsgp","hurdle_ztpoisson",2025-02-01,2025,2,543,543,543,538,553,0.9,""
"Colorado",2025-02-15,"calendar","hsgp","hurdle_ztpoisson",2025-02-08,2025,1,604,622,604,589,616,0.9,""
"Colorado",2025-02-15,"calendar","hsgp","hurdle_ztpoisson",2025-02-15,2025,0,573,583,573,414.45,596.55,0.9,""
"Colorado",2025-02-15,"calendar","sir","hurdle_ztnb",2025-01-18,2025,4,441,441,442,441,456,0.9,""
"Colorado",2025-02-15,"calendar","sir","hurdle_ztnb",2025-01-25,2025,3,456,456,457,454,475.55,0.9,""
"Colorado",2025-02-15,"calendar","sir","hurdle_ztnb",2025-02-01,2025,2,543,543,545,540,564.55,0.9,""
"Colorado",2025-02-15,"calendar","sir","hurdle_ztnb",2025-02-08,2025,1,604,622,607,598.9,641.55,0.9,""
"Colorado",2025-02-15,"calendar","sir","hurdle_ztnb",2025-02-15,2025,0,573,583,577,559.35,642.3,0.9,""
"Colorado",2025-02-15,"calendar","sir","hurdle_ztpoisson",2025-01-18,2025,4,441,441,447,439,460,0.9,""
"Colorado",2025-02-15,"calendar","sir","hurdle_ztpoisson",2025-01-25,2025,3,456,456,456,456,461,0.9,""
"Colorado",2025-02-15,"calendar","sir","hurdle_ztpoisson",2025-02-01,2025,2,543,543,543,540.45,552,0.9,""
"Colorado",2025-02-15,"calendar","sir","hurdle_ztpoisson",2025-02-08,2025,1,604,622,604,601,615,0.9,""
"Colorado",2025-02-15,"calendar","sir","hurdle_ztpoisson",2025-02-15,2025,0,573,583,573,549.8,603.55,0.9,""
"Colorado",2025-03-29,"calendar","hsgp","hurdle_ztnb",2025-03-01,2025,4,381,381,381,381,391,0.9,""
"Colorado",2025-03-29,"calendar","hsgp","hurdle_ztnb",2025-03-08,2025,3,311,311,311,311,320,0.9,""
"Colorado",2025-03-29,"calendar","hsgp","hurdle_ztnb",2025-03-15,2025,2,215,215,215,215,227.55,0.9,""
"Colorado",2025-03-29,"calendar","hsgp","hurdle_ztnb",2025-03-22,2025,1,162,162,162,161,175.55,0.9,""
"Colorado",2025-03-29,"calendar","hsgp","hurdle_ztnb",2025-03-29,2025,0,117,121,118,109,137.55,0.9,""
"Colorado",2025-03-29,"calendar","hsgp","hurdle_ztpoisson",2025-03-01,2025,4,381,381,381,381,387,0.9,""
"Colorado",2025-03-29,"calendar","hsgp","hurdle_ztpoisson",2025-03-08,2025,3,311,311,311,308.45,316,0.9,""
"Colorado",2025-03-29,"calendar","hsgp","hurdle_ztpoisson",2025-03-15,2025,2,215,215,215,212,221,0.9,""
"Colorado",2025-03-29,"calendar","hsgp","hurdle_ztpoisson",2025-03-22,2025,1,162,162,162,157,170,0.9,""
"Colorado",2025-03-29,"calendar","hsgp","hurdle_ztpoisson",2025-03-29,2025,0,117,121,117,83,139.55,0.9,""
"Colorado",2025-03-29,"calendar","sir","hurdle_ztnb",2025-03-01,2025,4,381,381,381,381,391,0.9,""
"Colorado",2025-03-29,"calendar","sir","hurdle_ztnb",2025-03-08,2025,3,311,311,311,311,323,0.9,""
"Colorado",2025-03-29,"calendar","sir","hurdle_ztnb",2025-03-15,2025,2,215,215,215,214,230.1,0.9,""
"Colorado",2025-03-29,"calendar","sir","hurdle_ztnb",2025-03-22,2025,1,162,162,163,159.45,177.55,0.9,""
"Colorado",2025-03-29,"calendar","sir","hurdle_ztnb",2025-03-29,2025,0,117,121,118,109.45,148.55,0.9,""
"Colorado",2025-03-29,"calendar","sir","hurdle_ztpoisson",2025-03-01,2025,4,381,381,381,381,383.55,0.9,""
"Colorado",2025-03-29,"calendar","sir","hurdle_ztpoisson",2025-03-08,2025,3,311,311,311,311,313,0.9,""
"Colorado",2025-03-29,"calendar","sir","hurdle_ztpoisson",2025-03-15,2025,2,215,215,215,215,218,0.9,""
"Colorado",2025-03-29,"calendar","sir","hurdle_ztpoisson",2025-03-22,2025,1,162,162,162,162,165,0.9,""
"Colorado",2025-03-29,"calendar","sir","hurdle_ztpoisson",2025-03-29,2025,0,117,121,117,117,120.55,0.9,""
"Colorado",2025-04-26,"calendar","hsgp","hurdle_ztnb",2025-03-29,2025,4,121,121,121,121,125,0.9,""
"Colorado",2025-04-26,"calendar","hsgp","hurdle_ztnb",2025-04-05,2025,3,86,86,86,86,91,0.9,""
"Colorado",2025-04-26,"calendar","hsgp","hurdle_ztnb",2025-04-12,2025,2,59,62,59,59,64.55,0.9,""
"Colorado",2025-04-26,"calendar","hsgp","hurdle_ztnb",2025-04-19,2025,1,40,40,40,40,47.55,0.9,""
"Colorado",2025-04-26,"calendar","hsgp","hurdle_ztnb",2025-04-26,2025,0,42,42,42,38.45,54,0.9,""
"Colorado",2025-04-26,"calendar","hsgp","hurdle_ztpoisson",2025-03-29,2025,4,121,121,121,121,125.55,0.9,""
"Colorado",2025-04-26,"calendar","hsgp","hurdle_ztpoisson",2025-04-05,2025,3,86,86,86,86,90,0.9,""
"Colorado",2025-04-26,"calendar","hsgp","hurdle_ztpoisson",2025-04-12,2025,2,59,62,59,59,63,0.9,""
"Colorado",2025-04-26,"calendar","hsgp","hurdle_ztpoisson",2025-04-19,2025,1,40,40,40,37,44.55,0.9,""
"Colorado",2025-04-26,"calendar","hsgp","hurdle_ztpoisson",2025-04-26,2025,0,42,42,42,33.45,49,0.9,""
"Colorado",2025-04-26,"calendar","sir","hurdle_ztnb",2025-03-29,2025,4,121,121,121,121,128,0.9,""
"Colorado",2025-04-26,"calendar","sir","hurdle_ztnb",2025-04-05,2025,3,86,86,86,86,95,0.9,""
"Colorado",2025-04-26,"calendar","sir","hurdle_ztnb",2025-04-12,2025,2,59,62,59,59,68.55,0.9,""
"Colorado",2025-04-26,"calendar","sir","hurdle_ztnb",2025-04-19,2025,1,40,40,40,40,52.55,0.9,""
"Colorado",2025-04-26,"calendar","sir","hurdle_ztnb",2025-04-26,2025,0,42,42,42,38,62.1,0.9,""
"Colorado",2025-04-26,"calendar","sir","hurdle_ztpoisson",2025-03-29,2025,4,121,121,121,121,121,0.9,""
"Colorado",2025-04-26,"calendar","sir","hurdle_ztpoisson",2025-04-05,2025,3,86,86,86,86,86,0.9,""
"Colorado",2025-04-26,"calendar","sir","hurdle_ztpoisson",2025-04-12,2025,2,59,62,59,59,59,0.9,""
"Colorado",2025-04-26,"calendar","sir","hurdle_ztpoisson",2025-04-19,2025,1,40,40,40,40,40,0.9,""
"Colorado",2025-04-26,"calendar","sir","hurdle_ztpoisson",2025-04-26,2025,0,42,42,42,42,42,0.9,""
"Colorado",2025-05-31,"calendar","hsgp","hurdle_ztnb",2025-05-03,2025,4,30,30,30,30,31,0.9,""
"Colorado",2025-05-31,"calendar","hsgp","hurdle_ztnb",2025-05-10,2025,3,36,36,36,36,37.55,0.9,""
"Colorado",2025-05-31,"calendar","hsgp","hurdle_ztnb",2025-05-17,2025,2,17,19,17,17,20,0.9,""
"Colorado",2025-05-31,"calendar","hsgp","hurdle_ztnb",2025-05-24,2025,1,15,15,15,15,19,0.9,""
"Colorado",2025-05-31,"calendar","hsgp","hurdle_ztnb",2025-05-31,2025,0,17,19,17,16,26.55,0.9,""
"Colorado",2025-05-31,"calendar","hsgp","hurdle_ztpoisson",2025-05-03,2025,4,30,30,30,30,30,0.9,""
"Colorado",2025-05-31,"calendar","hsgp","hurdle_ztpoisson",2025-05-10,2025,3,36,36,36,36,36,0.9,""
"Colorado",2025-05-31,"calendar","hsgp","hurdle_ztpoisson",2025-05-17,2025,2,17,19,17,17,18,0.9,""
"Colorado",2025-05-31,"calendar","hsgp","hurdle_ztpoisson",2025-05-24,2025,1,15,15,15,15,17.55,0.9,""
"Colorado",2025-05-31,"calendar","hsgp","hurdle_ztpoisson",2025-05-31,2025,0,17,19,17,11,21.55,0.9,""
"Colorado",2025-05-31,"calendar","sir","hurdle_ztnb",2025-05-03,2025,4,30,30,30,30,32.55,0.9,""
"Colorado",2025-05-31,"calendar","sir","hurdle_ztnb",2025-05-10,2025,3,36,36,36,36,41,0.9,""
"Colorado",2025-05-31,"calendar","sir","hurdle_ztnb",2025-05-17,2025,2,17,19,17,17,25.55,0.9,""
"Colorado",2025-05-31,"calendar","sir","hurdle_ztnb",2025-05-24,2025,1,15,15,15,15,28.55,0.9,""
"Colorado",2025-05-31,"calendar","sir","hurdle_ztnb",2025-05-31,2025,0,17,19,17,16,30.55,0.9,""
"Colorado",2025-05-31,"calendar","sir","hurdle_ztpoisson",2025-05-03,2025,4,30,30,30,30,30,0.9,""
"Colorado",2025-05-31,"calendar","sir","hurdle_ztpoisson",2025-05-10,2025,3,36,36,36,36,36,0.9,""
"Colorado",2025-05-31,"calendar","sir","hurdle_ztpoisson",2025-05-17,2025,2,17,19,17,17,17,0.9,""
"Colorado",2025-05-31,"calendar","sir","hurdle_ztpoisson",2025-05-24,2025,1,15,15,15,15,15,0.9,""
"Colorado",2025-05-31,"calendar","sir","hurdle_ztpoisson",2025-05-31,2025,0,17,19,17,17,17,0.9,""
"Connecticut",2025-01-02,"calendar","hsgp","hurdle_ztnb",2024-11-30,2024,4,10,11,10,10,12,0.9,""
"Connecticut",2025-01-02,"calendar","hsgp","hurdle_ztnb",2024-12-07,2024,3,13,13,13,13,15,0.9,""
"Connecticut",2025-01-02,"calendar","hsgp","hurdle_ztnb",2024-12-14,2024,2,24,24,24,24,27,0.9,""
"Connecticut",2025-01-02,"calendar","hsgp","hurdle_ztnb",2024-12-21,2024,1,42,45,42,42,47.55,0.9,""
"Connecticut",2025-01-02,"calendar","hsgp","hurdle_ztnb",2024-12-28,2024,0,148,148,148,148,157,0.9,""
"Connecticut",2025-01-02,"calendar","hsgp","hurdle_ztpoisson",2024-11-30,2024,4,10,11,10,10,10,0.9,""
"Connecticut",2025-01-02,"calendar","hsgp","hurdle_ztpoisson",2024-12-07,2024,3,13,13,13,13,13,0.9,""
"Connecticut",2025-01-02,"calendar","hsgp","hurdle_ztpoisson",2024-12-14,2024,2,24,24,24,24,24,0.9,""
"Connecticut",2025-01-02,"calendar","hsgp","hurdle_ztpoisson",2024-12-21,2024,1,42,45,42,42,45.55,0.9,""
"Connecticut",2025-01-02,"calendar","hsgp","hurdle_ztpoisson",2024-12-28,2024,0,148,148,148,144,158,0.9,""
"Connecticut",2025-01-02,"calendar","sir","hurdle_ztnb",2024-11-30,2024,4,10,11,10,10,12,0.9,""
"Connecticut",2025-01-02,"calendar","sir","hurdle_ztnb",2024-12-07,2024,3,13,13,13,13,14.55,0.9,""
"Connecticut",2025-01-02,"calendar","sir","hurdle_ztnb",2024-12-14,2024,2,24,24,24,24,28.55,0.9,""
"Connecticut",2025-01-02,"calendar","sir","hurdle_ztnb",2024-12-21,2024,1,42,45,42,42,48,0.9,""
"Connecticut",2025-01-02,"calendar","sir","hurdle_ztnb",2024-12-28,2024,0,148,148,148,148,156,0.9,""
"Connecticut",2025-01-02,"calendar","sir","hurdle_ztpoisson",2024-11-30,2024,4,10,11,10,10,10,0.9,""
"Connecticut",2025-01-02,"calendar","sir","hurdle_ztpoisson",2024-12-07,2024,3,13,13,13,13,13,0.9,""
"Connecticut",2025-01-02,"calendar","sir","hurdle_ztpoisson",2024-12-14,2024,2,24,24,24,24,27,0.9,""
"Connecticut",2025-01-02,"calendar","sir","hurdle_ztpoisson",2024-12-21,2024,1,42,45,42,42,47,0.9,""
"Connecticut",2025-01-02,"calendar","sir","hurdle_ztpoisson",2024-12-28,2024,0,148,148,148,148,163.55,0.9,""
"Connecticut",2025-02-15,"calendar","hsgp","hurdle_ztnb",2025-01-18,2025,4,245,251,251,245,277.55,0.9,""
"Connecticut",2025-02-15,"calendar","hsgp","hurdle_ztnb",2025-01-25,2025,3,378,385,388,372.9,415,0.9,""
"Connecticut",2025-02-15,"calendar","hsgp","hurdle_ztnb",2025-02-01,2025,2,466,493,476,452.45,521.55,0.9,""
"Connecticut",2025-02-15,"calendar","hsgp","hurdle_ztnb",2025-02-08,2025,1,537,538,555.5,495.9,641,0.9,""
"Connecticut",2025-02-15,"calendar","hsgp","hurdle_ztnb",2025-02-15,2025,0,499,499,522,427.6,727.75,0.9,""
"Connecticut",2025-02-15,"calendar","hsgp","hurdle_ztpoisson",2025-01-18,2025,4,245,251,245,238,259,0.9,""
"Connecticut",2025-02-15,"calendar","hsgp","hurdle_ztpoisson",2025-01-25,2025,3,378,385,378,369.45,394.55,0.9,""
"Connecticut",2025-02-15,"calendar","hsgp","hurdle_ztpoisson",2025-02-01,2025,2,466,493,466,452,488,0.9,""
"Connecticut",2025-02-15,"calendar","hsgp","hurdle_ztpoisson",2025-02-08,2025,1,537,538,537,495.45,582.1,0.9,""
"Connecticut",2025-02-15,"calendar","hsgp","hurdle_ztpoisson",2025-02-15,2025,0,499,499,499,340.9,663,0.9,""
"Connecticut",2025-02-15,"calendar","sir","hurdle_ztnb",2025-01-18,2025,4,245,251,245,245,256,0.9,""
"Connecticut",2025-02-15,"calendar","sir","hurdle_ztnb",2025-01-25,2025,3,378,385,378,377.45,389.65,0.9,""
"Connecticut",2025-02-15,"calendar","sir","hurdle_ztnb",2025-02-01,2025,2,466,493,466,466,484.2,0.9,""
"Connecticut",2025-02-15,"calendar","sir","hurdle_ztnb",2025-02-08,2025,1,537,538,537,529.9,559.55,0.9,""
"Connecticut",2025-02-15,"calendar","sir","hurdle_ztnb",2025-02-15,2025,0,499,499,499,485,524,0.9,""
"Connecticut",2025-02-15,"calendar","sir","hurdle_ztpoisson",2025-01-18,2025,4,245,251,250.5,242.45,269.55,0.9,""
"Connecticut",2025-02-15,"calendar","sir","hurdle_ztpoisson",2025-01-25,2025,3,378,385,378,378,387,0.9,""
"Connecticut",2025-02-15,"calendar","sir","hurdle_ztpoisson",2025-02-01,2025,2,466,493,466,464,478,0.9,""
"Connecticut",2025-02-15,"calendar","sir","hurdle_ztpoisson",2025-02-08,2025,1,537,538,537,525,563.55,0.9,""
"Connecticut",2025-02-15,"calendar","sir","hurdle_ztpoisson",2025-02-15,2025,0,499,499,502,457.8,546.65,0.9,""
"Connecticut",2025-03-29,"calendar","hsgp","hurdle_ztnb",2025-03-01,2025,4,278,278,278,278,288,0.9,""
"Connecticut",2025-03-29,"calendar","hsgp","hurdle_ztnb",2025-03-08,2025,3,187,187,187,187,196.55,0.9,""
"Connecticut",2025-03-29,"calendar","hsgp","hurdle_ztnb",2025-03-15,2025,2,147,153,147,147,157.55,0.9,""
"Connecticut",2025-03-29,"calendar","hsgp","hurdle_ztnb",2025-03-22,2025,1,118,118,118,114.45,130.55,0.9,""
"Connecticut",2025-03-29,"calendar","hsgp","hurdle_ztnb",2025-03-29,2025,0,77,77,77,69.45,94,0.9,""
"Connecticut",2025-03-29,"calendar","hsgp","hurdle_ztpoisson",2025-03-01,2025,4,278,278,278,273,286,0.9,""
"Connecticut",2025-03-29,"calendar","hsgp","hurdle_ztpoisson",2025-03-08,2025,3,187,187,187,182,195,0.9,""
"Connecticut",2025-03-29,"calendar","hsgp","hurdle_ztpoisson",2025-03-15,2025,2,147,153,147,141,158,0.9,""
"Connecticut",2025-03-29,"calendar","hsgp","hurdle_ztpoisson",2025-03-22,2025,1,118,118,118,108,131,0.9,""
"Connecticut",2025-03-29,"calendar","hsgp","hurdle_ztpoisson",2025-03-29,2025,0,77,77,77,47.45,108,0.9,""
"Connecticut",2025-03-29,"calendar","sir","hurdle_ztnb",2025-03-01,2025,4,278,278,278,278,283.55,0.9,""
"Connecticut",2025-03-29,"calendar","sir","hurdle_ztnb",2025-03-08,2025,3,187,187,187,187,195.1,0.9,""
"Connecticut",2025-03-29,"calendar","sir","hurdle_ztnb",2025-03-15,2025,2,147,153,147,143,158.55,0.9,""
"Connecticut",2025-03-29,"calendar","sir","hurdle_ztnb",2025-03-22,2025,1,118,118,118,114.45,134,0.9,""
"Connecticut",2025-03-29,"calendar","sir","hurdle_ztnb",2025-03-29,2025,0,77,77,77,70,97,0.9,""
"Connecticut",2025-03-29,"calendar","sir","hurdle_ztpoisson",2025-03-01,2025,4,278,278,278,278,284.55,0.9,""
"Connecticut",2025-03-29,"calendar","sir","hurdle_ztpoisson",2025-03-08,2025,3,187,187,187,187,193,0.9,""
"Connecticut",2025-03-29,"calendar","sir","hurdle_ztpoisson",2025-03-15,2025,2,147,153,147,147,155,0.9,""
"Connecticut",2025-03-29,"calendar","sir","hurdle_ztpoisson",2025-03-22,2025,1,118,118,118,118,126.55,0.9,""
"Connecticut",2025-03-29,"calendar","sir","hurdle_ztpoisson",2025-03-29,2025,0,77,77,77,71,87,0.9,""
"Connecticut",2025-04-26,"calendar","hsgp","hurdle_ztnb",2025-03-29,2025,4,77,77,77,77,79,0.9,""
"Connecticut",2025-04-26,"calendar","hsgp","hurdle_ztnb",2025-04-05,2025,3,53,53,53,53,56,0.9,""
"Connecticut",2025-04-26,"calendar","hsgp","hurdle_ztnb",2025-04-12,2025,2,39,40,39,39,45,0.9,""
"Connecticut",2025-04-26,"calendar","hsgp","hurdle_ztnb",2025-04-19,2025,1,34,34,34,34,38,0.9,""
"Connecticut",2025-04-26,"calendar","hsgp","hurdle_ztnb",2025-04-26,2025,0,61,53,61,56,72,0.9,""
"Connecticut",2025-04-26,"calendar","hsgp","hurdle_ztpoisson",2025-03-29,2025,4,77,77,77,75.35,83.55,0.9,""
"Connecticut",2025-04-26,"calendar","hsgp","hurdle_ztpoisson",2025-04-05,2025,3,53,53,53,52,58.55,0.9,""
"Connecticut",2025-04-26,"calendar","hsgp","hurdle_ztpoisson",2025-04-12,2025,2,39,40,39,34,47,0.9,""
"Connecticut",2025-04-26,"calendar","hsgp","hurdle_ztpoisson",2025-04-19,2025,1,34,34,34,28.45,42,0.9,""
"Connecticut",2025-04-26,"calendar","hsgp","hurdle_ztpoisson",2025-04-26,2025,0,61,53,61,43,79.55,0.9,""
"Connecticut",2025-04-26,"calendar","sir","hurdle_ztnb",2025-03-29,2025,4,77,77,77,77,83.55,0.9,""
"Connecticut",2025-04-26,"calendar","sir","hurdle_ztnb",2025-04-05,2025,3,53,53,53,53,61.1,0.9,""
"Connecticut",2025-04-26,"calendar","sir","hurdle_ztnb",2025-04-12,2025,2,39,40,39,39,49,0.9,""
"Connecticut",2025-04-26,"calendar","sir","hurdle_ztnb",2025-04-19,2025,1,34,34,34,32,46,0.9,""
"Connecticut",2025-04-26,"calendar","sir","hurdle_ztnb",2025-04-26,2025,0,61,53,61,56,88,0.9,""
"Connecticut",2025-04-26,"calendar","sir","hurdle_ztpoisson",2025-03-29,2025,4,77,77,77,77,77,0.9,""
"Connecticut",2025-04-26,"calendar","sir","hurdle_ztpoisson",2025-04-05,2025,3,53,53,53,53,53,0.9,""
"Connecticut",2025-04-26,"calendar","sir","hurdle_ztpoisson",2025-04-12,2025,2,39,40,39,39,41.55,0.9,""
"Connecticut",2025-04-26,"calendar","sir","hurdle_ztpoisson",2025-04-19,2025,1,34,34,34,34,38,0.9,""
"Connecticut",2025-04-26,"calendar","sir","hurdle_ztpoisson",2025-04-26,2025,0,61,53,61,59,68,0.9,""
"Connecticut",2025-05-31,"calendar","hsgp","hurdle_ztnb",2025-05-03,2025,4,25,25,25,25,25,0.9,""
"Connecticut",2025-05-31,"calendar","hsgp","hurdle_ztnb",2025-05-10,2025,3,9,9,9,9,9,0.9,""
"Connecticut",2025-05-31,"calendar","hsgp","hurdle_ztnb",2025-05-17,2025,2,17,17,17,17,20.55,0.9,""
"Connecticut",2025-05-31,"calendar","hsgp","hurdle_ztnb",2025-05-24,2025,1,14,14,14,14,18,0.9,""
"Connecticut",2025-05-31,"calendar","hsgp","hurdle_ztnb",2025-05-31,2025,0,16,16,16,14,24.55,0.9,""
"Connecticut",2025-05-31,"calendar","hsgp","hurdle_ztpoisson",2025-05-03,2025,4,25,25,25,25,25,0.9,""
"Connecticut",2025-05-31,"calendar","hsgp","hurdle_ztpoisson",2025-05-10,2025,3,9,9,9,9,9,0.9,""
"Connecticut",2025-05-31,"calendar","hsgp","hurdle_ztpoisson",2025-05-17,2025,2,17,17,17,17,20,0.9,""
"Connecticut",2025-05-31,"calendar","hsgp","hurdle_ztpoisson",2025-05-24,2025,1,14,14,14,12,19,0.9,""
"Connecticut",2025-05-31,"calendar","hsgp","hurdle_ztpoisson",2025-05-31,2025,0,16,16,16,8,23,0.9,""
"Connecticut",2025-05-31,"calendar","sir","hurdle_ztnb",2025-05-03,2025,4,25,25,25,25,26,0.9,""
"Connecticut",2025-05-31,"calendar","sir","hurdle_ztnb",2025-05-10,2025,3,9,9,9,9,12,0.9,""
"Connecticut",2025-05-31,"calendar","sir","hurdle_ztnb",2025-05-17,2025,2,17,17,17,17,21,0.9,""
"Connecticut",2025-05-31,"calendar","sir","hurdle_ztnb",2025-05-24,2025,1,14,14,14,14,22.55,0.9,""
"Connecticut",2025-05-31,"calendar","sir","hurdle_ztnb",2025-05-31,2025,0,16,16,16,11.45,25.55,0.9,""
"Connecticut",2025-05-31,"calendar","sir","hurdle_ztpoisson",2025-05-03,2025,4,25,25,25,25,25,0.9,""
"Connecticut",2025-05-31,"calendar","sir","hurdle_ztpoisson",2025-05-10,2025,3,9,9,9,9,9,0.9,""
"Connecticut",2025-05-31,"calendar","sir","hurdle_ztpoisson",2025-05-17,2025,2,17,17,17,17,17,0.9,""
"Connecticut",2025-05-31,"calendar","sir","hurdle_ztpoisson",2025-05-24,2025,1,14,14,14,14,14,0.9,""
"Connecticut",2025-05-31,"calendar","sir","hurdle_ztpoisson",2025-05-31,2025,0,16,16,16,16,16,0.9,""
"Delaware",2025-01-02,"calendar","hsgp","hurdle_ztnb",2024-11-30,2024,4,5,5,5,4,8,0.9,""
"Delaware",2025-01-02,"calendar","hsgp","hurdle_ztnb",2024-12-07,2024,3,15,15,15,13,19,0.9,""
"Delaware",2025-01-02,"calendar","hsgp","hurdle_ztnb",2024-12-14,2024,2,15,15,15,12,21,0.9,""
"Delaware",2025-01-02,"calendar","hsgp","hurdle_ztnb",2024-12-21,2024,1,43,43,43,37,50,0.9,""
"Delaware",2025-01-02,"calendar","hsgp","hurdle_ztnb",2024-12-28,2024,0,79,96,80,72.45,93.55,0.9,""
"Delaware",2025-01-02,"calendar","hsgp","hurdle_ztpoisson",2024-11-30,2024,4,5,5,5,5,8,0.9,""
"Delaware",2025-01-02,"calendar","hsgp","hurdle_ztpoisson",2024-12-07,2024,3,15,15,15,13,18,0.9,""
"Delaware",2025-01-02,"calendar","hsgp","hurdle_ztpoisson",2024-12-14,2024,2,15,15,15,13,20,0.9,""
"Delaware",2025-01-02,"calendar","hsgp","hurdle_ztpoisson",2024-12-21,2024,1,43,43,43,39,51,0.9,""
"Delaware",2025-01-02,"calendar","hsgp","hurdle_ztpoisson",2024-12-28,2024,0,79,96,80,67,96.55,0.9,""
"Delaware",2025-01-02,"calendar","sir","hurdle_ztnb",2024-11-30,2024,4,5,5,5,5,5,0.9,""
"Delaware",2025-01-02,"calendar","sir","hurdle_ztnb",2024-12-07,2024,3,15,15,15,15,15,0.9,""
"Delaware",2025-01-02,"calendar","sir","hurdle_ztnb",2024-12-14,2024,2,15,15,15,15,15,0.9,""
"Delaware",2025-01-02,"calendar","sir","hurdle_ztnb",2024-12-21,2024,1,43,43,43,43,43,0.9,""
"Delaware",2025-01-02,"calendar","sir","hurdle_ztnb",2024-12-28,2024,0,79,96,79,79,79,0.9,""
"Delaware",2025-01-02,"calendar","sir","hurdle_ztpoisson",2024-11-30,2024,4,5,5,5,5,5,0.9,""
"Delaware",2025-01-02,"calendar","sir","hurdle_ztpoisson",2024-12-07,2024,3,15,15,15,15,15,0.9,""
"Delaware",2025-01-02,"calendar","sir","hurdle_ztpoisson",2024-12-14,2024,2,15,15,15,15,15,0.9,""
"Delaware",2025-01-02,"calendar","sir","hurdle_ztpoisson",2024-12-21,2024,1,43,43,43,43,43,0.9,""
"Delaware",2025-01-02,"calendar","sir","hurdle_ztpoisson",2024-12-28,2024,0,79,96,79,79,79,0.9,""
"Delaware",2025-02-15,"calendar","hsgp","hurdle_ztnb",2025-01-18,2025,4,66,94,66,63,76,0.9,""
"Delaware",2025-02-15,"calendar","hsgp","hurdle_ztnb",2025-01-25,2025,3,80,117,81,74,94,0.9,""
"Delaware",2025-02-15,"calendar","hsgp","hurdle_ztnb",2025-02-01,2025,2,140,198,141.5,133.45,159,0.9,""
"Delaware",2025-02-15,"calendar","hsgp","hurdle_ztnb",2025-02-08,2025,1,157,231,161,146,188,0.9,""
"Delaware",2025-02-15,"calendar","hsgp","hurdle_ztnb",2025-02-15,2025,0,160,230,164,131.45,204.55,0.9,""
"Delaware",2025-02-15,"calendar","hsgp","hurdle_ztpoisson",2025-01-18,2025,4,66,94,66,60,76,0.9,""
"Delaware",2025-02-15,"calendar","hsgp","hurdle_ztpoisson",2025-01-25,2025,3,80,117,80.5,73,95,0.9,""
"Delaware",2025-02-15,"calendar","hsgp","hurdle_ztpoisson",2025-02-01,2025,2,140,198,143,125.45,163,0.9,""
"Delaware",2025-02-15,"calendar","hsgp","hurdle_ztpoisson",2025-02-08,2025,1,157,231,159,128.45,195.55,0.9,""
"Delaware",2025-02-15,"calendar","hsgp","hurdle_ztpoisson",2025-02-15,2025,0,160,230,167,69.7,252,0.9,""
"Delaware",2025-02-15,"calendar","sir","hurdle_ztnb",2025-01-18,2025,4,66,94,66,66,66,0.9,""
"Delaware",2025-02-15,"calendar","sir","hurdle_ztnb",2025-01-25,2025,3,80,117,80,80,80,0.9,""
"Delaware",2025-02-15,"calendar","sir","hurdle_ztnb",2025-02-01,2025,2,140,198,140,140,140,0.9,""
"Delaware",2025-02-15,"calendar","sir","hurdle_ztnb",2025-02-08,2025,1,157,231,157,157,157,0.9,""
"Delaware",2025-02-15,"calendar","sir","hurdle_ztnb",2025-02-15,2025,0,160,230,160,160,160,0.9,""
"Delaware",2025-02-15,"calendar","sir","hurdle_ztpoisson",2025-01-18,2025,4,66,94,66,66,66,0.9,""
"Delaware",2025-02-15,"calendar","sir","hurdle_ztpoisson",2025-01-25,2025,3,80,117,80,80,80,0.9,""
"Delaware",2025-02-15,"calendar","sir","hurdle_ztpoisson",2025-02-01,2025,2,140,198,140,140,140,0.9,""
"Delaware",2025-02-15,"calendar","sir","hurdle_ztpoisson",2025-02-08,2025,1,157,231,157,157,157,0.9,""
"Delaware",2025-02-15,"calendar","sir","hurdle_ztpoisson",2025-02-15,2025,0,160,230,160,160,160,0.9,""
"Delaware",2025-03-29,"calendar","hsgp","hurdle_ztnb",2025-03-01,2025,4,88,125,88,88,93,0.9,""
"Delaware",2025-03-29,"calendar","hsgp","hurdle_ztnb",2025-03-08,2025,3,55,81,55,54.45,59.55,0.9,""
"Delaware",2025-03-29,"calendar","hsgp","hurdle_ztnb",2025-03-15,2025,2,45,64,45,42,51.55,0.9,""
"Delaware",2025-03-29,"calendar","hsgp","hurdle_ztnb",2025-03-22,2025,1,33,48,33,29,45,0.9,""
"Delaware",2025-03-29,"calendar","hsgp","hurdle_ztnb",2025-03-29,2025,0,10,34,10,3.45,19,0.9,""
"Delaware",2025-03-29,"calendar","hsgp","hurdle_ztpoisson",2025-03-01,2025,4,88,125,88,84,96.55,0.9,""
"Delaware",2025-03-29,"calendar","hsgp","hurdle_ztpoisson",2025-03-08,2025,3,55,81,55,49,63,0.9,""
"Delaware",2025-03-29,"calendar","hsgp","hurdle_ztpoisson",2025-03-15,2025,2,45,64,45,39,55,0.9,""
"Delaware",2025-03-29,"calendar","hsgp","hurdle_ztpoisson",2025-03-22,2025,1,33,48,33,26,45,0.9,""
"Delaware",2025-03-29,"calendar","hsgp","hurdle_ztpoisson",2025-03-29,2025,0,10,34,10,0,27,0.9,""
"Delaware",2025-03-29,"calendar","sir","hurdle_ztnb",2025-03-01,2025,4,88,125,88,88,88,0.9,""
"Delaware",2025-03-29,"calendar","sir","hurdle_ztnb",2025-03-08,2025,3,55,81,55,55,55,0.9,""
"Delaware",2025-03-29,"calendar","sir","hurdle_ztnb",2025-03-15,2025,2,45,64,45,45,45,0.9,""
"Delaware",2025-03-29,"calendar","sir","hurdle_ztnb",2025-03-22,2025,1,33,48,33,33,33,0.9,""
"Delaware",2025-03-29,"calendar","sir","hurdle_ztnb",2025-03-29,2025,0,10,34,10,10,10,0.9,""
"Delaware",2025-03-29,"calendar","sir","hurdle_ztpoisson",2025-03-01,2025,4,88,125,88,88,88,0.9,""
"Delaware",2025-03-29,"calendar","sir","hurdle_ztpoisson",2025-03-08,2025,3,55,81,55,55,55,0.9,""
"Delaware",2025-03-29,"calendar","sir","hurdle_ztpoisson",2025-03-15,2025,2,45,64,45,45,45,0.9,""
"Delaware",2025-03-29,"calendar","sir","hurdle_ztpoisson",2025-03-22,2025,1,33,48,33,33,33,0.9,""
"Delaware",2025-03-29,"calendar","sir","hurdle_ztpoisson",2025-03-29,2025,0,10,34,10,10,10,0.9,""
"Delaware",2025-04-26,"calendar","hsgp","hurdle_ztnb",2025-03-29,2025,4,17,34,17,17,17,0.9,""
"Delaware",2025-04-26,"calendar","hsgp","hurdle_ztnb",2025-04-05,2025,3,15,24,15,15,15,0.9,""
"Delaware",2025-04-26,"calendar","hsgp","hurdle_ztnb",2025-04-12,2025,2,12,14,12,12,13,0.9,""
"Delaware",2025-04-26,"calendar","hsgp","hurdle_ztnb",2025-04-19,2025,1,9,10,9,9,13,0.9,""
"Delaware",2025-04-26,"calendar","hsgp","hurdle_ztnb",2025-04-26,2025,0,2,4,2,0,6,0.9,""
"Delaware",2025-04-26,"calendar","hsgp","hurdle_ztpoisson",2025-03-29,2025,4,17,34,17,17,21,0.9,""
"Delaware",2025-04-26,"calendar","hsgp","hurdle_ztpoisson",2025-04-05,2025,3,15,24,15,13,19.55,0.9,""
"Delaware",2025-04-26,"calendar","hsgp","hurdle_ztpoisson",2025-04-12,2025,2,12,14,12,10,18,0.9,""
"Delaware",2025-04-26,"calendar","hsgp","hurdle_ztpoisson",2025-04-19,2025,1,9,10,9,8,15,0.9,""
"Delaware",2025-04-26,"calendar","hsgp","hurdle_ztpoisson",2025-04-26,2025,0,2,4,2,0,9,0.9,""
"Delaware",2025-04-26,"calendar","sir","hurdle_ztnb",2025-03-29,2025,4,17,34,17,17,17,0.9,""
"Delaware",2025-04-26,"calendar","sir","hurdle_ztnb",2025-04-05,2025,3,15,24,15,15,15,0.9,""
"Delaware",2025-04-26,"calendar","sir","hurdle_ztnb",2025-04-12,2025,2,12,14,12,12,12,0.9,""
"Delaware",2025-04-26,"calendar","sir","hurdle_ztnb",2025-04-19,2025,1,9,10,9,9,9,0.9,""
"Delaware",2025-04-26,"calendar","sir","hurdle_ztnb",2025-04-26,2025,0,2,4,2,2,2,0.9,""
"Delaware",2025-04-26,"calendar","sir","hurdle_ztpoisson",2025-03-29,2025,4,17,34,17,17,17,0.9,""
"Delaware",2025-04-26,"calendar","sir","hurdle_ztpoisson",2025-04-05,2025,3,15,24,15,15,15,0.9,""
"Delaware",2025-04-26,"calendar","sir","hurdle_ztpoisson",2025-04-12,2025,2,12,14,12,12,12,0.9,""
"Delaware",2025-04-26,"calendar","sir","hurdle_ztpoisson",2025-04-19,2025,1,9,10,9,9,9,0.9,""
"Delaware",2025-04-26,"calendar","sir","hurdle_ztpoisson",2025-04-26,2025,0,2,4,2,2,2,0.9,""
"Delaware",2025-05-31,"calendar","hsgp","hurdle_ztnb",2025-05-03,2025,4,6,10,6,6,6,0.9,""
"Delaware",2025-05-31,"calendar","hsgp","hurdle_ztnb",2025-05-10,2025,3,3,5,3,3,3,0.9,""
"Delaware",2025-05-31,"calendar","hsgp","hurdle_ztnb",2025-05-17,2025,2,0,0,0,0,0,0.9,""
"Delaware",2025-05-31,"calendar","hsgp","hurdle_ztnb",2025-05-24,2025,1,0,1,0,0,1,0.9,""
"Delaware",2025-05-31,"calendar","hsgp","hurdle_ztnb",2025-05-31,2025,0,0,0,0,0,3,0.9,""
"Delaware",2025-05-31,"calendar","hsgp","hurdle_ztpoisson",2025-05-03,2025,4,6,10,6,6,6,0.9,""
"Delaware",2025-05-31,"calendar","hsgp","hurdle_ztpoisson",2025-05-10,2025,3,3,5,3,3,3,0.9,""
"Delaware",2025-05-31,"calendar","hsgp","hurdle_ztpoisson",2025-05-17,2025,2,0,0,0,0,0,0.9,""
"Delaware",2025-05-31,"calendar","hsgp","hurdle_ztpoisson",2025-05-24,2025,1,0,1,0,0,0,0.9,""
"Delaware",2025-05-31,"calendar","hsgp","hurdle_ztpoisson",2025-05-31,2025,0,0,0,0,0,3,0.9,""
"Delaware",2025-05-31,"calendar","sir","hurdle_ztnb",2025-05-03,2025,4,6,10,6,6,6,0.9,""
"Delaware",2025-05-31,"calendar","sir","hurdle_ztnb",2025-05-10,2025,3,3,5,3,3,3,0.9,""
"Delaware",2025-05-31,"calendar","sir","hurdle_ztnb",2025-05-17,2025,2,0,0,0,0,0,0.9,""
"Delaware",2025-05-31,"calendar","sir","hurdle_ztnb",2025-05-24,2025,1,0,1,0,0,0,0.9,""
"Delaware",2025-05-31,"calendar","sir","hurdle_ztnb",2025-05-31,2025,0,0,0,0,0,0,0.9,""
"Delaware",2025-05-31,"calendar","sir","hurdle_ztpoisson",2025-05-03,2025,4,6,10,6,6,6,0.9,""
"Delaware",2025-05-31,"calendar","sir","hurdle_ztpoisson",2025-05-10,2025,3,3,5,3,3,3,0.9,""
"Delaware",2025-05-31,"calendar","sir","hurdle_ztpoisson",2025-05-17,2025,2,0,0,0,0,0,0.9,""
"Delaware",2025-05-31,"calendar","sir","hurdle_ztpoisson",2025-05-24,2025,1,0,1,0,0,0,0.9,""
"Delaware",2025-05-31,"calendar","sir","hurdle_ztpoisson",2025-05-31,2025,0,0,0,0,0,0,0.9,""
"District of Columbia",2025-01-02,"calendar","hsgp","hurdle_ztnb",2024-11-30,2024,4,6,5,6,6,7,0.9,""
"District of Columbia",2025-01-02,"calendar","hsgp","hurdle_ztnb",2024-12-07,2024,3,2,2,2,2,3,0.9,""
"District of Columbia",2025-01-02,"calendar","hsgp","hurdle_ztnb",2024-12-14,2024,2,6,4,6,6,8,0.9,""
"District of Columbia",2025-01-02,"calendar","hsgp","hurdle_ztnb",2024-12-21,2024,1,19,16,19,19,23,0.9,""
"District of Columbia",2025-01-02,"calendar","hsgp","hurdle_ztnb",2024-12-28,2024,0,22,38,23,18,28,0.9,""
"District of Columbia",2025-01-02,"calendar","hsgp","hurdle_ztpoisson",2024-11-30,2024,4,6,5,6,6,6,0.9,""
"District of Columbia",2025-01-02,"calendar","hsgp","hurdle_ztpoisson",2024-12-07,2024,3,2,2,2,2,4,0.9,""
"District of Columbia",2025-01-02,"calendar","hsgp","hurdle_ztpoisson",2024-12-14,2024,2,6,4,6,6,8,0.9,""
"District of Columbia",2025-01-02,"calendar","hsgp","hurdle_ztpoisson",2024-12-21,2024,1,19,16,19,18,22,0.9,""
"District of Columbia",2025-01-02,"calendar","hsgp","hurdle_ztpoisson",2024-12-28,2024,0,22,38,22,19,28,0.9,""
"District of Columbia",2025-01-02,"calendar","sir","hurdle_ztnb",2024-11-30,2024,4,6,5,6,6,6,0.9,""
"District of Columbia",2025-01-02,"calendar","sir","hurdle_ztnb",2024-12-07,2024,3,2,2,2,2,2,0.9,""
"District of Columbia",2025-01-02,"calendar","sir","hurdle_ztnb",2024-12-14,2024,2,6,4,6,6,6,0.9,""
"District of Columbia",2025-01-02,"calendar","sir","hurdle_ztnb",2024-12-21,2024,1,19,16,19,19,19,0.9,""
"District of Columbia",2025-01-02,"calendar","sir","hurdle_ztnb",2024-12-28,2024,0,22,38,22,22,22,0.9,""
"District of Columbia",2025-01-02,"calendar","sir","hurdle_ztpoisson",2024-11-30,2024,4,6,5,6,6,6,0.9,""
"District of Columbia",2025-01-02,"calendar","sir","hurdle_ztpoisson",2024-12-07,2024,3,2,2,2,2,2,0.9,""
"District of Columbia",2025-01-02,"calendar","sir","hurdle_ztpoisson",2024-12-14,2024,2,6,4,6,6,6,0.9,""
"District of Columbia",2025-01-02,"calendar","sir","hurdle_ztpoisson",2024-12-21,2024,1,19,16,19,19,19,0.9,""
"District of Columbia",2025-01-02,"calendar","sir","hurdle_ztpoisson",2024-12-28,2024,0,22,38,22,22,22,0.9,""
"District of Columbia",2025-02-15,"calendar","hsgp","hurdle_ztnb",2025-01-18,2025,4,58,58,60,57.45,66,0.9,""
"District of Columbia",2025-02-15,"calendar","hsgp","hurdle_ztnb",2025-01-25,2025,3,203,207,205,202,214,0.9,""
"District of Columbia",2025-02-15,"calendar","hsgp","hurdle_ztnb",2025-02-01,2025,2,197,197,202,195.45,214,0.9,""
"District of Columbia",2025-02-15,"calendar","hsgp","hurdle_ztnb",2025-02-08,2025,1,248,259,253,241.45,267.55,0.9,""
"District of Columbia",2025-02-15,"calendar","hsgp","hurdle_ztnb",2025-02-15,2025,0,64,83,72,53.9,109.55,0.9,""
"District of Columbia",2025-02-15,"calendar","hsgp","hurdle_ztpoisson",2025-01-18,2025,4,58,58,60,56.45,68,0.9,""
"District of Columbia",2025-02-15,"calendar","hsgp","hurdle_ztpoisson",2025-01-25,2025,3,203,207,207,202,216,0.9,""
"District of Columbia",2025-02-15,"calendar","hsgp","hurdle_ztpoisson",2025-02-01,2025,2,197,197,202,193,215,0.9,""
"District of Columbia",2025-02-15,"calendar","hsgp","hurdle_ztpoisson",2025-02-08,2025,1,248,259,256,242,274,0.9,""
"District of Columbia",2025-02-15,"calendar","hsgp","hurdle_ztpoisson",2025-02-15,2025,0,64,83,74,46,105.55,0.9,""
"District of Columbia",2025-02-15,"calendar","sir","hurdle_ztnb",2025-01-18,2025,4,58,58,58,58,58,0.9,""
"District of Columbia",2025-02-15,"calendar","sir","hurdle_ztnb",2025-01-25,2025,3,203,207,203,203,203,0.9,""
"District of Columbia",2025-02-15,"calendar","sir","hurdle_ztnb",2025-02-01,2025,2,197,197,197,197,197,0.9,""
"District of Columbia",2025-02-15,"calendar","sir","hurdle_ztnb",2025-02-08,2025,1,248,259,248,248,248,0.9,""
"District of Columbia",2025-02-15,"calendar","sir","hurdle_ztnb",2025-02-15,2025,0,64,83,64,64,64,0.9,""
"District of Columbia",2025-02-15,"calendar","sir","hurdle_ztpoisson",2025-01-18,2025,4,58,58,58,58,58,0.9,""
"District of Columbia",2025-02-15,"calendar","sir","hurdle_ztpoisson",2025-01-25,2025,3,203,207,203,203,203,0.9,""
"District of Columbia",2025-02-15,"calendar","sir","hurdle_ztpoisson",2025-02-01,2025,2,197,197,197,197,197,0.9,""
"District of Columbia",2025-02-15,"calendar","sir","hurdle_ztpoisson",2025-02-08,2025,1,248,259,248,248,248,0.9,""
"District of Columbia",2025-02-15,"calendar","sir","hurdle_ztpoisson",2025-02-15,2025,0,64,83,64,64,64,0.9,""
"District of Columbia",2025-03-29,"calendar","hsgp","hurdle_ztnb",2025-03-01,2025,4,113,120,114,113,121,0.9,""
"District of Columbia",2025-03-29,"calendar","hsgp","hurdle_ztnb",2025-03-08,2025,3,112,103,113,112,121,0.9,""
"District of Columbia",2025-03-29,"calendar","hsgp","hurdle_ztnb",2025-03-15,2025,2,92,81,94,91,103,0.9,""
"District of Columbia",2025-03-29,"calendar","hsgp","hurdle_ztnb",2025-03-22,2025,1,64,67,66,62,79,0.9,""
"District of Columbia",2025-03-29,"calendar","hsgp","hurdle_ztnb",2025-03-29,2025,0,75,69,78,70,94.55,0.9,""
"District of Columbia",2025-03-29,"calendar","hsgp","hurdle_ztpoisson",2025-03-01,2025,4,113,120,116,111.45,122,0.9,""
"District of Columbia",2025-03-29,"calendar","hsgp","hurdle_ztpoisson",2025-03-08,2025,3,112,103,114,110,122,0.9,""
"District of Columbia",2025-03-29,"calendar","hsgp","hurdle_ztpoisson",2025-03-15,2025,2,92,81,95,90,103,0.9,""
"District of Columbia",2025-03-29,"calendar","hsgp","hurdle_ztpoisson",2025-03-22,2025,1,64,67,68,60,79.55,0.9,""
"District of Columbia",2025-03-29,"calendar","hsgp","hurdle_ztpoisson",2025-03-29,2025,0,75,69,85,69,103,0.9,""
"District of Columbia",2025-03-29,"calendar","sir","hurdle_ztnb",2025-03-01,2025,4,113,120,113,113,113,0.9,""
"District of Columbia",2025-03-29,"calendar","sir","hurdle_ztnb",2025-03-08,2025,3,112,103,112,112,112,0.9,""
"District of Columbia",2025-03-29,"calendar","sir","hurdle_ztnb",2025-03-15,2025,2,92,81,92,92,92,0.9,""
"District of Columbia",2025-03-29,"calendar","sir","hurdle_ztnb",2025-03-22,2025,1,64,67,64,64,64,0.9,""
"District of Columbia",2025-03-29,"calendar","sir","hurdle_ztnb",2025-03-29,2025,0,75,69,75,75,75,0.9,""
"District of Columbia",2025-03-29,"calendar","sir","hurdle_ztpoisson",2025-03-01,2025,4,113,120,113,113,113,0.9,""
"District of Columbia",2025-03-29,"calendar","sir","hurdle_ztpoisson",2025-03-08,2025,3,112,103,112,112,112,0.9,""
"District of Columbia",2025-03-29,"calendar","sir","hurdle_ztpoisson",2025-03-15,2025,2,92,81,92,92,92,0.9,""
"District of Columbia",2025-03-29,"calendar","sir","hurdle_ztpoisson",2025-03-22,2025,1,64,67,64,64,64,0.9,""
"District of Columbia",2025-03-29,"calendar","sir","hurdle_ztpoisson",2025-03-29,2025,0,75,69,75,75,75,0.9,""
"District of Columbia",2025-04-26,"calendar","hsgp","hurdle_ztnb",2025-03-29,2025,4,69,69,69,68,74,0.9,""
"District of Columbia",2025-04-26,"calendar","hsgp","hurdle_ztnb",2025-04-05,2025,3,28,28,28,26,32,0.9,""
"District of Columbia",2025-04-26,"calendar","hsgp","hurdle_ztnb",2025-04-12,2025,2,8,8,8,5,13,0.9,""
"District of Columbia",2025-04-26,"calendar","hsgp","hurdle_ztnb",2025-04-19,2025,1,7,7,7,4,13.55,0.9,""
"District of Columbia",2025-04-26,"calendar","hsgp","hurdle_ztnb",2025-04-26,2025,0,3,7,3,0.449999999999998,14,0.9,""
"District of Columbia",2025-04-26,"calendar","hsgp","hurdle_ztpoisson",2025-03-29,2025,4,69,69,69,64,75,0.9,""
"District of Columbia",2025-04-26,"calendar","hsgp","hurdle_ztpoisson",2025-04-05,2025,3,28,28,28,23.45,34,0.9,""
"District of Columbia",2025-04-26,"calendar","hsgp","hurdle_ztpoisson",2025-04-12,2025,2,8,8,8,3.45,13,0.9,""
"District of Columbia",2025-04-26,"calendar","hsgp","hurdle_ztpoisson",2025-04-19,2025,1,7,7,7,3,12,0.9,""
"District of Columbia",2025-04-26,"calendar","hsgp","hurdle_ztpoisson",2025-04-26,2025,0,3,7,3,0,9,0.9,""
"District of Columbia",2025-04-26,"calendar","sir","hurdle_ztnb",2025-03-29,2025,4,69,69,69,69,69,0.9,""
"District of Columbia",2025-04-26,"calendar","sir","hurdle_ztnb",2025-04-05,2025,3,28,28,28,28,28,0.9,""
"District of Columbia",2025-04-26,"calendar","sir","hurdle_ztnb",2025-04-12,2025,2,8,8,8,8,8,0.9,""
"District of Columbia",2025-04-26,"calendar","sir","hurdle_ztnb",2025-04-19,2025,1,7,7,7,7,7,0.9,""
"District of Columbia",2025-04-26,"calendar","sir","hurdle_ztnb",2025-04-26,2025,0,3,7,3,3,3,0.9,""
"District of Columbia",2025-04-26,"calendar","sir","hurdle_ztpoisson",2025-03-29,2025,4,69,69,69,69,69,0.9,""
"District of Columbia",2025-04-26,"calendar","sir","hurdle_ztpoisson",2025-04-05,2025,3,28,28,28,28,28,0.9,""
"District of Columbia",2025-04-26,"calendar","sir","hurdle_ztpoisson",2025-04-12,2025,2,8,8,8,8,8,0.9,""
"District of Columbia",2025-04-26,"calendar","sir","hurdle_ztpoisson",2025-04-19,2025,1,7,7,7,7,7,0.9,""
"District of Columbia",2025-04-26,"calendar","sir","hurdle_ztpoisson",2025-04-26,2025,0,3,7,3,3,3,0.9,""
"District of Columbia",2025-05-31,"calendar","hsgp","hurdle_ztnb",2025-05-03,2025,4,4,4,4,4,6,0.9,""
"District of Columbia",2025-05-31,"calendar","hsgp","hurdle_ztnb",2025-05-10,2025,3,6,6,6,6,7,0.9,""
"District of Columbia",2025-05-31,"calendar","hsgp","hurdle_ztnb",2025-05-17,2025,2,2,2,2,2,3,0.9,""
"District of Columbia",2025-05-31,"calendar","hsgp","hurdle_ztnb",2025-05-24,2025,1,2,2,2,2,4,0.9,""
"District of Columbia",2025-05-31,"calendar","hsgp","hurdle_ztnb",2025-05-31,2025,0,5,5,5,4.45,9,0.9,""
"District of Columbia",2025-05-31,"calendar","hsgp","hurdle_ztpoisson",2025-05-03,2025,4,4,4,4,4,5,0.9,""
"District of Columbia",2025-05-31,"calendar","hsgp","hurdle_ztpoisson",2025-05-10,2025,3,6,6,6,6,7.54999999999998,0.9,""
"District of Columbia",2025-05-31,"calendar","hsgp","hurdle_ztpoisson",2025-05-17,2025,2,2,2,2,1,3,0.9,""
"District of Columbia",2025-05-31,"calendar","hsgp","hurdle_ztpoisson",2025-05-24,2025,1,2,2,2,1,4,0.9,""
"District of Columbia",2025-05-31,"calendar","hsgp","hurdle_ztpoisson",2025-05-31,2025,0,5,5,5,5,8,0.9,""
"District of Columbia",2025-05-31,"calendar","sir","hurdle_ztnb",2025-05-03,2025,4,4,4,4,4,4,0.9,""
"District of Columbia",2025-05-31,"calendar","sir","hurdle_ztnb",2025-05-10,2025,3,6,6,6,6,6,0.9,""
"District of Columbia",2025-05-31,"calendar","sir","hurdle_ztnb",2025-05-17,2025,2,2,2,2,2,2,0.9,""
"District of Columbia",2025-05-31,"calendar","sir","hurdle_ztnb",2025-05-24,2025,1,2,2,2,2,2,0.9,""
"District of Columbia",2025-05-31,"calendar","sir","hurdle_ztnb",2025-05-31,2025,0,5,5,5,5,5,0.9,""
"District of Columbia",2025-05-31,"calendar","sir","hurdle_ztpoisson",2025-05-03,2025,4,4,4,4,4,4,0.9,""
"District of Columbia",2025-05-31,"calendar","sir","hurdle_ztpoisson",2025-05-10,2025,3,6,6,6,6,6,0.9,""
"District of Columbia",2025-05-31,"calendar","sir","hurdle_ztpoisson",2025-05-17,2025,2,2,2,2,2,2,0.9,""
"District of Columbia",2025-05-31,"calendar","sir","hurdle_ztpoisson",2025-05-24,2025,1,2,2,2,2,2,0.9,""
"District of Columbia",2025-05-31,"calendar","sir","hurdle_ztpoisson",2025-05-31,2025,0,5,5,5,5,5,0.9,""
"Florida",2025-01-02,"calendar","hsgp","hurdle_ztnb",2024-11-30,2024,4,607,614,609,601,688.75,0.9,""
"Florida",2025-01-02,"calendar","hsgp","hurdle_ztnb",2024-12-07,2024,3,700,717,705,699,779,0.9,""
"Florida",2025-01-02,"calendar","hsgp","hurdle_ztnb",2024-12-14,2024,2,867,893,874,850.45,958.1,0.9,""
"Florida",2025-01-02,"calendar","hsgp","hurdle_ztnb",2024-12-21,2024,1,1236,1264,1247,1221,1371,0.9,""
"Florida",2025-01-02,"calendar","hsgp","hurdle_ztnb",2024-12-28,2024,0,1967,2091,1991,1906.45,2140.95,0.9,""
"Florida",2025-01-02,"calendar","hsgp","hurdle_ztpoisson",2024-11-30,2024,4,607,614,607,607,630.55,0.9,""
"Florida",2025-01-02,"calendar","hsgp","hurdle_ztpoisson",2024-12-07,2024,3,700,717,700,700,726.55,0.9,""
"Florida",2025-01-02,"calendar","hsgp","hurdle_ztpoisson",2024-12-14,2024,2,867,893,867,867,913.55,0.9,""
"Florida",2025-01-02,"calendar","hsgp","hurdle_ztpoisson",2024-12-21,2024,1,1236,1264,1236,1236,1299.75,0.9,""
"Florida",2025-01-02,"calendar","hsgp","hurdle_ztpoisson",2024-12-28,2024,0,1967,2091,1990,1824.9,2142.5,0.9,""
"Florida",2025-01-02,"calendar","sir","hurdle_ztnb",2024-11-30,2024,4,607,614,607,606.45,635.1,0.9,""
"Florida",2025-01-02,"calendar","sir","hurdle_ztnb",2024-12-07,2024,3,700,717,700,699,746.1,0.9,""
"Florida",2025-01-02,"calendar","sir","hurdle_ztnb",2024-12-14,2024,2,867,893,867,864,909.55,0.9,""
"Florida",2025-01-02,"calendar","sir","hurdle_ztnb",2024-12-21,2024,1,1236,1264,1237,1226,1287.55,0.9,""
"Florida",2025-01-02,"calendar","sir","hurdle_ztnb",2024-12-28,2024,0,1967,2091,1968,1951.25,2056.4,0.9,""
"Florida",2025-01-02,"calendar","sir","hurdle_ztpoisson",2024-11-30,2024,4,607,614,607,607,607,0.9,""
"Florida",2025-01-02,"calendar","sir","hurdle_ztpoisson",2024-12-07,2024,3,700,717,700,700,741.55,0.9,""
"Florida",2025-01-02,"calendar","sir","hurdle_ztpoisson",2024-12-14,2024,2,867,893,867,867,867,0.9,""
"Florida",2025-01-02,"calendar","sir","hurdle_ztpoisson",2024-12-21,2024,1,1236,1264,1236,1236,1263.1,0.9,""
"Florida",2025-01-02,"calendar","sir","hurdle_ztpoisson",2024-12-28,2024,0,1967,2091,1967,1967,2022.1,0.9,""
"Florida",2025-02-15,"calendar","hsgp","hurdle_ztnb",2025-01-18,2025,4,2666,2718,2674.5,2656.45,2848.2,0.9,""
"Florida",2025-02-15,"calendar","hsgp","hurdle_ztnb",2025-01-25,2025,3,3091,3255,3107,3085,3261.25,0.9,""
"Florida",2025-02-15,"calendar","hsgp","hurdle_ztnb",2025-02-01,2025,2,3627,3800,3649,3595.25,3902.65,0.9,""
"Florida",2025-02-15,"calendar","hsgp","hurdle_ztnb",2025-02-08,2025,1,3100,3362,3148,2989.7,3476.25,0.9,""
"Florida",2025-02-15,"calendar","hsgp","hurdle_ztnb",2025-02-15,2025,0,2270,2619,2351,2149.75,3287.45,0.9,""
"Florida",2025-02-15,"calendar","hsgp","hurdle_ztpoisson",2025-01-18,2025,4,2666,2718,2666,2644,2719,0.9,""
"Florida",2025-02-15,"calendar","hsgp","hurdle_ztpoisson",2025-01-25,2025,3,3091,3255,3091,3071.8,3152.1,0.9,""
"Florida",2025-02-15,"calendar","hsgp","hurdle_ztpoisson",2025-02-01,2025,2,3627,3800,3627,3598,3686.2,0.9,""
"Florida",2025-02-15,"calendar","hsgp","hurdle_ztpoisson",2025-02-08,2025,1,3100,3362,3109.5,3061,3180.55,0.9,""
"Florida",2025-02-15,"calendar","hsgp","hurdle_ztpoisson",2025-02-15,2025,0,2270,2619,2270,1784.45,2356.1,0.9,""
"Florida",2025-02-15,"calendar","sir","hurdle_ztnb",2025-01-18,2025,4,2666,2718,2666,2656,2696.65,0.9,""
"Florida",2025-02-15,"calendar","sir","hurdle_ztnb",2025-01-25,2025,3,3091,3255,3091,3086,3129.1,0.9,""
"Florida",2025-02-15,"calendar","sir","hurdle_ztnb",2025-02-01,2025,2,3627,3800,3627,3622,3681.65,0.9,""
"Florida",2025-02-15,"calendar","sir","hurdle_ztnb",2025-02-08,2025,1,3100,3362,3101,3092.35,3163.85,0.9,""
"Florida",2025-02-15,"calendar","sir","hurdle_ztnb",2025-02-15,2025,0,2270,2619,2273,2238.6,2403.2,0.9,""
"Florida",2025-02-15,"calendar","sir","hurdle_ztpoisson",2025-01-18,2025,4,2666,2718,2666,2666,2709.55,0.9,""
"Florida",2025-02-15,"calendar","sir","hurdle_ztpoisson",2025-01-25,2025,3,3091,3255,3091,3091,3091,0.9,""
"Florida",2025-02-15,"calendar","sir","hurdle_ztpoisson",2025-02-01,2025,2,3627,3800,3627,3627,3645.55,0.9,""
"Florida",2025-02-15,"calendar","sir","hurdle_ztpoisson",2025-02-08,2025,1,3100,3362,3100,3100,3118.85,0.9,""
"Florida",2025-02-15,"calendar","sir","hurdle_ztpoisson",2025-02-15,2025,0,2270,2619,2270,2246.35,2299,0.9,""
"Florida",2025-03-29,"calendar","hsgp","hurdle_ztnb",2025-03-01,2025,4,1548,1637,1549,1539,1616.55,0.9,""
"Florida",2025-03-29,"calendar","hsgp","hurdle_ztnb",2025-03-08,2025,3,1243,1324,1247,1237.9,1312.55,0.9,""
"Florida",2025-03-29,"calendar","hsgp","hurdle_ztnb",2025-03-15,2025,2,1072,1111,1075,1064.9,1143.55,0.9,""
"Florida",2025-03-29,"calendar","hsgp","hurdle_ztnb",2025-03-22,2025,1,918,925,923.5,897.45,994.55,0.9,""
"Florida",2025-03-29,"calendar","hsgp","hurdle_ztnb",2025-03-29,2025,0,651,727,663.5,632.9,790.15,0.9,""
"Florida",2025-03-29,"calendar","hsgp","hurdle_ztpoisson",2025-03-01,2025,4,1548,1637,1548,1548,1578,0.9,""
"Florida",2025-03-29,"calendar","hsgp","hurdle_ztpoisson",2025-03-08,2025,3,1243,1324,1243,1243,1275.1,0.9,""
"Florida",2025-03-29,"calendar","hsgp","hurdle_ztpoisson",2025-03-15,2025,2,1072,1111,1072,1056.45,1106,0.9,""
"Florida",2025-03-29,"calendar","hsgp","hurdle_ztpoisson",2025-03-22,2025,1,918,925,918,901.9,957.55,0.9,""
"Florida",2025-03-29,"calendar","hsgp","hurdle_ztpoisson",2025-03-29,2025,0,651,727,651,482,787.65,0.9,""
"Florida",2025-03-29,"calendar","sir","hurdle_ztnb",2025-03-01,2025,4,1548,1637,1548,1541.45,1578.1,0.9,""
"Florida",2025-03-29,"calendar","sir","hurdle_ztnb",2025-03-08,2025,3,1243,1324,1243,1236.45,1286,0.9,""
"Florida",2025-03-29,"calendar","sir","hurdle_ztnb",2025-03-15,2025,2,1072,1111,1073,1070.45,1124.65,0.9,""
"Florida",2025-03-29,"calendar","sir","hurdle_ztnb",2025-03-22,2025,1,918,925,918,893.85,986.95,0.9,""
"Florida",2025-03-29,"calendar","sir","hurdle_ztnb",2025-03-29,2025,0,651,727,654,640.9,763.85,0.9,""
"Florida",2025-03-29,"calendar","sir","hurdle_ztpoisson",2025-03-01,2025,4,1548,1637,1548,1548,1548,0.9,""
"Florida",2025-03-29,"calendar","sir","hurdle_ztpoisson",2025-03-08,2025,3,1243,1324,1243,1243,1243,0.9,""
"Florida",2025-03-29,"calendar","sir","hurdle_ztpoisson",2025-03-15,2025,2,1072,1111,1072,1072,1072,0.9,""
"Florida",2025-03-29,"calendar","sir","hurdle_ztpoisson",2025-03-22,2025,1,918,925,918,918,918,0.9,""
"Florida",2025-03-29,"calendar","sir","hurdle_ztpoisson",2025-03-29,2025,0,651,727,651,651,651,0.9,""
"Florida",2025-04-26,"calendar","hsgp","hurdle_ztnb",2025-03-29,2025,4,708,727,708,708,735,0.9,""
"Florida",2025-04-26,"calendar","hsgp","hurdle_ztnb",2025-04-05,2025,3,579,591,579,579,605.55,0.9,""
"Florida",2025-04-26,"calendar","hsgp","hurdle_ztnb",2025-04-12,2025,2,380,409,381,379,428,0.9,""
"Florida",2025-04-26,"calendar","hsgp","hurdle_ztnb",2025-04-19,2025,1,328,343,331.5,321.35,377.1,0.9,""
"Florida",2025-04-26,"calendar","hsgp","hurdle_ztnb",2025-04-26,2025,0,240,268,248.5,221.25,351.65,0.9,""
"Florida",2025-04-26,"calendar","hsgp","hurdle_ztpoisson",2025-03-29,2025,4,708,727,708,708,725.55,0.9,""
"Florida",2025-04-26,"calendar","hsgp","hurdle_ztpoisson",2025-04-05,2025,3,579,591,579,579,596,0.9,""
"Florida",2025-04-26,"calendar","hsgp","hurdle_ztpoisson",2025-04-12,2025,2,380,409,380,380,399.55,0.9,""
"Florida",2025-04-26,"calendar","hsgp","hurdle_ztpoisson",2025-04-19,2025,1,328,343,328,319.45,347,0.9,""
"Florida",2025-04-26,"calendar","hsgp","hurdle_ztpoisson",2025-04-26,2025,0,240,268,240,198.45,280.55,0.9,""
"Florida",2025-04-26,"calendar","sir","hurdle_ztnb",2025-03-29,2025,4,708,727,708,707,728.55,0.9,""
"Florida",2025-04-26,"calendar","sir","hurdle_ztnb",2025-04-05,2025,3,579,591,579,575.45,607.65,0.9,""
"Florida",2025-04-26,"calendar","sir","hurdle_ztnb",2025-04-12,2025,2,380,409,380,376.9,432.55,0.9,""
"Florida",2025-04-26,"calendar","sir","hurdle_ztnb",2025-04-19,2025,1,328,343,328,311.45,375.3,0.9,""
"Florida",2025-04-26,"calendar","sir","hurdle_ztnb",2025-04-26,2025,0,240,268,243,229.35,320.2,0.9,""
"Florida",2025-04-26,"calendar","sir","hurdle_ztpoisson",2025-03-29,2025,4,708,727,708,708,708,0.9,""
"Florida",2025-04-26,"calendar","sir","hurdle_ztpoisson",2025-04-05,2025,3,579,591,579,579,579,0.9,""
"Florida",2025-04-26,"calendar","sir","hurdle_ztpoisson",2025-04-12,2025,2,380,409,380,380,380,0.9,""
"Florida",2025-04-26,"calendar","sir","hurdle_ztpoisson",2025-04-19,2025,1,328,343,328,328,328,0.9,""
"Florida",2025-04-26,"calendar","sir","hurdle_ztpoisson",2025-04-26,2025,0,240,268,240,240,240,0.9,""
"Florida",2025-05-31,"calendar","hsgp","hurdle_ztnb",2025-05-03,2025,4,224,241,224,224,240.55,0.9,""
"Florida",2025-05-31,"calendar","hsgp","hurdle_ztnb",2025-05-10,2025,3,231,239,231,231,255.55,0.9,""
"Florida",2025-05-31,"calendar","hsgp","hurdle_ztnb",2025-05-17,2025,2,208,219,208,206.45,238.65,0.9,""
"Florida",2025-05-31,"calendar","hsgp","hurdle_ztnb",2025-05-24,2025,1,208,215,211,206.45,252,0.9,""
"Florida",2025-05-31,"calendar","hsgp","hurdle_ztnb",2025-05-31,2025,0,210,232,218,192,298.1,0.9,""
"Florida",2025-05-31,"calendar","hsgp","hurdle_ztpoisson",2025-05-03,2025,4,224,241,224,224,235,0.9,""
"Florida",2025-05-31,"calendar","hsgp","hurdle_ztpoisson",2025-05-10,2025,3,231,239,231,231,242,0.9,""
"Florida",2025-05-31,"calendar","hsgp","hurdle_ztpoisson",2025-05-17,2025,2,208,219,208,208,217.55,0.9,""
"Florida",2025-05-31,"calendar","hsgp","hurdle_ztpoisson",2025-05-24,2025,1,208,215,208,202.45,223.55,0.9,""
"Florida",2025-05-31,"calendar","hsgp","hurdle_ztpoisson",2025-05-31,2025,0,210,232,210,173,243.55,0.9,""
"Florida",2025-05-31,"calendar","sir","hurdle_ztnb",2025-05-03,2025,4,224,241,224,220.9,252.55,0.9,""
"Florida",2025-05-31,"calendar","sir","hurdle_ztnb",2025-05-10,2025,3,231,239,231,227.45,267.55,0.9,""
"Florida",2025-05-31,"calendar","sir","hurdle_ztnb",2025-05-17,2025,2,208,219,208,201.45,241.55,0.9,""
"Florida",2025-05-31,"calendar","sir","hurdle_ztnb",2025-05-24,2025,1,208,215,209,205,268.65,0.9,""
"Florida",2025-05-31,"calendar","sir","hurdle_ztnb",2025-05-31,2025,0,210,232,212,200.9,281.1,0.9,""
"Florida",2025-05-31,"calendar","sir","hurdle_ztpoisson",2025-05-03,2025,4,224,241,224,224,224,0.9,"The `hurdle_ztpoisson` optimizer did not pass the stability gate.
✖ Optimizer code 0: L-BFGS-B polish: CONVERGENCE: REL_REDUCTION_OF_F <=
  FACTR*EPSMCH
✖ Maximum absolute gradient: 0.394.
ℹ Try `count_cumulative_process(observation = ""hurdle_ztnb"")`; the ZTNB
  magnitude law was stable in the package-wide sweep.
ℹ This finite fit is returned with `gradient_status = ""warning""`; inspect
  `fit$opt` before using it."
"Florida",2025-05-31,"calendar","sir","hurdle_ztpoisson",2025-05-10,2025,3,231,239,231,231,231,0.9,"The `hurdle_ztpoisson` optimizer did not pass the stability gate.
✖ Optimizer code 0: L-BFGS-B polish: CONVERGENCE: REL_REDUCTION_OF_F <=
  FACTR*EPSMCH
✖ Maximum absolute gradient: 0.394.
ℹ Try `count_cumulative_process(observation = ""hurdle_ztnb"")`; the ZTNB
  magnitude law was stable in the package-wide sweep.
ℹ This finite fit is returned with `gradient_status = ""warning""`; inspect
  `fit$opt` before using it."
"Florida",2025-05-31,"calendar","sir","hurdle_ztpoisson",2025-05-17,2025,2,208,219,208,208,208,0.9,"The `hurdle_ztpoisson` optimizer did not pass the stability gate.
✖ Optimizer code 0: L-BFGS-B polish: CONVERGENCE: REL_REDUCTION_OF_F <=
  FACTR*EPSMCH
✖ Maximum absolute gradient: 0.394.
ℹ Try `count_cumulative_process(observation = ""hurdle_ztnb"")`; the ZTNB
  magnitude law was stable in the package-wide sweep.
ℹ This finite fit is returned with `gradient_status = ""warning""`; inspect
  `fit$opt` before using it."
"Florida",2025-05-31,"calendar","sir","hurdle_ztpoisson",2025-05-24,2025,1,208,215,208,208,208,0.9,"The `hurdle_ztpoisson` optimizer did not pass the stability gate.
✖ Optimizer code 0: L-BFGS-B polish: CONVERGENCE: REL_REDUCTION_OF_F <=
  FACTR*EPSMCH
✖ Maximum absolute gradient: 0.394.
ℹ Try `count_cumulative_process(observation = ""hurdle_ztnb"")`; the ZTNB
  magnitude law was stable in the package-wide sweep.
ℹ This finite fit is returned with `gradient_status = ""warning""`; inspect
  `fit$opt` before using it."
"Florida",2025-05-31,"calendar","sir","hurdle_ztpoisson",2025-05-31,2025,0,210,232,210,210,210,0.9,"The `hurdle_ztpoisson` optimizer did not pass the stability gate.
✖ Optimizer code 0: L-BFGS-B polish: CONVERGENCE: REL_REDUCTION_OF_F <=
  FACTR*EPSMCH
✖ Maximum absolute gradient: 0.394.
ℹ Try `count_cumulative_process(observation = ""hurdle_ztnb"")`; the ZTNB
  magnitude law was stable in the package-wide sweep.
ℹ This finite fit is returned with `gradient_status = ""warning""`; inspect
  `fit$opt` before using it."
"Georgia",2025-01-02,"calendar","hsgp","hurdle_ztnb",2024-11-30,2024,4,56,56,58.5,56,71.55,0.9,""
"Georgia",2025-01-02,"calendar","hsgp","hurdle_ztnb",2024-12-07,2024,3,86,88,89,86,103,0.9,""
"Georgia",2025-01-02,"calendar","hsgp","hurdle_ztnb",2024-12-14,2024,2,214,215,218,211,237.55,0.9,""
"Georgia",2025-01-02,"calendar","hsgp","hurdle_ztnb",2024-12-21,2024,1,387,397,392,385.45,420.55,0.9,""
"Georgia",2025-01-02,"calendar","hsgp","hurdle_ztnb",2024-12-28,2024,0,695,800,707.5,691,769.65,0.9,""
"Georgia",2025-01-02,"calendar","hsgp","hurdle_ztpoisson",2024-11-30,2024,4,56,56,56,56,62,0.9,""
"Georgia",2025-01-02,"calendar","hsgp","hurdle_ztpoisson",2024-12-07,2024,3,86,88,88,86,95,0.9,""
"Georgia",2025-01-02,"calendar","hsgp","hurdle_ztpoisson",2024-12-14,2024,2,214,215,218,214,232.55,0.9,""
"Georgia",2025-01-02,"calendar","hsgp","hurdle_ztpoisson",2024-12-21,2024,1,387,397,396,365.45,434.1,0.9,""
"Georgia",2025-01-02,"calendar","hsgp","hurdle_ztpoisson",2024-12-28,2024,0,695,800,721,624.45,836,0.9,""
"Georgia",2025-01-02,"calendar","sir","hurdle_ztnb",2024-11-30,2024,4,56,56,56,56,62,0.9,""
"Georgia",2025-01-02,"calendar","sir","hurdle_ztnb",2024-12-07,2024,3,86,88,86,86,96,0.9,""
"Georgia",2025-01-02,"calendar","sir","hurdle_ztnb",2024-12-14,2024,2,214,215,214,214,225,0.9,""
"Georgia",2025-01-02,"calendar","sir","hurdle_ztnb",2024-12-21,2024,1,387,397,388,387,401,0.9,""
"Georgia",2025-01-02,"calendar","sir","hurdle_ztnb",2024-12-28,2024,0,695,800,696,692.45,718.55,0.9,""
"Georgia",2025-01-02,"calendar","sir","hurdle_ztpoisson",2024-11-30,2024,4,56,56,56,56,59,0.9,""
"Georgia",2025-01-02,"calendar","sir","hurdle_ztpoisson",2024-12-07,2024,3,86,88,90,86,106.55,0.9,""
"Georgia",2025-01-02,"calendar","sir","hurdle_ztpoisson",2024-12-14,2024,2,214,215,214,214,222.55,0.9,""
"Georgia",2025-01-02,"calendar","sir","hurdle_ztpoisson",2024-12-21,2024,1,387,397,388,373.45,410,0.9,""
"Georgia",2025-01-02,"calendar","sir","hurdle_ztpoisson",2024-12-28,2024,0,695,800,706,675,763.55,0.9,""
"Georgia",2025-02-15,"calendar","hsgp","hurdle_ztnb",2025-01-18,2025,4,963,992,974,963,1007.55,0.9,""
"Georgia",2025-02-15,"calendar","hsgp","hurdle_ztnb",2025-01-25,2025,3,1182,1195,1200,1182.45,1249.65,0.9,""
"Georgia",2025-02-15,"calendar","hsgp","hurdle_ztnb",2025-02-01,2025,2,1346,1373,1364,1344.9,1457.65,0.9,""
"Georgia",2025-02-15,"calendar","hsgp","hurdle_ztnb",2025-02-08,2025,1,1230,1301,1262,1217.7,1416.1,0.9,""
"Georgia",2025-02-15,"calendar","hsgp","hurdle_ztnb",2025-02-15,2025,0,409,734,458,280.4,756,0.9,""
"Georgia",2025-02-15,"calendar","hsgp","hurdle_ztpoisson",2025-01-18,2025,4,963,992,964,958,973,0.9,""
"Georgia",2025-02-15,"calendar","hsgp","hurdle_ztpoisson",2025-01-25,2025,3,1182,1195,1185,1175,1197.55,0.9,""
"Georgia",2025-02-15,"calendar","hsgp","hurdle_ztpoisson",2025-02-01,2025,2,1346,1373,1349,1333.45,1370,0.9,""
"Georgia",2025-02-15,"calendar","hsgp","hurdle_ztpoisson",2025-02-08,2025,1,1230,1301,1234,1200,1274.55,0.9,""
"Georgia",2025-02-15,"calendar","hsgp","hurdle_ztpoisson",2025-02-15,2025,0,409,734,409,277.9,552,0.9,""
"Georgia",2025-02-15,"calendar","sir","hurdle_ztnb",2025-01-18,2025,4,963,992,963,963,973.55,0.9,""
"Georgia",2025-02-15,"calendar","sir","hurdle_ztnb",2025-01-25,2025,3,1182,1195,1183,1182,1195,0.9,""
"Georgia",2025-02-15,"calendar","sir","hurdle_ztnb",2025-02-01,2025,2,1346,1373,1347,1345,1370.1,0.9,""
"Georgia",2025-02-15,"calendar","sir","hurdle_ztnb",2025-02-08,2025,1,1230,1301,1231.5,1228.45,1259,0.9,""
"Georgia",2025-02-15,"calendar","sir","hurdle_ztnb",2025-02-15,2025,0,409,734,412.5,407,459.55,0.9,""
"Georgia",2025-02-15,"calendar","sir","hurdle_ztpoisson",2025-01-18,2025,4,963,992,972,957,989,0.9,""
"Georgia",2025-02-15,"calendar","sir","hurdle_ztpoisson",2025-01-25,2025,3,1182,1195,1184,1178.45,1192,0.9,""
"Georgia",2025-02-15,"calendar","sir","hurdle_ztpoisson",2025-02-01,2025,2,1346,1373,1350,1339,1367,0.9,""
"Georgia",2025-02-15,"calendar","sir","hurdle_ztpoisson",2025-02-08,2025,1,1230,1301,1234,1183,1303,0.9,""
"Georgia",2025-02-15,"calendar","sir","hurdle_ztpoisson",2025-02-15,2025,0,409,734,409.5,275.35,483.55,0.9,""
"Georgia",2025-03-29,"calendar","hsgp","hurdle_ztnb",2025-03-01,2025,4,435,437,441,435,466,0.9,""
"Georgia",2025-03-29,"calendar","hsgp","hurdle_ztnb",2025-03-08,2025,3,394,396,399,394,419,0.9,""
"Georgia",2025-03-29,"calendar","hsgp","hurdle_ztnb",2025-03-15,2025,2,359,365,363,359,382,0.9,""
"Georgia",2025-03-29,"calendar","hsgp","hurdle_ztnb",2025-03-22,2025,1,233,235,237,233,265,0.9,""
"Georgia",2025-03-29,"calendar","hsgp","hurdle_ztnb",2025-03-29,2025,0,174,190,181,170,225.55,0.9,""
"Georgia",2025-03-29,"calendar","hsgp","hurdle_ztpoisson",2025-03-01,2025,4,435,437,437,433,448,0.9,""
"Georgia",2025-03-29,"calendar","hsgp","hurdle_ztpoisson",2025-03-08,2025,3,394,396,394,388,405,0.9,""
"Georgia",2025-03-29,"calendar","hsgp","hurdle_ztpoisson",2025-03-15,2025,2,359,365,362,354,371.55,0.9,""
"Georgia",2025-03-29,"calendar","hsgp","hurdle_ztpoisson",2025-03-22,2025,1,233,235,236,223.45,253,0.9,""
"Georgia",2025-03-29,"calendar","hsgp","hurdle_ztpoisson",2025-03-29,2025,0,174,190,174,104.45,236.55,0.9,""
"Georgia",2025-03-29,"calendar","sir","hurdle_ztnb",2025-03-01,2025,4,435,437,435,435,450.55,0.9,""
"Georgia",2025-03-29,"calendar","sir","hurdle_ztnb",2025-03-08,2025,3,394,396,395,394,412,0.9,""
"Georgia",2025-03-29,"calendar","sir","hurdle_ztnb",2025-03-15,2025,2,359,365,360,358,385,0.9,""
"Georgia",2025-03-29,"calendar","sir","hurdle_ztnb",2025-03-22,2025,1,233,235,235,231.45,272.55,0.9,""
"Georgia",2025-03-29,"calendar","sir","hurdle_ztnb",2025-03-29,2025,0,174,190,178.5,174,236.75,0.9,""
"Georgia",2025-03-29,"calendar","sir","hurdle_ztpoisson",2025-03-01,2025,4,435,437,435,435,443,0.9,""
"Georgia",2025-03-29,"calendar","sir","hurdle_ztpoisson",2025-03-08,2025,3,394,396,394,394,402,0.9,""
"Georgia",2025-03-29,"calendar","sir","hurdle_ztpoisson",2025-03-15,2025,2,359,365,359,357,368.55,0.9,""
"Georgia",2025-03-29,"calendar","sir","hurdle_ztpoisson",2025-03-22,2025,1,233,235,233,233,243.55,0.9,""
"Georgia",2025-03-29,"calendar","sir","hurdle_ztpoisson",2025-03-29,2025,0,174,190,174,160.45,190.55,0.9,""
"Georgia",2025-04-26,"calendar","hsgp","hurdle_ztnb",2025-03-29,2025,4,188,190,188,188,199,0.9,""
"Georgia",2025-04-26,"calendar","hsgp","hurdle_ztnb",2025-04-05,2025,3,158,162,158.5,158,170.55,0.9,""
"Georgia",2025-04-26,"calendar","hsgp","hurdle_ztnb",2025-04-12,2025,2,82,84,82,82,94,0.9,""
"Georgia",2025-04-26,"calendar","hsgp","hurdle_ztnb",2025-04-19,2025,1,62,64,64,62,80.1,0.9,""
"Georgia",2025-04-26,"calendar","hsgp","hurdle_ztnb",2025-04-26,2025,0,41,44,45,40,74.1,0.9,""
"Georgia",2025-04-26,"calendar","hsgp","hurdle_ztpoisson",2025-03-29,2025,4,188,190,188,188,195,0.9,""
"Georgia",2025-04-26,"calendar","hsgp","hurdle_ztpoisson",2025-04-05,2025,3,158,162,158,156,165.55,0.9,""
"Georgia",2025-04-26,"calendar","hsgp","hurdle_ztpoisson",2025-04-12,2025,2,82,84,82,80,89.55,0.9,""
"Georgia",2025-04-26,"calendar","hsgp","hurdle_ztpoisson",2025-04-19,2025,1,62,64,62,58,69,0.9,""
"Georgia",2025-04-26,"calendar","hsgp","hurdle_ztpoisson",2025-04-26,2025,0,41,44,41,30,52,0.9,""
"Georgia",2025-04-26,"calendar","sir","hurdle_ztnb",2025-03-29,2025,4,188,190,189,188,206,0.9,""
"Georgia",2025-04-26,"calendar","sir","hurdle_ztnb",2025-04-05,2025,3,158,162,160,158,189,0.9,""
"Georgia",2025-04-26,"calendar","sir","hurdle_ztnb",2025-04-12,2025,2,82,84,83,82,116.65,0.9,""
"Georgia",2025-04-26,"calendar","sir","hurdle_ztnb",2025-04-19,2025,1,62,64,63,62,96,0.9,""
"Georgia",2025-04-26,"calendar","sir","hurdle_ztnb",2025-04-26,2025,0,41,44,44,40,95.0499999999998,0.9,""
"Georgia",2025-04-26,"calendar","sir","hurdle_ztpoisson",2025-03-29,2025,4,188,190,188,188,193,0.9,""
"Georgia",2025-04-26,"calendar","sir","hurdle_ztpoisson",2025-04-05,2025,3,158,162,158,158,162,0.9,""
"Georgia",2025-04-26,"calendar","sir","hurdle_ztpoisson",2025-04-12,2025,2,82,84,82,82,88,0.9,""
"Georgia",2025-04-26,"calendar","sir","hurdle_ztpoisson",2025-04-19,2025,1,62,64,62,62,68,0.9,""
"Georgia",2025-04-26,"calendar","sir","hurdle_ztpoisson",2025-04-26,2025,0,41,44,41,41,47.55,0.9,""
"Georgia",2025-05-31,"calendar","hsgp","hurdle_ztnb",2025-05-03,2025,4,44,44,44,44,51,0.9,""
"Georgia",2025-05-31,"calendar","hsgp","hurdle_ztnb",2025-05-10,2025,3,43,44,43,43,51.55,0.9,""
"Georgia",2025-05-31,"calendar","hsgp","hurdle_ztnb",2025-05-17,2025,2,33,34,33,33,44,0.9,""
"Georgia",2025-05-31,"calendar","hsgp","hurdle_ztnb",2025-05-24,2025,1,21,21,23,21,35.55,0.9,""
"Georgia",2025-05-31,"calendar","hsgp","hurdle_ztnb",2025-05-31,2025,0,21,26,25,21,44,0.9,""
"Georgia",2025-05-31,"calendar","hsgp","hurdle_ztpoisson",2025-05-03,2025,4,44,44,44,44,48,0.9,""
"Georgia",2025-05-31,"calendar","hsgp","hurdle_ztpoisson",2025-05-10,2025,3,43,44,43,43,46,0.9,""
"Georgia",2025-05-31,"calendar","hsgp","hurdle_ztpoisson",2025-05-17,2025,2,33,34,33,33,37,0.9,""
"Georgia",2025-05-31,"calendar","hsgp","hurdle_ztpoisson",2025-05-24,2025,1,21,21,21,18.45,24,0.9,""
"Georgia",2025-05-31,"calendar","hsgp","hurdle_ztpoisson",2025-05-31,2025,0,21,26,21,15,26,0.9,""
"Georgia",2025-05-31,"calendar","sir","hurdle_ztnb",2025-05-03,2025,4,44,44,44,44,61.55,0.9,""
"Georgia",2025-05-31,"calendar","sir","hurdle_ztnb",2025-05-10,2025,3,43,44,43,43,58.55,0.9,""
"Georgia",2025-05-31,"calendar","sir","hurdle_ztnb",2025-05-17,2025,2,33,34,33,33,47.55,0.9,""
"Georgia",2025-05-31,"calendar","sir","hurdle_ztnb",2025-05-24,2025,1,21,21,21,21,46.55,0.9,""
"Georgia",2025-05-31,"calendar","sir","hurdle_ztnb",2025-05-31,2025,0,21,26,21,21,63.7999999999997,0.9,""
"Georgia",2025-05-31,"calendar","sir","hurdle_ztpoisson",2025-05-03,2025,4,44,44,44,44,46,0.9,""
"Georgia",2025-05-31,"calendar","sir","hurdle_ztpoisson",2025-05-10,2025,3,43,44,43,43,44.1,0.9,""
"Georgia",2025-05-31,"calendar","sir","hurdle_ztpoisson",2025-05-17,2025,2,33,34,33,33,35,0.9,""
"Georgia",2025-05-31,"calendar","sir","hurdle_ztpoisson",2025-05-24,2025,1,21,21,21,21,24,0.9,""
"Georgia",2025-05-31,"calendar","sir","hurdle_ztpoisson",2025-05-31,2025,0,21,26,21,21,25,0.9,""
"Hawaii",2025-01-02,"calendar","hsgp","hurdle_ztnb",2024-11-30,2024,4,14,14,14,14,18,0.9,""
"Hawaii",2025-01-02,"calendar","hsgp","hurdle_ztnb",2024-12-07,2024,3,20,20,20,20,25,0.9,""
"Hawaii",2025-01-02,"calendar","hsgp","hurdle_ztnb",2024-12-14,2024,2,34,34,34,34,39.55,0.9,""
"Hawaii",2025-01-02,"calendar","hsgp","hurdle_ztnb",2024-12-21,2024,1,42,42,42,42,51,0.9,""
"Hawaii",2025-01-02,"calendar","hsgp","hurdle_ztnb",2024-12-28,2024,0,54,57,56,54,67,0.9,""
"Hawaii",2025-01-02,"calendar","hsgp","hurdle_ztpoisson",2024-11-30,2024,4,14,14,14,14,17,0.9,""
"Hawaii",2025-01-02,"calendar","hsgp","hurdle_ztpoisson",2024-12-07,2024,3,20,20,20,20,24,0.9,""
"Hawaii",2025-01-02,"calendar","hsgp","hurdle_ztpoisson",2024-12-14,2024,2,34,34,34,34,39.55,0.9,""
"Hawaii",2025-01-02,"calendar","hsgp","hurdle_ztpoisson",2024-12-21,2024,1,42,42,43,42,49.55,0.9,""
"Hawaii",2025-01-02,"calendar","hsgp","hurdle_ztpoisson",2024-12-28,2024,0,54,57,57,54,67.55,0.9,""
"Hawaii",2025-01-02,"calendar","sir","hurdle_ztnb",2024-11-30,2024,4,14,14,14,14,17,0.9,""
"Hawaii",2025-01-02,"calendar","sir","hurdle_ztnb",2024-12-07,2024,3,20,20,20,20,25,0.9,""
"Hawaii",2025-01-02,"calendar","sir","hurdle_ztnb",2024-12-14,2024,2,34,34,34,34,39,0.9,""
"Hawaii",2025-01-02,"calendar","sir","hurdle_ztnb",2024-12-21,2024,1,42,42,42,42,49,0.9,""
"Hawaii",2025-01-02,"calendar","sir","hurdle_ztnb",2024-12-28,2024,0,54,57,55,54,64,0.9,""
"Hawaii",2025-01-02,"calendar","sir","hurdle_ztpoisson",2024-11-30,2024,4,14,14,14,14,16,0.9,""
"Hawaii",2025-01-02,"calendar","sir","hurdle_ztpoisson",2024-12-07,2024,3,20,20,20,20,23,0.9,""
"Hawaii",2025-01-02,"calendar","sir","hurdle_ztpoisson",2024-12-14,2024,2,34,34,34,34,37.55,0.9,""
"Hawaii",2025-01-02,"calendar","sir","hurdle_ztpoisson",2024-12-21,2024,1,42,42,42,42,48,0.9,""
"Hawaii",2025-01-02,"calendar","sir","hurdle_ztpoisson",2024-12-28,2024,0,54,57,54,54,67,0.9,""
"Hawaii",2025-02-15,"calendar","hsgp","hurdle_ztnb",2025-01-18,2025,4,91,91,95,91,110,0.9,""
"Hawaii",2025-02-15,"calendar","hsgp","hurdle_ztnb",2025-01-25,2025,3,81,88,87,78.45,103.55,0.9,""
"Hawaii",2025-02-15,"calendar","hsgp","hurdle_ztnb",2025-02-01,2025,2,70,70,77,70,114,0.9,""
"Hawaii",2025-02-15,"calendar","hsgp","hurdle_ztnb",2025-02-08,2025,1,81,83,91,81,129.1,0.9,""
"Hawaii",2025-02-15,"calendar","hsgp","hurdle_ztnb",2025-02-15,2025,0,79,79,93,78,168.2,0.9,""
"Hawaii",2025-02-15,"calendar","hsgp","hurdle_ztpoisson",2025-01-18,2025,4,91,91,93,80.45,112,0.9,""
"Hawaii",2025-02-15,"calendar","hsgp","hurdle_ztpoisson",2025-01-25,2025,3,81,88,84,64,105,0.9,""
"Hawaii",2025-02-15,"calendar","hsgp","hurdle_ztpoisson",2025-02-01,2025,2,70,70,73,38.9,100.55,0.9,""
"Hawaii",2025-02-15,"calendar","hsgp","hurdle_ztpoisson",2025-02-08,2025,1,81,83,90,62.45,126,0.9,""
"Hawaii",2025-02-15,"calendar","hsgp","hurdle_ztpoisson",2025-02-15,2025,0,79,79,92,59,137,0.9,""
"Hawaii",2025-02-15,"calendar","sir","hurdle_ztnb",2025-01-18,2025,4,91,91,91,91,97,0.9,""
"Hawaii",2025-02-15,"calendar","sir","hurdle_ztnb",2025-01-25,2025,3,81,88,81,81,91,0.9,""
"Hawaii",2025-02-15,"calendar","sir","hurdle_ztnb",2025-02-01,2025,2,70,70,70,69.45,83,0.9,""
"Hawaii",2025-02-15,"calendar","sir","hurdle_ztnb",2025-02-08,2025,1,81,83,83,81,98.55,0.9,""
"Hawaii",2025-02-15,"calendar","sir","hurdle_ztnb",2025-02-15,2025,0,79,79,82,78.45,111.55,0.9,""
"Hawaii",2025-02-15,"calendar","sir","hurdle_ztpoisson",2025-01-18,2025,4,91,91,97,84,114.55,0.9,""
"Hawaii",2025-02-15,"calendar","sir","hurdle_ztpoisson",2025-01-25,2025,3,81,88,81,77,89,0.9,""
"Hawaii",2025-02-15,"calendar","sir","hurdle_ztpoisson",2025-02-01,2025,2,70,70,70,62,81,0.9,""
"Hawaii",2025-02-15,"calendar","sir","hurdle_ztpoisson",2025-02-08,2025,1,81,83,81,69.45,96.55,0.9,""
"Hawaii",2025-02-15,"calendar","sir","hurdle_ztpoisson",2025-02-15,2025,0,79,79,81,67,102.55,0.9,""
"Hawaii",2025-03-29,"calendar","hsgp","hurdle_ztnb",2025-03-01,2025,4,67,67,67,67,76,0.9,""
"Hawaii",2025-03-29,"calendar","hsgp","hurdle_ztnb",2025-03-08,2025,3,63,63,63,63,71.55,0.9,""
"Hawaii",2025-03-29,"calendar","hsgp","hurdle_ztnb",2025-03-15,2025,2,56,56,56,56,65,0.9,""
"Hawaii",2025-03-29,"calendar","hsgp","hurdle_ztnb",2025-03-22,2025,1,42,42,42,42,52,0.9,""
"Hawaii",2025-03-29,"calendar","hsgp","hurdle_ztnb",2025-03-29,2025,0,30,31,32,30,45.55,0.9,""
"Hawaii",2025-03-29,"calendar","hsgp","hurdle_ztpoisson",2025-03-01,2025,4,67,67,67,60,78,0.9,""
"Hawaii",2025-03-29,"calendar","hsgp","hurdle_ztpoisson",2025-03-08,2025,3,63,63,63,54,74,0.9,""
"Hawaii",2025-03-29,"calendar","hsgp","hurdle_ztpoisson",2025-03-15,2025,2,56,56,56,43,70,0.9,""
"Hawaii",2025-03-29,"calendar","hsgp","hurdle_ztpoisson",2025-03-22,2025,1,42,42,42,31,57.55,0.9,""
"Hawaii",2025-03-29,"calendar","hsgp","hurdle_ztpoisson",2025-03-29,2025,0,30,31,34,20,51,0.9,""
"Hawaii",2025-03-29,"calendar","sir","hurdle_ztnb",2025-03-01,2025,4,67,67,67,67,74,0.9,""
"Hawaii",2025-03-29,"calendar","sir","hurdle_ztnb",2025-03-08,2025,3,63,63,63,63,72.55,0.9,""
"Hawaii",2025-03-29,"calendar","sir","hurdle_ztnb",2025-03-15,2025,2,56,56,56,56,68,0.9,""
"Hawaii",2025-03-29,"calendar","sir","hurdle_ztnb",2025-03-22,2025,1,42,42,43,42,58,0.9,""
"Hawaii",2025-03-29,"calendar","sir","hurdle_ztnb",2025-03-29,2025,0,30,31,33,30,57.1,0.9,""
"Hawaii",2025-03-29,"calendar","sir","hurdle_ztpoisson",2025-03-01,2025,4,67,67,67,67,73,0.9,""
"Hawaii",2025-03-29,"calendar","sir","hurdle_ztpoisson",2025-03-08,2025,3,63,63,63,60.45,70,0.9,""
"Hawaii",2025-03-29,"calendar","sir","hurdle_ztpoisson",2025-03-15,2025,2,56,56,56,49,64,0.9,""
"Hawaii",2025-03-29,"calendar","sir","hurdle_ztpoisson",2025-03-22,2025,1,42,42,42,36,50.55,0.9,""
"Hawaii",2025-03-29,"calendar","sir","hurdle_ztpoisson",2025-03-29,2025,0,30,31,30,25,40,0.9,""
"Hawaii",2025-04-26,"calendar","hsgp","hurdle_ztnb",2025-03-29,2025,4,31,31,31,31,35.55,0.9,""
"Hawaii",2025-04-26,"calendar","hsgp","hurdle_ztnb",2025-04-05,2025,3,39,39,39,39,42,0.9,""
"Hawaii",2025-04-26,"calendar","hsgp","hurdle_ztnb",2025-04-12,2025,2,24,24,24,24,29.55,0.9,""
"Hawaii",2025-04-26,"calendar","hsgp","hurdle_ztnb",2025-04-19,2025,1,24,24,24,24,33,0.9,""
"Hawaii",2025-04-26,"calendar","hsgp","hurdle_ztnb",2025-04-26,2025,0,24,24,25,24,40.55,0.9,""
"Hawaii",2025-04-26,"calendar","hsgp","hurdle_ztpoisson",2025-03-29,2025,4,31,31,31,27,38,0.9,""
"Hawaii",2025-04-26,"calendar","hsgp","hurdle_ztpoisson",2025-04-05,2025,3,39,39,39,32,47,0.9,""
"Hawaii",2025-04-26,"calendar","hsgp","hurdle_ztpoisson",2025-04-12,2025,2,24,24,24,14,33.55,0.9,""
"Hawaii",2025-04-26,"calendar","hsgp","hurdle_ztpoisson",2025-04-19,2025,1,24,24,24,13,36,0.9,""
"Hawaii",2025-04-26,"calendar","hsgp","hurdle_ztpoisson",2025-04-26,2025,0,24,24,27,15,41.55,0.9,""
"Hawaii",2025-04-26,"calendar","sir","hurdle_ztnb",2025-03-29,2025,4,31,31,31,31,38,0.9,""
"Hawaii",2025-04-26,"calendar","sir","hurdle_ztnb",2025-04-05,2025,3,39,39,39,39,47,0.9,""
"Hawaii",2025-04-26,"calendar","sir","hurdle_ztnb",2025-04-12,2025,2,24,24,24,24,34,0.9,""
"Hawaii",2025-04-26,"calendar","sir","hurdle_ztnb",2025-04-19,2025,1,24,24,24,24,36,0.9,""
"Hawaii",2025-04-26,"calendar","sir","hurdle_ztnb",2025-04-26,2025,0,24,24,25,24,45,0.9,""
"Hawaii",2025-04-26,"calendar","sir","hurdle_ztpoisson",2025-03-29,2025,4,31,31,31,31,34,0.9,""
"Hawaii",2025-04-26,"calendar","sir","hurdle_ztpoisson",2025-04-05,2025,3,39,39,39,38.45,44,0.9,""
"Hawaii",2025-04-26,"calendar","sir","hurdle_ztpoisson",2025-04-12,2025,2,24,24,24,21,28,0.9,""
"Hawaii",2025-04-26,"calendar","sir","hurdle_ztpoisson",2025-04-19,2025,1,24,24,24,22,30,0.9,""
"Hawaii",2025-04-26,"calendar","sir","hurdle_ztpoisson",2025-04-26,2025,0,24,24,24,20,31,0.9,""
"Hawaii",2025-05-31,"calendar","hsgp","hurdle_ztnb",2025-05-03,2025,4,34,34,34,34,38,0.9,""
"Hawaii",2025-05-31,"calendar","hsgp","hurdle_ztnb",2025-05-10,2025,3,30,30,30,30,35,0.9,""
"Hawaii",2025-05-31,"calendar","hsgp","hurdle_ztnb",2025-05-17,2025,2,25,25,25,25,31,0.9,""
"Hawaii",2025-05-31,"calendar","hsgp","hurdle_ztnb",2025-05-24,2025,1,17,18,17,16.45,25.55,0.9,""
"Hawaii",2025-05-31,"calendar","hsgp","hurdle_ztnb",2025-05-31,2025,0,18,19,20,18,35.1,0.9,""
"Hawaii",2025-05-31,"calendar","hsgp","hurdle_ztpoisson",2025-05-03,2025,4,34,34,34,29.45,41,0.9,""
"Hawaii",2025-05-31,"calendar","hsgp","hurdle_ztpoisson",2025-05-10,2025,3,30,30,30,24,37,0.9,""
"Hawaii",2025-05-31,"calendar","hsgp","hurdle_ztpoisson",2025-05-17,2025,2,25,25,25,14,34,0.9,""
"Hawaii",2025-05-31,"calendar","hsgp","hurdle_ztpoisson",2025-05-24,2025,1,17,18,17,7.45,27,0.9,""
"Hawaii",2025-05-31,"calendar","hsgp","hurdle_ztpoisson",2025-05-31,2025,0,18,19,20,9.45,35.55,0.9,""
"Hawaii",2025-05-31,"calendar","sir","hurdle_ztnb",2025-05-03,2025,4,34,34,34,34,38,0.9,""
"Hawaii",2025-05-31,"calendar","sir","hurdle_ztnb",2025-05-10,2025,3,30,30,30,30,36,0.9,""
"Hawaii",2025-05-31,"calendar","sir","hurdle_ztnb",2025-05-17,2025,2,25,25,25,25,33,0.9,""
"Hawaii",2025-05-31,"calendar","sir","hurdle_ztnb",2025-05-24,2025,1,17,18,17,17,25,0.9,""
"Hawaii",2025-05-31,"calendar","sir","hurdle_ztnb",2025-05-31,2025,0,18,19,18.5,18,31.55,0.9,""
"Hawaii",2025-05-31,"calendar","sir","hurdle_ztpoisson",2025-05-03,2025,4,34,34,34,34,37,0.9,""
"Hawaii",2025-05-31,"calendar","sir","hurdle_ztpoisson",2025-05-10,2025,3,30,30,30,30,34,0.9,""
"Hawaii",2025-05-31,"calendar","sir","hurdle_ztpoisson",2025-05-17,2025,2,25,25,25,22,29,0.9,""
"Hawaii",2025-05-31,"calendar","sir","hurdle_ztpoisson",2025-05-24,2025,1,17,18,17,14,21,0.9,""
"Hawaii",2025-05-31,"calendar","sir","hurdle_ztpoisson",2025-05-31,2025,0,18,19,18,16,25,0.9,""
"Idaho",2025-01-02,"calendar","hsgp","hurdle_ztnb",2024-11-30,2024,4,63,63,63,63,72.1,0.9,""
"Idaho",2025-01-02,"calendar","hsgp","hurdle_ztnb",2024-12-07,2024,3,77,78,77,73.9,97.55,0.9,""
"Idaho",2025-01-02,"calendar","hsgp","hurdle_ztnb",2024-12-14,2024,2,101,110,101,96.45,122.55,0.9,""
"Idaho",2025-01-02,"calendar","hsgp","hurdle_ztnb",2024-12-21,2024,1,185,188,185,162.35,230.1,0.9,""
"Idaho",2025-01-02,"calendar","hsgp","hurdle_ztnb",2024-12-28,2024,0,322,333,327.5,303.45,406.1,0.9,""
"Idaho",2025-01-02,"calendar","hsgp","hurdle_ztpoisson",2024-11-30,2024,4,63,63,63,63,70.55,0.9,""
"Idaho",2025-01-02,"calendar","hsgp","hurdle_ztpoisson",2024-12-07,2024,3,77,78,77,75.35,85,0.9,""
"Idaho",2025-01-02,"calendar","hsgp","hurdle_ztpoisson",2024-12-14,2024,2,101,110,101,92,117.55,0.9,""
"Idaho",2025-01-02,"calendar","hsgp","hurdle_ztpoisson",2024-12-21,2024,1,185,188,185,138.45,227,0.9,""
"Idaho",2025-01-02,"calendar","hsgp","hurdle_ztpoisson",2024-12-28,2024,0,322,333,322,254,424.1,0.9,""
"Idaho",2025-01-02,"calendar","sir","hurdle_ztnb",2024-11-30,2024,4,63,63,63,63,63,0.9,""
"Idaho",2025-01-02,"calendar","sir","hurdle_ztnb",2024-12-07,2024,3,77,78,77,77,77,0.9,""
"Idaho",2025-01-02,"calendar","sir","hurdle_ztnb",2024-12-14,2024,2,101,110,101,101,101,0.9,""
"Idaho",2025-01-02,"calendar","sir","hurdle_ztnb",2024-12-21,2024,1,185,188,185,185,185,0.9,""
"Idaho",2025-01-02,"calendar","sir","hurdle_ztnb",2024-12-28,2024,0,322,333,322,322,322,0.9,""
"Idaho",2025-01-02,"calendar","sir","hurdle_ztpoisson",2024-11-30,2024,4,63,63,63,63,63,0.9,""
"Idaho",2025-01-02,"calendar","sir","hurdle_ztpoisson",2024-12-07,2024,3,77,78,77,77,77,0.9,""
"Idaho",2025-01-02,"calendar","sir","hurdle_ztpoisson",2024-12-14,2024,2,101,110,101,101,101,0.9,""
"Idaho",2025-01-02,"calendar","sir","hurdle_ztpoisson",2024-12-21,2024,1,185,188,185,185,185,0.9,""
"Idaho",2025-01-02,"calendar","sir","hurdle_ztpoisson",2024-12-28,2024,0,322,333,322,322,322,0.9,""
"Idaho",2025-02-15,"calendar","hsgp","hurdle_ztnb",2025-01-18,2025,4,130,125,130,130,139.2,0.9,""
"Idaho",2025-02-15,"calendar","hsgp","hurdle_ztnb",2025-01-25,2025,3,106,105,106,106,118,0.9,""
"Idaho",2025-02-15,"calendar","hsgp","hurdle_ztnb",2025-02-01,2025,2,162,162,162,160,179.55,0.9,""
"Idaho",2025-02-15,"calendar","hsgp","hurdle_ztnb",2025-02-08,2025,1,165,175,165,148.45,193.55,0.9,""
"Idaho",2025-02-15,"calendar","hsgp","hurdle_ztnb",2025-02-15,2025,0,125,152,127,101.45,175.55,0.9,""
"Idaho",2025-02-15,"calendar","hsgp","hurdle_ztpoisson",2025-01-18,2025,4,130,125,130,130,130,0.9,""
"Idaho",2025-02-15,"calendar","hsgp","hurdle_ztpoisson",2025-01-25,2025,3,106,105,106,106,109,0.9,""
"Idaho",2025-02-15,"calendar","hsgp","hurdle_ztpoisson",2025-02-01,2025,2,162,162,162,159.45,169,0.9,""
"Idaho",2025-02-15,"calendar","hsgp","hurdle_ztpoisson",2025-02-08,2025,1,165,175,165,156.45,179,0.9,""
"Idaho",2025-02-15,"calendar","hsgp","hurdle_ztpoisson",2025-02-15,2025,0,125,152,125,109,181.55,0.9,""
"Idaho",2025-02-15,"calendar","sir","hurdle_ztnb",2025-01-18,2025,4,130,125,130,130,130,0.9,""
"Idaho",2025-02-15,"calendar","sir","hurdle_ztnb",2025-01-25,2025,3,106,105,106,106,106,0.9,""
"Idaho",2025-02-15,"calendar","sir","hurdle_ztnb",2025-02-01,2025,2,162,162,162,162,162,0.9,""
"Idaho",2025-02-15,"calendar","sir","hurdle_ztnb",2025-02-08,2025,1,165,175,165,165,165,0.9,""
"Idaho",2025-02-15,"calendar","sir","hurdle_ztnb",2025-02-15,2025,0,125,152,125,125,125,0.9,""
"Idaho",2025-02-15,"calendar","sir","hurdle_ztpoisson",2025-01-18,2025,4,130,125,130,130,130,0.9,""
"Idaho",2025-02-15,"calendar","sir","hurdle_ztpoisson",2025-01-25,2025,3,106,105,106,106,106,0.9,""
"Idaho",2025-02-15,"calendar","sir","hurdle_ztpoisson",2025-02-01,2025,2,162,162,162,162,162,0.9,""
"Idaho",2025-02-15,"calendar","sir","hurdle_ztpoisson",2025-02-08,2025,1,165,175,165,165,165,0.9,""
"Idaho",2025-02-15,"calendar","sir","hurdle_ztpoisson",2025-02-15,2025,0,125,152,125,125,125,0.9,""
"Idaho",2025-03-29,"calendar","hsgp","hurdle_ztnb",2025-03-01,2025,4,124,124,124,124,129,0.9,""
"Idaho",2025-03-29,"calendar","hsgp","hurdle_ztnb",2025-03-08,2025,3,90,95,90,87.45,99.55,0.9,""
"Idaho",2025-03-29,"calendar","hsgp","hurdle_ztnb",2025-03-15,2025,2,99,99,99,95.45,108,0.9,""
"Idaho",2025-03-29,"calendar","hsgp","hurdle_ztnb",2025-03-22,2025,1,83,83,83,77,94.1,0.9,""
"Idaho",2025-03-29,"calendar","hsgp","hurdle_ztnb",2025-03-29,2025,0,50,50,51,43,72,0.9,""
"Idaho",2025-03-29,"calendar","hsgp","hurdle_ztpoisson",2025-03-01,2025,4,124,124,124,124,129,0.9,""
"Idaho",2025-03-29,"calendar","hsgp","hurdle_ztpoisson",2025-03-08,2025,3,90,95,90,86,95,0.9,""
"Idaho",2025-03-29,"calendar","hsgp","hurdle_ztpoisson",2025-03-15,2025,2,99,99,99,94,107,0.9,""
"Idaho",2025-03-29,"calendar","hsgp","hurdle_ztpoisson",2025-03-22,2025,1,83,83,83,75,94,0.9,""
"Idaho",2025-03-29,"calendar","hsgp","hurdle_ztpoisson",2025-03-29,2025,0,50,50,53,35.45,74.55,0.9,""
"Idaho",2025-03-29,"calendar","sir","hurdle_ztnb",2025-03-01,2025,4,124,124,124,124,124,0.9,""
"Idaho",2025-03-29,"calendar","sir","hurdle_ztnb",2025-03-08,2025,3,90,95,90,90,90,0.9,""
"Idaho",2025-03-29,"calendar","sir","hurdle_ztnb",2025-03-15,2025,2,99,99,99,99,99,0.9,""
"Idaho",2025-03-29,"calendar","sir","hurdle_ztnb",2025-03-22,2025,1,83,83,83,83,83,0.9,""
"Idaho",2025-03-29,"calendar","sir","hurdle_ztnb",2025-03-29,2025,0,50,50,50,50,50,0.9,""
"Idaho",2025-03-29,"calendar","sir","hurdle_ztpoisson",2025-03-01,2025,4,124,124,124,124,124,0.9,""
"Idaho",2025-03-29,"calendar","sir","hurdle_ztpoisson",2025-03-08,2025,3,90,95,90,90,90,0.9,""
"Idaho",2025-03-29,"calendar","sir","hurdle_ztpoisson",2025-03-15,2025,2,99,99,99,99,99,0.9,""
"Idaho",2025-03-29,"calendar","sir","hurdle_ztpoisson",2025-03-22,2025,1,83,83,83,83,83,0.9,""
"Idaho",2025-03-29,"calendar","sir","hurdle_ztpoisson",2025-03-29,2025,0,50,50,50,50,50,0.9,""
"Idaho",2025-04-26,"calendar","hsgp","hurdle_ztnb",2025-03-29,2025,4,50,50,50,50,53,0.9,""
"Idaho",2025-04-26,"calendar","hsgp","hurdle_ztnb",2025-04-05,2025,3,27,27,27,27,31,0.9,""
"Idaho",2025-04-26,"calendar","hsgp","hurdle_ztnb",2025-04-12,2025,2,27,27,27,25,31,0.9,""
"Idaho",2025-04-26,"calendar","hsgp","hurdle_ztnb",2025-04-19,2025,1,13,13,13,10.45,21,0.9,""
"Idaho",2025-04-26,"calendar","hsgp","hurdle_ztnb",2025-04-26,2025,0,15,21,15,9.45,27.55,0.9,""
"Idaho",2025-04-26,"calendar","hsgp","hurdle_ztpoisson",2025-03-29,2025,4,50,50,50,50,53.1,0.9,""
"Idaho",2025-04-26,"calendar","hsgp","hurdle_ztpoisson",2025-04-05,2025,3,27,27,27,27,29,0.9,""
"Idaho",2025-04-26,"calendar","hsgp","hurdle_ztpoisson",2025-04-12,2025,2,27,27,27,27,31,0.9,""
"Idaho",2025-04-26,"calendar","hsgp","hurdle_ztpoisson",2025-04-19,2025,1,13,13,13,10,18,0.9,""
"Idaho",2025-04-26,"calendar","hsgp","hurdle_ztpoisson",2025-04-26,2025,0,15,21,15,11,22,0.9,""
"Idaho",2025-04-26,"calendar","sir","hurdle_ztnb",2025-03-29,2025,4,50,50,50,50,50,0.9,""
"Idaho",2025-04-26,"calendar","sir","hurdle_ztnb",2025-04-05,2025,3,27,27,27,27,27,0.9,""
"Idaho",2025-04-26,"calendar","sir","hurdle_ztnb",2025-04-12,2025,2,27,27,27,27,27,0.9,""
"Idaho",2025-04-26,"calendar","sir","hurdle_ztnb",2025-04-19,2025,1,13,13,13,13,13,0.9,""
"Idaho",2025-04-26,"calendar","sir","hurdle_ztnb",2025-04-26,2025,0,15,21,15,15,15,0.9,""
"Idaho",2025-04-26,"calendar","sir","hurdle_ztpoisson",2025-03-29,2025,4,50,50,50,50,50,0.9,""
"Idaho",2025-04-26,"calendar","sir","hurdle_ztpoisson",2025-04-05,2025,3,27,27,27,27,27,0.9,""
"Idaho",2025-04-26,"calendar","sir","hurdle_ztpoisson",2025-04-12,2025,2,27,27,27,27,27,0.9,""
"Idaho",2025-04-26,"calendar","sir","hurdle_ztpoisson",2025-04-19,2025,1,13,13,13,13,13,0.9,""
"Idaho",2025-04-26,"calendar","sir","hurdle_ztpoisson",2025-04-26,2025,0,15,21,15,15,15,0.9,""
"Idaho",2025-05-31,"calendar","hsgp","hurdle_ztnb",2025-05-03,2025,4,13,16,13,13,13,0.9,""
"Idaho",2025-05-31,"calendar","hsgp","hurdle_ztnb",2025-05-10,2025,3,11,11,11,11,11,0.9,""
"Idaho",2025-05-31,"calendar","hsgp","hurdle_ztnb",2025-05-17,2025,2,11,11,11,11,11,0.9,""
"Idaho",2025-05-31,"calendar","hsgp","hurdle_ztnb",2025-05-24,2025,1,11,11,11,10,17,0.9,""
"Idaho",2025-05-31,"calendar","hsgp","hurdle_ztnb",2025-05-31,2025,0,5,5,5,3,13.55,0.9,""
"Idaho",2025-05-31,"calendar","hsgp","hurdle_ztpoisson",2025-05-03,2025,4,13,16,13,13,13,0.9,""
"Idaho",2025-05-31,"calendar","hsgp","hurdle_ztpoisson",2025-05-10,2025,3,11,11,11,11,11,0.9,""
"Idaho",2025-05-31,"calendar","hsgp","hurdle_ztpoisson",2025-05-17,2025,2,11,11,11,11,11,0.9,""
"Idaho",2025-05-31,"calendar","hsgp","hurdle_ztpoisson",2025-05-24,2025,1,11,11,11,11,13,0.9,""
"Idaho",2025-05-31,"calendar","hsgp","hurdle_ztpoisson",2025-05-31,2025,0,5,5,5,4.45,9,0.9,""
"Idaho",2025-05-31,"calendar","sir","hurdle_ztnb",2025-05-03,2025,4,13,16,13,13,13,0.9,""
"Idaho",2025-05-31,"calendar","sir","hurdle_ztnb",2025-05-10,2025,3,11,11,11,11,11,0.9,""
"Idaho",2025-05-31,"calendar","sir","hurdle_ztnb",2025-05-17,2025,2,11,11,11,11,11,0.9,""
"Idaho",2025-05-31,"calendar","sir","hurdle_ztnb",2025-05-24,2025,1,11,11,11,11,11,0.9,""
"Idaho",2025-05-31,"calendar","sir","hurdle_ztnb",2025-05-31,2025,0,5,5,5,5,5,0.9,""
"Idaho",2025-05-31,"calendar","sir","hurdle_ztpoisson",2025-05-03,2025,4,13,16,13,13,13,0.9,""
"Idaho",2025-05-31,"calendar","sir","hurdle_ztpoisson",2025-05-10,2025,3,11,11,11,11,11,0.9,""
"Idaho",2025-05-31,"calendar","sir","hurdle_ztpoisson",2025-05-17,2025,2,11,11,11,11,11,0.9,""
"Idaho",2025-05-31,"calendar","sir","hurdle_ztpoisson",2025-05-24,2025,1,11,11,11,11,11,0.9,""
"Idaho",2025-05-31,"calendar","sir","hurdle_ztpoisson",2025-05-31,2025,0,5,5,5,5,5,0.9,""
"Illinois",2025-01-02,"calendar","hsgp","hurdle_ztnb",2024-11-30,2024,4,83,83,84,83,94,0.9,""
"Illinois",2025-01-02,"calendar","hsgp","hurdle_ztnb",2024-12-07,2024,3,104,107,106,104,117.55,0.9,""
"Illinois",2025-01-02,"calendar","hsgp","hurdle_ztnb",2024-12-14,2024,2,239,242,242,239,254.55,0.9,""
"Illinois",2025-01-02,"calendar","hsgp","hurdle_ztnb",2024-12-21,2024,1,485,489,489,484,504.55,0.9,""
"Illinois",2025-01-02,"calendar","hsgp","hurdle_ztnb",2024-12-28,2024,0,1050,1143,1056,1032.9,1088.2,0.9,""
"Illinois",2025-01-02,"calendar","hsgp","hurdle_ztpoisson",2024-11-30,2024,4,83,83,83,83,87,0.9,""
"Illinois",2025-01-02,"calendar","hsgp","hurdle_ztpoisson",2024-12-07,2024,3,104,107,104,104,109,0.9,""
"Illinois",2025-01-02,"calendar","hsgp","hurdle_ztpoisson",2024-12-14,2024,2,239,242,239,239,246.55,0.9,""
"Illinois",2025-01-02,"calendar","hsgp","hurdle_ztpoisson",2024-12-21,2024,1,485,489,487,481,503,0.9,""
"Illinois",2025-01-02,"calendar","hsgp","hurdle_ztpoisson",2024-12-28,2024,0,1050,1143,1057,1008.45,1118.55,0.9,""
"Illinois",2025-01-02,"calendar","sir","hurdle_ztnb",2024-11-30,2024,4,83,83,83,83,89.55,0.9,""
"Illinois",2025-01-02,"calendar","sir","hurdle_ztnb",2024-12-07,2024,3,104,107,104,104,112,0.9,""
"Illinois",2025-01-02,"calendar","sir","hurdle_ztnb",2024-12-14,2024,2,239,242,239,238.45,250,0.9,""
"Illinois",2025-01-02,"calendar","sir","hurdle_ztnb",2024-12-21,2024,1,485,489,486,482.45,503,0.9,""
"Illinois",2025-01-02,"calendar","sir","hurdle_ztnb",2024-12-28,2024,0,1050,1143,1051,1037.45,1075.55,0.9,""
"Illinois",2025-01-02,"calendar","sir","hurdle_ztpoisson",2024-11-30,2024,4,83,83,83,83,83,0.9,""
"Illinois",2025-01-02,"calendar","sir","hurdle_ztpoisson",2024-12-07,2024,3,104,107,109,104,122,0.9,""
"Illinois",2025-01-02,"calendar","sir","hurdle_ztpoisson",2024-12-14,2024,2,239,242,239,239,244.55,0.9,""
"Illinois",2025-01-02,"calendar","sir","hurdle_ztpoisson",2024-12-21,2024,1,485,489,485,481,494,0.9,""
"Illinois",2025-01-02,"calendar","sir","hurdle_ztpoisson",2024-12-28,2024,0,1050,1143,1056,1037,1090.55,0.9,""
"Illinois",2025-02-15,"calendar","hsgp","hurdle_ztnb",2025-01-18,2025,4,1316,1383,1329,1316,1368,0.9,""
"Illinois",2025-02-15,"calendar","hsgp","hurdle_ztnb",2025-01-25,2025,3,1734,1728,1754,1734,1793,0.9,""
"Illinois",2025-02-15,"calendar","hsgp","hurdle_ztnb",2025-02-01,2025,2,2137,2146,2164,2137,2272.1,0.9,""
"Illinois",2025-02-15,"calendar","hsgp","hurdle_ztnb",2025-02-08,2025,1,2239,2369,2282,2236.45,2465.4,0.9,""
"Illinois",2025-02-15,"calendar","hsgp","hurdle_ztnb",2025-02-15,2025,0,1779,2064,1841,1636.65,2304.55,0.9,""
"Illinois",2025-02-15,"calendar","hsgp","hurdle_ztpoisson",2025-01-18,2025,4,1316,1383,1316,1312,1324,0.9,""
"Illinois",2025-02-15,"calendar","hsgp","hurdle_ztpoisson",2025-01-25,2025,3,1734,1728,1734,1728.45,1747,0.9,""
"Illinois",2025-02-15,"calendar","hsgp","hurdle_ztpoisson",2025-02-01,2025,2,2137,2146,2137,2125,2157.55,0.9,""
"Illinois",2025-02-15,"calendar","hsgp","hurdle_ztpoisson",2025-02-08,2025,1,2239,2369,2241,2181.9,2291.1,0.9,""
"Illinois",2025-02-15,"calendar","hsgp","hurdle_ztpoisson",2025-02-15,2025,0,1779,2064,1779,1344.35,2150.4,0.9,""
"Illinois",2025-02-15,"calendar","sir","hurdle_ztnb",2025-01-18,2025,4,1316,1383,1316,1316,1328.55,0.9,""
"Illinois",2025-02-15,"calendar","sir","hurdle_ztnb",2025-01-25,2025,3,1734,1728,1735,1732,1750.1,0.9,""
"Illinois",2025-02-15,"calendar","sir","hurdle_ztnb",2025-02-01,2025,2,2137,2146,2138,2135,2161.1,0.9,""
"Illinois",2025-02-15,"calendar","sir","hurdle_ztnb",2025-02-08,2025,1,2239,2369,2240.5,2232.45,2267.55,0.9,""
"Illinois",2025-02-15,"calendar","sir","hurdle_ztnb",2025-02-15,2025,0,1779,2064,1782,1764.45,1849.55,0.9,""
"Illinois",2025-02-15,"calendar","sir","hurdle_ztpoisson",2025-01-18,2025,4,1316,1383,1322,1313.45,1335,0.9,""
"Illinois",2025-02-15,"calendar","sir","hurdle_ztpoisson",2025-01-25,2025,3,1734,1728,1734,1734,1739,0.9,""
"Illinois",2025-02-15,"calendar","sir","hurdle_ztpoisson",2025-02-01,2025,2,2137,2146,2137,2137,2145,0.9,""
"Illinois",2025-02-15,"calendar","sir","hurdle_ztpoisson",2025-02-08,2025,1,2239,2369,2239,2235.45,2254,0.9,""
"Illinois",2025-02-15,"calendar","sir","hurdle_ztpoisson",2025-02-15,2025,0,1779,2064,1779,1712,1793.1,0.9,""
"Illinois",2025-03-29,"calendar","hsgp","hurdle_ztnb",2025-03-01,2025,4,1310,1311,1317,1310,1351,0.9,""
"Illinois",2025-03-29,"calendar","hsgp","hurdle_ztnb",2025-03-08,2025,3,961,960,967.5,961,997,0.9,""
"Illinois",2025-03-29,"calendar","hsgp","hurdle_ztnb",2025-03-15,2025,2,697,718,704.5,697,730,0.9,""
"Illinois",2025-03-29,"calendar","hsgp","hurdle_ztnb",2025-03-22,2025,1,503,509,511,503,544.55,0.9,""
"Illinois",2025-03-29,"calendar","hsgp","hurdle_ztnb",2025-03-29,2025,0,303,355,313,266.35,387.8,0.9,""
"Illinois",2025-03-29,"calendar","hsgp","hurdle_ztpoisson",2025-03-01,2025,4,1310,1311,1316,1304.45,1331,0.9,""
"Illinois",2025-03-29,"calendar","hsgp","hurdle_ztpoisson",2025-03-08,2025,3,961,960,967.5,957,983,0.9,""
"Illinois",2025-03-29,"calendar","hsgp","hurdle_ztpoisson",2025-03-15,2025,2,697,718,703,692,717,0.9,""
"Illinois",2025-03-29,"calendar","hsgp","hurdle_ztpoisson",2025-03-22,2025,1,503,509,511,496,526.55,0.9,""
"Illinois",2025-03-29,"calendar","hsgp","hurdle_ztpoisson",2025-03-29,2025,0,303,355,299,235,374,0.9,""
"Illinois",2025-03-29,"calendar","sir","hurdle_ztnb",2025-03-01,2025,4,1310,1311,1310,1310,1326,0.9,""
"Illinois",2025-03-29,"calendar","sir","hurdle_ztnb",2025-03-08,2025,3,961,960,962,960,978,0.9,""
"Illinois",2025-03-29,"calendar","sir","hurdle_ztnb",2025-03-15,2025,2,697,718,698,694,722,0.9,""
"Illinois",2025-03-29,"calendar","sir","hurdle_ztnb",2025-03-22,2025,1,503,509,504,497,536,0.9,""
"Illinois",2025-03-29,"calendar","sir","hurdle_ztnb",2025-03-29,2025,0,303,355,305,293.9,350.2,0.9,""
"Illinois",2025-03-29,"calendar","sir","hurdle_ztpoisson",2025-03-01,2025,4,1310,1311,1310,1310,1314,0.9,""
"Illinois",2025-03-29,"calendar","sir","hurdle_ztpoisson",2025-03-08,2025,3,961,960,961,961,966.55,0.9,""
"Illinois",2025-03-29,"calendar","sir","hurdle_ztpoisson",2025-03-15,2025,2,697,718,697,697,700.55,0.9,""
"Illinois",2025-03-29,"calendar","sir","hurdle_ztpoisson",2025-03-22,2025,1,503,509,503,503,510,0.9,""
"Illinois",2025-03-29,"calendar","sir","hurdle_ztpoisson",2025-03-29,2025,0,303,355,303,292.45,307.55,0.9,""
"Illinois",2025-04-26,"calendar","hsgp","hurdle_ztnb",2025-03-29,2025,4,349,355,350,348,360,0.9,""
"Illinois",2025-04-26,"calendar","hsgp","hurdle_ztnb",2025-04-05,2025,3,234,297,234,234,247,0.9,""
"Illinois",2025-04-26,"calendar","hsgp","hurdle_ztnb",2025-04-12,2025,2,155,156,155,154,163.55,0.9,""
"Illinois",2025-04-26,"calendar","hsgp","hurdle_ztnb",2025-04-19,2025,1,156,156,156,154,168.55,0.9,""
"Illinois",2025-04-26,"calendar","hsgp","hurdle_ztnb",2025-04-26,2025,0,100,124,102,92.45,120.55,0.9,""
"Illinois",2025-04-26,"calendar","hsgp","hurdle_ztpoisson",2025-03-29,2025,4,349,355,349,349,359,0.9,""
"Illinois",2025-04-26,"calendar","hsgp","hurdle_ztpoisson",2025-04-05,2025,3,234,297,234,234,243,0.9,""
"Illinois",2025-04-26,"calendar","hsgp","hurdle_ztpoisson",2025-04-12,2025,2,155,156,156,153,166,0.9,""
"Illinois",2025-04-26,"calendar","hsgp","hurdle_ztpoisson",2025-04-19,2025,1,156,156,158,153,165,0.9,""
"Illinois",2025-04-26,"calendar","hsgp","hurdle_ztpoisson",2025-04-26,2025,0,100,124,100,81,117.55,0.9,""
"Illinois",2025-04-26,"calendar","sir","hurdle_ztnb",2025-03-29,2025,4,349,355,350,348,368.1,0.9,""
"Illinois",2025-04-26,"calendar","sir","hurdle_ztnb",2025-04-05,2025,3,234,297,234,232,257,0.9,""
"Illinois",2025-04-26,"calendar","sir","hurdle_ztnb",2025-04-12,2025,2,155,156,156,154,172.55,0.9,""
"Illinois",2025-04-26,"calendar","sir","hurdle_ztnb",2025-04-19,2025,1,156,156,157,153.45,185,0.9,""
"Illinois",2025-04-26,"calendar","sir","hurdle_ztnb",2025-04-26,2025,0,100,124,102,94,135.85,0.9,""
"Illinois",2025-04-26,"calendar","sir","hurdle_ztpoisson",2025-03-29,2025,4,349,355,349,349,349,0.9,"The `hurdle_ztpoisson` optimizer did not pass the stability gate.
✖ Optimizer code 0: L-BFGS-B polish: CONVERGENCE: REL_REDUCTION_OF_F <=
  FACTR*EPSMCH
✖ Maximum absolute gradient: 0.1063.
ℹ Try `count_cumulative_process(observation = ""hurdle_ztnb"")`; the ZTNB
  magnitude law was stable in the package-wide sweep.
ℹ This finite fit is returned with `gradient_status = ""warning""`; inspect
  `fit$opt` before using it."
"Illinois",2025-04-26,"calendar","sir","hurdle_ztpoisson",2025-04-05,2025,3,234,297,234,234,234,0.9,"The `hurdle_ztpoisson` optimizer did not pass the stability gate.
✖ Optimizer code 0: L-BFGS-B polish: CONVERGENCE: REL_REDUCTION_OF_F <=
  FACTR*EPSMCH
✖ Maximum absolute gradient: 0.1063.
ℹ Try `count_cumulative_process(observation = ""hurdle_ztnb"")`; the ZTNB
  magnitude law was stable in the package-wide sweep.
ℹ This finite fit is returned with `gradient_status = ""warning""`; inspect
  `fit$opt` before using it."
"Illinois",2025-04-26,"calendar","sir","hurdle_ztpoisson",2025-04-12,2025,2,155,156,155,155,155,0.9,"The `hurdle_ztpoisson` optimizer did not pass the stability gate.
✖ Optimizer code 0: L-BFGS-B polish: CONVERGENCE: REL_REDUCTION_OF_F <=
  FACTR*EPSMCH
✖ Maximum absolute gradient: 0.1063.
ℹ Try `count_cumulative_process(observation = ""hurdle_ztnb"")`; the ZTNB
  magnitude law was stable in the package-wide sweep.
ℹ This finite fit is returned with `gradient_status = ""warning""`; inspect
  `fit$opt` before using it."
"Illinois",2025-04-26,"calendar","sir","hurdle_ztpoisson",2025-04-19,2025,1,156,156,156,156,156,0.9,"The `hurdle_ztpoisson` optimizer did not pass the stability gate.
✖ Optimizer code 0: L-BFGS-B polish: CONVERGENCE: REL_REDUCTION_OF_F <=
  FACTR*EPSMCH
✖ Maximum absolute gradient: 0.1063.
ℹ Try `count_cumulative_process(observation = ""hurdle_ztnb"")`; the ZTNB
  magnitude law was stable in the package-wide sweep.
ℹ This finite fit is returned with `gradient_status = ""warning""`; inspect
  `fit$opt` before using it."
"Illinois",2025-04-26,"calendar","sir","hurdle_ztpoisson",2025-04-26,2025,0,100,124,100,98.35,100,0.9,"The `hurdle_ztpoisson` optimizer did not pass the stability gate.
✖ Optimizer code 0: L-BFGS-B polish: CONVERGENCE: REL_REDUCTION_OF_F <=
  FACTR*EPSMCH
✖ Maximum absolute gradient: 0.1063.
ℹ Try `count_cumulative_process(observation = ""hurdle_ztnb"")`; the ZTNB
  magnitude law was stable in the package-wide sweep.
ℹ This finite fit is returned with `gradient_status = ""warning""`; inspect
  `fit$opt` before using it."
"Illinois",2025-05-31,"calendar","hsgp","hurdle_ztnb",2025-05-03,2025,4,81,81,81,81,88,0.9,""
"Illinois",2025-05-31,"calendar","hsgp","hurdle_ztnb",2025-05-10,2025,3,57,58,57,57,65,0.9,""
"Illinois",2025-05-31,"calendar","hsgp","hurdle_ztnb",2025-05-17,2025,2,52,52,52,52,63,0.9,""
"Illinois",2025-05-31,"calendar","hsgp","hurdle_ztnb",2025-05-24,2025,1,71,74,72,70.45,83.55,0.9,""
"Illinois",2025-05-31,"calendar","hsgp","hurdle_ztnb",2025-05-31,2025,0,52,56,54,45,81.55,0.9,""
"Illinois",2025-05-31,"calendar","hsgp","hurdle_ztpoisson",2025-05-03,2025,4,81,81,81,81,86,0.9,""
"Illinois",2025-05-31,"calendar","hsgp","hurdle_ztpoisson",2025-05-10,2025,3,57,58,57,57,61,0.9,""
"Illinois",2025-05-31,"calendar","hsgp","hurdle_ztpoisson",2025-05-17,2025,2,52,52,52,52,57,0.9,""
"Illinois",2025-05-31,"calendar","hsgp","hurdle_ztpoisson",2025-05-24,2025,1,71,74,71,69,76,0.9,""
"Illinois",2025-05-31,"calendar","hsgp","hurdle_ztpoisson",2025-05-31,2025,0,52,56,51,41.45,60,0.9,""
"Illinois",2025-05-31,"calendar","sir","hurdle_ztnb",2025-05-03,2025,4,81,81,81,81,89,0.9,""
"Illinois",2025-05-31,"calendar","sir","hurdle_ztnb",2025-05-10,2025,3,57,58,57,57,73.55,0.9,""
"Illinois",2025-05-31,"calendar","sir","hurdle_ztnb",2025-05-17,2025,2,52,52,52,52,64.55,0.9,""
"Illinois",2025-05-31,"calendar","sir","hurdle_ztnb",2025-05-24,2025,1,71,74,71,70,86,0.9,""
"Illinois",2025-05-31,"calendar","sir","hurdle_ztnb",2025-05-31,2025,0,52,56,53,50,75.55,0.9,""
"Illinois",2025-05-31,"calendar","sir","hurdle_ztpoisson",2025-05-03,2025,4,81,81,81,81,81,0.9,""
"Illinois",2025-05-31,"calendar","sir","hurdle_ztpoisson",2025-05-10,2025,3,57,58,57,57,57,0.9,""
"Illinois",2025-05-31,"calendar","sir","hurdle_ztpoisson",2025-05-17,2025,2,52,52,52,52,52,0.9,""
"Illinois",2025-05-31,"calendar","sir","hurdle_ztpoisson",2025-05-24,2025,1,71,74,71,71,71,0.9,""
"Illinois",2025-05-31,"calendar","sir","hurdle_ztpoisson",2025-05-31,2025,0,52,56,52,52,52,0.9,""
"Indiana",2025-01-02,"calendar","hsgp","hurdle_ztnb",2024-11-30,2024,4,41,41,41,22,53.55,0.9,""
"Indiana",2025-01-02,"calendar","hsgp","hurdle_ztnb",2024-12-07,2024,3,65,65,63,41.45,75,0.9,""
"Indiana",2025-01-02,"calendar","hsgp","hurdle_ztnb",2024-12-14,2024,2,140,142,137,111,153.55,0.9,""
"Indiana",2025-01-02,"calendar","hsgp","hurdle_ztnb",2024-12-21,2024,1,275,288,272,233,304.1,0.9,""
"Indiana",2025-01-02,"calendar","hsgp","hurdle_ztnb",2024-12-28,2024,0,580,590,578.5,535.45,613.55,0.9,""
"Indiana",2025-01-02,"calendar","hsgp","hurdle_ztpoisson",2024-11-30,2024,4,41,41,41,31,41,0.9,""
"Indiana",2025-01-02,"calendar","hsgp","hurdle_ztpoisson",2024-12-07,2024,3,65,65,61,47.45,68.55,0.9,""
"Indiana",2025-01-02,"calendar","hsgp","hurdle_ztpoisson",2024-12-14,2024,2,140,142,133,113.45,144,0.9,""
"Indiana",2025-01-02,"calendar","hsgp","hurdle_ztpoisson",2024-12-21,2024,1,275,288,260,224.9,281.55,0.9,""
"Indiana",2025-01-02,"calendar","hsgp","hurdle_ztpoisson",2024-12-28,2024,0,580,590,550,487,606.65,0.9,""
"Indiana",2025-01-02,"calendar","sir","hurdle_ztnb",2024-11-30,2024,4,41,41,41,33.45,45.55,0.9,""
"Indiana",2025-01-02,"calendar","sir","hurdle_ztnb",2024-12-07,2024,3,65,65,65,51.45,69,0.9,""
"Indiana",2025-01-02,"calendar","sir","hurdle_ztnb",2024-12-14,2024,2,140,142,140,125,145,0.9,""
"Indiana",2025-01-02,"calendar","sir","hurdle_ztnb",2024-12-21,2024,1,275,288,275,252.45,284,0.9,""
"Indiana",2025-01-02,"calendar","sir","hurdle_ztnb",2024-12-28,2024,0,580,590,580,563.9,596,0.9,""
"Indiana",2025-01-02,"calendar","sir","hurdle_ztpoisson",2024-11-30,2024,4,41,41,41,34,41,0.9,""
"Indiana",2025-01-02,"calendar","sir","hurdle_ztpoisson",2024-12-07,2024,3,65,65,31.5,0,78,0.9,""
"Indiana",2025-01-02,"calendar","sir","hurdle_ztpoisson",2024-12-14,2024,2,140,142,140,124,143,0.9,""
"Indiana",2025-01-02,"calendar","sir","hurdle_ztpoisson",2024-12-21,2024,1,275,288,271,249.45,280,0.9,""
"Indiana",2025-01-02,"calendar","sir","hurdle_ztpoisson",2024-12-28,2024,0,580,590,570,531,589.55,0.9,""
"Indiana",2025-02-15,"calendar","hsgp","hurdle_ztnb",2025-01-18,2025,4,530,542,528,454.9,586,0.9,""
"Indiana",2025-02-15,"calendar","hsgp","hurdle_ztnb",2025-01-25,2025,3,678,788,671,520.25,754.1,0.9,""
"Indiana",2025-02-15,"calendar","hsgp","hurdle_ztnb",2025-02-01,2025,2,1243,1295,1234,1081.4,1356.1,0.9,""
"Indiana",2025-02-15,"calendar","hsgp","hurdle_ztnb",2025-02-08,2025,1,1667,1711,1655,1385.45,1905.35,0.9,""
"Indiana",2025-02-15,"calendar","hsgp","hurdle_ztnb",2025-02-15,2025,0,1570,1717,1566,1136.8,2043.15,0.9,""
"Indiana",2025-02-15,"calendar","hsgp","hurdle_ztpoisson",2025-01-18,2025,4,530,542,530,503.9,557.1,0.9,""
"Indiana",2025-02-15,"calendar","hsgp","hurdle_ztpoisson",2025-01-25,2025,3,678,788,678,645.45,718,0.9,""
"Indiana",2025-02-15,"calendar","hsgp","hurdle_ztpoisson",2025-02-01,2025,2,1243,1295,1240.5,1184,1296,0.9,""
"Indiana",2025-02-15,"calendar","hsgp","hurdle_ztpoisson",2025-02-08,2025,1,1667,1711,1671,1583.45,1788.3,0.9,""
"Indiana",2025-02-15,"calendar","hsgp","hurdle_ztpoisson",2025-02-15,2025,0,1570,1717,1572.5,1251,1908.3,0.9,""
"Indiana",2025-02-15,"calendar","sir","hurdle_ztnb",2025-01-18,2025,4,530,542,530,499.45,547.55,0.9,""
"Indiana",2025-02-15,"calendar","sir","hurdle_ztnb",2025-01-25,2025,3,678,788,678,626.35,696,0.9,""
"Indiana",2025-02-15,"calendar","sir","hurdle_ztnb",2025-02-01,2025,2,1243,1295,1243,1176,1286.1,0.9,""
"Indiana",2025-02-15,"calendar","sir","hurdle_ztnb",2025-02-08,2025,1,1667,1711,1667,1574,1713.55,0.9,""
"Indiana",2025-02-15,"calendar","sir","hurdle_ztnb",2025-02-15,2025,0,1570,1717,1570,1468.05,1673.8,0.9,""
"Indiana",2025-02-15,"calendar","sir","hurdle_ztpoisson",2025-01-18,2025,4,530,542,448.5,231.5,535.2,0.9,""
"Indiana",2025-02-15,"calendar","sir","hurdle_ztpoisson",2025-01-25,2025,3,678,788,676.5,659,678.55,0.9,""
"Indiana",2025-02-15,"calendar","sir","hurdle_ztpoisson",2025-02-01,2025,2,1243,1295,1235.5,1206.8,1246.55,0.9,""
"Indiana",2025-02-15,"calendar","sir","hurdle_ztpoisson",2025-02-08,2025,1,1667,1711,1655,1602.45,1686.55,0.9,""
"Indiana",2025-02-15,"calendar","sir","hurdle_ztpoisson",2025-02-15,2025,0,1570,1717,1563,1512,1592,0.9,""
"Indiana",2025-03-29,"calendar","hsgp","hurdle_ztnb",2025-03-01,2025,4,1156,1210,1156,1128.9,1184.55,0.9,""
"Indiana",2025-03-29,"calendar","hsgp","hurdle_ztnb",2025-03-08,2025,3,871,900,871,836.45,899,0.9,""
"Indiana",2025-03-29,"calendar","hsgp","hurdle_ztnb",2025-03-15,2025,2,580,599,580,553.45,614.1,0.9,""
"Indiana",2025-03-29,"calendar","hsgp","hurdle_ztnb",2025-03-22,2025,1,392,392,392,360.25,438.2,0.9,""
"Indiana",2025-03-29,"calendar","hsgp","hurdle_ztnb",2025-03-29,2025,0,236,237,236,199,297.05,0.9,""
"Indiana",2025-03-29,"calendar","hsgp","hurdle_ztpoisson",2025-03-01,2025,4,1156,1210,1157.5,1134,1195,0.9,""
"Indiana",2025-03-29,"calendar","hsgp","hurdle_ztpoisson",2025-03-08,2025,3,871,900,874,845.45,909,0.9,""
"Indiana",2025-03-29,"calendar","hsgp","hurdle_ztpoisson",2025-03-15,2025,2,580,599,583,558.35,614,0.9,""
"Indiana",2025-03-29,"calendar","hsgp","hurdle_ztpoisson",2025-03-22,2025,1,392,392,396,368.45,422.55,0.9,""
"Indiana",2025-03-29,"calendar","hsgp","hurdle_ztpoisson",2025-03-29,2025,0,236,237,238.5,208.45,273.1,0.9,""
"Indiana",2025-03-29,"calendar","sir","hurdle_ztnb",2025-03-01,2025,4,1156,1210,1156,1125,1180.55,0.9,""
"Indiana",2025-03-29,"calendar","sir","hurdle_ztnb",2025-03-08,2025,3,871,900,871,833.35,896,0.9,""
"Indiana",2025-03-29,"calendar","sir","hurdle_ztnb",2025-03-15,2025,2,580,599,580,555.45,620,0.9,""
"Indiana",2025-03-29,"calendar","sir","hurdle_ztnb",2025-03-22,2025,1,392,392,392,335.15,433.65,0.9,""
"Indiana",2025-03-29,"calendar","sir","hurdle_ztnb",2025-03-29,2025,0,236,237,236,203,316.4,0.9,""
"Indiana",2025-03-29,"calendar","sir","hurdle_ztpoisson",2025-03-01,2025,4,1156,1210,1156,1146,1163,0.9,"The `hurdle_ztpoisson` optimizer did not pass the stability gate.
✖ Optimizer code 0: L-BFGS-B polish: CONVERGENCE: REL_REDUCTION_OF_F <=
  FACTR*EPSMCH
✖ Maximum absolute gradient: 0.2515.
ℹ Try `count_cumulative_process(observation = ""hurdle_ztnb"")`; the ZTNB
  magnitude law was stable in the package-wide sweep.
ℹ This finite fit is returned with `gradient_status = ""warning""`; inspect
  `fit$opt` before using it."
"Indiana",2025-03-29,"calendar","sir","hurdle_ztpoisson",2025-03-08,2025,3,871,900,871,860,880,0.9,"The `hurdle_ztpoisson` optimizer did not pass the stability gate.
✖ Optimizer code 0: L-BFGS-B polish: CONVERGENCE: REL_REDUCTION_OF_F <=
  FACTR*EPSMCH
✖ Maximum absolute gradient: 0.2515.
ℹ Try `count_cumulative_process(observation = ""hurdle_ztnb"")`; the ZTNB
  magnitude law was stable in the package-wide sweep.
ℹ This finite fit is returned with `gradient_status = ""warning""`; inspect
  `fit$opt` before using it."
"Indiana",2025-03-29,"calendar","sir","hurdle_ztpoisson",2025-03-15,2025,2,580,599,580,570.45,587,0.9,"The `hurdle_ztpoisson` optimizer did not pass the stability gate.
✖ Optimizer code 0: L-BFGS-B polish: CONVERGENCE: REL_REDUCTION_OF_F <=
  FACTR*EPSMCH
✖ Maximum absolute gradient: 0.2515.
ℹ Try `count_cumulative_process(observation = ""hurdle_ztnb"")`; the ZTNB
  magnitude law was stable in the package-wide sweep.
ℹ This finite fit is returned with `gradient_status = ""warning""`; inspect
  `fit$opt` before using it."
"Indiana",2025-03-29,"calendar","sir","hurdle_ztpoisson",2025-03-22,2025,1,392,392,392,379.45,399,0.9,"The `hurdle_ztpoisson` optimizer did not pass the stability gate.
✖ Optimizer code 0: L-BFGS-B polish: CONVERGENCE: REL_REDUCTION_OF_F <=
  FACTR*EPSMCH
✖ Maximum absolute gradient: 0.2515.
ℹ Try `count_cumulative_process(observation = ""hurdle_ztnb"")`; the ZTNB
  magnitude law was stable in the package-wide sweep.
ℹ This finite fit is returned with `gradient_status = ""warning""`; inspect
  `fit$opt` before using it."
"Indiana",2025-03-29,"calendar","sir","hurdle_ztpoisson",2025-03-29,2025,0,236,237,236,225.45,247.1,0.9,"The `hurdle_ztpoisson` optimizer did not pass the stability gate.
✖ Optimizer code 0: L-BFGS-B polish: CONVERGENCE: REL_REDUCTION_OF_F <=
  FACTR*EPSMCH
✖ Maximum absolute gradient: 0.2515.
ℹ Try `count_cumulative_process(observation = ""hurdle_ztnb"")`; the ZTNB
  magnitude law was stable in the package-wide sweep.
ℹ This finite fit is returned with `gradient_status = ""warning""`; inspect
  `fit$opt` before using it."
"Indiana",2025-04-26,"calendar","hsgp","hurdle_ztnb",2025-03-29,2025,4,237,237,237,228,245.55,0.9,""
"Indiana",2025-04-26,"calendar","hsgp","hurdle_ztnb",2025-04-05,2025,3,126,126,126,117,135,0.9,""
"Indiana",2025-04-26,"calendar","hsgp","hurdle_ztnb",2025-04-12,2025,2,87,87,87,82,95,0.9,""
"Indiana",2025-04-26,"calendar","hsgp","hurdle_ztnb",2025-04-19,2025,1,52,52,52,46,60.55,0.9,""
"Indiana",2025-04-26,"calendar","hsgp","hurdle_ztnb",2025-04-26,2025,0,42,43,42,36,55.6499999999999,0.9,""
"Indiana",2025-04-26,"calendar","hsgp","hurdle_ztpoisson",2025-03-29,2025,4,237,237,237,230,251,0.9,""
"Indiana",2025-04-26,"calendar","hsgp","hurdle_ztpoisson",2025-04-05,2025,3,126,126,126,117.45,137,0.9,""
"Indiana",2025-04-26,"calendar","hsgp","hurdle_ztpoisson",2025-04-12,2025,2,87,87,87,80.45,96.55,0.9,""
"Indiana",2025-04-26,"calendar","hsgp","hurdle_ztpoisson",2025-04-19,2025,1,52,52,52,47,62,0.9,""
"Indiana",2025-04-26,"calendar","hsgp","hurdle_ztpoisson",2025-04-26,2025,0,42,43,42.5,35,53.55,0.9,""
"Indiana",2025-04-26,"calendar","sir","hurdle_ztnb",2025-03-29,2025,4,237,237,237,222,248,0.9,""
"Indiana",2025-04-26,"calendar","sir","hurdle_ztnb",2025-04-05,2025,3,126,126,126,105.9,136.55,0.9,""
"Indiana",2025-04-26,"calendar","sir","hurdle_ztnb",2025-04-12,2025,2,87,87,87,78,98,0.9,""
"Indiana",2025-04-26,"calendar","sir","hurdle_ztnb",2025-04-19,2025,1,52,52,52,35.45,62.6499999999999,0.9,""
"Indiana",2025-04-26,"calendar","sir","hurdle_ztnb",2025-04-26,2025,0,42,43,42,21.45,58.55,0.9,""
"Indiana",2025-04-26,"calendar","sir","hurdle_ztpoisson",2025-03-29,2025,4,237,237,237,237,237,0.9,""
"Indiana",2025-04-26,"calendar","sir","hurdle_ztpoisson",2025-04-05,2025,3,126,126,126,126,126,0.9,""
"Indiana",2025-04-26,"calendar","sir","hurdle_ztpoisson",2025-04-12,2025,2,87,87,87,87,87,0.9,""
"Indiana",2025-04-26,"calendar","sir","hurdle_ztpoisson",2025-04-19,2025,1,52,52,52,52,52,0.9,""
"Indiana",2025-04-26,"calendar","sir","hurdle_ztpoisson",2025-04-26,2025,0,42,43,42,42,42,0.9,""
"Indiana",2025-05-31,"calendar","hsgp","hurdle_ztnb",2025-05-03,2025,4,34,34,34,32.9,38.1,0.9,""
"Indiana",2025-05-31,"calendar","hsgp","hurdle_ztnb",2025-05-10,2025,3,27,27,27,25,28,0.9,""
"Indiana",2025-05-31,"calendar","hsgp","hurdle_ztnb",2025-05-17,2025,2,25,25,25,22,30,0.9,""
"Indiana",2025-05-31,"calendar","hsgp","hurdle_ztnb",2025-05-24,2025,1,18,18,18,12,24,0.9,""
"Indiana",2025-05-31,"calendar","hsgp","hurdle_ztnb",2025-05-31,2025,0,20,20,20,13,31.55,0.9,""
"Indiana",2025-05-31,"calendar","hsgp","hurdle_ztpoisson",2025-05-03,2025,4,34,34,34,34,39,0.9,""
"Indiana",2025-05-31,"calendar","hsgp","hurdle_ztpoisson",2025-05-10,2025,3,27,27,27,24,31,0.9,""
"Indiana",2025-05-31,"calendar","hsgp","hurdle_ztpoisson",2025-05-17,2025,2,25,25,25,24.45,29.55,0.9,""
"Indiana",2025-05-31,"calendar","hsgp","hurdle_ztpoisson",2025-05-24,2025,1,18,18,18,14,23,0.9,""
"Indiana",2025-05-31,"calendar","hsgp","hurdle_ztpoisson",2025-05-31,2025,0,20,20,20,16,27,0.9,""
"Indiana",2025-05-31,"calendar","sir","hurdle_ztnb",2025-05-03,2025,4,34,34,34,28.45,39,0.9,""
"Indiana",2025-05-31,"calendar","sir","hurdle_ztnb",2025-05-10,2025,3,27,27,27,22.45,33,0.9,""
"Indiana",2025-05-31,"calendar","sir","hurdle_ztnb",2025-05-17,2025,2,25,25,25,16,34.55,0.9,""
"Indiana",2025-05-31,"calendar","sir","hurdle_ztnb",2025-05-24,2025,1,18,18,18,13,31.55,0.9,""
"Indiana",2025-05-31,"calendar","sir","hurdle_ztnb",2025-05-31,2025,0,20,20,20,15,29.1,0.9,""
"Indiana",2025-05-31,"calendar","sir","hurdle_ztpoisson",2025-05-03,2025,4,34,34,34,34,34,0.9,"The `hurdle_ztpoisson` optimizer did not pass the stability gate.
✖ Optimizer code 0: L-BFGS-B polish: CONVERGENCE: REL_REDUCTION_OF_F <=
  FACTR*EPSMCH
✖ Maximum absolute gradient: 0.1103.
ℹ Try `count_cumulative_process(observation = ""hurdle_ztnb"")`; the ZTNB
  magnitude law was stable in the package-wide sweep.
ℹ This finite fit is returned with `gradient_status = ""warning""`; inspect
  `fit$opt` before using it."
"Indiana",2025-05-31,"calendar","sir","hurdle_ztpoisson",2025-05-10,2025,3,27,27,27,27,27,0.9,"The `hurdle_ztpoisson` optimizer did not pass the stability gate.
✖ Optimizer code 0: L-BFGS-B polish: CONVERGENCE: REL_REDUCTION_OF_F <=
  FACTR*EPSMCH
✖ Maximum absolute gradient: 0.1103.
ℹ Try `count_cumulative_process(observation = ""hurdle_ztnb"")`; the ZTNB
  magnitude law was stable in the package-wide sweep.
ℹ This finite fit is returned with `gradient_status = ""warning""`; inspect
  `fit$opt` before using it."
"Indiana",2025-05-31,"calendar","sir","hurdle_ztpoisson",2025-05-17,2025,2,25,25,25,25,25,0.9,"The `hurdle_ztpoisson` optimizer did not pass the stability gate.
✖ Optimizer code 0: L-BFGS-B polish: CONVERGENCE: REL_REDUCTION_OF_F <=
  FACTR*EPSMCH
✖ Maximum absolute gradient: 0.1103.
ℹ Try `count_cumulative_process(observation = ""hurdle_ztnb"")`; the ZTNB
  magnitude law was stable in the package-wide sweep.
ℹ This finite fit is returned with `gradient_status = ""warning""`; inspect
  `fit$opt` before using it."
"Indiana",2025-05-31,"calendar","sir","hurdle_ztpoisson",2025-05-24,2025,1,18,18,18,18,18,0.9,"The `hurdle_ztpoisson` optimizer did not pass the stability gate.
✖ Optimizer code 0: L-BFGS-B polish: CONVERGENCE: REL_REDUCTION_OF_F <=
  FACTR*EPSMCH
✖ Maximum absolute gradient: 0.1103.
ℹ Try `count_cumulative_process(observation = ""hurdle_ztnb"")`; the ZTNB
  magnitude law was stable in the package-wide sweep.
ℹ This finite fit is returned with `gradient_status = ""warning""`; inspect
  `fit$opt` before using it."
"Indiana",2025-05-31,"calendar","sir","hurdle_ztpoisson",2025-05-31,2025,0,20,20,20,20,20,0.9,"The `hurdle_ztpoisson` optimizer did not pass the stability gate.
✖ Optimizer code 0: L-BFGS-B polish: CONVERGENCE: REL_REDUCTION_OF_F <=
  FACTR*EPSMCH
✖ Maximum absolute gradient: 0.1103.
ℹ Try `count_cumulative_process(observation = ""hurdle_ztnb"")`; the ZTNB
  magnitude law was stable in the package-wide sweep.
ℹ This finite fit is returned with `gradient_status = ""warning""`; inspect
  `fit$opt` before using it."
"Iowa",2025-01-02,"calendar","hsgp","hurdle_ztnb",2024-11-30,2024,4,4,4,4,4,6.54999999999998,0.9,""
"Iowa",2025-01-02,"calendar","hsgp","hurdle_ztnb",2024-12-07,2024,3,13,13,13,13,16.55,0.9,""
"Iowa",2025-01-02,"calendar","hsgp","hurdle_ztnb",2024-12-14,2024,2,23,23,23,23,27.55,0.9,""
"Iowa",2025-01-02,"calendar","hsgp","hurdle_ztnb",2024-12-21,2024,1,42,42,42,42,48,0.9,""
"Iowa",2025-01-02,"calendar","hsgp","hurdle_ztnb",2024-12-28,2024,0,104,118,105.5,101.45,113.55,0.9,""
"Iowa",2025-01-02,"calendar","hsgp","hurdle_ztpoisson",2024-11-30,2024,4,4,4,4,4,5,0.9,""
"Iowa",2025-01-02,"calendar","hsgp","hurdle_ztpoisson",2024-12-07,2024,3,13,13,13,13,14,0.9,""
"Iowa",2025-01-02,"calendar","hsgp","hurdle_ztpoisson",2024-12-14,2024,2,23,23,23,23,26,0.9,""
"Iowa",2025-01-02,"calendar","hsgp","hurdle_ztpoisson",2024-12-21,2024,1,42,42,42,41.45,48.55,0.9,""
"Iowa",2025-01-02,"calendar","hsgp","hurdle_ztpoisson",2024-12-28,2024,0,104,118,107,99,121,0.9,""
"Iowa",2025-01-02,"calendar","sir","hurdle_ztnb",2024-11-30,2024,4,4,4,4,4,6,0.9,""
"Iowa",2025-01-02,"calendar","sir","hurdle_ztnb",2024-12-07,2024,3,13,13,13,13,16,0.9,""
"Iowa",2025-01-02,"calendar","sir","hurdle_ztnb",2024-12-14,2024,2,23,23,23,23,26,0.9,""
"Iowa",2025-01-02,"calendar","sir","hurdle_ztnb",2024-12-21,2024,1,42,42,42,42,46,0.9,""
"Iowa",2025-01-02,"calendar","sir","hurdle_ztnb",2024-12-28,2024,0,104,118,104,101,111,0.9,""
"Iowa",2025-01-02,"calendar","sir","hurdle_ztpoisson",2024-11-30,2024,4,4,4,4,4,4,0.9,""
"Iowa",2025-01-02,"calendar","sir","hurdle_ztpoisson",2024-12-07,2024,3,13,13,13,13,15.55,0.9,""
"Iowa",2025-01-02,"calendar","sir","hurdle_ztpoisson",2024-12-14,2024,2,23,23,23,23,26,0.9,""
"Iowa",2025-01-02,"calendar","sir","hurdle_ztpoisson",2024-12-21,2024,1,42,42,42,42,48,0.9,""
"Iowa",2025-01-02,"calendar","sir","hurdle_ztpoisson",2024-12-28,2024,0,104,118,104,98,120.65,0.9,""
"Iowa",2025-02-15,"calendar","hsgp","hurdle_ztnb",2025-01-18,2025,4,236,246,241,236,252,0.9,""
"Iowa",2025-02-15,"calendar","hsgp","hurdle_ztnb",2025-01-25,2025,3,300,304,307,300,326.55,0.9,""
"Iowa",2025-02-15,"calendar","hsgp","hurdle_ztnb",2025-02-01,2025,2,431,457,442.5,430,468,0.9,""
"Iowa",2025-02-15,"calendar","hsgp","hurdle_ztnb",2025-02-08,2025,1,566,607,585.5,565,639.55,0.9,""
"Iowa",2025-02-15,"calendar","hsgp","hurdle_ztnb",2025-02-15,2025,0,456,516,481.5,446,631.65,0.9,""
"Iowa",2025-02-15,"calendar","hsgp","hurdle_ztpoisson",2025-01-18,2025,4,236,246,239,235.45,247,0.9,""
"Iowa",2025-02-15,"calendar","hsgp","hurdle_ztpoisson",2025-01-25,2025,3,300,304,305,298,315.55,0.9,""
"Iowa",2025-02-15,"calendar","hsgp","hurdle_ztpoisson",2025-02-01,2025,2,431,457,440,428,456.55,0.9,""
"Iowa",2025-02-15,"calendar","hsgp","hurdle_ztpoisson",2025-02-08,2025,1,566,607,582,557,613.55,0.9,""
"Iowa",2025-02-15,"calendar","hsgp","hurdle_ztpoisson",2025-02-15,2025,0,456,516,479,403,564.55,0.9,""
"Iowa",2025-02-15,"calendar","sir","hurdle_ztnb",2025-01-18,2025,4,236,246,236,236,242,0.9,""
"Iowa",2025-02-15,"calendar","sir","hurdle_ztnb",2025-01-25,2025,3,300,304,300,300,307.1,0.9,""
"Iowa",2025-02-15,"calendar","sir","hurdle_ztnb",2025-02-01,2025,2,431,457,431,431,439,0.9,""
"Iowa",2025-02-15,"calendar","sir","hurdle_ztnb",2025-02-08,2025,1,566,607,566,566,580,0.9,""
"Iowa",2025-02-15,"calendar","sir","hurdle_ztnb",2025-02-15,2025,0,456,516,457,452.45,483.55,0.9,""
"Iowa",2025-02-15,"calendar","sir","hurdle_ztpoisson",2025-01-18,2025,4,236,246,244,235,255,0.9,""
"Iowa",2025-02-15,"calendar","sir","hurdle_ztpoisson",2025-01-25,2025,3,300,304,300,300,305,0.9,""
"Iowa",2025-02-15,"calendar","sir","hurdle_ztpoisson",2025-02-01,2025,2,431,457,432,430,438,0.9,""
"Iowa",2025-02-15,"calendar","sir","hurdle_ztpoisson",2025-02-08,2025,1,566,607,570,563,583,0.9,""
"Iowa",2025-02-15,"calendar","sir","hurdle_ztpoisson",2025-02-15,2025,0,456,516,460,442,488.55,0.9,""
"Iowa",2025-03-29,"calendar","hsgp","hurdle_ztnb",2025-03-01,2025,4,351,355,353,351,361.55,0.9,""
"Iowa",2025-03-29,"calendar","hsgp","hurdle_ztnb",2025-03-08,2025,3,265,271,267,265,275,0.9,""
"Iowa",2025-03-29,"calendar","hsgp","hurdle_ztnb",2025-03-15,2025,2,185,187,186,185,194,0.9,""
"Iowa",2025-03-29,"calendar","hsgp","hurdle_ztnb",2025-03-22,2025,1,98,99,100,98,108.55,0.9,""
"Iowa",2025-03-29,"calendar","hsgp","hurdle_ztnb",2025-03-29,2025,0,50,55,52,48,65.55,0.9,""
"Iowa",2025-03-29,"calendar","hsgp","hurdle_ztpoisson",2025-03-01,2025,4,351,355,355,350,363,0.9,""
"Iowa",2025-03-29,"calendar","hsgp","hurdle_ztpoisson",2025-03-08,2025,3,265,271,268.5,265,277,0.9,""
"Iowa",2025-03-29,"calendar","hsgp","hurdle_ztpoisson",2025-03-15,2025,2,185,187,189,184.45,197,0.9,""
"Iowa",2025-03-29,"calendar","hsgp","hurdle_ztpoisson",2025-03-22,2025,1,98,99,102,98,111,0.9,""
"Iowa",2025-03-29,"calendar","hsgp","hurdle_ztpoisson",2025-03-29,2025,0,50,55,55,45.45,66.55,0.9,""
"Iowa",2025-03-29,"calendar","sir","hurdle_ztnb",2025-03-01,2025,4,351,355,351,351,358,0.9,""
"Iowa",2025-03-29,"calendar","sir","hurdle_ztnb",2025-03-08,2025,3,265,271,265,265,273,0.9,""
"Iowa",2025-03-29,"calendar","sir","hurdle_ztnb",2025-03-15,2025,2,185,187,185,185,196,0.9,""
"Iowa",2025-03-29,"calendar","sir","hurdle_ztnb",2025-03-22,2025,1,98,99,99,95,111.55,0.9,""
"Iowa",2025-03-29,"calendar","sir","hurdle_ztnb",2025-03-29,2025,0,50,55,51,45,79.6499999999999,0.9,""
"Iowa",2025-03-29,"calendar","sir","hurdle_ztpoisson",2025-03-01,2025,4,351,355,351,351,355.55,0.9,""
"Iowa",2025-03-29,"calendar","sir","hurdle_ztpoisson",2025-03-08,2025,3,265,271,265,265,269,0.9,""
"Iowa",2025-03-29,"calendar","sir","hurdle_ztpoisson",2025-03-15,2025,2,185,187,185,185,189,0.9,""
"Iowa",2025-03-29,"calendar","sir","hurdle_ztpoisson",2025-03-22,2025,1,98,99,98,98,102,0.9,""
"Iowa",2025-03-29,"calendar","sir","hurdle_ztpoisson",2025-03-29,2025,0,50,55,50,50,55,0.9,""
"Iowa",2025-04-26,"calendar","hsgp","hurdle_ztnb",2025-03-29,2025,4,52,55,52,52,55,0.9,""
"Iowa",2025-04-26,"calendar","hsgp","hurdle_ztnb",2025-04-05,2025,3,43,43,43,43,46.55,0.9,""
"Iowa",2025-04-26,"calendar","hsgp","hurdle_ztnb",2025-04-12,2025,2,19,24,19,19,22,0.9,""
"Iowa",2025-04-26,"calendar","hsgp","hurdle_ztnb",2025-04-19,2025,1,11,11,11,11,15,0.9,""
"Iowa",2025-04-26,"calendar","hsgp","hurdle_ztnb",2025-04-26,2025,0,14,14,14,14,20,0.9,""
"Iowa",2025-04-26,"calendar","hsgp","hurdle_ztpoisson",2025-03-29,2025,4,52,55,52,52,57,0.9,""
"Iowa",2025-04-26,"calendar","hsgp","hurdle_ztpoisson",2025-04-05,2025,3,43,43,43,43,47,0.9,""
"Iowa",2025-04-26,"calendar","hsgp","hurdle_ztpoisson",2025-04-12,2025,2,19,24,19,19,23,0.9,""
"Iowa",2025-04-26,"calendar","hsgp","hurdle_ztpoisson",2025-04-19,2025,1,11,11,11,11,14,0.9,""
"Iowa",2025-04-26,"calendar","hsgp","hurdle_ztpoisson",2025-04-26,2025,0,14,14,14,12,19,0.9,""
"Iowa",2025-04-26,"calendar","sir","hurdle_ztnb",2025-03-29,2025,4,52,55,52,52,59,0.9,""
"Iowa",2025-04-26,"calendar","sir","hurdle_ztnb",2025-04-05,2025,3,43,43,43,43,50,0.9,""
"Iowa",2025-04-26,"calendar","sir","hurdle_ztnb",2025-04-12,2025,2,19,24,19,19,30.6499999999999,0.9,""
"Iowa",2025-04-26,"calendar","sir","hurdle_ztnb",2025-04-19,2025,1,11,11,12,11,26,0.9,""
"Iowa",2025-04-26,"calendar","sir","hurdle_ztnb",2025-04-26,2025,0,14,14,16,14,43.55,0.9,""
"Iowa",2025-04-26,"calendar","sir","hurdle_ztpoisson",2025-03-29,2025,4,52,55,52,52,53,0.9,""
"Iowa",2025-04-26,"calendar","sir","hurdle_ztpoisson",2025-04-05,2025,3,43,43,43,43,45,0.9,""
"Iowa",2025-04-26,"calendar","sir","hurdle_ztpoisson",2025-04-12,2025,2,19,24,19,19,19.55,0.9,""
"Iowa",2025-04-26,"calendar","sir","hurdle_ztpoisson",2025-04-19,2025,1,11,11,11,11,11,0.9,""
"Iowa",2025-04-26,"calendar","sir","hurdle_ztpoisson",2025-04-26,2025,0,14,14,14,14,15.1,0.9,""
"Iowa",2025-05-31,"calendar","hsgp","hurdle_ztnb",2025-05-03,2025,4,4,4,4,4,4,0.9,""
"Iowa",2025-05-31,"calendar","hsgp","hurdle_ztnb",2025-05-10,2025,3,4,4,4,4,4,0.9,""
"Iowa",2025-05-31,"calendar","hsgp","hurdle_ztnb",2025-05-17,2025,2,1,1,1,1,2,0.9,""
"Iowa",2025-05-31,"calendar","hsgp","hurdle_ztnb",2025-05-24,2025,1,5,5,5,5,6,0.9,""
"Iowa",2025-05-31,"calendar","hsgp","hurdle_ztnb",2025-05-31,2025,0,3,4,3,3,6.54999999999998,0.9,""
"Iowa",2025-05-31,"calendar","hsgp","hurdle_ztpoisson",2025-05-03,2025,4,4,4,4,4,4,0.9,""
"Iowa",2025-05-31,"calendar","hsgp","hurdle_ztpoisson",2025-05-10,2025,3,4,4,4,4,5,0.9,""
"Iowa",2025-05-31,"calendar","hsgp","hurdle_ztpoisson",2025-05-17,2025,2,1,1,1,1,3,0.9,""
"Iowa",2025-05-31,"calendar","hsgp","hurdle_ztpoisson",2025-05-24,2025,1,5,5,5,5,8,0.9,""
"Iowa",2025-05-31,"calendar","hsgp","hurdle_ztpoisson",2025-05-31,2025,0,3,4,3,3,5,0.9,""
"Iowa",2025-05-31,"calendar","sir","hurdle_ztnb",2025-05-03,2025,4,4,4,4,4,8.54999999999998,0.9,""
"Iowa",2025-05-31,"calendar","sir","hurdle_ztnb",2025-05-10,2025,3,4,4,4,4,11,0.9,""
"Iowa",2025-05-31,"calendar","sir","hurdle_ztnb",2025-05-17,2025,2,1,1,1,1,7,0.9,""
"Iowa",2025-05-31,"calendar","sir","hurdle_ztnb",2025-05-24,2025,1,5,5,5,5,13,0.9,""
"Iowa",2025-05-31,"calendar","sir","hurdle_ztnb",2025-05-31,2025,0,3,4,4,1.45,19.55,0.9,""
"Iowa",2025-05-31,"calendar","sir","hurdle_ztpoisson",2025-05-03,2025,4,4,4,4,4,4,0.9,""
"Iowa",2025-05-31,"calendar","sir","hurdle_ztpoisson",2025-05-10,2025,3,4,4,4,4,4,0.9,""
"Iowa",2025-05-31,"calendar","sir","hurdle_ztpoisson",2025-05-17,2025,2,1,1,1,1,1,0.9,""
"Iowa",2025-05-31,"calendar","sir","hurdle_ztpoisson",2025-05-24,2025,1,5,5,5,5,5,0.9,""
"Iowa",2025-05-31,"calendar","sir","hurdle_ztpoisson",2025-05-31,2025,0,3,4,3,3,3,0.9,""
"Kansas",2025-01-02,"calendar","hsgp","hurdle_ztnb",2024-11-30,2024,4,20,20,20,20,25,0.9,""
"Kansas",2025-01-02,"calendar","hsgp","hurdle_ztnb",2024-12-07,2024,3,34,36,34,34,41,0.9,""
"Kansas",2025-01-02,"calendar","hsgp","hurdle_ztnb",2024-12-14,2024,2,87,90,88,87,96.55,0.9,""
"Kansas",2025-01-02,"calendar","hsgp","hurdle_ztnb",2024-12-21,2024,1,117,120,119,115,130,0.9,""
"Kansas",2025-01-02,"calendar","hsgp","hurdle_ztnb",2024-12-28,2024,0,213,225,216,209.45,231,0.9,""
"Kansas",2025-01-02,"calendar","hsgp","hurdle_ztpoisson",2024-11-30,2024,4,20,20,20,20,23,0.9,""
"Kansas",2025-01-02,"calendar","hsgp","hurdle_ztpoisson",2024-12-07,2024,3,34,36,34,34,38,0.9,""
"Kansas",2025-01-02,"calendar","hsgp","hurdle_ztpoisson",2024-12-14,2024,2,87,90,87,87,93.55,0.9,""
"Kansas",2025-01-02,"calendar","hsgp","hurdle_ztpoisson",2024-12-21,2024,1,117,120,120,115,129,0.9,""
"Kansas",2025-01-02,"calendar","hsgp","hurdle_ztpoisson",2024-12-28,2024,0,213,225,221,203,244,0.9,""
"Kansas",2025-01-02,"calendar","sir","hurdle_ztnb",2024-11-30,2024,4,20,20,20,20,24,0.9,""
"Kansas",2025-01-02,"calendar","sir","hurdle_ztnb",2024-12-07,2024,3,34,36,34,34,39,0.9,""
"Kansas",2025-01-02,"calendar","sir","hurdle_ztnb",2024-12-14,2024,2,87,90,87,87,95,0.9,""
"Kansas",2025-01-02,"calendar","sir","hurdle_ztnb",2024-12-21,2024,1,117,120,117,117,126,0.9,""
"Kansas",2025-01-02,"calendar","sir","hurdle_ztnb",2024-12-28,2024,0,213,225,214,211,226,0.9,""
"Kansas",2025-01-02,"calendar","sir","hurdle_ztpoisson",2024-11-30,2024,4,20,20,20,20,22,0.9,""
"Kansas",2025-01-02,"calendar","sir","hurdle_ztpoisson",2024-12-07,2024,3,34,36,37,34,47,0.9,""
"Kansas",2025-01-02,"calendar","sir","hurdle_ztpoisson",2024-12-14,2024,2,87,90,87,87,93,0.9,""
"Kansas",2025-01-02,"calendar","sir","hurdle_ztpoisson",2024-12-21,2024,1,117,120,119,114,128,0.9,""
"Kansas",2025-01-02,"calendar","sir","hurdle_ztpoisson",2024-12-28,2024,0,213,225,218.5,206,238,0.9,""
"Kansas",2025-02-15,"calendar","hsgp","hurdle_ztnb",2025-01-18,2025,4,200,200,204,200,215,0.9,""
"Kansas",2025-02-15,"calendar","hsgp","hurdle_ztnb",2025-01-25,2025,3,212,216,219,212,234,0.9,""
"Kansas",2025-02-15,"calendar","hsgp","hurdle_ztnb",2025-02-01,2025,2,377,390,386,377,411.55,0.9,""
"Kansas",2025-02-15,"calendar","hsgp","hurdle_ztnb",2025-02-08,2025,1,457,483,469,448,510,0.9,""
"Kansas",2025-02-15,"calendar","hsgp","hurdle_ztnb",2025-02-15,2025,0,445,519,463.5,429.9,568,0.9,""
"Kansas",2025-02-15,"calendar","hsgp","hurdle_ztpoisson",2025-01-18,2025,4,200,200,201,197,209,0.9,""
"Kansas",2025-02-15,"calendar","hsgp","hurdle_ztpoisson",2025-01-25,2025,3,212,216,214,208,223,0.9,""
"Kansas",2025-02-15,"calendar","hsgp","hurdle_ztpoisson",2025-02-01,2025,2,377,390,380,369.45,390,0.9,""
"Kansas",2025-02-15,"calendar","hsgp","hurdle_ztpoisson",2025-02-08,2025,1,457,483,461,441.45,482,0.9,""
"Kansas",2025-02-15,"calendar","hsgp","hurdle_ztpoisson",2025-02-15,2025,0,445,519,447,330.45,553.55,0.9,""
"Kansas",2025-02-15,"calendar","sir","hurdle_ztnb",2025-01-18,2025,4,200,200,202,200,212,0.9,""
"Kansas",2025-02-15,"calendar","sir","hurdle_ztnb",2025-01-25,2025,3,212,216,215,212,226.55,0.9,""
"Kansas",2025-02-15,"calendar","sir","hurdle_ztnb",2025-02-01,2025,2,377,390,381,377,401,0.9,""
"Kansas",2025-02-15,"calendar","sir","hurdle_ztnb",2025-02-08,2025,1,457,483,462,455.45,494.55,0.9,""
"Kansas",2025-02-15,"calendar","sir","hurdle_ztnb",2025-02-15,2025,0,445,519,452,440.45,497.2,0.9,""
"Kansas",2025-02-15,"calendar","sir","hurdle_ztpoisson",2025-01-18,2025,4,200,200,204,197.45,213,0.9,""
"Kansas",2025-02-15,"calendar","sir","hurdle_ztpoisson",2025-01-25,2025,3,212,216,212,212,216,0.9,""
"Kansas",2025-02-15,"calendar","sir","hurdle_ztpoisson",2025-02-01,2025,2,377,390,377,375,384,0.9,""
"Kansas",2025-02-15,"calendar","sir","hurdle_ztpoisson",2025-02-08,2025,1,457,483,459,452.45,467.55,0.9,""
"Kansas",2025-02-15,"calendar","sir","hurdle_ztpoisson",2025-02-15,2025,0,445,519,446,410.35,478.1,0.9,""
"Kansas",2025-03-29,"calendar","hsgp","hurdle_ztnb",2025-03-01,2025,4,305,308,307,305,317,0.9,""
"Kansas",2025-03-29,"calendar","hsgp","hurdle_ztnb",2025-03-08,2025,3,251,251,253,251,262.55,0.9,""
"Kansas",2025-03-29,"calendar","hsgp","hurdle_ztnb",2025-03-15,2025,2,164,164,167,164,176,0.9,""
"Kansas",2025-03-29,"calendar","hsgp","hurdle_ztnb",2025-03-22,2025,1,118,120,121,118,135.55,0.9,""
"Kansas",2025-03-29,"calendar","hsgp","hurdle_ztnb",2025-03-29,2025,0,66,68,71,65.45,91.8499999999999,0.9,""
"Kansas",2025-03-29,"calendar","hsgp","hurdle_ztpoisson",2025-03-01,2025,4,305,308,307,301.45,314,0.9,""
"Kansas",2025-03-29,"calendar","hsgp","hurdle_ztpoisson",2025-03-08,2025,3,251,251,253,248,260,0.9,""
"Kansas",2025-03-29,"calendar","hsgp","hurdle_ztpoisson",2025-03-15,2025,2,164,164,166.5,161,173.55,0.9,""
"Kansas",2025-03-29,"calendar","hsgp","hurdle_ztpoisson",2025-03-22,2025,1,118,120,120,111,129.55,0.9,""
"Kansas",2025-03-29,"calendar","hsgp","hurdle_ztpoisson",2025-03-29,2025,0,66,68,69,53,85,0.9,""
"Kansas",2025-03-29,"calendar","sir","hurdle_ztnb",2025-03-01,2025,4,305,308,307,305,315,0.9,""
"Kansas",2025-03-29,"calendar","sir","hurdle_ztnb",2025-03-08,2025,3,251,251,252,251,264.55,0.9,""
"Kansas",2025-03-29,"calendar","sir","hurdle_ztnb",2025-03-15,2025,2,164,164,165.5,164,177,0.9,""
"Kansas",2025-03-29,"calendar","sir","hurdle_ztnb",2025-03-22,2025,1,118,120,120,117.45,136.55,0.9,""
"Kansas",2025-03-29,"calendar","sir","hurdle_ztnb",2025-03-29,2025,0,66,68,69,63,105.55,0.9,""
"Kansas",2025-03-29,"calendar","sir","hurdle_ztpoisson",2025-03-01,2025,4,305,308,305,305,309,0.9,""
"Kansas",2025-03-29,"calendar","sir","hurdle_ztpoisson",2025-03-08,2025,3,251,251,251,251,255,0.9,""
"Kansas",2025-03-29,"calendar","sir","hurdle_ztpoisson",2025-03-15,2025,2,164,164,164,164,168,0.9,""
"Kansas",2025-03-29,"calendar","sir","hurdle_ztpoisson",2025-03-22,2025,1,118,120,118,118,122,0.9,""
"Kansas",2025-03-29,"calendar","sir","hurdle_ztpoisson",2025-03-29,2025,0,66,68,66,64,72,0.9,""
"Kansas",2025-04-26,"calendar","hsgp","hurdle_ztnb",2025-03-29,2025,4,68,68,68,68,72,0.9,""
"Kansas",2025-04-26,"calendar","hsgp","hurdle_ztnb",2025-04-05,2025,3,40,40,40,40,43,0.9,""
"Kansas",2025-04-26,"calendar","hsgp","hurdle_ztnb",2025-04-12,2025,2,28,29,28,28,31,0.9,""
"Kansas",2025-04-26,"calendar","hsgp","hurdle_ztnb",2025-04-19,2025,1,20,29,20,20,24,0.9,""
"Kansas",2025-04-26,"calendar","hsgp","hurdle_ztnb",2025-04-26,2025,0,8,9,8,7.45,14,0.9,""
"Kansas",2025-04-26,"calendar","hsgp","hurdle_ztpoisson",2025-03-29,2025,4,68,68,68,68,72,0.9,""
"Kansas",2025-04-26,"calendar","hsgp","hurdle_ztpoisson",2025-04-05,2025,3,40,40,40,40,44,0.9,""
"Kansas",2025-04-26,"calendar","hsgp","hurdle_ztpoisson",2025-04-12,2025,2,28,29,28,28,32,0.9,""
"Kansas",2025-04-26,"calendar","hsgp","hurdle_ztpoisson",2025-04-19,2025,1,20,29,20,18,24,0.9,""
"Kansas",2025-04-26,"calendar","hsgp","hurdle_ztpoisson",2025-04-26,2025,0,8,9,8,3.45,13,0.9,""
"Kansas",2025-04-26,"calendar","sir","hurdle_ztnb",2025-03-29,2025,4,68,68,68,68,75,0.9,""
"Kansas",2025-04-26,"calendar","sir","hurdle_ztnb",2025-04-05,2025,3,40,40,40,40,45.55,0.9,""
"Kansas",2025-04-26,"calendar","sir","hurdle_ztnb",2025-04-12,2025,2,28,29,28,28,36,0.9,""
"Kansas",2025-04-26,"calendar","sir","hurdle_ztnb",2025-04-19,2025,1,20,29,20,20,28,0.9,""
"Kansas",2025-04-26,"calendar","sir","hurdle_ztnb",2025-04-26,2025,0,8,9,8,8,20,0.9,""
"Kansas",2025-04-26,"calendar","sir","hurdle_ztpoisson",2025-03-29,2025,4,68,68,68,68,69,0.9,""
"Kansas",2025-04-26,"calendar","sir","hurdle_ztpoisson",2025-04-05,2025,3,40,40,40,40,40,0.9,""
"Kansas",2025-04-26,"calendar","sir","hurdle_ztpoisson",2025-04-12,2025,2,28,29,28,28,28,0.9,""
"Kansas",2025-04-26,"calendar","sir","hurdle_ztpoisson",2025-04-19,2025,1,20,29,20,20,20,0.9,""
"Kansas",2025-04-26,"calendar","sir","hurdle_ztpoisson",2025-04-26,2025,0,8,9,8,8,8,0.9,""
"Kansas",2025-05-31,"calendar","hsgp","hurdle_ztnb",2025-05-03,2025,4,6,6,6,6,7,0.9,""
"Kansas",2025-05-31,"calendar","hsgp","hurdle_ztnb",2025-05-10,2025,3,4,4,4,4,5,0.9,""
"Kansas",2025-05-31,"calendar","hsgp","hurdle_ztnb",2025-05-17,2025,2,8,8,8,8,10,0.9,""
"Kansas",2025-05-31,"calendar","hsgp","hurdle_ztnb",2025-05-24,2025,1,11,11,11,11,14,0.9,""
"Kansas",2025-05-31,"calendar","hsgp","hurdle_ztnb",2025-05-31,2025,0,8,9,8,7,13.55,0.9,""
"Kansas",2025-05-31,"calendar","hsgp","hurdle_ztpoisson",2025-05-03,2025,4,6,6,6,6,7,0.9,""
"Kansas",2025-05-31,"calendar","hsgp","hurdle_ztpoisson",2025-05-10,2025,3,4,4,4,4,5,0.9,""
"Kansas",2025-05-31,"calendar","hsgp","hurdle_ztpoisson",2025-05-17,2025,2,8,8,8,8,9.54999999999998,0.9,""
"Kansas",2025-05-31,"calendar","hsgp","hurdle_ztpoisson",2025-05-24,2025,1,11,11,11,11,13,0.9,""
"Kansas",2025-05-31,"calendar","hsgp","hurdle_ztpoisson",2025-05-31,2025,0,8,9,8,5,11.55,0.9,""
"Kansas",2025-05-31,"calendar","sir","hurdle_ztnb",2025-05-03,2025,4,6,6,6,6,9,0.9,""
"Kansas",2025-05-31,"calendar","sir","hurdle_ztnb",2025-05-10,2025,3,4,4,4,4,9.54999999999998,0.9,""
"Kansas",2025-05-31,"calendar","sir","hurdle_ztnb",2025-05-17,2025,2,8,8,8,8,12,0.9,""
"Kansas",2025-05-31,"calendar","sir","hurdle_ztnb",2025-05-24,2025,1,11,11,11,11,19,0.9,""
"Kansas",2025-05-31,"calendar","sir","hurdle_ztnb",2025-05-31,2025,0,8,9,8,8,23,0.9,""
"Kansas",2025-05-31,"calendar","sir","hurdle_ztpoisson",2025-05-03,2025,4,6,6,6,6,6,0.9,""
"Kansas",2025-05-31,"calendar","sir","hurdle_ztpoisson",2025-05-10,2025,3,4,4,4,4,4,0.9,""
"Kansas",2025-05-31,"calendar","sir","hurdle_ztpoisson",2025-05-17,2025,2,8,8,8,8,8,0.9,""
"Kansas",2025-05-31,"calendar","sir","hurdle_ztpoisson",2025-05-24,2025,1,11,11,11,11,11,0.9,""
"Kansas",2025-05-31,"calendar","sir","hurdle_ztpoisson",2025-05-31,2025,0,8,9,8,8,8,0.9,""
"Kentucky",2025-01-02,"calendar","hsgp","hurdle_ztnb",2024-11-30,2024,4,24,24,24,24,30,0.9,""
"Kentucky",2025-01-02,"calendar","hsgp","hurdle_ztnb",2024-12-07,2024,3,52,53,52,52,58.55,0.9,""
"Kentucky",2025-01-02,"calendar","hsgp","hurdle_ztnb",2024-12-14,2024,2,79,79,79,79,88,0.9,""
"Kentucky",2025-01-02,"calendar","hsgp","hurdle_ztnb",2024-12-21,2024,1,193,200,194,191.45,204,0.9,""
"Kentucky",2025-01-02,"calendar","hsgp","hurdle_ztnb",2024-12-28,2024,0,455,515,457,444,482,0.9,""
"Kentucky",2025-01-02,"calendar","hsgp","hurdle_ztpoisson",2024-11-30,2024,4,24,24,24,24,24,0.9,""
"Kentucky",2025-01-02,"calendar","hsgp","hurdle_ztpoisson",2024-12-07,2024,3,52,53,52,52,52,0.9,""
"Kentucky",2025-01-02,"calendar","hsgp","hurdle_ztpoisson",2024-12-14,2024,2,79,79,79,79,82,0.9,""
"Kentucky",2025-01-02,"calendar","hsgp","hurdle_ztpoisson",2024-12-21,2024,1,193,200,193,190.45,200,0.9,""
"Kentucky",2025-01-02,"calendar","hsgp","hurdle_ztpoisson",2024-12-28,2024,0,455,515,455,442,474,0.9,""
"Kentucky",2025-01-02,"calendar","sir","hurdle_ztnb",2024-11-30,2024,4,24,24,24,24,28.55,0.9,""
"Kentucky",2025-01-02,"calendar","sir","hurdle_ztnb",2024-12-07,2024,3,52,53,52,52,56.55,0.9,""
"Kentucky",2025-01-02,"calendar","sir","hurdle_ztnb",2024-12-14,2024,2,79,79,79,79,85.55,0.9,""
"Kentucky",2025-01-02,"calendar","sir","hurdle_ztnb",2024-12-21,2024,1,193,200,193,192,201,0.9,""
"Kentucky",2025-01-02,"calendar","sir","hurdle_ztnb",2024-12-28,2024,0,455,515,455,443.45,470.1,0.9,""
"Kentucky",2025-01-02,"calendar","sir","hurdle_ztpoisson",2024-11-30,2024,4,24,24,24,24,24,0.9,""
"Kentucky",2025-01-02,"calendar","sir","hurdle_ztpoisson",2024-12-07,2024,3,52,53,52,52,58.55,0.9,""
"Kentucky",2025-01-02,"calendar","sir","hurdle_ztpoisson",2024-12-14,2024,2,79,79,79,79,80.55,0.9,""
"Kentucky",2025-01-02,"calendar","sir","hurdle_ztpoisson",2024-12-21,2024,1,193,200,193,193,198,0.9,""
"Kentucky",2025-01-02,"calendar","sir","hurdle_ztpoisson",2024-12-28,2024,0,455,515,457,443.45,472.55,0.9,""
"Kentucky",2025-02-15,"calendar","hsgp","hurdle_ztnb",2025-01-18,2025,4,385,397,392,385,416,0.9,""
"Kentucky",2025-02-15,"calendar","hsgp","hurdle_ztnb",2025-01-25,2025,3,398,439,411,398,437.55,0.9,""
"Kentucky",2025-02-15,"calendar","hsgp","hurdle_ztnb",2025-02-01,2025,2,715,741,731,715,779.65,0.9,""
"Kentucky",2025-02-15,"calendar","hsgp","hurdle_ztnb",2025-02-08,2025,1,1149,1196,1171,1132,1260.55,0.9,""
"Kentucky",2025-02-15,"calendar","hsgp","hurdle_ztnb",2025-02-15,2025,0,1025,1203,1052,885.35,1314.05,0.9,""
"Kentucky",2025-02-15,"calendar","hsgp","hurdle_ztpoisson",2025-01-18,2025,4,385,397,385,381,397.55,0.9,""
"Kentucky",2025-02-15,"calendar","hsgp","hurdle_ztpoisson",2025-01-25,2025,3,398,439,400,393,413,0.9,""
"Kentucky",2025-02-15,"calendar","hsgp","hurdle_ztpoisson",2025-02-01,2025,2,715,741,719,704.45,736.1,0.9,""
"Kentucky",2025-02-15,"calendar","hsgp","hurdle_ztpoisson",2025-02-08,2025,1,1149,1196,1155,1119,1198,0.9,""
"Kentucky",2025-02-15,"calendar","hsgp","hurdle_ztpoisson",2025-02-15,2025,0,1025,1203,1032,782.4,1262.25,0.9,""
"Kentucky",2025-02-15,"calendar","sir","hurdle_ztnb",2025-01-18,2025,4,385,397,385,385,388.55,0.9,""
"Kentucky",2025-02-15,"calendar","sir","hurdle_ztnb",2025-01-25,2025,3,398,439,398,398,406,0.9,""
"Kentucky",2025-02-15,"calendar","sir","hurdle_ztnb",2025-02-01,2025,2,715,741,715,711.9,724,0.9,""
"Kentucky",2025-02-15,"calendar","sir","hurdle_ztnb",2025-02-08,2025,1,1149,1196,1149,1144.45,1166.55,0.9,""
"Kentucky",2025-02-15,"calendar","sir","hurdle_ztnb",2025-02-15,2025,0,1025,1203,1025,996.45,1068.2,0.9,""
"Kentucky",2025-02-15,"calendar","sir","hurdle_ztpoisson",2025-01-18,2025,4,385,397,389.5,383,401.55,0.9,""
"Kentucky",2025-02-15,"calendar","sir","hurdle_ztpoisson",2025-01-25,2025,3,398,439,398,398,401,0.9,""
"Kentucky",2025-02-15,"calendar","sir","hurdle_ztpoisson",2025-02-01,2025,2,715,741,715,715,721,0.9,""
"Kentucky",2025-02-15,"calendar","sir","hurdle_ztpoisson",2025-02-08,2025,1,1149,1196,1149,1133,1159,0.9,""
"Kentucky",2025-02-15,"calendar","sir","hurdle_ztpoisson",2025-02-15,2025,0,1025,1203,1025,989,1052,0.9,""
"Kentucky",2025-03-29,"calendar","hsgp","hurdle_ztnb",2025-03-01,2025,4,743,774,748,743,766.55,0.9,""
"Kentucky",2025-03-29,"calendar","hsgp","hurdle_ztnb",2025-03-08,2025,3,602,633,605,602,625.55,0.9,""
"Kentucky",2025-03-29,"calendar","hsgp","hurdle_ztnb",2025-03-15,2025,2,484,494,488,482.45,507.65,0.9,""
"Kentucky",2025-03-29,"calendar","hsgp","hurdle_ztnb",2025-03-22,2025,1,357,372,361,354.45,380.55,0.9,""
"Kentucky",2025-03-29,"calendar","hsgp","hurdle_ztnb",2025-03-29,2025,0,239,267,243,224.45,279.65,0.9,""
"Kentucky",2025-03-29,"calendar","hsgp","hurdle_ztpoisson",2025-03-01,2025,4,743,774,753,743,776,0.9,""
"Kentucky",2025-03-29,"calendar","hsgp","hurdle_ztpoisson",2025-03-08,2025,3,602,633,613,602,636.55,0.9,""
"Kentucky",2025-03-29,"calendar","hsgp","hurdle_ztpoisson",2025-03-15,2025,2,484,494,496,484,519,0.9,""
"Kentucky",2025-03-29,"calendar","hsgp","hurdle_ztpoisson",2025-03-22,2025,1,357,372,370,350.45,396.1,0.9,""
"Kentucky",2025-03-29,"calendar","hsgp","hurdle_ztpoisson",2025-03-29,2025,0,239,267,251,212,295,0.9,""
"Kentucky",2025-03-29,"calendar","sir","hurdle_ztnb",2025-03-01,2025,4,743,774,743,743,755,0.9,""
"Kentucky",2025-03-29,"calendar","sir","hurdle_ztnb",2025-03-08,2025,3,602,633,602,602,614.55,0.9,""
"Kentucky",2025-03-29,"calendar","sir","hurdle_ztnb",2025-03-15,2025,2,484,494,484,484,502,0.9,""
"Kentucky",2025-03-29,"calendar","sir","hurdle_ztnb",2025-03-22,2025,1,357,372,357,352.45,379.65,0.9,""
"Kentucky",2025-03-29,"calendar","sir","hurdle_ztnb",2025-03-29,2025,0,239,267,240,225.9,270.1,0.9,""
"Kentucky",2025-03-29,"calendar","sir","hurdle_ztpoisson",2025-03-01,2025,4,743,774,743,743,750,0.9,""
"Kentucky",2025-03-29,"calendar","sir","hurdle_ztpoisson",2025-03-08,2025,3,602,633,602,602,609.55,0.9,""
"Kentucky",2025-03-29,"calendar","sir","hurdle_ztpoisson",2025-03-15,2025,2,484,494,484,484,492,0.9,""
"Kentucky",2025-03-29,"calendar","sir","hurdle_ztpoisson",2025-03-22,2025,1,357,372,357,357,365,0.9,""
"Kentucky",2025-03-29,"calendar","sir","hurdle_ztpoisson",2025-03-29,2025,0,239,267,239,239,249,0.9,""
"Kentucky",2025-04-26,"calendar","hsgp","hurdle_ztnb",2025-03-29,2025,4,267,267,267,267,279.55,0.9,""
"Kentucky",2025-04-26,"calendar","hsgp","hurdle_ztnb",2025-04-05,2025,3,174,175,174,174,180,0.9,""
"Kentucky",2025-04-26,"calendar","hsgp","hurdle_ztnb",2025-04-12,2025,2,88,88,88,88,96,0.9,""
"Kentucky",2025-04-26,"calendar","hsgp","hurdle_ztnb",2025-04-19,2025,1,49,49,49,49,56,0.9,""
"Kentucky",2025-04-26,"calendar","hsgp","hurdle_ztnb",2025-04-26,2025,0,31,39,31,26,42.1,0.9,""
"Kentucky",2025-04-26,"calendar","hsgp","hurdle_ztpoisson",2025-03-29,2025,4,267,267,271,267,287,0.9,""
"Kentucky",2025-04-26,"calendar","hsgp","hurdle_ztpoisson",2025-04-05,2025,3,174,175,177,174,189,0.9,""
"Kentucky",2025-04-26,"calendar","hsgp","hurdle_ztpoisson",2025-04-12,2025,2,88,88,90,88,101,0.9,""
"Kentucky",2025-04-26,"calendar","hsgp","hurdle_ztpoisson",2025-04-19,2025,1,49,49,51,49,61,0.9,""
"Kentucky",2025-04-26,"calendar","hsgp","hurdle_ztpoisson",2025-04-26,2025,0,31,39,32,26,42,0.9,""
"Kentucky",2025-04-26,"calendar","sir","hurdle_ztnb",2025-03-29,2025,4,267,267,267,267,278.55,0.9,""
"Kentucky",2025-04-26,"calendar","sir","hurdle_ztnb",2025-04-05,2025,3,174,175,174,174,189.1,0.9,""
"Kentucky",2025-04-26,"calendar","sir","hurdle_ztnb",2025-04-12,2025,2,88,88,88,88,107.55,0.9,""
"Kentucky",2025-04-26,"calendar","sir","hurdle_ztnb",2025-04-19,2025,1,49,49,49,46.45,77.1,0.9,""
"Kentucky",2025-04-26,"calendar","sir","hurdle_ztnb",2025-04-26,2025,0,31,39,31,22.45,60.2999999999999,0.9,""
"Kentucky",2025-04-26,"calendar","sir","hurdle_ztpoisson",2025-03-29,2025,4,267,267,267,267,271.55,0.9,""
"Kentucky",2025-04-26,"calendar","sir","hurdle_ztpoisson",2025-04-05,2025,3,174,175,174,174,178.1,0.9,""
"Kentucky",2025-04-26,"calendar","sir","hurdle_ztpoisson",2025-04-12,2025,2,88,88,88,88,93,0.9,""
"Kentucky",2025-04-26,"calendar","sir","hurdle_ztpoisson",2025-04-19,2025,1,49,49,49,49,49,0.9,""
"Kentucky",2025-04-26,"calendar","sir","hurdle_ztpoisson",2025-04-26,2025,0,31,39,31,31,31,0.9,""
"Kentucky",2025-05-31,"calendar","hsgp","hurdle_ztnb",2025-05-03,2025,4,15,21,15,15,16.55,0.9,""
"Kentucky",2025-05-31,"calendar","hsgp","hurdle_ztnb",2025-05-10,2025,3,14,19,14,14,16,0.9,""
"Kentucky",2025-05-31,"calendar","hsgp","hurdle_ztnb",2025-05-17,2025,2,15,15,15,15,19,0.9,""
"Kentucky",2025-05-31,"calendar","hsgp","hurdle_ztnb",2025-05-24,2025,1,10,18,10,10,15.55,0.9,""
"Kentucky",2025-05-31,"calendar","hsgp","hurdle_ztnb",2025-05-31,2025,0,19,21,19,19,26,0.9,""
"Kentucky",2025-05-31,"calendar","hsgp","hurdle_ztpoisson",2025-05-03,2025,4,15,21,15,15,19.55,0.9,""
"Kentucky",2025-05-31,"calendar","hsgp","hurdle_ztpoisson",2025-05-10,2025,3,14,19,14,14,18,0.9,""
"Kentucky",2025-05-31,"calendar","hsgp","hurdle_ztpoisson",2025-05-17,2025,2,15,15,15,15,19.55,0.9,""
"Kentucky",2025-05-31,"calendar","hsgp","hurdle_ztpoisson",2025-05-24,2025,1,10,18,10,10,15,0.9,""
"Kentucky",2025-05-31,"calendar","hsgp","hurdle_ztpoisson",2025-05-31,2025,0,19,21,19,17.45,25,0.9,""
"Kentucky",2025-05-31,"calendar","sir","hurdle_ztnb",2025-05-03,2025,4,15,21,15,15,21.55,0.9,""
"Kentucky",2025-05-31,"calendar","sir","hurdle_ztnb",2025-05-10,2025,3,14,19,14,14,22,0.9,""
"Kentucky",2025-05-31,"calendar","sir","hurdle_ztnb",2025-05-17,2025,2,15,15,15,15,27.55,0.9,""
"Kentucky",2025-05-31,"calendar","sir","hurdle_ztnb",2025-05-24,2025,1,10,18,10,10,31,0.9,""
"Kentucky",2025-05-31,"calendar","sir","hurdle_ztnb",2025-05-31,2025,0,19,21,19,15,44.55,0.9,""
"Kentucky",2025-05-31,"calendar","sir","hurdle_ztpoisson",2025-05-03,2025,4,15,21,15,15,15,0.9,""
"Kentucky",2025-05-31,"calendar","sir","hurdle_ztpoisson",2025-05-10,2025,3,14,19,14,14,14,0.9,""
"Kentucky",2025-05-31,"calendar","sir","hurdle_ztpoisson",2025-05-17,2025,2,15,15,15,15,15,0.9,""
"Kentucky",2025-05-31,"calendar","sir","hurdle_ztpoisson",2025-05-24,2025,1,10,18,10,10,10,0.9,""
"Kentucky",2025-05-31,"calendar","sir","hurdle_ztpoisson",2025-05-31,2025,0,19,21,19,19,19,0.9,""
"Louisiana",2025-01-02,"calendar","hsgp","hurdle_ztnb",2024-11-30,2024,4,141,135,141,141,157,0.9,""
"Louisiana",2025-01-02,"calendar","hsgp","hurdle_ztnb",2024-12-07,2024,3,160,163,160,160,175,0.9,""
"Louisiana",2025-01-02,"calendar","hsgp","hurdle_ztnb",2024-12-14,2024,2,252,252,252,251.45,267,0.9,""
"Louisiana",2025-01-02,"calendar","hsgp","hurdle_ztnb",2024-12-21,2024,1,407,423,409,403.45,427.1,0.9,""
"Louisiana",2025-01-02,"calendar","hsgp","hurdle_ztnb",2024-12-28,2024,0,576,590,578,558.9,611,0.9,""
"Louisiana",2025-01-02,"calendar","hsgp","hurdle_ztpoisson",2024-11-30,2024,4,141,135,141,141,147,0.9,""
"Louisiana",2025-01-02,"calendar","hsgp","hurdle_ztpoisson",2024-12-07,2024,3,160,163,160,160,168.55,0.9,""
"Louisiana",2025-01-02,"calendar","hsgp","hurdle_ztpoisson",2024-12-14,2024,2,252,252,252,249.45,263,0.9,""
"Louisiana",2025-01-02,"calendar","hsgp","hurdle_ztpoisson",2024-12-21,2024,1,407,423,411.5,399,433.1,0.9,""
"Louisiana",2025-01-02,"calendar","hsgp","hurdle_ztpoisson",2024-12-28,2024,0,576,590,582,509.9,666.2,0.9,""
"Louisiana",2025-01-02,"calendar","sir","hurdle_ztnb",2024-11-30,2024,4,141,135,141,141,151,0.9,""
"Louisiana",2025-01-02,"calendar","sir","hurdle_ztnb",2024-12-07,2024,3,160,163,160,160,169.55,0.9,""
"Louisiana",2025-01-02,"calendar","sir","hurdle_ztnb",2024-12-14,2024,2,252,252,252,252,267,0.9,""
"Louisiana",2025-01-02,"calendar","sir","hurdle_ztnb",2024-12-21,2024,1,407,423,407,404,426,0.9,""
"Louisiana",2025-01-02,"calendar","sir","hurdle_ztnb",2024-12-28,2024,0,576,590,577,564.7,605.55,0.9,""
"Louisiana",2025-01-02,"calendar","sir","hurdle_ztpoisson",2024-11-30,2024,4,141,135,141,141,143,0.9,""
"Louisiana",2025-01-02,"calendar","sir","hurdle_ztpoisson",2024-12-07,2024,3,160,163,164.5,160,177,0.9,""
"Louisiana",2025-01-02,"calendar","sir","hurdle_ztpoisson",2024-12-14,2024,2,252,252,252,252,257,0.9,""
"Louisiana",2025-01-02,"calendar","sir","hurdle_ztpoisson",2024-12-21,2024,1,407,423,407,407,416,0.9,""
"Louisiana",2025-01-02,"calendar","sir","hurdle_ztpoisson",2024-12-28,2024,0,576,590,576,570,602.2,0.9,""
"Louisiana",2025-02-15,"calendar","hsgp","hurdle_ztnb",2025-01-18,2025,4,487,477,490,487,516,0.9,""
"Louisiana",2025-02-15,"calendar","hsgp","hurdle_ztnb",2025-01-25,2025,3,511,521,514,511,544,0.9,""
"Louisiana",2025-02-15,"calendar","hsgp","hurdle_ztnb",2025-02-01,2025,2,581,620,588,581,626,0.9,""
"Louisiana",2025-02-15,"calendar","hsgp","hurdle_ztnb",2025-02-08,2025,1,444,494,455,436.45,521.3,0.9,""
"Louisiana",2025-02-15,"calendar","hsgp","hurdle_ztnb",2025-02-15,2025,0,293,387,310,211.4,460.95,0.9,""
"Louisiana",2025-02-15,"calendar","hsgp","hurdle_ztpoisson",2025-01-18,2025,4,487,477,487,483.45,496,0.9,""
"Louisiana",2025-02-15,"calendar","hsgp","hurdle_ztpoisson",2025-01-25,2025,3,511,521,511,506,519,0.9,""
"Louisiana",2025-02-15,"calendar","hsgp","hurdle_ztpoisson",2025-02-01,2025,2,581,620,581,574,592.55,0.9,""
"Louisiana",2025-02-15,"calendar","hsgp","hurdle_ztpoisson",2025-02-08,2025,1,444,494,444,428,456,0.9,""
"Louisiana",2025-02-15,"calendar","hsgp","hurdle_ztpoisson",2025-02-15,2025,0,293,387,293,198,314.55,0.9,""
"Louisiana",2025-02-15,"calendar","sir","hurdle_ztnb",2025-01-18,2025,4,487,477,487,487,503.1,0.9,""
"Louisiana",2025-02-15,"calendar","sir","hurdle_ztnb",2025-01-25,2025,3,511,521,511,511,525.55,0.9,""
"Louisiana",2025-02-15,"calendar","sir","hurdle_ztnb",2025-02-01,2025,2,581,620,581,581,596,0.9,""
"Louisiana",2025-02-15,"calendar","sir","hurdle_ztnb",2025-02-08,2025,1,444,494,444,441,467.1,0.9,""
"Louisiana",2025-02-15,"calendar","sir","hurdle_ztnb",2025-02-15,2025,0,293,387,294,282.8,331.65,0.9,""
"Louisiana",2025-02-15,"calendar","sir","hurdle_ztpoisson",2025-01-18,2025,4,487,477,489,483,504,0.9,""
"Louisiana",2025-02-15,"calendar","sir","hurdle_ztpoisson",2025-01-25,2025,3,511,521,511,511,518,0.9,""
"Louisiana",2025-02-15,"calendar","sir","hurdle_ztpoisson",2025-02-01,2025,2,581,620,581,581,591,0.9,""
"Louisiana",2025-02-15,"calendar","sir","hurdle_ztpoisson",2025-02-08,2025,1,444,494,444,441.45,458.55,0.9,""
"Louisiana",2025-02-15,"calendar","sir","hurdle_ztpoisson",2025-02-15,2025,0,293,387,293,239.25,306,0.9,""
"Louisiana",2025-03-29,"calendar","hsgp","hurdle_ztnb",2025-03-01,2025,4,372,359,372,372,400.55,0.9,""
"Louisiana",2025-03-29,"calendar","hsgp","hurdle_ztnb",2025-03-08,2025,3,413,398,413,413,436,0.9,""
"Louisiana",2025-03-29,"calendar","hsgp","hurdle_ztnb",2025-03-15,2025,2,342,327,342,342,372.75,0.9,""
"Louisiana",2025-03-29,"calendar","hsgp","hurdle_ztnb",2025-03-22,2025,1,326,230,328,326,359.55,0.9,""
"Louisiana",2025-03-29,"calendar","hsgp","hurdle_ztnb",2025-03-29,2025,0,184,178,188.5,176.9,240,0.9,""
"Louisiana",2025-03-29,"calendar","hsgp","hurdle_ztpoisson",2025-03-01,2025,4,372,359,372,372,380,0.9,""
"Louisiana",2025-03-29,"calendar","hsgp","hurdle_ztpoisson",2025-03-08,2025,3,413,398,413,413,421,0.9,""
"Louisiana",2025-03-29,"calendar","hsgp","hurdle_ztpoisson",2025-03-15,2025,2,342,327,342,342,352,0.9,""
"Louisiana",2025-03-29,"calendar","hsgp","hurdle_ztpoisson",2025-03-22,2025,1,326,230,326,317,337.55,0.9,""
"Louisiana",2025-03-29,"calendar","hsgp","hurdle_ztpoisson",2025-03-29,2025,0,184,178,184,116,197.55,0.9,""
"Louisiana",2025-03-29,"calendar","sir","hurdle_ztnb",2025-03-01,2025,4,372,359,372,372,390.1,0.9,""
"Louisiana",2025-03-29,"calendar","sir","hurdle_ztnb",2025-03-08,2025,3,413,398,413,413,430.55,0.9,""
"Louisiana",2025-03-29,"calendar","sir","hurdle_ztnb",2025-03-15,2025,2,342,327,342,342,367.55,0.9,""
"Louisiana",2025-03-29,"calendar","sir","hurdle_ztnb",2025-03-22,2025,1,326,230,326,326,354.65,0.9,""
"Louisiana",2025-03-29,"calendar","sir","hurdle_ztnb",2025-03-29,2025,0,184,178,186,184,244.75,0.9,""
"Louisiana",2025-03-29,"calendar","sir","hurdle_ztpoisson",2025-03-01,2025,4,372,359,372,372,378,0.9,""
"Louisiana",2025-03-29,"calendar","sir","hurdle_ztpoisson",2025-03-08,2025,3,413,398,413,413,421,0.9,""
"Louisiana",2025-03-29,"calendar","sir","hurdle_ztpoisson",2025-03-15,2025,2,342,327,342,342,351,0.9,""
"Louisiana",2025-03-29,"calendar","sir","hurdle_ztpoisson",2025-03-22,2025,1,326,230,326,326,340,0.9,""
"Louisiana",2025-03-29,"calendar","sir","hurdle_ztpoisson",2025-03-29,2025,0,184,178,184,175.9,199.1,0.9,""
"Louisiana",2025-04-26,"calendar","hsgp","hurdle_ztnb",2025-03-29,2025,4,187,178,187,187,199.55,0.9,""
"Louisiana",2025-04-26,"calendar","hsgp","hurdle_ztnb",2025-04-05,2025,3,134,121,134,134,150.55,0.9,""
"Louisiana",2025-04-26,"calendar","hsgp","hurdle_ztnb",2025-04-12,2025,2,80,76,80,80,92,0.9,""
"Louisiana",2025-04-26,"calendar","hsgp","hurdle_ztnb",2025-04-19,2025,1,69,66,69,69,86,0.9,""
"Louisiana",2025-04-26,"calendar","hsgp","hurdle_ztnb",2025-04-26,2025,0,63,60,64,61.45,90.55,0.9,""
"Louisiana",2025-04-26,"calendar","hsgp","hurdle_ztpoisson",2025-03-29,2025,4,187,178,187,187,195,0.9,""
"Louisiana",2025-04-26,"calendar","hsgp","hurdle_ztpoisson",2025-04-05,2025,3,134,121,134,134,144,0.9,""
"Louisiana",2025-04-26,"calendar","hsgp","hurdle_ztpoisson",2025-04-12,2025,2,80,76,80,80,88,0.9,""
"Louisiana",2025-04-26,"calendar","hsgp","hurdle_ztpoisson",2025-04-19,2025,1,69,66,69,65.45,76,0.9,""
"Louisiana",2025-04-26,"calendar","hsgp","hurdle_ztpoisson",2025-04-26,2025,0,63,60,63,53,71,0.9,""
"Louisiana",2025-04-26,"calendar","sir","hurdle_ztnb",2025-03-29,2025,4,187,178,187,187,198,0.9,""
"Louisiana",2025-04-26,"calendar","sir","hurdle_ztnb",2025-04-05,2025,3,134,121,134,134,155.55,0.9,""
"Louisiana",2025-04-26,"calendar","sir","hurdle_ztnb",2025-04-12,2025,2,80,76,80,80,99,0.9,""
"Louisiana",2025-04-26,"calendar","sir","hurdle_ztnb",2025-04-19,2025,1,69,66,69,69,91.55,0.9,""
"Louisiana",2025-04-26,"calendar","sir","hurdle_ztnb",2025-04-26,2025,0,63,60,64,55.45,102.55,0.9,""
"Louisiana",2025-04-26,"calendar","sir","hurdle_ztpoisson",2025-03-29,2025,4,187,178,187,187,194,0.9,""
"Louisiana",2025-04-26,"calendar","sir","hurdle_ztpoisson",2025-04-05,2025,3,134,121,134,134,138.1,0.9,""
"Louisiana",2025-04-26,"calendar","sir","hurdle_ztpoisson",2025-04-12,2025,2,80,76,80,80,81.55,0.9,""
"Louisiana",2025-04-26,"calendar","sir","hurdle_ztpoisson",2025-04-19,2025,1,69,66,69,69,74.1,0.9,""
"Louisiana",2025-04-26,"calendar","sir","hurdle_ztpoisson",2025-04-26,2025,0,63,60,63,63,73,0.9,""
"Louisiana",2025-05-31,"calendar","hsgp","hurdle_ztnb",2025-05-03,2025,4,41,41,41,37,49,0.9,""
"Louisiana",2025-05-31,"calendar","hsgp","hurdle_ztnb",2025-05-10,2025,3,31,31,31,29.45,39,0.9,""
"Louisiana",2025-05-31,"calendar","hsgp","hurdle_ztnb",2025-05-17,2025,2,40,40,40,37,49,0.9,""
"Louisiana",2025-05-31,"calendar","hsgp","hurdle_ztnb",2025-05-24,2025,1,29,29,29,23.45,38,0.9,""
"Louisiana",2025-05-31,"calendar","hsgp","hurdle_ztnb",2025-05-31,2025,0,26,33,26,20.45,43.55,0.9,""
"Louisiana",2025-05-31,"calendar","hsgp","hurdle_ztpoisson",2025-05-03,2025,4,41,41,41,41,41,0.9,""
"Louisiana",2025-05-31,"calendar","hsgp","hurdle_ztpoisson",2025-05-10,2025,3,31,31,31,31,31,0.9,""
"Louisiana",2025-05-31,"calendar","hsgp","hurdle_ztpoisson",2025-05-17,2025,2,40,40,40,40,45.55,0.9,""
"Louisiana",2025-05-31,"calendar","hsgp","hurdle_ztpoisson",2025-05-24,2025,1,29,29,29,29,33,0.9,""
"Louisiana",2025-05-31,"calendar","hsgp","hurdle_ztpoisson",2025-05-31,2025,0,26,33,26,18,34,0.9,""
"Louisiana",2025-05-31,"calendar","sir","hurdle_ztnb",2025-05-03,2025,4,41,41,41,27.35,57.55,0.9,""
"Louisiana",2025-05-31,"calendar","sir","hurdle_ztnb",2025-05-10,2025,3,31,31,31,23,44.55,0.9,""
"Louisiana",2025-05-31,"calendar","sir","hurdle_ztnb",2025-05-17,2025,2,40,40,40,24.9,55,0.9,""
"Louisiana",2025-05-31,"calendar","sir","hurdle_ztnb",2025-05-24,2025,1,29,29,29,10.45,52,0.9,""
"Louisiana",2025-05-31,"calendar","sir","hurdle_ztnb",2025-05-31,2025,0,26,33,26,11,78.1,0.9,""
"Louisiana",2025-05-31,"calendar","sir","hurdle_ztpoisson",2025-05-03,2025,4,41,41,41,41,41,0.9,""
"Louisiana",2025-05-31,"calendar","sir","hurdle_ztpoisson",2025-05-10,2025,3,31,31,31,31,31,0.9,""
"Louisiana",2025-05-31,"calendar","sir","hurdle_ztpoisson",2025-05-17,2025,2,40,40,40,40,40,0.9,""
"Louisiana",2025-05-31,"calendar","sir","hurdle_ztpoisson",2025-05-24,2025,1,29,29,29,29,29,0.9,""
"Louisiana",2025-05-31,"calendar","sir","hurdle_ztpoisson",2025-05-31,2025,0,26,33,26,26,26,0.9,""
"Maine",2025-01-02,"calendar","hsgp","hurdle_ztnb",2024-11-30,2024,4,2,2,2,2,2,0.9,""
"Maine",2025-01-02,"calendar","hsgp","hurdle_ztnb",2024-12-07,2024,3,3,2,3,3,3,0.9,""
"Maine",2025-01-02,"calendar","hsgp","hurdle_ztnb",2024-12-14,2024,2,2,2,2,2,2,0.9,""
"Maine",2025-01-02,"calendar","hsgp","hurdle_ztnb",2024-12-21,2024,1,6,10,6,6,7,0.9,""
"Maine",2025-01-02,"calendar","hsgp","hurdle_ztnb",2024-12-28,2024,0,25,31,25,23,28,0.9,""
"Maine",2025-01-02,"calendar","hsgp","hurdle_ztpoisson",2024-11-30,2024,4,2,2,2,2,2,0.9,""
"Maine",2025-01-02,"calendar","hsgp","hurdle_ztpoisson",2024-12-07,2024,3,3,2,3,3,3,0.9,""
"Maine",2025-01-02,"calendar","hsgp","hurdle_ztpoisson",2024-12-14,2024,2,2,2,2,2,2.54999999999998,0.9,""
"Maine",2025-01-02,"calendar","hsgp","hurdle_ztpoisson",2024-12-21,2024,1,6,10,6,6,7,0.9,""
"Maine",2025-01-02,"calendar","hsgp","hurdle_ztpoisson",2024-12-28,2024,0,25,31,25,22,28,0.9,""
"Maine",2025-01-02,"calendar","sir","hurdle_ztnb",2024-11-30,2024,4,2,2,2,2,2,0.9,""
"Maine",2025-01-02,"calendar","sir","hurdle_ztnb",2024-12-07,2024,3,3,2,3,3,3,0.9,""
"Maine",2025-01-02,"calendar","sir","hurdle_ztnb",2024-12-14,2024,2,2,2,2,2,2,0.9,""
"Maine",2025-01-02,"calendar","sir","hurdle_ztnb",2024-12-21,2024,1,6,10,6,6,6,0.9,""
"Maine",2025-01-02,"calendar","sir","hurdle_ztnb",2024-12-28,2024,0,25,31,25,25,25,0.9,""
"Maine",2025-01-02,"calendar","sir","hurdle_ztpoisson",2024-11-30,2024,4,2,2,2,2,2,0.9,""
"Maine",2025-01-02,"calendar","sir","hurdle_ztpoisson",2024-12-07,2024,3,3,2,3,3,3,0.9,""
"Maine",2025-01-02,"calendar","sir","hurdle_ztpoisson",2024-12-14,2024,2,2,2,2,2,2,0.9,""
"Maine",2025-01-02,"calendar","sir","hurdle_ztpoisson",2024-12-21,2024,1,6,10,6,6,6,0.9,""
"Maine",2025-01-02,"calendar","sir","hurdle_ztpoisson",2024-12-28,2024,0,25,31,25,25,25,0.9,""
"Maine",2025-02-15,"calendar","hsgp","hurdle_ztnb",2025-01-18,2025,4,86,86,87,85.45,94,0.9,""
"Maine",2025-02-15,"calendar","hsgp","hurdle_ztnb",2025-01-25,2025,3,104,109,106,100.45,116,0.9,""
"Maine",2025-02-15,"calendar","hsgp","hurdle_ztnb",2025-02-01,2025,2,151,151,153,146,166,0.9,""
"Maine",2025-02-15,"calendar","hsgp","hurdle_ztnb",2025-02-08,2025,1,196,205,200,188.45,221.75,0.9,""
"Maine",2025-02-15,"calendar","hsgp","hurdle_ztnb",2025-02-15,2025,0,259,267,264,228.9,318.55,0.9,""
"Maine",2025-02-15,"calendar","hsgp","hurdle_ztpoisson",2025-01-18,2025,4,86,86,86,82.45,93,0.9,""
"Maine",2025-02-15,"calendar","hsgp","hurdle_ztpoisson",2025-01-25,2025,3,104,109,104,100,112.55,0.9,""
"Maine",2025-02-15,"calendar","hsgp","hurdle_ztpoisson",2025-02-01,2025,2,151,151,153,145.45,161,0.9,""
"Maine",2025-02-15,"calendar","hsgp","hurdle_ztpoisson",2025-02-08,2025,1,196,205,198,185,215,0.9,""
"Maine",2025-02-15,"calendar","hsgp","hurdle_ztpoisson",2025-02-15,2025,0,259,267,262,206,316.55,0.9,""
"Maine",2025-02-15,"calendar","sir","hurdle_ztnb",2025-01-18,2025,4,86,86,86,86,86,0.9,""
"Maine",2025-02-15,"calendar","sir","hurdle_ztnb",2025-01-25,2025,3,104,109,104,104,104,0.9,""
"Maine",2025-02-15,"calendar","sir","hurdle_ztnb",2025-02-01,2025,2,151,151,151,151,151,0.9,""
"Maine",2025-02-15,"calendar","sir","hurdle_ztnb",2025-02-08,2025,1,196,205,196,196,196,0.9,""
"Maine",2025-02-15,"calendar","sir","hurdle_ztnb",2025-02-15,2025,0,259,267,259,259,259,0.9,""
"Maine",2025-02-15,"calendar","sir","hurdle_ztpoisson",2025-01-18,2025,4,86,86,86,86,86,0.9,""
"Maine",2025-02-15,"calendar","sir","hurdle_ztpoisson",2025-01-25,2025,3,104,109,104,104,104,0.9,""
"Maine",2025-02-15,"calendar","sir","hurdle_ztpoisson",2025-02-01,2025,2,151,151,151,151,151,0.9,""
"Maine",2025-02-15,"calendar","sir","hurdle_ztpoisson",2025-02-08,2025,1,196,205,196,196,196,0.9,""
"Maine",2025-02-15,"calendar","sir","hurdle_ztpoisson",2025-02-15,2025,0,259,267,259,259,259,0.9,""
"Maine",2025-03-29,"calendar","hsgp","hurdle_ztnb",2025-03-01,2025,4,208,205,208,208,217.55,0.9,""
"Maine",2025-03-29,"calendar","hsgp","hurdle_ztnb",2025-03-08,2025,3,200,200,200,200,208,0.9,""
"Maine",2025-03-29,"calendar","hsgp","hurdle_ztnb",2025-03-15,2025,2,115,115,115,115,122,0.9,""
"Maine",2025-03-29,"calendar","hsgp","hurdle_ztnb",2025-03-22,2025,1,83,83,83,81.45,91.55,0.9,""
"Maine",2025-03-29,"calendar","hsgp","hurdle_ztnb",2025-03-29,2025,0,59,59,60,54,69,0.9,""
"Maine",2025-03-29,"calendar","hsgp","hurdle_ztpoisson",2025-03-01,2025,4,208,205,208,208,215,0.9,""
"Maine",2025-03-29,"calendar","hsgp","hurdle_ztpoisson",2025-03-08,2025,3,200,200,202,200,207.55,0.9,""
"Maine",2025-03-29,"calendar","hsgp","hurdle_ztpoisson",2025-03-15,2025,2,115,115,116,113,123,0.9,""
"Maine",2025-03-29,"calendar","hsgp","hurdle_ztpoisson",2025-03-22,2025,1,83,83,85,80.45,92.55,0.9,""
"Maine",2025-03-29,"calendar","hsgp","hurdle_ztpoisson",2025-03-29,2025,0,59,59,60,50,72.55,0.9,""
"Maine",2025-03-29,"calendar","sir","hurdle_ztnb",2025-03-01,2025,4,208,205,208,208,208,0.9,""
"Maine",2025-03-29,"calendar","sir","hurdle_ztnb",2025-03-08,2025,3,200,200,200,200,200,0.9,""
"Maine",2025-03-29,"calendar","sir","hurdle_ztnb",2025-03-15,2025,2,115,115,115,115,115,0.9,""
"Maine",2025-03-29,"calendar","sir","hurdle_ztnb",2025-03-22,2025,1,83,83,83,83,83,0.9,""
"Maine",2025-03-29,"calendar","sir","hurdle_ztnb",2025-03-29,2025,0,59,59,59,59,59,0.9,""
"Maine",2025-03-29,"calendar","sir","hurdle_ztpoisson",2025-03-01,2025,4,208,205,208,208,208,0.9,""
"Maine",2025-03-29,"calendar","sir","hurdle_ztpoisson",2025-03-08,2025,3,200,200,200,200,200,0.9,""
"Maine",2025-03-29,"calendar","sir","hurdle_ztpoisson",2025-03-15,2025,2,115,115,115,115,115,0.9,""
"Maine",2025-03-29,"calendar","sir","hurdle_ztpoisson",2025-03-22,2025,1,83,83,83,83,83,0.9,""
"Maine",2025-03-29,"calendar","sir","hurdle_ztpoisson",2025-03-29,2025,0,59,59,59,59,59,0.9,""
"Maine",2025-04-26,"calendar","hsgp","hurdle_ztnb",2025-03-29,2025,4,59,59,59,59,61,0.9,""
"Maine",2025-04-26,"calendar","hsgp","hurdle_ztnb",2025-04-05,2025,3,55,55,55,55,58,0.9,""
"Maine",2025-04-26,"calendar","hsgp","hurdle_ztnb",2025-04-12,2025,2,40,40,40,40,43,0.9,""
"Maine",2025-04-26,"calendar","hsgp","hurdle_ztnb",2025-04-19,2025,1,23,23,23,22,26.55,0.9,""
"Maine",2025-04-26,"calendar","hsgp","hurdle_ztnb",2025-04-26,2025,0,15,16,15,13,20.55,0.9,""
"Maine",2025-04-26,"calendar","hsgp","hurdle_ztpoisson",2025-03-29,2025,4,59,59,59,59,63.55,0.9,""
"Maine",2025-04-26,"calendar","hsgp","hurdle_ztpoisson",2025-04-05,2025,3,55,55,55,55,59,0.9,""
"Maine",2025-04-26,"calendar","hsgp","hurdle_ztpoisson",2025-04-12,2025,2,40,40,40,40,45,0.9,""
"Maine",2025-04-26,"calendar","hsgp","hurdle_ztpoisson",2025-04-19,2025,1,23,23,23,21.45,27,0.9,""
"Maine",2025-04-26,"calendar","hsgp","hurdle_ztpoisson",2025-04-26,2025,0,15,16,15,11,21,0.9,""
"Maine",2025-04-26,"calendar","sir","hurdle_ztnb",2025-03-29,2025,4,59,59,59,59,59,0.9,""
"Maine",2025-04-26,"calendar","sir","hurdle_ztnb",2025-04-05,2025,3,55,55,55,55,55,0.9,""
"Maine",2025-04-26,"calendar","sir","hurdle_ztnb",2025-04-12,2025,2,40,40,40,40,40,0.9,""
"Maine",2025-04-26,"calendar","sir","hurdle_ztnb",2025-04-19,2025,1,23,23,23,23,23,0.9,""
"Maine",2025-04-26,"calendar","sir","hurdle_ztnb",2025-04-26,2025,0,15,16,15,15,15,0.9,""
"Maine",2025-04-26,"calendar","sir","hurdle_ztpoisson",2025-03-29,2025,4,59,59,59,59,59,0.9,""
"Maine",2025-04-26,"calendar","sir","hurdle_ztpoisson",2025-04-05,2025,3,55,55,55,55,55,0.9,""
"Maine",2025-04-26,"calendar","sir","hurdle_ztpoisson",2025-04-12,2025,2,40,40,40,40,40,0.9,""
"Maine",2025-04-26,"calendar","sir","hurdle_ztpoisson",2025-04-19,2025,1,23,23,23,23,23,0.9,""
"Maine",2025-04-26,"calendar","sir","hurdle_ztpoisson",2025-04-26,2025,0,15,16,15,15,15,0.9,""
"Maine",2025-05-31,"calendar","hsgp","hurdle_ztnb",2025-05-03,2025,4,10,10,10,10,10,0.9,""
"Maine",2025-05-31,"calendar","hsgp","hurdle_ztnb",2025-05-10,2025,3,3,3,3,3,3,0.9,""
"Maine",2025-05-31,"calendar","hsgp","hurdle_ztnb",2025-05-17,2025,2,2,2,2,2,2,0.9,""
"Maine",2025-05-31,"calendar","hsgp","hurdle_ztnb",2025-05-24,2025,1,2,2,2,2,3,0.9,""
"Maine",2025-05-31,"calendar","hsgp","hurdle_ztnb",2025-05-31,2025,0,1,1,1,1,4,0.9,""
"Maine",2025-05-31,"calendar","hsgp","hurdle_ztpoisson",2025-05-03,2025,4,10,10,10,10,10,0.9,""
"Maine",2025-05-31,"calendar","hsgp","hurdle_ztpoisson",2025-05-10,2025,3,3,3,3,3,3,0.9,""
"Maine",2025-05-31,"calendar","hsgp","hurdle_ztpoisson",2025-05-17,2025,2,2,2,2,2,2,0.9,""
"Maine",2025-05-31,"calendar","hsgp","hurdle_ztpoisson",2025-05-24,2025,1,2,2,2,2,3,0.9,""
"Maine",2025-05-31,"calendar","hsgp","hurdle_ztpoisson",2025-05-31,2025,0,1,1,1,1,2.54999999999998,0.9,""
"Maine",2025-05-31,"calendar","sir","hurdle_ztnb",2025-05-03,2025,4,10,10,10,10,10,0.9,""
"Maine",2025-05-31,"calendar","sir","hurdle_ztnb",2025-05-10,2025,3,3,3,3,3,3,0.9,""
"Maine",2025-05-31,"calendar","sir","hurdle_ztnb",2025-05-17,2025,2,2,2,2,2,2,0.9,""
"Maine",2025-05-31,"calendar","sir","hurdle_ztnb",2025-05-24,2025,1,2,2,2,2,2,0.9,""
"Maine",2025-05-31,"calendar","sir","hurdle_ztnb",2025-05-31,2025,0,1,1,1,1,1,0.9,""
"Maine",2025-05-31,"calendar","sir","hurdle_ztpoisson",2025-05-03,2025,4,10,10,10,10,10,0.9,""
"Maine",2025-05-31,"calendar","sir","hurdle_ztpoisson",2025-05-10,2025,3,3,3,3,3,3,0.9,""
"Maine",2025-05-31,"calendar","sir","hurdle_ztpoisson",2025-05-17,2025,2,2,2,2,2,2,0.9,""
"Maine",2025-05-31,"calendar","sir","hurdle_ztpoisson",2025-05-24,2025,1,2,2,2,2,2,0.9,""
"Maine",2025-05-31,"calendar","sir","hurdle_ztpoisson",2025-05-31,2025,0,1,1,1,1,1,0.9,""
"Maryland",2025-01-02,"calendar","hsgp","hurdle_ztnb",2024-11-30,2024,4,20,21,20,20,25,0.9,""
"Maryland",2025-01-02,"calendar","hsgp","hurdle_ztnb",2024-12-07,2024,3,33,37,33,33,39.55,0.9,""
"Maryland",2025-01-02,"calendar","hsgp","hurdle_ztnb",2024-12-14,2024,2,73,73,73,73,81,0.9,""
"Maryland",2025-01-02,"calendar","hsgp","hurdle_ztnb",2024-12-21,2024,1,120,131,121,116.45,130,0.9,""
"Maryland",2025-01-02,"calendar","hsgp","hurdle_ztnb",2024-12-28,2024,0,126,195,129,121,151,0.9,""
"Maryland",2025-01-02,"calendar","hsgp","hurdle_ztpoisson",2024-11-30,2024,4,20,21,20,20,20.55,0.9,""
"Maryland",2025-01-02,"calendar","hsgp","hurdle_ztpoisson",2024-12-07,2024,3,33,37,33,33,36,0.9,""
"Maryland",2025-01-02,"calendar","hsgp","hurdle_ztpoisson",2024-12-14,2024,2,73,73,73,73,76,0.9,""
"Maryland",2025-01-02,"calendar","hsgp","hurdle_ztpoisson",2024-12-21,2024,1,120,131,120,120,126,0.9,""
"Maryland",2025-01-02,"calendar","hsgp","hurdle_ztpoisson",2024-12-28,2024,0,126,195,126,121.45,138,0.9,""
"Maryland",2025-01-02,"calendar","sir","hurdle_ztnb",2024-11-30,2024,4,20,21,20,20,23,0.9,""
"Maryland",2025-01-02,"calendar","sir","hurdle_ztnb",2024-12-07,2024,3,33,37,33,33,37,0.9,""
"Maryland",2025-01-02,"calendar","sir","hurdle_ztnb",2024-12-14,2024,2,73,73,73,73,79,0.9,""
"Maryland",2025-01-02,"calendar","sir","hurdle_ztnb",2024-12-21,2024,1,120,131,120,120,127,0.9,""
"Maryland",2025-01-02,"calendar","sir","hurdle_ztnb",2024-12-28,2024,0,126,195,126,122,136,0.9,""
"Maryland",2025-01-02,"calendar","sir","hurdle_ztpoisson",2024-11-30,2024,4,20,21,20,20,20,0.9,""
"Maryland",2025-01-02,"calendar","sir","hurdle_ztpoisson",2024-12-07,2024,3,33,37,33,33,40,0.9,""
"Maryland",2025-01-02,"calendar","sir","hurdle_ztpoisson",2024-12-14,2024,2,73,73,73,73,75,0.9,""
"Maryland",2025-01-02,"calendar","sir","hurdle_ztpoisson",2024-12-21,2024,1,120,131,120,120,124,0.9,""
"Maryland",2025-01-02,"calendar","sir","hurdle_ztpoisson",2024-12-28,2024,0,126,195,126,125,133,0.9,""
"Maryland",2025-02-15,"calendar","hsgp","hurdle_ztnb",2025-01-18,2025,4,459,466,465,458,482,0.9,""
"Maryland",2025-02-15,"calendar","hsgp","hurdle_ztnb",2025-01-25,2025,3,582,611,591,582,617,0.9,""
"Maryland",2025-02-15,"calendar","hsgp","hurdle_ztnb",2025-02-01,2025,2,810,810,824,808,873.55,0.9,""
"Maryland",2025-02-15,"calendar","hsgp","hurdle_ztnb",2025-02-08,2025,1,962,1086,982,956,1050.1,0.9,""
"Maryland",2025-02-15,"calendar","hsgp","hurdle_ztnb",2025-02-15,2025,0,914,1081,938.5,884.75,1096.7,0.9,""
"Maryland",2025-02-15,"calendar","hsgp","hurdle_ztpoisson",2025-01-18,2025,4,459,466,459,459,467,0.9,""
"Maryland",2025-02-15,"calendar","hsgp","hurdle_ztpoisson",2025-01-25,2025,3,582,611,582,580,594,0.9,""
"Maryland",2025-02-15,"calendar","hsgp","hurdle_ztpoisson",2025-02-01,2025,2,810,810,813,803,832,0.9,""
"Maryland",2025-02-15,"calendar","hsgp","hurdle_ztpoisson",2025-02-08,2025,1,962,1086,968.5,926.35,1031.1,0.9,""
"Maryland",2025-02-15,"calendar","hsgp","hurdle_ztpoisson",2025-02-15,2025,0,914,1081,928,838.15,1157,0.9,""
"Maryland",2025-02-15,"calendar","sir","hurdle_ztnb",2025-01-18,2025,4,459,466,459,459,464.55,0.9,""
"Maryland",2025-02-15,"calendar","sir","hurdle_ztnb",2025-01-25,2025,3,582,611,582,582,594,0.9,""
"Maryland",2025-02-15,"calendar","sir","hurdle_ztnb",2025-02-01,2025,2,810,810,810,810,821,0.9,""
"Maryland",2025-02-15,"calendar","sir","hurdle_ztnb",2025-02-08,2025,1,962,1086,962,960.45,987.1,0.9,""
"Maryland",2025-02-15,"calendar","sir","hurdle_ztnb",2025-02-15,2025,0,914,1081,914,904.8,937.65,0.9,""
"Maryland",2025-02-15,"calendar","sir","hurdle_ztpoisson",2025-01-18,2025,4,459,466,470,454,491.55,0.9,""
"Maryland",2025-02-15,"calendar","sir","hurdle_ztpoisson",2025-01-25,2025,3,582,611,582,581,587,0.9,""
"Maryland",2025-02-15,"calendar","sir","hurdle_ztpoisson",2025-02-01,2025,2,810,810,810,806.45,819,0.9,""
"Maryland",2025-02-15,"calendar","sir","hurdle_ztpoisson",2025-02-08,2025,1,962,1086,962,938.7,974.55,0.9,""
"Maryland",2025-02-15,"calendar","sir","hurdle_ztpoisson",2025-02-15,2025,0,914,1081,914,889.45,947.65,0.9,""
"Maryland",2025-03-29,"calendar","hsgp","hurdle_ztnb",2025-03-01,2025,4,548,548,551,548,572.55,0.9,""
"Maryland",2025-03-29,"calendar","hsgp","hurdle_ztnb",2025-03-08,2025,3,379,379,380,379,401.55,0.9,""
"Maryland",2025-03-29,"calendar","hsgp","hurdle_ztnb",2025-03-15,2025,2,277,291,278,277,298.55,0.9,""
"Maryland",2025-03-29,"calendar","hsgp","hurdle_ztnb",2025-03-22,2025,1,198,210,200,198,227.55,0.9,""
"Maryland",2025-03-29,"calendar","hsgp","hurdle_ztnb",2025-03-29,2025,0,119,135,123,115.45,148.1,0.9,""
"Maryland",2025-03-29,"calendar","hsgp","hurdle_ztpoisson",2025-03-01,2025,4,548,548,559,548,584.55,0.9,""
"Maryland",2025-03-29,"calendar","hsgp","hurdle_ztpoisson",2025-03-08,2025,3,379,379,392,379,418.65,0.9,""
"Maryland",2025-03-29,"calendar","hsgp","hurdle_ztpoisson",2025-03-15,2025,2,277,291,289,277,310,0.9,""
"Maryland",2025-03-29,"calendar","hsgp","hurdle_ztpoisson",2025-03-22,2025,1,198,210,208,198,232,0.9,""
"Maryland",2025-03-29,"calendar","hsgp","hurdle_ztpoisson",2025-03-29,2025,0,119,135,132,112,161,0.9,""
"Maryland",2025-03-29,"calendar","sir","hurdle_ztnb",2025-03-01,2025,4,548,548,548,548,561.55,0.9,""
"Maryland",2025-03-29,"calendar","sir","hurdle_ztnb",2025-03-08,2025,3,379,379,379,379,389,0.9,""
"Maryland",2025-03-29,"calendar","sir","hurdle_ztnb",2025-03-15,2025,2,277,291,277,277,295.1,0.9,""
"Maryland",2025-03-29,"calendar","sir","hurdle_ztnb",2025-03-22,2025,1,198,210,198,198,222,0.9,""
"Maryland",2025-03-29,"calendar","sir","hurdle_ztnb",2025-03-29,2025,0,119,135,119,117.45,173.75,0.9,""
"Maryland",2025-03-29,"calendar","sir","hurdle_ztpoisson",2025-03-01,2025,4,548,548,548,532,554,0.9,""
"Maryland",2025-03-29,"calendar","sir","hurdle_ztpoisson",2025-03-08,2025,3,379,379,379,364,379,0.9,""
"Maryland",2025-03-29,"calendar","sir","hurdle_ztpoisson",2025-03-15,2025,2,277,291,277,265.45,278.1,0.9,""
"Maryland",2025-03-29,"calendar","sir","hurdle_ztpoisson",2025-03-22,2025,1,198,210,198,188.45,203,0.9,""
"Maryland",2025-03-29,"calendar","sir","hurdle_ztpoisson",2025-03-29,2025,0,119,135,119,111.45,121,0.9,""
"Maryland",2025-04-26,"calendar","hsgp","hurdle_ztnb",2025-03-29,2025,4,135,135,135,135,148.55,0.9,""
"Maryland",2025-04-26,"calendar","hsgp","hurdle_ztnb",2025-04-05,2025,3,129,129,129,129,136,0.9,""
"Maryland",2025-04-26,"calendar","hsgp","hurdle_ztnb",2025-04-12,2025,2,94,94,94,94,104.55,0.9,""
"Maryland",2025-04-26,"calendar","hsgp","hurdle_ztnb",2025-04-19,2025,1,61,62,61,61,72.55,0.9,""
"Maryland",2025-04-26,"calendar","hsgp","hurdle_ztnb",2025-04-26,2025,0,44,47,44,44,57,0.9,""
"Maryland",2025-04-26,"calendar","hsgp","hurdle_ztpoisson",2025-03-29,2025,4,135,135,135,135,148,0.9,""
"Maryland",2025-04-26,"calendar","hsgp","hurdle_ztpoisson",2025-04-05,2025,3,129,129,129,129,143,0.9,""
"Maryland",2025-04-26,"calendar","hsgp","hurdle_ztpoisson",2025-04-12,2025,2,94,94,94,94,107,0.9,""
"Maryland",2025-04-26,"calendar","hsgp","hurdle_ztpoisson",2025-04-19,2025,1,61,62,65,61,76,0.9,""
"Maryland",2025-04-26,"calendar","hsgp","hurdle_ztpoisson",2025-04-26,2025,0,44,47,49,40.9,63,0.9,""
"Maryland",2025-04-26,"calendar","sir","hurdle_ztnb",2025-03-29,2025,4,135,135,135,135,140.55,0.9,""
"Maryland",2025-04-26,"calendar","sir","hurdle_ztnb",2025-04-05,2025,3,129,129,129,129,140.1,0.9,""
"Maryland",2025-04-26,"calendar","sir","hurdle_ztnb",2025-04-12,2025,2,94,94,94,94,103,0.9,""
"Maryland",2025-04-26,"calendar","sir","hurdle_ztnb",2025-04-19,2025,1,61,62,61,61,79,0.9,""
"Maryland",2025-04-26,"calendar","sir","hurdle_ztnb",2025-04-26,2025,0,44,47,44,44,78.1,0.9,""
"Maryland",2025-04-26,"calendar","sir","hurdle_ztpoisson",2025-03-29,2025,4,135,135,135,129,135,0.9,""
"Maryland",2025-04-26,"calendar","sir","hurdle_ztpoisson",2025-04-05,2025,3,129,129,129,122,129,0.9,""
"Maryland",2025-04-26,"calendar","sir","hurdle_ztpoisson",2025-04-12,2025,2,94,94,94,89.45,94,0.9,""
"Maryland",2025-04-26,"calendar","sir","hurdle_ztpoisson",2025-04-19,2025,1,61,62,61,55,61,0.9,""
"Maryland",2025-04-26,"calendar","sir","hurdle_ztpoisson",2025-04-26,2025,0,44,47,44,40,44,0.9,""
"Maryland",2025-05-31,"calendar","hsgp","hurdle_ztnb",2025-05-03,2025,4,41,41,41,41,44,0.9,""
"Maryland",2025-05-31,"calendar","hsgp","hurdle_ztnb",2025-05-10,2025,3,20,21,20,20,24,0.9,""
"Maryland",2025-05-31,"calendar","hsgp","hurdle_ztnb",2025-05-17,2025,2,9,10,9,9,15,0.9,""
"Maryland",2025-05-31,"calendar","hsgp","hurdle_ztnb",2025-05-24,2025,1,26,26,26,26,35,0.9,""
"Maryland",2025-05-31,"calendar","hsgp","hurdle_ztnb",2025-05-31,2025,0,38,38,38,36,51,0.9,""
"Maryland",2025-05-31,"calendar","hsgp","hurdle_ztpoisson",2025-05-03,2025,4,41,41,41,41,50,0.9,""
"Maryland",2025-05-31,"calendar","hsgp","hurdle_ztpoisson",2025-05-10,2025,3,20,21,20,20,28,0.9,""
"Maryland",2025-05-31,"calendar","hsgp","hurdle_ztpoisson",2025-05-17,2025,2,9,10,9,9,17,0.9,""
"Maryland",2025-05-31,"calendar","hsgp","hurdle_ztpoisson",2025-05-24,2025,1,26,26,26,26,33.55,0.9,""
"Maryland",2025-05-31,"calendar","hsgp","hurdle_ztpoisson",2025-05-31,2025,0,38,38,38,35,49,0.9,""
"Maryland",2025-05-31,"calendar","sir","hurdle_ztnb",2025-05-03,2025,4,41,41,41,41,46.55,0.9,""
"Maryland",2025-05-31,"calendar","sir","hurdle_ztnb",2025-05-10,2025,3,20,21,20,20,26.55,0.9,""
"Maryland",2025-05-31,"calendar","sir","hurdle_ztnb",2025-05-17,2025,2,9,10,9,9,17,0.9,""
"Maryland",2025-05-31,"calendar","sir","hurdle_ztnb",2025-05-24,2025,1,26,26,26,26,40.55,0.9,""
"Maryland",2025-05-31,"calendar","sir","hurdle_ztnb",2025-05-31,2025,0,38,38,38,38,51,0.9,""
"Maryland",2025-05-31,"calendar","sir","hurdle_ztpoisson",2025-05-03,2025,4,41,41,41,41,41,0.9,""
"Maryland",2025-05-31,"calendar","sir","hurdle_ztpoisson",2025-05-10,2025,3,20,21,20,20,20,0.9,""
"Maryland",2025-05-31,"calendar","sir","hurdle_ztpoisson",2025-05-17,2025,2,9,10,9,9,9,0.9,""
"Maryland",2025-05-31,"calendar","sir","hurdle_ztpoisson",2025-05-24,2025,1,26,26,26,26,26,0.9,""
"Maryland",2025-05-31,"calendar","sir","hurdle_ztpoisson",2025-05-31,2025,0,38,38,38,34,38,0.9,""
"Massachusetts",2025-01-02,"calendar","hsgp","hurdle_ztnb",2024-11-30,2024,4,63,72,63,47,63,0.9,""
"Massachusetts",2025-01-02,"calendar","hsgp","hurdle_ztnb",2024-12-07,2024,3,83,95,83,61.9,85.55,0.9,""
"Massachusetts",2025-01-02,"calendar","hsgp","hurdle_ztnb",2024-12-14,2024,2,126,133,126,89,131.1,0.9,""
"Massachusetts",2025-01-02,"calendar","hsgp","hurdle_ztnb",2024-12-21,2024,1,137,142,134,84.9,146,0.9,""
"Massachusetts",2025-01-02,"calendar","hsgp","hurdle_ztnb",2024-12-28,2024,0,243,287,240,197.25,294,0.9,""
"Massachusetts",2025-01-02,"calendar","hsgp","hurdle_ztpoisson",2024-11-30,2024,4,63,72,63,51,63,0.9,""
"Massachusetts",2025-01-02,"calendar","hsgp","hurdle_ztpoisson",2024-12-07,2024,3,83,95,83,64.45,83,0.9,""
"Massachusetts",2025-01-02,"calendar","hsgp","hurdle_ztpoisson",2024-12-14,2024,2,126,133,126,104,126,0.9,""
"Massachusetts",2025-01-02,"calendar","hsgp","hurdle_ztpoisson",2024-12-21,2024,1,137,142,130,110.45,137,0.9,""
"Massachusetts",2025-01-02,"calendar","hsgp","hurdle_ztpoisson",2024-12-28,2024,0,243,287,243,215,276,0.9,""
"Massachusetts",2025-01-02,"calendar","sir","hurdle_ztnb",2024-11-30,2024,4,63,72,63,52,63,0.9,""
"Massachusetts",2025-01-02,"calendar","sir","hurdle_ztnb",2024-12-07,2024,3,83,95,83,69,83,0.9,""
"Massachusetts",2025-01-02,"calendar","sir","hurdle_ztnb",2024-12-14,2024,2,126,133,126,97.9,126,0.9,""
"Massachusetts",2025-01-02,"calendar","sir","hurdle_ztnb",2024-12-21,2024,1,137,142,137,118.45,141.1,0.9,""
"Massachusetts",2025-01-02,"calendar","sir","hurdle_ztnb",2024-12-28,2024,0,243,287,243,219.45,264.2,0.9,""
"Massachusetts",2025-01-02,"calendar","sir","hurdle_ztpoisson",2024-11-30,2024,4,63,72,63,36.45,63,0.9,""
"Massachusetts",2025-01-02,"calendar","sir","hurdle_ztpoisson",2024-12-07,2024,3,83,95,64.5,0.449999999999998,83,0.9,""
"Massachusetts",2025-01-02,"calendar","sir","hurdle_ztpoisson",2024-12-14,2024,2,126,133,126,97.9,126,0.9,""
"Massachusetts",2025-01-02,"calendar","sir","hurdle_ztpoisson",2024-12-21,2024,1,137,142,137,103,140.1,0.9,""
"Massachusetts",2025-01-02,"calendar","sir","hurdle_ztpoisson",2024-12-28,2024,0,243,287,243,200.9,267.55,0.9,""
"Massachusetts",2025-02-15,"calendar","hsgp","hurdle_ztnb",2025-01-18,2025,4,731,757,731,693.9,731,0.9,""
"Massachusetts",2025-02-15,"calendar","hsgp","hurdle_ztnb",2025-01-25,2025,3,991,991,989,926.7,994,0.9,""
"Massachusetts",2025-02-15,"calendar","hsgp","hurdle_ztnb",2025-02-01,2025,2,1290,1347,1285,1201.75,1307.65,0.9,""
"Massachusetts",2025-02-15,"calendar","hsgp","hurdle_ztnb",2025-02-08,2025,1,1574,1637,1565,1382.4,1634.55,0.9,""
"Massachusetts",2025-02-15,"calendar","hsgp","hurdle_ztnb",2025-02-15,2025,0,1109,1522,1106,929.25,1378.55,0.9,""
"Massachusetts",2025-02-15,"calendar","hsgp","hurdle_ztpoisson",2025-01-18,2025,4,731,757,693.5,621.45,731,0.9,""
"Massachusetts",2025-02-15,"calendar","hsgp","hurdle_ztpoisson",2025-01-25,2025,3,991,991,935.5,855.45,991,0.9,""
"Massachusetts",2025-02-15,"calendar","hsgp","hurdle_ztpoisson",2025-02-01,2025,2,1290,1347,1233,1125.45,1290,0.9,""
"Massachusetts",2025-02-15,"calendar","hsgp","hurdle_ztpoisson",2025-02-08,2025,1,1574,1637,1507,1413,1574,0.9,""
"Massachusetts",2025-02-15,"calendar","hsgp","hurdle_ztpoisson",2025-02-15,2025,0,1109,1522,1102,970.8,1326.1,0.9,""
"Massachusetts",2025-02-15,"calendar","sir","hurdle_ztnb",2025-01-18,2025,4,731,757,731,702.7,731,0.9,""
"Massachusetts",2025-02-15,"calendar","sir","hurdle_ztnb",2025-01-25,2025,3,991,991,991,958,991,0.9,""
"Massachusetts",2025-02-15,"calendar","sir","hurdle_ztnb",2025-02-01,2025,2,1290,1347,1290,1238.9,1290,0.9,""
"Massachusetts",2025-02-15,"calendar","sir","hurdle_ztnb",2025-02-08,2025,1,1574,1637,1574,1520.7,1584.65,0.9,""
"Massachusetts",2025-02-15,"calendar","sir","hurdle_ztnb",2025-02-15,2025,0,1109,1522,1109,1053.7,1139.55,0.9,""
"Massachusetts",2025-02-15,"calendar","sir","hurdle_ztpoisson",2025-01-18,2025,4,731,757,595.5,203.6,731,0.9,""
"Massachusetts",2025-02-15,"calendar","sir","hurdle_ztpoisson",2025-01-25,2025,3,991,991,991,969,991,0.9,""
"Massachusetts",2025-02-15,"calendar","sir","hurdle_ztpoisson",2025-02-01,2025,2,1290,1347,1290,1258.45,1290,0.9,""
"Massachusetts",2025-02-15,"calendar","sir","hurdle_ztpoisson",2025-02-08,2025,1,1574,1637,1574,1542.45,1574,0.9,""
"Massachusetts",2025-02-15,"calendar","sir","hurdle_ztpoisson",2025-02-15,2025,0,1109,1522,1109,1090,1109,0.9,""
"Massachusetts",2025-03-29,"calendar","hsgp","hurdle_ztnb",2025-03-01,2025,4,1068,1246,1068,1031,1070.55,0.9,""
"Massachusetts",2025-03-29,"calendar","hsgp","hurdle_ztnb",2025-03-08,2025,3,744,749,744,702.45,747,0.9,""
"Massachusetts",2025-03-29,"calendar","hsgp","hurdle_ztnb",2025-03-15,2025,2,416,446,416,370.35,438.65,0.9,""
"Massachusetts",2025-03-29,"calendar","hsgp","hurdle_ztnb",2025-03-22,2025,1,299,320,299,252.9,333.65,0.9,""
"Massachusetts",2025-03-29,"calendar","hsgp","hurdle_ztnb",2025-03-29,2025,0,201,223,201,155.35,298.55,0.9,""
"Massachusetts",2025-03-29,"calendar","hsgp","hurdle_ztpoisson",2025-03-01,2025,4,1068,1246,1050,1017.35,1068,0.9,""
"Massachusetts",2025-03-29,"calendar","hsgp","hurdle_ztpoisson",2025-03-08,2025,3,744,749,730,700.45,744,0.9,""
"Massachusetts",2025-03-29,"calendar","hsgp","hurdle_ztpoisson",2025-03-15,2025,2,416,446,404,377.45,416,0.9,""
"Massachusetts",2025-03-29,"calendar","hsgp","hurdle_ztpoisson",2025-03-22,2025,1,299,320,291.5,267,307.55,0.9,""
"Massachusetts",2025-03-29,"calendar","hsgp","hurdle_ztpoisson",2025-03-29,2025,0,201,223,203,184,240,0.9,""
"Massachusetts",2025-03-29,"calendar","sir","hurdle_ztnb",2025-03-01,2025,4,1068,1246,1068,1050,1068,0.9,""
"Massachusetts",2025-03-29,"calendar","sir","hurdle_ztnb",2025-03-08,2025,3,744,749,744,716,744,0.9,""
"Massachusetts",2025-03-29,"calendar","sir","hurdle_ztnb",2025-03-15,2025,2,416,446,416,361.35,416,0.9,""
"Massachusetts",2025-03-29,"calendar","sir","hurdle_ztnb",2025-03-22,2025,1,299,320,299,270.45,311,0.9,""
"Massachusetts",2025-03-29,"calendar","sir","hurdle_ztnb",2025-03-29,2025,0,201,223,201,156,240.55,0.9,""
"Massachusetts",2025-03-29,"calendar","sir","hurdle_ztpoisson",2025-03-01,2025,4,1068,1246,1068,1057.9,1068,0.9,""
"Massachusetts",2025-03-29,"calendar","sir","hurdle_ztpoisson",2025-03-08,2025,3,744,749,744,741.25,744,0.9,""
"Massachusetts",2025-03-29,"calendar","sir","hurdle_ztpoisson",2025-03-15,2025,2,416,446,416,416,416,0.9,""
"Massachusetts",2025-03-29,"calendar","sir","hurdle_ztpoisson",2025-03-22,2025,1,299,320,299,299,299,0.9,""
"Massachusetts",2025-03-29,"calendar","sir","hurdle_ztpoisson",2025-03-29,2025,0,201,223,201,201,201,0.9,""
"Massachusetts",2025-04-26,"calendar","hsgp","hurdle_ztnb",2025-03-29,2025,4,213,223,213,201.9,213,0.9,""
"Massachusetts",2025-04-26,"calendar","hsgp","hurdle_ztnb",2025-04-05,2025,3,135,143,135,116,137.1,0.9,""
"Massachusetts",2025-04-26,"calendar","hsgp","hurdle_ztnb",2025-04-12,2025,2,114,119,114,103,114,0.9,""
"Massachusetts",2025-04-26,"calendar","hsgp","hurdle_ztnb",2025-04-19,2025,1,86,86,86,75,99,0.9,""
"Massachusetts",2025-04-26,"calendar","hsgp","hurdle_ztnb",2025-04-26,2025,0,80,84,80,68,115,0.9,""
"Massachusetts",2025-04-26,"calendar","hsgp","hurdle_ztpoisson",2025-03-29,2025,4,213,223,213,193,213,0.9,""
"Massachusetts",2025-04-26,"calendar","hsgp","hurdle_ztpoisson",2025-04-05,2025,3,135,143,135,120,135,0.9,""
"Massachusetts",2025-04-26,"calendar","hsgp","hurdle_ztpoisson",2025-04-12,2025,2,114,119,114,101.45,114,0.9,""
"Massachusetts",2025-04-26,"calendar","hsgp","hurdle_ztpoisson",2025-04-19,2025,1,86,86,86,74.45,90.55,0.9,""
"Massachusetts",2025-04-26,"calendar","hsgp","hurdle_ztpoisson",2025-04-26,2025,0,80,84,80,72,100,0.9,""
"Massachusetts",2025-04-26,"calendar","sir","hurdle_ztnb",2025-03-29,2025,4,213,223,213,200.9,213,0.9,""
"Massachusetts",2025-04-26,"calendar","sir","hurdle_ztnb",2025-04-05,2025,3,135,143,135,123,135,0.9,""
"Massachusetts",2025-04-26,"calendar","sir","hurdle_ztnb",2025-04-12,2025,2,114,119,114,89.45,114,0.9,""
"Massachusetts",2025-04-26,"calendar","sir","hurdle_ztnb",2025-04-19,2025,1,86,86,86,60.15,95,0.9,""
"Massachusetts",2025-04-26,"calendar","sir","hurdle_ztnb",2025-04-26,2025,0,80,84,80,35.9,124,0.9,""
"Massachusetts",2025-04-26,"calendar","sir","hurdle_ztpoisson",2025-03-29,2025,4,213,223,213,213,213,0.9,""
"Massachusetts",2025-04-26,"calendar","sir","hurdle_ztpoisson",2025-04-05,2025,3,135,143,135,135,135,0.9,""
"Massachusetts",2025-04-26,"calendar","sir","hurdle_ztpoisson",2025-04-12,2025,2,114,119,114,114,114,0.9,""
"Massachusetts",2025-04-26,"calendar","sir","hurdle_ztpoisson",2025-04-19,2025,1,86,86,86,86,86,0.9,""
"Massachusetts",2025-04-26,"calendar","sir","hurdle_ztpoisson",2025-04-26,2025,0,80,84,80,80,80,0.9,""
"Massachusetts",2025-05-31,"calendar","hsgp","hurdle_ztnb",2025-05-03,2025,4,49,73,49,46,49,0.9,""
"Massachusetts",2025-05-31,"calendar","hsgp","hurdle_ztnb",2025-05-10,2025,3,39,39,39,35.45,39,0.9,""
"Massachusetts",2025-05-31,"calendar","hsgp","hurdle_ztnb",2025-05-17,2025,2,30,30,30,27,30,0.9,""
"Massachusetts",2025-05-31,"calendar","hsgp","hurdle_ztnb",2025-05-24,2025,1,29,29,29,22.45,30.55,0.9,""
"Massachusetts",2025-05-31,"calendar","hsgp","hurdle_ztnb",2025-05-31,2025,0,21,26,21,12.45,33.55,0.9,""
"Massachusetts",2025-05-31,"calendar","hsgp","hurdle_ztpoisson",2025-05-03,2025,4,49,73,49,41,49,0.9,""
"Massachusetts",2025-05-31,"calendar","hsgp","hurdle_ztpoisson",2025-05-10,2025,3,39,39,39,32.45,39,0.9,""
"Massachusetts",2025-05-31,"calendar","hsgp","hurdle_ztpoisson",2025-05-17,2025,2,30,30,30,22,30,0.9,""
"Massachusetts",2025-05-31,"calendar","hsgp","hurdle_ztpoisson",2025-05-24,2025,1,29,29,29,22,30,0.9,""
"Massachusetts",2025-05-31,"calendar","hsgp","hurdle_ztpoisson",2025-05-31,2025,0,21,26,21,16,30,0.9,""
"Massachusetts",2025-05-31,"calendar","sir","hurdle_ztnb",2025-05-03,2025,4,49,73,49,45.45,49,0.9,""
"Massachusetts",2025-05-31,"calendar","sir","hurdle_ztnb",2025-05-10,2025,3,39,39,39,29,39,0.9,""
"Massachusetts",2025-05-31,"calendar","sir","hurdle_ztnb",2025-05-17,2025,2,30,30,30,13.45,30.55,0.9,""
"Massachusetts",2025-05-31,"calendar","sir","hurdle_ztnb",2025-05-24,2025,1,29,29,29,0,33,0.9,""
"Massachusetts",2025-05-31,"calendar","sir","hurdle_ztnb",2025-05-31,2025,0,21,26,21,2,34.6499999999999,0.9,""
"Massachusetts",2025-05-31,"calendar","sir","hurdle_ztpoisson",2025-05-03,2025,4,49,73,49,49,49,0.9,""
"Massachusetts",2025-05-31,"calendar","sir","hurdle_ztpoisson",2025-05-10,2025,3,39,39,39,39,39,0.9,""
"Massachusetts",2025-05-31,"calendar","sir","hurdle_ztpoisson",2025-05-17,2025,2,30,30,30,30,30,0.9,""
"Massachusetts",2025-05-31,"calendar","sir","hurdle_ztpoisson",2025-05-24,2025,1,29,29,29,29,29,0.9,""
"Massachusetts",2025-05-31,"calendar","sir","hurdle_ztpoisson",2025-05-31,2025,0,21,26,21,21,21,0.9,""
"Michigan",2025-01-02,"calendar","hsgp","hurdle_ztnb",2024-11-30,2024,4,69,65,69,57,83.1,0.9,""
"Michigan",2025-01-02,"calendar","hsgp","hurdle_ztnb",2024-12-07,2024,3,98,94,98,87.45,115,0.9,""
"Michigan",2025-01-02,"calendar","hsgp","hurdle_ztnb",2024-12-14,2024,2,170,172,170,155.45,188.55,0.9,""
"Michigan",2025-01-02,"calendar","hsgp","hurdle_ztnb",2024-12-21,2024,1,186,296,186,165,220.55,0.9,""
"Michigan",2025-01-02,"calendar","hsgp","hurdle_ztnb",2024-12-28,2024,0,441,489,441,414,480.55,0.9,""
"Michigan",2025-01-02,"calendar","hsgp","hurdle_ztpoisson",2024-11-30,2024,4,69,65,69,69,69,0.9,""
"Michigan",2025-01-02,"calendar","hsgp","hurdle_ztpoisson",2024-12-07,2024,3,98,94,98,98,98,0.9,""
"Michigan",2025-01-02,"calendar","hsgp","hurdle_ztpoisson",2024-12-14,2024,2,170,172,170,162,178,0.9,""
"Michigan",2025-01-02,"calendar","hsgp","hurdle_ztpoisson",2024-12-21,2024,1,186,296,186,172,197,0.9,""
"Michigan",2025-01-02,"calendar","hsgp","hurdle_ztpoisson",2024-12-28,2024,0,441,489,441,423,464.55,0.9,""
"Michigan",2025-01-02,"calendar","sir","hurdle_ztnb",2024-11-30,2024,4,69,65,69,63.45,78,0.9,""
"Michigan",2025-01-02,"calendar","sir","hurdle_ztnb",2024-12-07,2024,3,98,94,98,91,109,0.9,""
"Michigan",2025-01-02,"calendar","sir","hurdle_ztnb",2024-12-14,2024,2,170,172,170,163.45,179,0.9,""
"Michigan",2025-01-02,"calendar","sir","hurdle_ztnb",2024-12-21,2024,1,186,296,186,171,199,0.9,""
"Michigan",2025-01-02,"calendar","sir","hurdle_ztnb",2024-12-28,2024,0,441,489,441,426.45,462,0.9,""
"Michigan",2025-01-02,"calendar","sir","hurdle_ztpoisson",2024-11-30,2024,4,69,65,69,69,69,0.9,""
"Michigan",2025-01-02,"calendar","sir","hurdle_ztpoisson",2024-12-07,2024,3,98,94,98,78,114.55,0.9,""
"Michigan",2025-01-02,"calendar","sir","hurdle_ztpoisson",2024-12-14,2024,2,170,172,170,165.45,172.2,0.9,""
"Michigan",2025-01-02,"calendar","sir","hurdle_ztpoisson",2024-12-21,2024,1,186,296,186,178,192.55,0.9,""
"Michigan",2025-01-02,"calendar","sir","hurdle_ztpoisson",2024-12-28,2024,0,441,489,441,427,454.55,0.9,""
"Michigan",2025-02-15,"calendar","hsgp","hurdle_ztnb",2025-01-18,2025,4,496,613,496,452.9,550.75,0.9,""
"Michigan",2025-02-15,"calendar","hsgp","hurdle_ztnb",2025-01-25,2025,3,863,992,863,798,920.1,0.9,""
"Michigan",2025-02-15,"calendar","hsgp","hurdle_ztnb",2025-02-01,2025,2,1093,1379,1093,1002.45,1202.2,0.9,""
"Michigan",2025-02-15,"calendar","hsgp","hurdle_ztnb",2025-02-08,2025,1,1244,1701,1244,1092.05,1403.55,0.9,""
"Michigan",2025-02-15,"calendar","hsgp","hurdle_ztnb",2025-02-15,2025,0,1320,1800,1321,992.85,1695.2,0.9,""
"Michigan",2025-02-15,"calendar","hsgp","hurdle_ztpoisson",2025-01-18,2025,4,496,613,496,478,524,0.9,""
"Michigan",2025-02-15,"calendar","hsgp","hurdle_ztpoisson",2025-01-25,2025,3,863,992,863,830,907,0.9,""
"Michigan",2025-02-15,"calendar","hsgp","hurdle_ztpoisson",2025-02-01,2025,2,1093,1379,1103,1050.9,1156.55,0.9,""
"Michigan",2025-02-15,"calendar","hsgp","hurdle_ztpoisson",2025-02-08,2025,1,1244,1701,1262,1178.45,1361,0.9,""
"Michigan",2025-02-15,"calendar","hsgp","hurdle_ztpoisson",2025-02-15,2025,0,1320,1800,1323.5,1098.45,1572.35,0.9,""
"Michigan",2025-02-15,"calendar","sir","hurdle_ztnb",2025-01-18,2025,4,496,613,496,479.35,508.55,0.9,""
"Michigan",2025-02-15,"calendar","sir","hurdle_ztnb",2025-01-25,2025,3,863,992,863,832.45,877.55,0.9,""
"Michigan",2025-02-15,"calendar","sir","hurdle_ztnb",2025-02-01,2025,2,1093,1379,1093,1055.9,1111.1,0.9,""
"Michigan",2025-02-15,"calendar","sir","hurdle_ztnb",2025-02-08,2025,1,1244,1701,1244,1204.9,1276.2,0.9,""
"Michigan",2025-02-15,"calendar","sir","hurdle_ztnb",2025-02-15,2025,0,1320,1800,1320,1271,1378.3,0.9,""
"Michigan",2025-02-15,"calendar","sir","hurdle_ztpoisson",2025-01-18,2025,4,496,613,496,473.9,521.55,0.9,""
"Michigan",2025-02-15,"calendar","sir","hurdle_ztpoisson",2025-01-25,2025,3,863,992,863,850,874,0.9,""
"Michigan",2025-02-15,"calendar","sir","hurdle_ztpoisson",2025-02-01,2025,2,1093,1379,1093,1078,1109,0.9,""
"Michigan",2025-02-15,"calendar","sir","hurdle_ztpoisson",2025-02-08,2025,1,1244,1701,1244,1209,1285.65,0.9,""
"Michigan",2025-02-15,"calendar","sir","hurdle_ztpoisson",2025-02-15,2025,0,1320,1800,1320,1231.4,1423.55,0.9,""
"Michigan",2025-03-29,"calendar","hsgp","hurdle_ztnb",2025-03-01,2025,4,1383,1669,1383,1367.35,1410.1,0.9,""
"Michigan",2025-03-29,"calendar","hsgp","hurdle_ztnb",2025-03-08,2025,3,979,1264,979,958.45,997,0.9,""
"Michigan",2025-03-29,"calendar","hsgp","hurdle_ztnb",2025-03-15,2025,2,715,855,715,691.9,743,0.9,""
"Michigan",2025-03-29,"calendar","hsgp","hurdle_ztnb",2025-03-22,2025,1,790,948,790,760,830,0.9,""
"Michigan",2025-03-29,"calendar","hsgp","hurdle_ztnb",2025-03-29,2025,0,518,636,520,481.9,583,0.9,""
"Michigan",2025-03-29,"calendar","hsgp","hurdle_ztpoisson",2025-03-01,2025,4,1383,1669,1388,1369.45,1406,0.9,""
"Michigan",2025-03-29,"calendar","hsgp","hurdle_ztpoisson",2025-03-08,2025,3,979,1264,979,965,1006.1,0.9,""
"Michigan",2025-03-29,"calendar","hsgp","hurdle_ztpoisson",2025-03-15,2025,2,715,855,715,697.45,745,0.9,""
"Michigan",2025-03-29,"calendar","hsgp","hurdle_ztpoisson",2025-03-22,2025,1,790,948,792.5,766,828.65,0.9,""
"Michigan",2025-03-29,"calendar","hsgp","hurdle_ztpoisson",2025-03-29,2025,0,518,636,518,454.45,595.55,0.9,""
"Michigan",2025-03-29,"calendar","sir","hurdle_ztnb",2025-03-01,2025,4,1383,1669,1383,1364,1399.55,0.9,""
"Michigan",2025-03-29,"calendar","sir","hurdle_ztnb",2025-03-08,2025,3,979,1264,979,952.45,995,0.9,""
"Michigan",2025-03-29,"calendar","sir","hurdle_ztnb",2025-03-15,2025,2,715,855,715,698,734,0.9,""
"Michigan",2025-03-29,"calendar","sir","hurdle_ztnb",2025-03-22,2025,1,790,948,790,761.25,812.65,0.9,""
"Michigan",2025-03-29,"calendar","sir","hurdle_ztnb",2025-03-29,2025,0,518,636,518,478,565.65,0.9,""
"Michigan",2025-03-29,"calendar","sir","hurdle_ztpoisson",2025-03-01,2025,4,1383,1669,1383,1374.45,1393.55,0.9,""
"Michigan",2025-03-29,"calendar","sir","hurdle_ztpoisson",2025-03-08,2025,3,979,1264,979,971.45,988.55,0.9,""
"Michigan",2025-03-29,"calendar","sir","hurdle_ztpoisson",2025-03-15,2025,2,715,855,715,705.9,727,0.9,""
"Michigan",2025-03-29,"calendar","sir","hurdle_ztpoisson",2025-03-22,2025,1,790,948,790,779,805,0.9,""
"Michigan",2025-03-29,"calendar","sir","hurdle_ztpoisson",2025-03-29,2025,0,518,636,518,504.45,539.1,0.9,""
"Michigan",2025-04-26,"calendar","hsgp","hurdle_ztnb",2025-03-29,2025,4,528,636,528,521.45,540,0.9,""
"Michigan",2025-04-26,"calendar","hsgp","hurdle_ztnb",2025-04-05,2025,3,246,305,246,239.45,256.55,0.9,""
"Michigan",2025-04-26,"calendar","hsgp","hurdle_ztnb",2025-04-12,2025,2,224,255,224,215,233.55,0.9,""
"Michigan",2025-04-26,"calendar","hsgp","hurdle_ztnb",2025-04-19,2025,1,179,196,179,166,196.55,0.9,""
"Michigan",2025-04-26,"calendar","hsgp","hurdle_ztnb",2025-04-26,2025,0,78,127,78,60.9,103,0.9,""
"Michigan",2025-04-26,"calendar","hsgp","hurdle_ztpoisson",2025-03-29,2025,4,528,636,528,522.45,542.55,0.9,""
"Michigan",2025-04-26,"calendar","hsgp","hurdle_ztpoisson",2025-04-05,2025,3,246,305,246,240,259,0.9,""
"Michigan",2025-04-26,"calendar","hsgp","hurdle_ztpoisson",2025-04-12,2025,2,224,255,224,217,236,0.9,""
"Michigan",2025-04-26,"calendar","hsgp","hurdle_ztpoisson",2025-04-19,2025,1,179,196,179,171,190,0.9,""
"Michigan",2025-04-26,"calendar","hsgp","hurdle_ztpoisson",2025-04-26,2025,0,78,127,78,67,93,0.9,""
"Michigan",2025-04-26,"calendar","sir","hurdle_ztnb",2025-03-29,2025,4,528,636,528,518.45,534.55,0.9,""
"Michigan",2025-04-26,"calendar","sir","hurdle_ztnb",2025-04-05,2025,3,246,305,246,233.9,259,0.9,""
"Michigan",2025-04-26,"calendar","sir","hurdle_ztnb",2025-04-12,2025,2,224,255,224,208.35,234,0.9,""
"Michigan",2025-04-26,"calendar","sir","hurdle_ztnb",2025-04-19,2025,1,179,196,179,151.45,201,0.9,""
"Michigan",2025-04-26,"calendar","sir","hurdle_ztnb",2025-04-26,2025,0,78,127,78,60,103,0.9,""
"Michigan",2025-04-26,"calendar","sir","hurdle_ztpoisson",2025-03-29,2025,4,528,636,528,528,533.1,0.9,""
"Michigan",2025-04-26,"calendar","sir","hurdle_ztpoisson",2025-04-05,2025,3,246,305,246,246,246,0.9,""
"Michigan",2025-04-26,"calendar","sir","hurdle_ztpoisson",2025-04-12,2025,2,224,255,224,224,224,0.9,""
"Michigan",2025-04-26,"calendar","sir","hurdle_ztpoisson",2025-04-19,2025,1,179,196,179,179,186.1,0.9,""
"Michigan",2025-04-26,"calendar","sir","hurdle_ztpoisson",2025-04-26,2025,0,78,127,78,78,78,0.9,""
"Michigan",2025-05-31,"calendar","hsgp","hurdle_ztnb",2025-05-03,2025,4,104,117,104,101,107.55,0.9,""
"Michigan",2025-05-31,"calendar","hsgp","hurdle_ztnb",2025-05-10,2025,3,88,93,88,84.45,96.55,0.9,""
"Michigan",2025-05-31,"calendar","hsgp","hurdle_ztnb",2025-05-17,2025,2,60,62,60,55,67,0.9,""
"Michigan",2025-05-31,"calendar","hsgp","hurdle_ztnb",2025-05-24,2025,1,48,51,48,41.45,56.55,0.9,""
"Michigan",2025-05-31,"calendar","hsgp","hurdle_ztnb",2025-05-31,2025,0,46,51,46,36,65,0.9,""
"Michigan",2025-05-31,"calendar","hsgp","hurdle_ztpoisson",2025-05-03,2025,4,104,117,104,104,110.55,0.9,""
"Michigan",2025-05-31,"calendar","hsgp","hurdle_ztpoisson",2025-05-10,2025,3,88,93,88,88,94,0.9,""
"Michigan",2025-05-31,"calendar","hsgp","hurdle_ztpoisson",2025-05-17,2025,2,60,62,60,60,67,0.9,""
"Michigan",2025-05-31,"calendar","hsgp","hurdle_ztpoisson",2025-05-24,2025,1,48,51,48,44,55,0.9,""
"Michigan",2025-05-31,"calendar","hsgp","hurdle_ztpoisson",2025-05-31,2025,0,46,51,46,36,55.55,0.9,""
"Michigan",2025-05-31,"calendar","sir","hurdle_ztnb",2025-05-03,2025,4,104,117,104,101.45,110,0.9,""
"Michigan",2025-05-31,"calendar","sir","hurdle_ztnb",2025-05-10,2025,3,88,93,88,82.45,94.55,0.9,""
"Michigan",2025-05-31,"calendar","sir","hurdle_ztnb",2025-05-17,2025,2,60,62,60,51.45,73.1,0.9,""
"Michigan",2025-05-31,"calendar","sir","hurdle_ztnb",2025-05-24,2025,1,48,51,48,25.9,56.55,0.9,""
"Michigan",2025-05-31,"calendar","sir","hurdle_ztnb",2025-05-31,2025,0,46,51,46,29,63.55,0.9,""
"Michigan",2025-05-31,"calendar","sir","hurdle_ztpoisson",2025-05-03,2025,4,104,117,104,104,104,0.9,""
"Michigan",2025-05-31,"calendar","sir","hurdle_ztpoisson",2025-05-10,2025,3,88,93,88,88,88,0.9,""
"Michigan",2025-05-31,"calendar","sir","hurdle_ztpoisson",2025-05-17,2025,2,60,62,60,60,60,0.9,""
"Michigan",2025-05-31,"calendar","sir","hurdle_ztpoisson",2025-05-24,2025,1,48,51,48,48,48,0.9,""
"Michigan",2025-05-31,"calendar","sir","hurdle_ztpoisson",2025-05-31,2025,0,46,51,46,46,46,0.9,""
"Minnesota",2025-01-02,"calendar","hsgp","hurdle_ztnb",2024-11-30,2024,4,35,18,35,35,35,0.9,""
"Minnesota",2025-01-02,"calendar","hsgp","hurdle_ztnb",2024-12-07,2024,3,58,40,58,58,77.1,0.9,""
"Minnesota",2025-01-02,"calendar","hsgp","hurdle_ztnb",2024-12-14,2024,2,118,92,118,116.35,156.85,0.9,""
"Minnesota",2025-01-02,"calendar","hsgp","hurdle_ztnb",2024-12-21,2024,1,268,227,268,242,324,0.9,""
"Minnesota",2025-01-02,"calendar","hsgp","hurdle_ztnb",2024-12-28,2024,0,724,545,724,703,819.65,0.9,""
"Minnesota",2025-01-02,"calendar","hsgp","hurdle_ztpoisson",2024-11-30,2024,4,35,18,35,35,35,0.9,""
"Minnesota",2025-01-02,"calendar","hsgp","hurdle_ztpoisson",2024-12-07,2024,3,58,40,58,58,58,0.9,""
"Minnesota",2025-01-02,"calendar","hsgp","hurdle_ztpoisson",2024-12-14,2024,2,118,92,118,104,118,0.9,""
"Minnesota",2025-01-02,"calendar","hsgp","hurdle_ztpoisson",2024-12-21,2024,1,268,227,268,244,275.65,0.9,""
"Minnesota",2025-01-02,"calendar","hsgp","hurdle_ztpoisson",2024-12-28,2024,0,724,545,724,669.35,795,0.9,""
"Minnesota",2025-01-02,"calendar","sir","hurdle_ztnb",2024-11-30,2024,4,35,18,35,35,35,0.9,""
"Minnesota",2025-01-02,"calendar","sir","hurdle_ztnb",2024-12-07,2024,3,58,40,58,58,58,0.9,""
"Minnesota",2025-01-02,"calendar","sir","hurdle_ztnb",2024-12-14,2024,2,118,92,118,118,118,0.9,""
"Minnesota",2025-01-02,"calendar","sir","hurdle_ztnb",2024-12-21,2024,1,268,227,268,268,268,0.9,""
"Minnesota",2025-01-02,"calendar","sir","hurdle_ztnb",2024-12-28,2024,0,724,545,724,724,724,0.9,""
"Minnesota",2025-01-02,"calendar","sir","hurdle_ztpoisson",2024-11-30,2024,4,35,18,35,35,35,0.9,""
"Minnesota",2025-01-02,"calendar","sir","hurdle_ztpoisson",2024-12-07,2024,3,58,40,58,58,58,0.9,""
"Minnesota",2025-01-02,"calendar","sir","hurdle_ztpoisson",2024-12-14,2024,2,118,92,118,118,118,0.9,""
"Minnesota",2025-01-02,"calendar","sir","hurdle_ztpoisson",2024-12-21,2024,1,268,227,268,268,268,0.9,""
"Minnesota",2025-01-02,"calendar","sir","hurdle_ztpoisson",2024-12-28,2024,0,724,545,724,724,724,0.9,""
"Minnesota",2025-02-15,"calendar","hsgp","hurdle_ztnb",2025-01-18,2025,4,925,927,925,837.75,934,0.9,""
"Minnesota",2025-02-15,"calendar","hsgp","hurdle_ztnb",2025-01-25,2025,3,872,928,872,812.9,880.3,0.9,""
"Minnesota",2025-02-15,"calendar","hsgp","hurdle_ztnb",2025-02-01,2025,2,880,884,880,814.25,919.1,0.9,""
"Minnesota",2025-02-15,"calendar","hsgp","hurdle_ztnb",2025-02-08,2025,1,674,689,674,605.35,735.65,0.9,""
"Minnesota",2025-02-15,"calendar","hsgp","hurdle_ztnb",2025-02-15,2025,0,470,486,470,432.9,574.85,0.9,""
"Minnesota",2025-02-15,"calendar","hsgp","hurdle_ztpoisson",2025-01-18,2025,4,925,927,925,826.45,925,0.9,"The `hurdle_ztpoisson` optimizer did not pass the stability gate.
✖ Optimizer code 0: L-BFGS-B polish: CONVERGENCE: REL_REDUCTION_OF_F <=
  FACTR*EPSMCH
✖ Maximum absolute gradient: 4.892.
ℹ Try `count_cumulative_process(observation = ""hurdle_ztnb"")`; the ZTNB
  magnitude law was stable in the package-wide sweep.
ℹ This finite fit is returned with `gradient_status = ""warning""`; inspect
  `fit$opt` before using it."
"Minnesota",2025-02-15,"calendar","hsgp","hurdle_ztpoisson",2025-01-25,2025,3,872,928,872,754.6,872,0.9,"The `hurdle_ztpoisson` optimizer did not pass the stability gate.
✖ Optimizer code 0: L-BFGS-B polish: CONVERGENCE: REL_REDUCTION_OF_F <=
  FACTR*EPSMCH
✖ Maximum absolute gradient: 4.892.
ℹ Try `count_cumulative_process(observation = ""hurdle_ztnb"")`; the ZTNB
  magnitude law was stable in the package-wide sweep.
ℹ This finite fit is returned with `gradient_status = ""warning""`; inspect
  `fit$opt` before using it."
"Minnesota",2025-02-15,"calendar","hsgp","hurdle_ztpoisson",2025-02-01,2025,2,880,884,880,800.9,880,0.9,"The `hurdle_ztpoisson` optimizer did not pass the stability gate.
✖ Optimizer code 0: L-BFGS-B polish: CONVERGENCE: REL_REDUCTION_OF_F <=
  FACTR*EPSMCH
✖ Maximum absolute gradient: 4.892.
ℹ Try `count_cumulative_process(observation = ""hurdle_ztnb"")`; the ZTNB
  magnitude law was stable in the package-wide sweep.
ℹ This finite fit is returned with `gradient_status = ""warning""`; inspect
  `fit$opt` before using it."
"Minnesota",2025-02-15,"calendar","hsgp","hurdle_ztpoisson",2025-02-08,2025,1,674,689,674,618.45,684.65,0.9,"The `hurdle_ztpoisson` optimizer did not pass the stability gate.
✖ Optimizer code 0: L-BFGS-B polish: CONVERGENCE: REL_REDUCTION_OF_F <=
  FACTR*EPSMCH
✖ Maximum absolute gradient: 4.892.
ℹ Try `count_cumulative_process(observation = ""hurdle_ztnb"")`; the ZTNB
  magnitude law was stable in the package-wide sweep.
ℹ This finite fit is returned with `gradient_status = ""warning""`; inspect
  `fit$opt` before using it."
"Minnesota",2025-02-15,"calendar","hsgp","hurdle_ztpoisson",2025-02-15,2025,0,470,486,470,396,658.55,0.9,"The `hurdle_ztpoisson` optimizer did not pass the stability gate.
✖ Optimizer code 0: L-BFGS-B polish: CONVERGENCE: REL_REDUCTION_OF_F <=
  FACTR*EPSMCH
✖ Maximum absolute gradient: 4.892.
ℹ Try `count_cumulative_process(observation = ""hurdle_ztnb"")`; the ZTNB
  magnitude law was stable in the package-wide sweep.
ℹ This finite fit is returned with `gradient_status = ""warning""`; inspect
  `fit$opt` before using it."
"Minnesota",2025-02-15,"calendar","sir","hurdle_ztnb",2025-01-18,2025,4,925,927,925,925,925,0.9,""
"Minnesota",2025-02-15,"calendar","sir","hurdle_ztnb",2025-01-25,2025,3,872,928,872,872,872,0.9,""
"Minnesota",2025-02-15,"calendar","sir","hurdle_ztnb",2025-02-01,2025,2,880,884,880,880,880,0.9,""
"Minnesota",2025-02-15,"calendar","sir","hurdle_ztnb",2025-02-08,2025,1,674,689,674,674,674,0.9,""
"Minnesota",2025-02-15,"calendar","sir","hurdle_ztnb",2025-02-15,2025,0,470,486,470,470,470,0.9,""
"Minnesota",2025-02-15,"calendar","sir","hurdle_ztpoisson",2025-01-18,2025,4,925,927,925,925,925,0.9,""
"Minnesota",2025-02-15,"calendar","sir","hurdle_ztpoisson",2025-01-25,2025,3,872,928,872,872,872,0.9,""
"Minnesota",2025-02-15,"calendar","sir","hurdle_ztpoisson",2025-02-01,2025,2,880,884,880,880,880,0.9,""
"Minnesota",2025-02-15,"calendar","sir","hurdle_ztpoisson",2025-02-08,2025,1,674,689,674,674,674,0.9,""
"Minnesota",2025-02-15,"calendar","sir","hurdle_ztpoisson",2025-02-15,2025,0,470,486,470,470,470,0.9,""
"Minnesota",2025-03-29,"calendar","hsgp","hurdle_ztnb",2025-03-01,2025,4,279,279,279,268.9,297.55,0.9,""
"Minnesota",2025-03-29,"calendar","hsgp","hurdle_ztnb",2025-03-08,2025,3,195,195,195,188.45,202,0.9,""
"Minnesota",2025-03-29,"calendar","hsgp","hurdle_ztnb",2025-03-15,2025,2,158,158,158,150.45,169.55,0.9,""
"Minnesota",2025-03-29,"calendar","hsgp","hurdle_ztnb",2025-03-22,2025,1,182,182,182,168,196.1,0.9,""
"Minnesota",2025-03-29,"calendar","hsgp","hurdle_ztnb",2025-03-29,2025,0,79,81,80,71,114.55,0.9,""
"Minnesota",2025-03-29,"calendar","hsgp","hurdle_ztpoisson",2025-03-01,2025,4,279,279,279,267,279,0.9,""
"Minnesota",2025-03-29,"calendar","hsgp","hurdle_ztpoisson",2025-03-08,2025,3,195,195,195,176,195,0.9,""
"Minnesota",2025-03-29,"calendar","hsgp","hurdle_ztpoisson",2025-03-15,2025,2,158,158,158,135,158,0.9,""
"Minnesota",2025-03-29,"calendar","hsgp","hurdle_ztpoisson",2025-03-22,2025,1,182,182,182,163,196.55,0.9,""
"Minnesota",2025-03-29,"calendar","hsgp","hurdle_ztpoisson",2025-03-29,2025,0,79,81,79,64,108.55,0.9,""
"Minnesota",2025-03-29,"calendar","sir","hurdle_ztnb",2025-03-01,2025,4,279,279,279,279,279,0.9,""
"Minnesota",2025-03-29,"calendar","sir","hurdle_ztnb",2025-03-08,2025,3,195,195,195,195,195,0.9,""
"Minnesota",2025-03-29,"calendar","sir","hurdle_ztnb",2025-03-15,2025,2,158,158,158,158,158,0.9,""
"Minnesota",2025-03-29,"calendar","sir","hurdle_ztnb",2025-03-22,2025,1,182,182,182,182,182,0.9,""
"Minnesota",2025-03-29,"calendar","sir","hurdle_ztnb",2025-03-29,2025,0,79,81,79,79,79,0.9,""
"Minnesota",2025-03-29,"calendar","sir","hurdle_ztpoisson",2025-03-01,2025,4,279,279,279,279,279,0.9,""
"Minnesota",2025-03-29,"calendar","sir","hurdle_ztpoisson",2025-03-08,2025,3,195,195,195,195,195,0.9,""
"Minnesota",2025-03-29,"calendar","sir","hurdle_ztpoisson",2025-03-15,2025,2,158,158,158,158,158,0.9,""
"Minnesota",2025-03-29,"calendar","sir","hurdle_ztpoisson",2025-03-22,2025,1,182,182,182,182,182,0.9,""
"Minnesota",2025-03-29,"calendar","sir","hurdle_ztpoisson",2025-03-29,2025,0,79,81,79,79,79,0.9,""
"Minnesota",2025-04-26,"calendar","hsgp","hurdle_ztnb",2025-03-29,2025,4,81,81,81,81,85.55,0.9,""
"Minnesota",2025-04-26,"calendar","hsgp","hurdle_ztnb",2025-04-05,2025,3,59,59,59,59,59,0.9,""
"Minnesota",2025-04-26,"calendar","hsgp","hurdle_ztnb",2025-04-12,2025,2,53,53,53,52,58,0.9,""
"Minnesota",2025-04-26,"calendar","hsgp","hurdle_ztnb",2025-04-19,2025,1,38,38,38,33.45,51.1,0.9,""
"Minnesota",2025-04-26,"calendar","hsgp","hurdle_ztnb",2025-04-26,2025,0,25,25,25,20,46,0.9,""
"Minnesota",2025-04-26,"calendar","hsgp","hurdle_ztpoisson",2025-03-29,2025,4,81,81,81,71.45,81,0.9,""
"Minnesota",2025-04-26,"calendar","hsgp","hurdle_ztpoisson",2025-04-05,2025,3,59,59,59,46,59,0.9,""
"Minnesota",2025-04-26,"calendar","hsgp","hurdle_ztpoisson",2025-04-12,2025,2,53,53,53,41,53,0.9,""
"Minnesota",2025-04-26,"calendar","hsgp","hurdle_ztpoisson",2025-04-19,2025,1,38,38,38,31.45,38,0.9,""
"Minnesota",2025-04-26,"calendar","hsgp","hurdle_ztpoisson",2025-04-26,2025,0,25,25,25,25,25,0.9,""
"Minnesota",2025-04-26,"calendar","sir","hurdle_ztnb",2025-03-29,2025,4,81,81,81,81,81,0.9,""
"Minnesota",2025-04-26,"calendar","sir","hurdle_ztnb",2025-04-05,2025,3,59,59,59,59,59,0.9,""
"Minnesota",2025-04-26,"calendar","sir","hurdle_ztnb",2025-04-12,2025,2,53,53,53,53,53,0.9,""
"Minnesota",2025-04-26,"calendar","sir","hurdle_ztnb",2025-04-19,2025,1,38,38,38,38,38,0.9,""
"Minnesota",2025-04-26,"calendar","sir","hurdle_ztnb",2025-04-26,2025,0,25,25,25,25,25,0.9,""
"Minnesota",2025-04-26,"calendar","sir","hurdle_ztpoisson",2025-03-29,2025,4,81,81,81,81,81,0.9,""
"Minnesota",2025-04-26,"calendar","sir","hurdle_ztpoisson",2025-04-05,2025,3,59,59,59,59,59,0.9,""
"Minnesota",2025-04-26,"calendar","sir","hurdle_ztpoisson",2025-04-12,2025,2,53,53,53,53,53,0.9,""
"Minnesota",2025-04-26,"calendar","sir","hurdle_ztpoisson",2025-04-19,2025,1,38,38,38,38,38,0.9,""
"Minnesota",2025-04-26,"calendar","sir","hurdle_ztpoisson",2025-04-26,2025,0,25,25,25,25,25,0.9,""
"Minnesota",2025-05-31,"calendar","hsgp","hurdle_ztnb",2025-05-03,2025,4,28,28,28,28,28,0.9,""
"Minnesota",2025-05-31,"calendar","hsgp","hurdle_ztnb",2025-05-10,2025,3,22,22,22,22,22,0.9,""
"Minnesota",2025-05-31,"calendar","hsgp","hurdle_ztnb",2025-05-17,2025,2,7,7,7,7,7,0.9,""
"Minnesota",2025-05-31,"calendar","hsgp","hurdle_ztnb",2025-05-24,2025,1,9,9,9,9,12,0.9,""
"Minnesota",2025-05-31,"calendar","hsgp","hurdle_ztnb",2025-05-31,2025,0,11,12,11,10,20,0.9,""
"Minnesota",2025-05-31,"calendar","hsgp","hurdle_ztpoisson",2025-05-03,2025,4,28,28,28,28,28,0.9,""
"Minnesota",2025-05-31,"calendar","hsgp","hurdle_ztpoisson",2025-05-10,2025,3,22,22,22,22,22,0.9,""
"Minnesota",2025-05-31,"calendar","hsgp","hurdle_ztpoisson",2025-05-17,2025,2,7,7,7,7,7,0.9,""
"Minnesota",2025-05-31,"calendar","hsgp","hurdle_ztpoisson",2025-05-24,2025,1,9,9,9,9,9,0.9,""
"Minnesota",2025-05-31,"calendar","hsgp","hurdle_ztpoisson",2025-05-31,2025,0,11,12,11,11,11,0.9,""
"Minnesota",2025-05-31,"calendar","sir","hurdle_ztnb",2025-05-03,2025,4,28,28,28,28,28,0.9,""
"Minnesota",2025-05-31,"calendar","sir","hurdle_ztnb",2025-05-10,2025,3,22,22,22,22,22,0.9,""
"Minnesota",2025-05-31,"calendar","sir","hurdle_ztnb",2025-05-17,2025,2,7,7,7,7,7,0.9,""
"Minnesota",2025-05-31,"calendar","sir","hurdle_ztnb",2025-05-24,2025,1,9,9,9,9,9,0.9,""
"Minnesota",2025-05-31,"calendar","sir","hurdle_ztnb",2025-05-31,2025,0,11,12,11,11,11,0.9,""
"Minnesota",2025-05-31,"calendar","sir","hurdle_ztpoisson",2025-05-03,2025,4,28,28,28,28,28,0.9,""
"Minnesota",2025-05-31,"calendar","sir","hurdle_ztpoisson",2025-05-10,2025,3,22,22,22,22,22,0.9,""
"Minnesota",2025-05-31,"calendar","sir","hurdle_ztpoisson",2025-05-17,2025,2,7,7,7,7,7,0.9,""
"Minnesota",2025-05-31,"calendar","sir","hurdle_ztpoisson",2025-05-24,2025,1,9,9,9,9,9,0.9,""
"Minnesota",2025-05-31,"calendar","sir","hurdle_ztpoisson",2025-05-31,2025,0,11,12,11,11,11,0.9,""
"Mississippi",2025-01-02,"calendar","hsgp","hurdle_ztnb",2024-11-30,2024,4,28,28,28,28,38.55,0.9,""
"Mississippi",2025-01-02,"calendar","hsgp","hurdle_ztnb",2024-12-07,2024,3,39,39,39,35.35,50,0.9,""
"Mississippi",2025-01-02,"calendar","hsgp","hurdle_ztnb",2024-12-14,2024,2,61,62,61,56.9,75.55,0.9,""
"Mississippi",2025-01-02,"calendar","hsgp","hurdle_ztnb",2024-12-21,2024,1,94,100,94,82,116.55,0.9,""
"Mississippi",2025-01-02,"calendar","hsgp","hurdle_ztnb",2024-12-28,2024,0,212,212,216,198,251.55,0.9,""
"Mississippi",2025-01-02,"calendar","hsgp","hurdle_ztpoisson",2024-11-30,2024,4,28,28,28,28,28,0.9,""
"Mississippi",2025-01-02,"calendar","hsgp","hurdle_ztpoisson",2024-12-07,2024,3,39,39,39,39,40.1,0.9,""
"Mississippi",2025-01-02,"calendar","hsgp","hurdle_ztpoisson",2024-12-14,2024,2,61,62,61,61,67,0.9,""
"Mississippi",2025-01-02,"calendar","hsgp","hurdle_ztpoisson",2024-12-21,2024,1,94,100,94,86.45,103.55,0.9,""
"Mississippi",2025-01-02,"calendar","hsgp","hurdle_ztpoisson",2024-12-28,2024,0,212,212,214,197,240.55,0.9,""
"Mississippi",2025-01-02,"calendar","sir","hurdle_ztnb",2024-11-30,2024,4,28,28,28,28,36,0.9,""
"Mississippi",2025-01-02,"calendar","sir","hurdle_ztnb",2024-12-07,2024,3,39,39,39,38.45,52.55,0.9,""
"Mississippi",2025-01-02,"calendar","sir","hurdle_ztnb",2024-12-14,2024,2,61,62,61,59,75,0.9,""
"Mississippi",2025-01-02,"calendar","sir","hurdle_ztnb",2024-12-21,2024,1,94,100,94,85.45,112.1,0.9,""
"Mississippi",2025-01-02,"calendar","sir","hurdle_ztnb",2024-12-28,2024,0,212,212,212,205.45,241.65,0.9,""
"Mississippi",2025-01-02,"calendar","sir","hurdle_ztpoisson",2024-11-30,2024,4,28,28,28,28,28,0.9,""
"Mississippi",2025-01-02,"calendar","sir","hurdle_ztpoisson",2024-12-07,2024,3,39,39,39,32.45,50.55,0.9,""
"Mississippi",2025-01-02,"calendar","sir","hurdle_ztpoisson",2024-12-14,2024,2,61,62,61,59.35,66,0.9,""
"Mississippi",2025-01-02,"calendar","sir","hurdle_ztpoisson",2024-12-21,2024,1,94,100,94,88,100,0.9,""
"Mississippi",2025-01-02,"calendar","sir","hurdle_ztpoisson",2024-12-28,2024,0,212,212,212,205,232,0.9,""
"Mississippi",2025-02-15,"calendar","hsgp","hurdle_ztnb",2025-01-18,2025,4,225,229,225,225,247,0.9,""
"Mississippi",2025-02-15,"calendar","hsgp","hurdle_ztnb",2025-01-25,2025,3,322,323,325,322,348,0.9,""
"Mississippi",2025-02-15,"calendar","hsgp","hurdle_ztnb",2025-02-01,2025,2,536,537,542,528.9,579.55,0.9,""
"Mississippi",2025-02-15,"calendar","hsgp","hurdle_ztnb",2025-02-08,2025,1,467,467,476,435.9,535.1,0.9,""
"Mississippi",2025-02-15,"calendar","hsgp","hurdle_ztnb",2025-02-15,2025,0,247,265,259,222.9,385.85,0.9,""
"Mississippi",2025-02-15,"calendar","hsgp","hurdle_ztpoisson",2025-01-18,2025,4,225,229,225,223.9,239.55,0.9,""
"Mississippi",2025-02-15,"calendar","hsgp","hurdle_ztpoisson",2025-01-25,2025,3,322,323,322,317,344,0.9,""
"Mississippi",2025-02-15,"calendar","hsgp","hurdle_ztpoisson",2025-02-01,2025,2,536,537,541,527,559,0.9,""
"Mississippi",2025-02-15,"calendar","hsgp","hurdle_ztpoisson",2025-02-08,2025,1,467,467,473.5,452.9,495.55,0.9,""
"Mississippi",2025-02-15,"calendar","hsgp","hurdle_ztpoisson",2025-02-15,2025,0,247,265,247,186,308,0.9,""
"Mississippi",2025-02-15,"calendar","sir","hurdle_ztnb",2025-01-18,2025,4,225,229,225,225,239.55,0.9,""
"Mississippi",2025-02-15,"calendar","sir","hurdle_ztnb",2025-01-25,2025,3,322,323,322,322,342.1,0.9,""
"Mississippi",2025-02-15,"calendar","sir","hurdle_ztnb",2025-02-01,2025,2,536,537,536,532,554,0.9,""
"Mississippi",2025-02-15,"calendar","sir","hurdle_ztnb",2025-02-08,2025,1,467,467,467,455,504.55,0.9,""
"Mississippi",2025-02-15,"calendar","sir","hurdle_ztnb",2025-02-15,2025,0,247,265,248,223.35,294.55,0.9,""
"Mississippi",2025-02-15,"calendar","sir","hurdle_ztpoisson",2025-01-18,2025,4,225,229,225,223.35,241,0.9,""
"Mississippi",2025-02-15,"calendar","sir","hurdle_ztpoisson",2025-01-25,2025,3,322,323,322,322,330.55,0.9,""
"Mississippi",2025-02-15,"calendar","sir","hurdle_ztpoisson",2025-02-01,2025,2,536,537,536,536,549.55,0.9,""
"Mississippi",2025-02-15,"calendar","sir","hurdle_ztpoisson",2025-02-08,2025,1,467,467,467,462,484,0.9,""
"Mississippi",2025-02-15,"calendar","sir","hurdle_ztpoisson",2025-02-15,2025,0,247,265,247,225.35,271.55,0.9,""
"Mississippi",2025-03-29,"calendar","hsgp","hurdle_ztnb",2025-03-01,2025,4,154,194,154,154,165,0.9,""
"Mississippi",2025-03-29,"calendar","hsgp","hurdle_ztnb",2025-03-08,2025,3,172,172,172,172,182.55,0.9,""
"Mississippi",2025-03-29,"calendar","hsgp","hurdle_ztnb",2025-03-15,2025,2,190,190,190,190,202.55,0.9,""
"Mississippi",2025-03-29,"calendar","hsgp","hurdle_ztnb",2025-03-22,2025,1,101,102,101,97.45,114.55,0.9,""
"Mississippi",2025-03-29,"calendar","hsgp","hurdle_ztnb",2025-03-29,2025,0,45,51,46,40,67,0.9,""
"Mississippi",2025-03-29,"calendar","hsgp","hurdle_ztpoisson",2025-03-01,2025,4,154,194,154,154,164,0.9,""
"Mississippi",2025-03-29,"calendar","hsgp","hurdle_ztpoisson",2025-03-08,2025,3,172,172,172,172,181,0.9,""
"Mississippi",2025-03-29,"calendar","hsgp","hurdle_ztpoisson",2025-03-15,2025,2,190,190,190,190,200.55,0.9,""
"Mississippi",2025-03-29,"calendar","hsgp","hurdle_ztpoisson",2025-03-22,2025,1,101,102,101,97.45,112.55,0.9,""
"Mississippi",2025-03-29,"calendar","hsgp","hurdle_ztpoisson",2025-03-29,2025,0,45,51,45,28,67,0.9,""
"Mississippi",2025-03-29,"calendar","sir","hurdle_ztnb",2025-03-01,2025,4,154,194,154,154,169.55,0.9,""
"Mississippi",2025-03-29,"calendar","sir","hurdle_ztnb",2025-03-08,2025,3,172,172,172,172,186.55,0.9,""
"Mississippi",2025-03-29,"calendar","sir","hurdle_ztnb",2025-03-15,2025,2,190,190,190,190,210.55,0.9,""
"Mississippi",2025-03-29,"calendar","sir","hurdle_ztnb",2025-03-22,2025,1,101,102,101,96.45,128,0.9,""
"Mississippi",2025-03-29,"calendar","sir","hurdle_ztnb",2025-03-29,2025,0,45,51,46,32.9,79.55,0.9,""
"Mississippi",2025-03-29,"calendar","sir","hurdle_ztpoisson",2025-03-01,2025,4,154,194,154,154,159.55,0.9,""
"Mississippi",2025-03-29,"calendar","sir","hurdle_ztpoisson",2025-03-08,2025,3,172,172,172,172,177,0.9,""
"Mississippi",2025-03-29,"calendar","sir","hurdle_ztpoisson",2025-03-15,2025,2,190,190,190,190,200,0.9,""
"Mississippi",2025-03-29,"calendar","sir","hurdle_ztpoisson",2025-03-22,2025,1,101,102,101,101,109,0.9,""
"Mississippi",2025-03-29,"calendar","sir","hurdle_ztpoisson",2025-03-29,2025,0,45,51,45,39,52,0.9,""
"Mississippi",2025-04-26,"calendar","hsgp","hurdle_ztnb",2025-03-29,2025,4,51,51,51,51,57,0.9,""
"Mississippi",2025-04-26,"calendar","hsgp","hurdle_ztnb",2025-04-05,2025,3,49,48,49,49,52,0.9,""
"Mississippi",2025-04-26,"calendar","hsgp","hurdle_ztnb",2025-04-12,2025,2,42,43,42,42,45.55,0.9,""
"Mississippi",2025-04-26,"calendar","hsgp","hurdle_ztnb",2025-04-19,2025,1,28,28,28,28,35.55,0.9,""
"Mississippi",2025-04-26,"calendar","hsgp","hurdle_ztnb",2025-04-26,2025,0,18,21,18,15,29,0.9,""
"Mississippi",2025-04-26,"calendar","hsgp","hurdle_ztpoisson",2025-03-29,2025,4,51,51,51,51,56,0.9,""
"Mississippi",2025-04-26,"calendar","hsgp","hurdle_ztpoisson",2025-04-05,2025,3,49,48,49,49,53.55,0.9,""
"Mississippi",2025-04-26,"calendar","hsgp","hurdle_ztpoisson",2025-04-12,2025,2,42,43,42,42,47,0.9,""
"Mississippi",2025-04-26,"calendar","hsgp","hurdle_ztpoisson",2025-04-19,2025,1,28,28,28,28,34.55,0.9,""
"Mississippi",2025-04-26,"calendar","hsgp","hurdle_ztpoisson",2025-04-26,2025,0,18,21,18,12.45,26,0.9,""
"Mississippi",2025-04-26,"calendar","sir","hurdle_ztnb",2025-03-29,2025,4,51,51,51,51,58.55,0.9,""
"Mississippi",2025-04-26,"calendar","sir","hurdle_ztnb",2025-04-05,2025,3,49,48,49,49,63,0.9,""
"Mississippi",2025-04-26,"calendar","sir","hurdle_ztnb",2025-04-12,2025,2,42,43,42,40,55.55,0.9,""
"Mississippi",2025-04-26,"calendar","sir","hurdle_ztnb",2025-04-19,2025,1,28,28,28,26.45,45,0.9,""
"Mississippi",2025-04-26,"calendar","sir","hurdle_ztnb",2025-04-26,2025,0,18,21,19,9.34999999999999,45,0.9,""
"Mississippi",2025-04-26,"calendar","sir","hurdle_ztpoisson",2025-03-29,2025,4,51,51,51,51,51,0.9,""
"Mississippi",2025-04-26,"calendar","sir","hurdle_ztpoisson",2025-04-05,2025,3,49,48,49,49,49,0.9,""
"Mississippi",2025-04-26,"calendar","sir","hurdle_ztpoisson",2025-04-12,2025,2,42,43,42,42,42,0.9,""
"Mississippi",2025-04-26,"calendar","sir","hurdle_ztpoisson",2025-04-19,2025,1,28,28,28,28,30.1,0.9,""
"Mississippi",2025-04-26,"calendar","sir","hurdle_ztpoisson",2025-04-26,2025,0,18,21,18,13.45,22,0.9,""
"Mississippi",2025-05-31,"calendar","hsgp","hurdle_ztnb",2025-05-03,2025,4,14,14,14,14,15,0.9,""
"Mississippi",2025-05-31,"calendar","hsgp","hurdle_ztnb",2025-05-10,2025,3,18,18,18,18,22,0.9,""
"Mississippi",2025-05-31,"calendar","hsgp","hurdle_ztnb",2025-05-17,2025,2,16,16,16,16,21,0.9,""
"Mississippi",2025-05-31,"calendar","hsgp","hurdle_ztnb",2025-05-24,2025,1,13,13,13,13,19.55,0.9,""
"Mississippi",2025-05-31,"calendar","hsgp","hurdle_ztnb",2025-05-31,2025,0,18,18,18,15.45,26,0.9,""
"Mississippi",2025-05-31,"calendar","hsgp","hurdle_ztpoisson",2025-05-03,2025,4,14,14,14,14,14,0.9,""
"Mississippi",2025-05-31,"calendar","hsgp","hurdle_ztpoisson",2025-05-10,2025,3,18,18,18,18,20.1,0.9,""
"Mississippi",2025-05-31,"calendar","hsgp","hurdle_ztpoisson",2025-05-17,2025,2,16,16,16,16,20,0.9,""
"Mississippi",2025-05-31,"calendar","hsgp","hurdle_ztpoisson",2025-05-24,2025,1,13,13,13,13,18,0.9,""
"Mississippi",2025-05-31,"calendar","hsgp","hurdle_ztpoisson",2025-05-31,2025,0,18,18,18,14,24,0.9,""
"Mississippi",2025-05-31,"calendar","sir","hurdle_ztnb",2025-05-03,2025,4,14,14,14,14,23,0.9,""
"Mississippi",2025-05-31,"calendar","sir","hurdle_ztnb",2025-05-10,2025,3,18,18,18,18,24,0.9,""
"Mississippi",2025-05-31,"calendar","sir","hurdle_ztnb",2025-05-17,2025,2,16,16,16,16,25,0.9,""
"Mississippi",2025-05-31,"calendar","sir","hurdle_ztnb",2025-05-24,2025,1,13,13,13,11,23.55,0.9,""
"Mississippi",2025-05-31,"calendar","sir","hurdle_ztnb",2025-05-31,2025,0,18,18,19,13,42.1,0.9,""
"Mississippi",2025-05-31,"calendar","sir","hurdle_ztpoisson",2025-05-03,2025,4,14,14,14,14,14,0.9,""
"Mississippi",2025-05-31,"calendar","sir","hurdle_ztpoisson",2025-05-10,2025,3,18,18,18,18,18,0.9,""
"Mississippi",2025-05-31,"calendar","sir","hurdle_ztpoisson",2025-05-17,2025,2,16,16,16,16,16,0.9,""
"Mississippi",2025-05-31,"calendar","sir","hurdle_ztpoisson",2025-05-24,2025,1,13,13,13,13,13,0.9,""
"Mississippi",2025-05-31,"calendar","sir","hurdle_ztpoisson",2025-05-31,2025,0,18,18,18,18,19.1,0.9,""
"Missouri",2025-01-02,"calendar","hsgp","hurdle_ztnb",2024-11-30,2024,4,41,41,42,41,48,0.9,""
"Missouri",2025-01-02,"calendar","hsgp","hurdle_ztnb",2024-12-07,2024,3,54,54,55,54,64,0.9,""
"Missouri",2025-01-02,"calendar","hsgp","hurdle_ztnb",2024-12-14,2024,2,84,88,86,82,95,0.9,""
"Missouri",2025-01-02,"calendar","hsgp","hurdle_ztnb",2024-12-21,2024,1,245,250,248,240,262,0.9,""
"Missouri",2025-01-02,"calendar","hsgp","hurdle_ztnb",2024-12-28,2024,0,595,611,599.5,579.45,632.65,0.9,""
"Missouri",2025-01-02,"calendar","hsgp","hurdle_ztpoisson",2024-11-30,2024,4,41,41,41,41,41,0.9,""
"Missouri",2025-01-02,"calendar","hsgp","hurdle_ztpoisson",2024-12-07,2024,3,54,54,54,54,57,0.9,""
"Missouri",2025-01-02,"calendar","hsgp","hurdle_ztpoisson",2024-12-14,2024,2,84,88,84,84,89,0.9,""
"Missouri",2025-01-02,"calendar","hsgp","hurdle_ztpoisson",2024-12-21,2024,1,245,250,245,242,254,0.9,""
"Missouri",2025-01-02,"calendar","hsgp","hurdle_ztpoisson",2024-12-28,2024,0,595,611,600,563,639.55,0.9,""
"Missouri",2025-01-02,"calendar","sir","hurdle_ztnb",2024-11-30,2024,4,41,41,41,41,47,0.9,""
"Missouri",2025-01-02,"calendar","sir","hurdle_ztnb",2024-12-07,2024,3,54,54,54,53.45,61,0.9,""
"Missouri",2025-01-02,"calendar","sir","hurdle_ztnb",2024-12-14,2024,2,84,88,84,83,89,0.9,""
"Missouri",2025-01-02,"calendar","sir","hurdle_ztnb",2024-12-21,2024,1,245,250,245,241,256.55,0.9,""
"Missouri",2025-01-02,"calendar","sir","hurdle_ztnb",2024-12-28,2024,0,595,611,595,588.45,612,0.9,""
"Missouri",2025-01-02,"calendar","sir","hurdle_ztpoisson",2024-11-30,2024,4,41,41,41,41,41,0.9,""
"Missouri",2025-01-02,"calendar","sir","hurdle_ztpoisson",2024-12-07,2024,3,54,54,55,53,63,0.9,""
"Missouri",2025-01-02,"calendar","sir","hurdle_ztpoisson",2024-12-14,2024,2,84,88,84,84,87,0.9,""
"Missouri",2025-01-02,"calendar","sir","hurdle_ztpoisson",2024-12-21,2024,1,245,250,245,244,251,0.9,""
"Missouri",2025-01-02,"calendar","sir","hurdle_ztpoisson",2024-12-28,2024,0,595,611,597,586,629.55,0.9,""
"Missouri",2025-02-15,"calendar","hsgp","hurdle_ztnb",2025-01-18,2025,4,557,559,567.5,552.9,599.2,0.9,""
"Missouri",2025-02-15,"calendar","hsgp","hurdle_ztnb",2025-01-25,2025,3,648,655,666,644,708,0.9,""
"Missouri",2025-02-15,"calendar","hsgp","hurdle_ztnb",2025-02-01,2025,2,1035,1039,1056.5,1020.7,1118.1,0.9,""
"Missouri",2025-02-15,"calendar","hsgp","hurdle_ztnb",2025-02-08,2025,1,1231,1332,1263,1196.95,1408.1,0.9,""
"Missouri",2025-02-15,"calendar","hsgp","hurdle_ztnb",2025-02-15,2025,0,913,1424,963.5,746.6,1265.05,0.9,""
"Missouri",2025-02-15,"calendar","hsgp","hurdle_ztpoisson",2025-01-18,2025,4,557,559,560,552,573,0.9,""
"Missouri",2025-02-15,"calendar","hsgp","hurdle_ztpoisson",2025-01-25,2025,3,648,655,653,646.45,670,0.9,""
"Missouri",2025-02-15,"calendar","hsgp","hurdle_ztpoisson",2025-02-01,2025,2,1035,1039,1043,1024.45,1069,0.9,""
"Missouri",2025-02-15,"calendar","hsgp","hurdle_ztpoisson",2025-02-08,2025,1,1231,1332,1248,1190.45,1308.55,0.9,""
"Missouri",2025-02-15,"calendar","hsgp","hurdle_ztpoisson",2025-02-15,2025,0,913,1424,931.5,688.15,1207.55,0.9,""
"Missouri",2025-02-15,"calendar","sir","hurdle_ztnb",2025-01-18,2025,4,557,559,557,550.45,570,0.9,""
"Missouri",2025-02-15,"calendar","sir","hurdle_ztnb",2025-01-25,2025,3,648,655,648,645.45,666.1,0.9,""
"Missouri",2025-02-15,"calendar","sir","hurdle_ztnb",2025-02-01,2025,2,1035,1039,1035,1029,1056.55,0.9,""
"Missouri",2025-02-15,"calendar","sir","hurdle_ztnb",2025-02-08,2025,1,1231,1332,1231.5,1215,1270.55,0.9,""
"Missouri",2025-02-15,"calendar","sir","hurdle_ztnb",2025-02-15,2025,0,913,1424,914,893.25,965.75,0.9,""
"Missouri",2025-02-15,"calendar","sir","hurdle_ztpoisson",2025-01-18,2025,4,557,559,567,550,589,0.9,""
"Missouri",2025-02-15,"calendar","sir","hurdle_ztpoisson",2025-01-25,2025,3,648,655,649,645,658,0.9,""
"Missouri",2025-02-15,"calendar","sir","hurdle_ztpoisson",2025-02-01,2025,2,1035,1039,1039,1026,1055,0.9,""
"Missouri",2025-02-15,"calendar","sir","hurdle_ztpoisson",2025-02-08,2025,1,1231,1332,1238.5,1205,1278.65,0.9,""
"Missouri",2025-02-15,"calendar","sir","hurdle_ztpoisson",2025-02-15,2025,0,913,1424,921,854.9,1040.2,0.9,""
"Missouri",2025-03-29,"calendar","hsgp","hurdle_ztnb",2025-03-01,2025,4,861,861,869,858,892,0.9,""
"Missouri",2025-03-29,"calendar","hsgp","hurdle_ztnb",2025-03-08,2025,3,692,692,701,685.45,734,0.9,""
"Missouri",2025-03-29,"calendar","hsgp","hurdle_ztnb",2025-03-15,2025,2,439,440,450,436,490.65,0.9,""
"Missouri",2025-03-29,"calendar","hsgp","hurdle_ztnb",2025-03-22,2025,1,248,370,256,237.45,296.75,0.9,""
"Missouri",2025-03-29,"calendar","hsgp","hurdle_ztnb",2025-03-29,2025,0,132,189,142,111.45,246.65,0.9,""
"Missouri",2025-03-29,"calendar","hsgp","hurdle_ztpoisson",2025-03-01,2025,4,861,861,866,855.9,878.55,0.9,""
"Missouri",2025-03-29,"calendar","hsgp","hurdle_ztpoisson",2025-03-08,2025,3,692,692,697,685.45,712.55,0.9,""
"Missouri",2025-03-29,"calendar","hsgp","hurdle_ztpoisson",2025-03-15,2025,2,439,440,447,431,463.55,0.9,""
"Missouri",2025-03-29,"calendar","hsgp","hurdle_ztpoisson",2025-03-22,2025,1,248,370,255,237.45,280.55,0.9,""
"Missouri",2025-03-29,"calendar","hsgp","hurdle_ztpoisson",2025-03-29,2025,0,132,189,142,108.45,172,0.9,""
"Missouri",2025-03-29,"calendar","sir","hurdle_ztnb",2025-03-01,2025,4,861,861,865,858,889.55,0.9,""
"Missouri",2025-03-29,"calendar","sir","hurdle_ztnb",2025-03-08,2025,3,692,692,696,691,727.1,0.9,""
"Missouri",2025-03-29,"calendar","sir","hurdle_ztnb",2025-03-15,2025,2,439,440,443,432.45,471,0.9,""
"Missouri",2025-03-29,"calendar","sir","hurdle_ztnb",2025-03-22,2025,1,248,370,252,242.45,314.65,0.9,""
"Missouri",2025-03-29,"calendar","sir","hurdle_ztnb",2025-03-29,2025,0,132,189,136,115.25,200.1,0.9,""
"Missouri",2025-03-29,"calendar","sir","hurdle_ztpoisson",2025-03-01,2025,4,861,861,864,858,874.55,0.9,""
"Missouri",2025-03-29,"calendar","sir","hurdle_ztpoisson",2025-03-08,2025,3,692,692,695,686,708,0.9,""
"Missouri",2025-03-29,"calendar","sir","hurdle_ztpoisson",2025-03-15,2025,2,439,440,441,432.45,454,0.9,""
"Missouri",2025-03-29,"calendar","sir","hurdle_ztpoisson",2025-03-22,2025,1,248,370,248,235.45,262,0.9,""
"Missouri",2025-03-29,"calendar","sir","hurdle_ztpoisson",2025-03-29,2025,0,132,189,132,116,156,0.9,""
"Missouri",2025-04-26,"calendar","hsgp","hurdle_ztnb",2025-03-29,2025,4,189,189,191,189,202,0.9,""
"Missouri",2025-04-26,"calendar","hsgp","hurdle_ztnb",2025-04-05,2025,3,130,130,132,129,144,0.9,""
"Missouri",2025-04-26,"calendar","hsgp","hurdle_ztnb",2025-04-12,2025,2,99,99,101,98,114,0.9,""
"Missouri",2025-04-26,"calendar","hsgp","hurdle_ztnb",2025-04-19,2025,1,100,100,102,95,118.55,0.9,""
"Missouri",2025-04-26,"calendar","hsgp","hurdle_ztnb",2025-04-26,2025,0,42,66,46,33,71,0.9,""
"Missouri",2025-04-26,"calendar","hsgp","hurdle_ztpoisson",2025-03-29,2025,4,189,189,190,189,197.55,0.9,""
"Missouri",2025-04-26,"calendar","hsgp","hurdle_ztpoisson",2025-04-05,2025,3,130,130,131,128.45,139,0.9,""
"Missouri",2025-04-26,"calendar","hsgp","hurdle_ztpoisson",2025-04-12,2025,2,99,99,101,97,108,0.9,""
"Missouri",2025-04-26,"calendar","hsgp","hurdle_ztpoisson",2025-04-19,2025,1,100,100,103,95.45,113,0.9,""
"Missouri",2025-04-26,"calendar","hsgp","hurdle_ztpoisson",2025-04-26,2025,0,42,66,49,33,65,0.9,""
"Missouri",2025-04-26,"calendar","sir","hurdle_ztnb",2025-03-29,2025,4,189,189,190,188,209.2,0.9,""
"Missouri",2025-04-26,"calendar","sir","hurdle_ztnb",2025-04-05,2025,3,130,130,131,129.45,148.55,0.9,""
"Missouri",2025-04-26,"calendar","sir","hurdle_ztnb",2025-04-12,2025,2,99,99,100,97,116,0.9,""
"Missouri",2025-04-26,"calendar","sir","hurdle_ztnb",2025-04-19,2025,1,100,100,101,96,136.3,0.9,""
"Missouri",2025-04-26,"calendar","sir","hurdle_ztnb",2025-04-26,2025,0,42,66,45,38.45,78.55,0.9,""
"Missouri",2025-04-26,"calendar","sir","hurdle_ztpoisson",2025-03-29,2025,4,189,189,189,189,194,0.9,""
"Missouri",2025-04-26,"calendar","sir","hurdle_ztpoisson",2025-04-05,2025,3,130,130,130,130,136,0.9,""
"Missouri",2025-04-26,"calendar","sir","hurdle_ztpoisson",2025-04-12,2025,2,99,99,99,96,105,0.9,""
"Missouri",2025-04-26,"calendar","sir","hurdle_ztpoisson",2025-04-19,2025,1,100,100,100,92,109,0.9,""
"Missouri",2025-04-26,"calendar","sir","hurdle_ztpoisson",2025-04-26,2025,0,42,66,42,35.45,50,0.9,""
"Missouri",2025-05-31,"calendar","hsgp","hurdle_ztnb",2025-05-03,2025,4,59,59,59,59,66.55,0.9,""
"Missouri",2025-05-31,"calendar","hsgp","hurdle_ztnb",2025-05-10,2025,3,49,49,49,49,58,0.9,""
"Missouri",2025-05-31,"calendar","hsgp","hurdle_ztnb",2025-05-17,2025,2,53,53,54,52,67.55,0.9,""
"Missouri",2025-05-31,"calendar","hsgp","hurdle_ztnb",2025-05-24,2025,1,42,42,44,35,64.55,0.9,""
"Missouri",2025-05-31,"calendar","hsgp","hurdle_ztnb",2025-05-31,2025,0,18,44,24,5.9,60.55,0.9,""
"Missouri",2025-05-31,"calendar","hsgp","hurdle_ztpoisson",2025-05-03,2025,4,59,59,59,59,62.55,0.9,""
"Missouri",2025-05-31,"calendar","hsgp","hurdle_ztpoisson",2025-05-10,2025,3,49,49,49,49,54,0.9,""
"Missouri",2025-05-31,"calendar","hsgp","hurdle_ztpoisson",2025-05-17,2025,2,53,53,53,53,58,0.9,""
"Missouri",2025-05-31,"calendar","hsgp","hurdle_ztpoisson",2025-05-24,2025,1,42,42,42,40,50,0.9,""
"Missouri",2025-05-31,"calendar","hsgp","hurdle_ztpoisson",2025-05-31,2025,0,18,44,22,10,34,0.9,""
"Missouri",2025-05-31,"calendar","sir","hurdle_ztnb",2025-05-03,2025,4,59,59,59,59,68.55,0.9,""
"Missouri",2025-05-31,"calendar","sir","hurdle_ztnb",2025-05-10,2025,3,49,49,49,49,60,0.9,""
"Missouri",2025-05-31,"calendar","sir","hurdle_ztnb",2025-05-17,2025,2,53,53,53,51,65,0.9,""
"Missouri",2025-05-31,"calendar","sir","hurdle_ztnb",2025-05-24,2025,1,42,42,42,37,60.1,0.9,""
"Missouri",2025-05-31,"calendar","sir","hurdle_ztnb",2025-05-31,2025,0,18,44,19,13,60.55,0.9,""
"Missouri",2025-05-31,"calendar","sir","hurdle_ztpoisson",2025-05-03,2025,4,59,59,59,59,61,0.9,""
"Missouri",2025-05-31,"calendar","sir","hurdle_ztpoisson",2025-05-10,2025,3,49,49,49,49,51.55,0.9,""
"Missouri",2025-05-31,"calendar","sir","hurdle_ztpoisson",2025-05-17,2025,2,53,53,53,53,56,0.9,""
"Missouri",2025-05-31,"calendar","sir","hurdle_ztpoisson",2025-05-24,2025,1,42,42,42,40,46,0.9,""
"Missouri",2025-05-31,"calendar","sir","hurdle_ztpoisson",2025-05-31,2025,0,18,44,18,13,23,0.9,""
"Montana",2025-01-02,"calendar","hsgp","hurdle_ztnb",2024-11-30,2024,4,2,1,2,2,2,0.9,""
"Montana",2025-01-02,"calendar","hsgp","hurdle_ztnb",2024-12-07,2024,3,2,2,2,2,4,0.9,""
"Montana",2025-01-02,"calendar","hsgp","hurdle_ztnb",2024-12-14,2024,2,6,6,6,6,9,0.9,""
"Montana",2025-01-02,"calendar","hsgp","hurdle_ztnb",2024-12-21,2024,1,26,23,26,25,30,0.9,""
"Montana",2025-01-02,"calendar","hsgp","hurdle_ztnb",2024-12-28,2024,0,56,52,56,52,63,0.9,""
"Montana",2025-01-02,"calendar","hsgp","hurdle_ztpoisson",2024-11-30,2024,4,2,1,2,2,2,0.9,""
"Montana",2025-01-02,"calendar","hsgp","hurdle_ztpoisson",2024-12-07,2024,3,2,2,2,2,2.54999999999998,0.9,""
"Montana",2025-01-02,"calendar","hsgp","hurdle_ztpoisson",2024-12-14,2024,2,6,6,6,6,9,0.9,""
"Montana",2025-01-02,"calendar","hsgp","hurdle_ztpoisson",2024-12-21,2024,1,26,23,26,25,29,0.9,""
"Montana",2025-01-02,"calendar","hsgp","hurdle_ztpoisson",2024-12-28,2024,0,56,52,58,50.45,65,0.9,""
"Montana",2025-01-02,"calendar","sir","hurdle_ztnb",2024-11-30,2024,4,2,1,2,2,2,0.9,""
"Montana",2025-01-02,"calendar","sir","hurdle_ztnb",2024-12-07,2024,3,2,2,2,2,2,0.9,""
"Montana",2025-01-02,"calendar","sir","hurdle_ztnb",2024-12-14,2024,2,6,6,6,6,6,0.9,""
"Montana",2025-01-02,"calendar","sir","hurdle_ztnb",2024-12-21,2024,1,26,23,26,26,26,0.9,""
"Montana",2025-01-02,"calendar","sir","hurdle_ztnb",2024-12-28,2024,0,56,52,56,56,56,0.9,""
"Montana",2025-01-02,"calendar","sir","hurdle_ztpoisson",2024-11-30,2024,4,2,1,2,2,2,0.9,""
"Montana",2025-01-02,"calendar","sir","hurdle_ztpoisson",2024-12-07,2024,3,2,2,2,2,2,0.9,""
"Montana",2025-01-02,"calendar","sir","hurdle_ztpoisson",2024-12-14,2024,2,6,6,6,6,6,0.9,""
"Montana",2025-01-02,"calendar","sir","hurdle_ztpoisson",2024-12-21,2024,1,26,23,26,26,26,0.9,""
"Montana",2025-01-02,"calendar","sir","hurdle_ztpoisson",2024-12-28,2024,0,56,52,56,56,56,0.9,""
"Montana",2025-02-15,"calendar","hsgp","hurdle_ztnb",2025-01-18,2025,4,80,78,81,80,86,0.9,""
"Montana",2025-02-15,"calendar","hsgp","hurdle_ztnb",2025-01-25,2025,3,67,67,69,66,75,0.9,""
"Montana",2025-02-15,"calendar","hsgp","hurdle_ztnb",2025-02-01,2025,2,109,103,112,107,121,0.9,""
"Montana",2025-02-15,"calendar","hsgp","hurdle_ztnb",2025-02-08,2025,1,157,148,162,155,173,0.9,""
"Montana",2025-02-15,"calendar","hsgp","hurdle_ztnb",2025-02-15,2025,0,121,149,126,106,160.55,0.9,""
"Montana",2025-02-15,"calendar","hsgp","hurdle_ztpoisson",2025-01-18,2025,4,80,78,80,78.45,84,0.9,""
"Montana",2025-02-15,"calendar","hsgp","hurdle_ztpoisson",2025-01-25,2025,3,67,67,68,65,73,0.9,""
"Montana",2025-02-15,"calendar","hsgp","hurdle_ztpoisson",2025-02-01,2025,2,109,103,111,105,117.55,0.9,""
"Montana",2025-02-15,"calendar","hsgp","hurdle_ztpoisson",2025-02-08,2025,1,157,148,160,151,169,0.9,""
"Montana",2025-02-15,"calendar","hsgp","hurdle_ztpoisson",2025-02-15,2025,0,121,149,122.5,91.9,154.55,0.9,""
"Montana",2025-02-15,"calendar","sir","hurdle_ztnb",2025-01-18,2025,4,80,78,80,80,80,0.9,""
"Montana",2025-02-15,"calendar","sir","hurdle_ztnb",2025-01-25,2025,3,67,67,67,67,67,0.9,""
"Montana",2025-02-15,"calendar","sir","hurdle_ztnb",2025-02-01,2025,2,109,103,109,109,109,0.9,""
"Montana",2025-02-15,"calendar","sir","hurdle_ztnb",2025-02-08,2025,1,157,148,157,157,157,0.9,""
"Montana",2025-02-15,"calendar","sir","hurdle_ztnb",2025-02-15,2025,0,121,149,121,121,121,0.9,""
"Montana",2025-02-15,"calendar","sir","hurdle_ztpoisson",2025-01-18,2025,4,80,78,80,80,80,0.9,""
"Montana",2025-02-15,"calendar","sir","hurdle_ztpoisson",2025-01-25,2025,3,67,67,67,67,67,0.9,""
"Montana",2025-02-15,"calendar","sir","hurdle_ztpoisson",2025-02-01,2025,2,109,103,109,109,109,0.9,""
"Montana",2025-02-15,"calendar","sir","hurdle_ztpoisson",2025-02-08,2025,1,157,148,157,157,157,0.9,""
"Montana",2025-02-15,"calendar","sir","hurdle_ztpoisson",2025-02-15,2025,0,121,149,121,121,121,0.9,""
"Montana",2025-03-29,"calendar","hsgp","hurdle_ztnb",2025-03-01,2025,4,176,186,176.5,175,182,0.9,""
"Montana",2025-03-29,"calendar","hsgp","hurdle_ztnb",2025-03-08,2025,3,145,151,145,144,151,0.9,""
"Montana",2025-03-29,"calendar","hsgp","hurdle_ztnb",2025-03-15,2025,2,113,118,114,111,120,0.9,""
"Montana",2025-03-29,"calendar","hsgp","hurdle_ztnb",2025-03-22,2025,1,91,87,92,88,99,0.9,""
"Montana",2025-03-29,"calendar","hsgp","hurdle_ztnb",2025-03-29,2025,0,55,52,57,49.45,70,0.9,""
"Montana",2025-03-29,"calendar","hsgp","hurdle_ztpoisson",2025-03-01,2025,4,176,186,177,175,182,0.9,""
"Montana",2025-03-29,"calendar","hsgp","hurdle_ztpoisson",2025-03-08,2025,3,145,151,146,143,151,0.9,""
"Montana",2025-03-29,"calendar","hsgp","hurdle_ztpoisson",2025-03-15,2025,2,113,118,115,111,121.55,0.9,""
"Montana",2025-03-29,"calendar","hsgp","hurdle_ztpoisson",2025-03-22,2025,1,91,87,93,87,100,0.9,""
"Montana",2025-03-29,"calendar","hsgp","hurdle_ztpoisson",2025-03-29,2025,0,55,52,57,43.45,72,0.9,""
"Montana",2025-03-29,"calendar","sir","hurdle_ztnb",2025-03-01,2025,4,176,186,176,176,176,0.9,""
"Montana",2025-03-29,"calendar","sir","hurdle_ztnb",2025-03-08,2025,3,145,151,145,145,145,0.9,""
"Montana",2025-03-29,"calendar","sir","hurdle_ztnb",2025-03-15,2025,2,113,118,113,113,113,0.9,""
"Montana",2025-03-29,"calendar","sir","hurdle_ztnb",2025-03-22,2025,1,91,87,91,91,91,0.9,""
"Montana",2025-03-29,"calendar","sir","hurdle_ztnb",2025-03-29,2025,0,55,52,55,55,55,0.9,""
"Montana",2025-03-29,"calendar","sir","hurdle_ztpoisson",2025-03-01,2025,4,176,186,176,176,176,0.9,""
"Montana",2025-03-29,"calendar","sir","hurdle_ztpoisson",2025-03-08,2025,3,145,151,145,145,145,0.9,""
"Montana",2025-03-29,"calendar","sir","hurdle_ztpoisson",2025-03-15,2025,2,113,118,113,113,113,0.9,""
"Montana",2025-03-29,"calendar","sir","hurdle_ztpoisson",2025-03-22,2025,1,91,87,91,91,91,0.9,""
"Montana",2025-03-29,"calendar","sir","hurdle_ztpoisson",2025-03-29,2025,0,55,52,55,55,55,0.9,""
"Montana",2025-04-26,"calendar","hsgp","hurdle_ztnb",2025-03-29,2025,4,58,52,58,58,60,0.9,""
"Montana",2025-04-26,"calendar","hsgp","hurdle_ztnb",2025-04-05,2025,3,32,31,32,32,34,0.9,""
"Montana",2025-04-26,"calendar","hsgp","hurdle_ztnb",2025-04-12,2025,2,23,32,23,23,26,0.9,""
"Montana",2025-04-26,"calendar","hsgp","hurdle_ztnb",2025-04-19,2025,1,16,21,16,16,20.55,0.9,""
"Montana",2025-04-26,"calendar","hsgp","hurdle_ztnb",2025-04-26,2025,0,11,8,12,8,17.55,0.9,""
"Montana",2025-04-26,"calendar","hsgp","hurdle_ztpoisson",2025-03-29,2025,4,58,52,58,58,60.55,0.9,""
"Montana",2025-04-26,"calendar","hsgp","hurdle_ztpoisson",2025-04-05,2025,3,32,31,32,32,34.55,0.9,""
"Montana",2025-04-26,"calendar","hsgp","hurdle_ztpoisson",2025-04-12,2025,2,23,32,23,22,26,0.9,""
"Montana",2025-04-26,"calendar","hsgp","hurdle_ztpoisson",2025-04-19,2025,1,16,21,16,15,19,0.9,""
"Montana",2025-04-26,"calendar","hsgp","hurdle_ztpoisson",2025-04-26,2025,0,11,8,11,8,16,0.9,""
"Montana",2025-04-26,"calendar","sir","hurdle_ztnb",2025-03-29,2025,4,58,52,58,58,58,0.9,""
"Montana",2025-04-26,"calendar","sir","hurdle_ztnb",2025-04-05,2025,3,32,31,32,32,32,0.9,""
"Montana",2025-04-26,"calendar","sir","hurdle_ztnb",2025-04-12,2025,2,23,32,23,23,23,0.9,""
"Montana",2025-04-26,"calendar","sir","hurdle_ztnb",2025-04-19,2025,1,16,21,16,16,16,0.9,""
"Montana",2025-04-26,"calendar","sir","hurdle_ztnb",2025-04-26,2025,0,11,8,11,11,11,0.9,""
"Montana",2025-04-26,"calendar","sir","hurdle_ztpoisson",2025-03-29,2025,4,58,52,58,58,58,0.9,""
"Montana",2025-04-26,"calendar","sir","hurdle_ztpoisson",2025-04-05,2025,3,32,31,32,32,32,0.9,""
"Montana",2025-04-26,"calendar","sir","hurdle_ztpoisson",2025-04-12,2025,2,23,32,23,23,23,0.9,""
"Montana",2025-04-26,"calendar","sir","hurdle_ztpoisson",2025-04-19,2025,1,16,21,16,16,16,0.9,""
"Montana",2025-04-26,"calendar","sir","hurdle_ztpoisson",2025-04-26,2025,0,11,8,11,11,11,0.9,""
"Montana",2025-05-31,"calendar","hsgp","hurdle_ztnb",2025-05-03,2025,4,4,4,4,2,6,0.9,""
"Montana",2025-05-31,"calendar","hsgp","hurdle_ztnb",2025-05-10,2025,3,0,0,0,0,2,0.9,""
"Montana",2025-05-31,"calendar","hsgp","hurdle_ztnb",2025-05-17,2025,2,0,0,0,0,4,0.9,""
"Montana",2025-05-31,"calendar","hsgp","hurdle_ztnb",2025-05-24,2025,1,2,2,2,0,5,0.9,""
"Montana",2025-05-31,"calendar","hsgp","hurdle_ztnb",2025-05-31,2025,0,3,4,3,0.449999999999998,8,0.9,""
"Montana",2025-05-31,"calendar","hsgp","hurdle_ztpoisson",2025-05-03,2025,4,4,4,4,4,4,0.9,""
"Montana",2025-05-31,"calendar","hsgp","hurdle_ztpoisson",2025-05-10,2025,3,0,0,0,0,0,0.9,""
"Montana",2025-05-31,"calendar","hsgp","hurdle_ztpoisson",2025-05-17,2025,2,0,0,0,0,0.549999999999983,0.9,""
"Montana",2025-05-31,"calendar","hsgp","hurdle_ztpoisson",2025-05-24,2025,1,2,2,2,2,2,0.9,""
"Montana",2025-05-31,"calendar","hsgp","hurdle_ztpoisson",2025-05-31,2025,0,3,4,3,3,5,0.9,""
"Montana",2025-05-31,"calendar","sir","hurdle_ztnb",2025-05-03,2025,4,4,4,4,4,4,0.9,""
"Montana",2025-05-31,"calendar","sir","hurdle_ztnb",2025-05-10,2025,3,0,0,0,0,0,0.9,""
"Montana",2025-05-31,"calendar","sir","hurdle_ztnb",2025-05-17,2025,2,0,0,0,0,0,0.9,""
"Montana",2025-05-31,"calendar","sir","hurdle_ztnb",2025-05-24,2025,1,2,2,2,2,2,0.9,""
"Montana",2025-05-31,"calendar","sir","hurdle_ztnb",2025-05-31,2025,0,3,4,3,3,3,0.9,""
"Montana",2025-05-31,"calendar","sir","hurdle_ztpoisson",2025-05-03,2025,4,4,4,4,4,4,0.9,""
"Montana",2025-05-31,"calendar","sir","hurdle_ztpoisson",2025-05-10,2025,3,0,0,0,0,0,0.9,""
"Montana",2025-05-31,"calendar","sir","hurdle_ztpoisson",2025-05-17,2025,2,0,0,0,0,0,0.9,""
"Montana",2025-05-31,"calendar","sir","hurdle_ztpoisson",2025-05-24,2025,1,2,2,2,2,2,0.9,""
"Montana",2025-05-31,"calendar","sir","hurdle_ztpoisson",2025-05-31,2025,0,3,4,3,3,3,0.9,""
"Nebraska",2025-01-02,"calendar","hsgp","hurdle_ztnb",2024-11-30,2024,4,11,11,11,11,12,0.9,""
"Nebraska",2025-01-02,"calendar","hsgp","hurdle_ztnb",2024-12-07,2024,3,10,13,10,10,12,0.9,""
"Nebraska",2025-01-02,"calendar","hsgp","hurdle_ztnb",2024-12-14,2024,2,17,19,17,16,20,0.9,""
"Nebraska",2025-01-02,"calendar","hsgp","hurdle_ztnb",2024-12-21,2024,1,78,78,79,76,84.55,0.9,""
"Nebraska",2025-01-02,"calendar","hsgp","hurdle_ztnb",2024-12-28,2024,0,125,131,126,118,136,0.9,""
"Nebraska",2025-01-02,"calendar","hsgp","hurdle_ztpoisson",2024-11-30,2024,4,11,11,11,11,12,0.9,""
"Nebraska",2025-01-02,"calendar","hsgp","hurdle_ztpoisson",2024-12-07,2024,3,10,13,10,10,11.55,0.9,""
"Nebraska",2025-01-02,"calendar","hsgp","hurdle_ztpoisson",2024-12-14,2024,2,17,19,17,16,20,0.9,""
"Nebraska",2025-01-02,"calendar","hsgp","hurdle_ztpoisson",2024-12-21,2024,1,78,78,79,75,84,0.9,""
"Nebraska",2025-01-02,"calendar","hsgp","hurdle_ztpoisson",2024-12-28,2024,0,125,131,128,115,140,0.9,""
"Nebraska",2025-01-02,"calendar","sir","hurdle_ztnb",2024-11-30,2024,4,11,11,11,11,13,0.9,""
"Nebraska",2025-01-02,"calendar","sir","hurdle_ztnb",2024-12-07,2024,3,10,13,10,10,13,0.9,""
"Nebraska",2025-01-02,"calendar","sir","hurdle_ztnb",2024-12-14,2024,2,17,19,17,17,20,0.9,""
"Nebraska",2025-01-02,"calendar","sir","hurdle_ztnb",2024-12-21,2024,1,78,78,78,77,84,0.9,""
"Nebraska",2025-01-02,"calendar","sir","hurdle_ztnb",2024-12-28,2024,0,125,131,125,120.45,142,0.9,""
"Nebraska",2025-01-02,"calendar","sir","hurdle_ztpoisson",2024-11-30,2024,4,11,11,11,11,13,0.9,""
"Nebraska",2025-01-02,"calendar","sir","hurdle_ztpoisson",2024-12-07,2024,3,10,13,10,10,12.55,0.9,""
"Nebraska",2025-01-02,"calendar","sir","hurdle_ztpoisson",2024-12-14,2024,2,17,19,17,17,20,0.9,""
"Nebraska",2025-01-02,"calendar","sir","hurdle_ztpoisson",2024-12-21,2024,1,78,78,78,77,85,0.9,""
"Nebraska",2025-01-02,"calendar","sir","hurdle_ztpoisson",2024-12-28,2024,0,125,131,125,118.45,143.55,0.9,""
"Nebraska",2025-02-15,"calendar","hsgp","hurdle_ztnb",2025-01-18,2025,4,126,128,127,126,132,0.9,""
"Nebraska",2025-02-15,"calendar","hsgp","hurdle_ztnb",2025-01-25,2025,3,181,182,183,180,190,0.9,""
"Nebraska",2025-02-15,"calendar","hsgp","hurdle_ztnb",2025-02-01,2025,2,306,308,309.5,304.45,319.55,0.9,""
"Nebraska",2025-02-15,"calendar","hsgp","hurdle_ztnb",2025-02-08,2025,1,303,319,307.5,296,328,0.9,""
"Nebraska",2025-02-15,"calendar","hsgp","hurdle_ztnb",2025-02-15,2025,0,300,311,306,282,346.55,0.9,""
"Nebraska",2025-02-15,"calendar","hsgp","hurdle_ztpoisson",2025-01-18,2025,4,126,128,127,124,130,0.9,""
"Nebraska",2025-02-15,"calendar","hsgp","hurdle_ztpoisson",2025-01-25,2025,3,181,182,183,179,187,0.9,""
"Nebraska",2025-02-15,"calendar","hsgp","hurdle_ztpoisson",2025-02-01,2025,2,306,308,309,302.45,316,0.9,""
"Nebraska",2025-02-15,"calendar","hsgp","hurdle_ztpoisson",2025-02-08,2025,1,303,319,308,293,323,0.9,""
"Nebraska",2025-02-15,"calendar","hsgp","hurdle_ztpoisson",2025-02-15,2025,0,300,311,308,247.9,368,0.9,""
"Nebraska",2025-02-15,"calendar","sir","hurdle_ztnb",2025-01-18,2025,4,126,128,126,126,133,0.9,""
"Nebraska",2025-02-15,"calendar","sir","hurdle_ztnb",2025-01-25,2025,3,181,182,181.5,181,189,0.9,""
"Nebraska",2025-02-15,"calendar","sir","hurdle_ztnb",2025-02-01,2025,2,306,308,307,305,315,0.9,""
"Nebraska",2025-02-15,"calendar","sir","hurdle_ztnb",2025-02-08,2025,1,303,319,304,299,315.55,0.9,""
"Nebraska",2025-02-15,"calendar","sir","hurdle_ztnb",2025-02-15,2025,0,300,311,301,285,336.55,0.9,""
"Nebraska",2025-02-15,"calendar","sir","hurdle_ztpoisson",2025-01-18,2025,4,126,128,128,125,132.55,0.9,""
"Nebraska",2025-02-15,"calendar","sir","hurdle_ztpoisson",2025-01-25,2025,3,181,182,181,181,182,0.9,""
"Nebraska",2025-02-15,"calendar","sir","hurdle_ztpoisson",2025-02-01,2025,2,306,308,306,305,309,0.9,""
"Nebraska",2025-02-15,"calendar","sir","hurdle_ztpoisson",2025-02-08,2025,1,303,319,303,300,307,0.9,""
"Nebraska",2025-02-15,"calendar","sir","hurdle_ztpoisson",2025-02-15,2025,0,300,311,300,292,314.55,0.9,""
"Nebraska",2025-03-29,"calendar","hsgp","hurdle_ztnb",2025-03-01,2025,4,197,197,197,197,203,0.9,""
"Nebraska",2025-03-29,"calendar","hsgp","hurdle_ztnb",2025-03-08,2025,3,153,153,153,153,159,0.9,""
"Nebraska",2025-03-29,"calendar","hsgp","hurdle_ztnb",2025-03-15,2025,2,80,80,81,80,87,0.9,""
"Nebraska",2025-03-29,"calendar","hsgp","hurdle_ztnb",2025-03-22,2025,1,58,58,59,57.45,65,0.9,""
"Nebraska",2025-03-29,"calendar","hsgp","hurdle_ztnb",2025-03-29,2025,0,37,37,39,33,49.55,0.9,""
"Nebraska",2025-03-29,"calendar","hsgp","hurdle_ztpoisson",2025-03-01,2025,4,197,197,197,197,201,0.9,""
"Nebraska",2025-03-29,"calendar","hsgp","hurdle_ztpoisson",2025-03-08,2025,3,153,153,153,152,159,0.9,""
"Nebraska",2025-03-29,"calendar","hsgp","hurdle_ztpoisson",2025-03-15,2025,2,80,80,81,80,86,0.9,""
"Nebraska",2025-03-29,"calendar","hsgp","hurdle_ztpoisson",2025-03-22,2025,1,58,58,59,56,65,0.9,""
"Nebraska",2025-03-29,"calendar","hsgp","hurdle_ztpoisson",2025-03-29,2025,0,37,37,37,30,46,0.9,""
"Nebraska",2025-03-29,"calendar","sir","hurdle_ztnb",2025-03-01,2025,4,197,197,197,197,204.55,0.9,""
"Nebraska",2025-03-29,"calendar","sir","hurdle_ztnb",2025-03-08,2025,3,153,153,153,153,160,0.9,""
"Nebraska",2025-03-29,"calendar","sir","hurdle_ztnb",2025-03-15,2025,2,80,80,80,79.45,88,0.9,""
"Nebraska",2025-03-29,"calendar","sir","hurdle_ztnb",2025-03-22,2025,1,58,58,58,57,69,0.9,""
"Nebraska",2025-03-29,"calendar","sir","hurdle_ztnb",2025-03-29,2025,0,37,37,38,33,56,0.9,""
"Nebraska",2025-03-29,"calendar","sir","hurdle_ztpoisson",2025-03-01,2025,4,197,197,197,197,199,0.9,""
"Nebraska",2025-03-29,"calendar","sir","hurdle_ztpoisson",2025-03-08,2025,3,153,153,153,153,154,0.9,""
"Nebraska",2025-03-29,"calendar","sir","hurdle_ztpoisson",2025-03-15,2025,2,80,80,80,80,80,0.9,""
"Nebraska",2025-03-29,"calendar","sir","hurdle_ztpoisson",2025-03-22,2025,1,58,58,58,58,59,0.9,""
"Nebraska",2025-03-29,"calendar","sir","hurdle_ztpoisson",2025-03-29,2025,0,37,37,37,37,39,0.9,""
"Nebraska",2025-04-26,"calendar","hsgp","hurdle_ztnb",2025-03-29,2025,4,37,37,37,37,39,0.9,""
"Nebraska",2025-04-26,"calendar","hsgp","hurdle_ztnb",2025-04-05,2025,3,14,14,14,14,16,0.9,""
"Nebraska",2025-04-26,"calendar","hsgp","hurdle_ztnb",2025-04-12,2025,2,16,16,16,16,18,0.9,""
"Nebraska",2025-04-26,"calendar","hsgp","hurdle_ztnb",2025-04-19,2025,1,13,13,13,13,16,0.9,""
"Nebraska",2025-04-26,"calendar","hsgp","hurdle_ztnb",2025-04-26,2025,0,12,12,12,10,16,0.9,""
"Nebraska",2025-04-26,"calendar","hsgp","hurdle_ztpoisson",2025-03-29,2025,4,37,37,37,37,38,0.9,""
"Nebraska",2025-04-26,"calendar","hsgp","hurdle_ztpoisson",2025-04-05,2025,3,14,14,14,14,15,0.9,""
"Nebraska",2025-04-26,"calendar","hsgp","hurdle_ztpoisson",2025-04-12,2025,2,16,16,16,16,18,0.9,""
"Nebraska",2025-04-26,"calendar","hsgp","hurdle_ztpoisson",2025-04-19,2025,1,13,13,13,13,15,0.9,""
"Nebraska",2025-04-26,"calendar","hsgp","hurdle_ztpoisson",2025-04-26,2025,0,12,12,12,10,16,0.9,""
"Nebraska",2025-04-26,"calendar","sir","hurdle_ztnb",2025-03-29,2025,4,37,37,37,37,39,0.9,""
"Nebraska",2025-04-26,"calendar","sir","hurdle_ztnb",2025-04-05,2025,3,14,14,14,14,17,0.9,""
"Nebraska",2025-04-26,"calendar","sir","hurdle_ztnb",2025-04-12,2025,2,16,16,16,16,22,0.9,""
"Nebraska",2025-04-26,"calendar","sir","hurdle_ztnb",2025-04-19,2025,1,13,13,13,12.45,22.55,0.9,""
"Nebraska",2025-04-26,"calendar","sir","hurdle_ztnb",2025-04-26,2025,0,12,12,12,11.45,24,0.9,""
"Nebraska",2025-04-26,"calendar","sir","hurdle_ztpoisson",2025-03-29,2025,4,37,37,37,37,37,0.9,""
"Nebraska",2025-04-26,"calendar","sir","hurdle_ztpoisson",2025-04-05,2025,3,14,14,14,14,14,0.9,""
"Nebraska",2025-04-26,"calendar","sir","hurdle_ztpoisson",2025-04-12,2025,2,16,16,16,16,16,0.9,""
"Nebraska",2025-04-26,"calendar","sir","hurdle_ztpoisson",2025-04-19,2025,1,13,13,13,13,13,0.9,""
"Nebraska",2025-04-26,"calendar","sir","hurdle_ztpoisson",2025-04-26,2025,0,12,12,12,12,12,0.9,""
"Nebraska",2025-05-31,"calendar","hsgp","hurdle_ztnb",2025-05-03,2025,4,3,3,3,3,3,0.9,""
"Nebraska",2025-05-31,"calendar","hsgp","hurdle_ztnb",2025-05-10,2025,3,10,10,10,10,10,0.9,""
"Nebraska",2025-05-31,"calendar","hsgp","hurdle_ztnb",2025-05-17,2025,2,5,5,5,5,6,0.9,""
"Nebraska",2025-05-31,"calendar","hsgp","hurdle_ztnb",2025-05-24,2025,1,2,2,2,2,4,0.9,""
"Nebraska",2025-05-31,"calendar","hsgp","hurdle_ztnb",2025-05-31,2025,0,2,2,2,1,6,0.9,""
"Nebraska",2025-05-31,"calendar","hsgp","hurdle_ztpoisson",2025-05-03,2025,4,3,3,3,3,3,0.9,""
"Nebraska",2025-05-31,"calendar","hsgp","hurdle_ztpoisson",2025-05-10,2025,3,10,10,10,10,10,0.9,""
"Nebraska",2025-05-31,"calendar","hsgp","hurdle_ztpoisson",2025-05-17,2025,2,5,5,5,5,5,0.9,""
"Nebraska",2025-05-31,"calendar","hsgp","hurdle_ztpoisson",2025-05-24,2025,1,2,2,2,2,4,0.9,""
"Nebraska",2025-05-31,"calendar","hsgp","hurdle_ztpoisson",2025-05-31,2025,0,2,2,2,0,4.54999999999998,0.9,""
"Nebraska",2025-05-31,"calendar","sir","hurdle_ztnb",2025-05-03,2025,4,3,3,3,3,6,0.9,""
"Nebraska",2025-05-31,"calendar","sir","hurdle_ztnb",2025-05-10,2025,3,10,10,10,10,14,0.9,""
"Nebraska",2025-05-31,"calendar","sir","hurdle_ztnb",2025-05-17,2025,2,5,5,5,5,9,0.9,""
"Nebraska",2025-05-31,"calendar","sir","hurdle_ztnb",2025-05-24,2025,1,2,2,2,2,9,0.9,""
"Nebraska",2025-05-31,"calendar","sir","hurdle_ztnb",2025-05-31,2025,0,2,2,2,0,19.1999999999999,0.9,""
"Nebraska",2025-05-31,"calendar","sir","hurdle_ztpoisson",2025-05-03,2025,4,3,3,3,3,3,0.9,""
"Nebraska",2025-05-31,"calendar","sir","hurdle_ztpoisson",2025-05-10,2025,3,10,10,10,10,10,0.9,""
"Nebraska",2025-05-31,"calendar","sir","hurdle_ztpoisson",2025-05-17,2025,2,5,5,5,5,5,0.9,""
"Nebraska",2025-05-31,"calendar","sir","hurdle_ztpoisson",2025-05-24,2025,1,2,2,2,2,2,0.9,""
"Nebraska",2025-05-31,"calendar","sir","hurdle_ztpoisson",2025-05-31,2025,0,2,2,2,2,2,0.9,""
"Nevada",2025-01-02,"calendar","hsgp","hurdle_ztnb",2024-11-30,2024,4,57,61,58,54,64,0.9,""
"Nevada",2025-01-02,"calendar","hsgp","hurdle_ztnb",2024-12-07,2024,3,79,81,80,76,87,0.9,""
"Nevada",2025-01-02,"calendar","hsgp","hurdle_ztnb",2024-12-14,2024,2,108,113,110,104,118,0.9,""
"Nevada",2025-01-02,"calendar","hsgp","hurdle_ztnb",2024-12-21,2024,1,193,208,196,187,205,0.9,""
"Nevada",2025-01-02,"calendar","hsgp","hurdle_ztnb",2024-12-28,2024,0,217,255,219,200.45,242.55,0.9,""
"Nevada",2025-01-02,"calendar","hsgp","hurdle_ztpoisson",2024-11-30,2024,4,57,61,57,55,61,0.9,""
"Nevada",2025-01-02,"calendar","hsgp","hurdle_ztpoisson",2024-12-07,2024,3,79,81,79.5,77,84,0.9,""
"Nevada",2025-01-02,"calendar","hsgp","hurdle_ztpoisson",2024-12-14,2024,2,108,113,110,105,115,0.9,""
"Nevada",2025-01-02,"calendar","hsgp","hurdle_ztpoisson",2024-12-21,2024,1,193,208,197,185.45,207,0.9,""
"Nevada",2025-01-02,"calendar","hsgp","hurdle_ztpoisson",2024-12-28,2024,0,217,255,221,188.45,254,0.9,""
"Nevada",2025-01-02,"calendar","sir","hurdle_ztnb",2024-11-30,2024,4,57,61,57,56,62,0.9,""
"Nevada",2025-01-02,"calendar","sir","hurdle_ztnb",2024-12-07,2024,3,79,81,79,77.45,85,0.9,""
"Nevada",2025-01-02,"calendar","sir","hurdle_ztnb",2024-12-14,2024,2,108,113,108,105,115.55,0.9,""
"Nevada",2025-01-02,"calendar","sir","hurdle_ztnb",2024-12-21,2024,1,193,208,193,189,202,0.9,""
"Nevada",2025-01-02,"calendar","sir","hurdle_ztnb",2024-12-28,2024,0,217,255,217,202,236,0.9,""
"Nevada",2025-01-02,"calendar","sir","hurdle_ztpoisson",2024-11-30,2024,4,57,61,57,57,59,0.9,""
"Nevada",2025-01-02,"calendar","sir","hurdle_ztpoisson",2024-12-07,2024,3,79,81,81,76,89,0.9,""
"Nevada",2025-01-02,"calendar","sir","hurdle_ztpoisson",2024-12-14,2024,2,108,113,108,107,112,0.9,""
"Nevada",2025-01-02,"calendar","sir","hurdle_ztpoisson",2024-12-21,2024,1,193,208,193,189,200,0.9,""
"Nevada",2025-01-02,"calendar","sir","hurdle_ztpoisson",2024-12-28,2024,0,217,255,217,202,237,0.9,""
"Nevada",2025-02-15,"calendar","hsgp","hurdle_ztnb",2025-01-18,2025,4,189,189,192,186,204.1,0.9,""
"Nevada",2025-02-15,"calendar","hsgp","hurdle_ztnb",2025-01-25,2025,3,195,196,199,192,211,0.9,""
"Nevada",2025-02-15,"calendar","hsgp","hurdle_ztnb",2025-02-01,2025,2,172,178,177,167,194,0.9,""
"Nevada",2025-02-15,"calendar","hsgp","hurdle_ztnb",2025-02-08,2025,1,207,222,212,196.9,242,0.9,""
"Nevada",2025-02-15,"calendar","hsgp","hurdle_ztnb",2025-02-15,2025,0,139,147,146,104.35,212.3,0.9,""
"Nevada",2025-02-15,"calendar","hsgp","hurdle_ztpoisson",2025-01-18,2025,4,189,189,192,185,202.55,0.9,""
"Nevada",2025-02-15,"calendar","hsgp","hurdle_ztpoisson",2025-01-25,2025,3,195,196,199,189.45,211,0.9,""
"Nevada",2025-02-15,"calendar","hsgp","hurdle_ztpoisson",2025-02-01,2025,2,172,178,176,164,187.55,0.9,""
"Nevada",2025-02-15,"calendar","hsgp","hurdle_ztpoisson",2025-02-08,2025,1,207,222,212,195,228.55,0.9,""
"Nevada",2025-02-15,"calendar","hsgp","hurdle_ztpoisson",2025-02-15,2025,0,139,147,142,106.45,181.55,0.9,""
"Nevada",2025-02-15,"calendar","sir","hurdle_ztnb",2025-01-18,2025,4,189,189,190,187,201,0.9,""
"Nevada",2025-02-15,"calendar","sir","hurdle_ztnb",2025-01-25,2025,3,195,196,196.5,191,209.1,0.9,""
"Nevada",2025-02-15,"calendar","sir","hurdle_ztnb",2025-02-01,2025,2,172,178,173.5,167,190.55,0.9,""
"Nevada",2025-02-15,"calendar","sir","hurdle_ztnb",2025-02-08,2025,1,207,222,209,202.45,236.1,0.9,""
"Nevada",2025-02-15,"calendar","sir","hurdle_ztnb",2025-02-15,2025,0,139,147,142,119,191.75,0.9,""
"Nevada",2025-02-15,"calendar","sir","hurdle_ztpoisson",2025-01-18,2025,4,189,189,192,183,202,0.9,""
"Nevada",2025-02-15,"calendar","sir","hurdle_ztpoisson",2025-01-25,2025,3,195,196,195,193,198,0.9,""
"Nevada",2025-02-15,"calendar","sir","hurdle_ztpoisson",2025-02-01,2025,2,172,178,172,169,176,0.9,""
"Nevada",2025-02-15,"calendar","sir","hurdle_ztpoisson",2025-02-08,2025,1,207,222,207,204,213,0.9,""
"Nevada",2025-02-15,"calendar","sir","hurdle_ztpoisson",2025-02-15,2025,0,139,147,139,131,148,0.9,""
"Nevada",2025-03-29,"calendar","hsgp","hurdle_ztnb",2025-03-01,2025,4,97,97,97,97,102.55,0.9,""
"Nevada",2025-03-29,"calendar","hsgp","hurdle_ztnb",2025-03-08,2025,3,79,79,79,77.45,85,0.9,""
"Nevada",2025-03-29,"calendar","hsgp","hurdle_ztnb",2025-03-15,2025,2,88,88,88,87,94,0.9,""
"Nevada",2025-03-29,"calendar","hsgp","hurdle_ztnb",2025-03-22,2025,1,81,81,81,77.45,90,0.9,""
"Nevada",2025-03-29,"calendar","hsgp","hurdle_ztnb",2025-03-29,2025,0,69,70,70,63,81,0.9,""
"Nevada",2025-03-29,"calendar","hsgp","hurdle_ztpoisson",2025-03-01,2025,4,97,97,97,95,103,0.9,""
"Nevada",2025-03-29,"calendar","hsgp","hurdle_ztpoisson",2025-03-08,2025,3,79,79,79,76,85,0.9,""
"Nevada",2025-03-29,"calendar","hsgp","hurdle_ztpoisson",2025-03-15,2025,2,88,88,89,85,96.55,0.9,""
"Nevada",2025-03-29,"calendar","hsgp","hurdle_ztpoisson",2025-03-22,2025,1,81,81,83,75.45,93.55,0.9,""
"Nevada",2025-03-29,"calendar","hsgp","hurdle_ztpoisson",2025-03-29,2025,0,69,70,72,46,98.55,0.9,""
"Nevada",2025-03-29,"calendar","sir","hurdle_ztnb",2025-03-01,2025,4,97,97,97,96,104,0.9,""
"Nevada",2025-03-29,"calendar","sir","hurdle_ztnb",2025-03-08,2025,3,79,79,79,79,89.6499999999999,0.9,""
"Nevada",2025-03-29,"calendar","sir","hurdle_ztnb",2025-03-15,2025,2,88,88,88,87,102,0.9,""
"Nevada",2025-03-29,"calendar","sir","hurdle_ztnb",2025-03-22,2025,1,81,81,81,79,101.55,0.9,""
"Nevada",2025-03-29,"calendar","sir","hurdle_ztnb",2025-03-29,2025,0,69,70,69,58.9,96.1999999999999,0.9,""
"Nevada",2025-03-29,"calendar","sir","hurdle_ztpoisson",2025-03-01,2025,4,97,97,97,97,98,0.9,""
"Nevada",2025-03-29,"calendar","sir","hurdle_ztpoisson",2025-03-08,2025,3,79,79,79,79,80,0.9,""
"Nevada",2025-03-29,"calendar","sir","hurdle_ztpoisson",2025-03-15,2025,2,88,88,88,88,89,0.9,""
"Nevada",2025-03-29,"calendar","sir","hurdle_ztpoisson",2025-03-22,2025,1,81,81,81,81,82,0.9,""
"Nevada",2025-03-29,"calendar","sir","hurdle_ztpoisson",2025-03-29,2025,0,69,70,69,67.45,71.55,0.9,""
"Nevada",2025-04-26,"calendar","hsgp","hurdle_ztnb",2025-03-29,2025,4,70,70,70,70,73,0.9,""
"Nevada",2025-04-26,"calendar","hsgp","hurdle_ztnb",2025-04-05,2025,3,41,41,41,41,46,0.9,""
"Nevada",2025-04-26,"calendar","hsgp","hurdle_ztnb",2025-04-12,2025,2,47,48,47,46,52,0.9,""
"Nevada",2025-04-26,"calendar","hsgp","hurdle_ztnb",2025-04-19,2025,1,41,41,41,38,46.55,0.9,""
"Nevada",2025-04-26,"calendar","hsgp","hurdle_ztnb",2025-04-26,2025,0,25,29,26,19.45,38,0.9,""
"Nevada",2025-04-26,"calendar","hsgp","hurdle_ztpoisson",2025-03-29,2025,4,70,70,70,69,74,0.9,""
"Nevada",2025-04-26,"calendar","hsgp","hurdle_ztpoisson",2025-04-05,2025,3,41,41,41,40,46,0.9,""
"Nevada",2025-04-26,"calendar","hsgp","hurdle_ztpoisson",2025-04-12,2025,2,47,48,47,45,53,0.9,""
"Nevada",2025-04-26,"calendar","hsgp","hurdle_ztpoisson",2025-04-19,2025,1,41,41,41,37,49,0.9,""
"Nevada",2025-04-26,"calendar","hsgp","hurdle_ztpoisson",2025-04-26,2025,0,25,29,25,15.45,37.55,0.9,""
"Nevada",2025-04-26,"calendar","sir","hurdle_ztnb",2025-03-29,2025,4,70,70,70,70,75,0.9,""
"Nevada",2025-04-26,"calendar","sir","hurdle_ztnb",2025-04-05,2025,3,41,41,41,40,48,0.9,""
"Nevada",2025-04-26,"calendar","sir","hurdle_ztnb",2025-04-12,2025,2,47,48,47,47,58,0.9,""
"Nevada",2025-04-26,"calendar","sir","hurdle_ztnb",2025-04-19,2025,1,41,41,41,37.45,51,0.9,""
"Nevada",2025-04-26,"calendar","sir","hurdle_ztnb",2025-04-26,2025,0,25,29,25,18,48.7499999999999,0.9,""
"Nevada",2025-04-26,"calendar","sir","hurdle_ztpoisson",2025-03-29,2025,4,70,70,70,70,70,0.9,""
"Nevada",2025-04-26,"calendar","sir","hurdle_ztpoisson",2025-04-05,2025,3,41,41,41,41,41,0.9,""
"Nevada",2025-04-26,"calendar","sir","hurdle_ztpoisson",2025-04-12,2025,2,47,48,47,47,47,0.9,""
"Nevada",2025-04-26,"calendar","sir","hurdle_ztpoisson",2025-04-19,2025,1,41,41,41,41,41,0.9,""
"Nevada",2025-04-26,"calendar","sir","hurdle_ztpoisson",2025-04-26,2025,0,25,29,25,25,25.55,0.9,""
"Nevada",2025-05-31,"calendar","hsgp","hurdle_ztnb",2025-05-03,2025,4,19,19,19,19,20,0.9,""
"Nevada",2025-05-31,"calendar","hsgp","hurdle_ztnb",2025-05-10,2025,3,20,20,20,20,22,0.9,""
"Nevada",2025-05-31,"calendar","hsgp","hurdle_ztnb",2025-05-17,2025,2,16,16,16,16,19,0.9,""
"Nevada",2025-05-31,"calendar","hsgp","hurdle_ztnb",2025-05-24,2025,1,26,26,26,25,30.55,0.9,""
"Nevada",2025-05-31,"calendar","hsgp","hurdle_ztnb",2025-05-31,2025,0,15,15,15,11.45,21.55,0.9,""
"Nevada",2025-05-31,"calendar","hsgp","hurdle_ztpoisson",2025-05-03,2025,4,19,19,19,19,22,0.9,""
"Nevada",2025-05-31,"calendar","hsgp","hurdle_ztpoisson",2025-05-10,2025,3,20,20,20,20,23.55,0.9,""
"Nevada",2025-05-31,"calendar","hsgp","hurdle_ztpoisson",2025-05-17,2025,2,16,16,16,15,20,0.9,""
"Nevada",2025-05-31,"calendar","hsgp","hurdle_ztpoisson",2025-05-24,2025,1,26,26,26,24,30.55,0.9,""
"Nevada",2025-05-31,"calendar","hsgp","hurdle_ztpoisson",2025-05-31,2025,0,15,15,15,9.45,23,0.9,""
"Nevada",2025-05-31,"calendar","sir","hurdle_ztnb",2025-05-03,2025,4,19,19,19,19,23.55,0.9,""
"Nevada",2025-05-31,"calendar","sir","hurdle_ztnb",2025-05-10,2025,3,20,20,20,19,25,0.9,""
"Nevada",2025-05-31,"calendar","sir","hurdle_ztnb",2025-05-17,2025,2,16,16,16,16,22,0.9,""
"Nevada",2025-05-31,"calendar","sir","hurdle_ztnb",2025-05-24,2025,1,26,26,26,25,32.55,0.9,""
"Nevada",2025-05-31,"calendar","sir","hurdle_ztnb",2025-05-31,2025,0,15,15,15,12.45,27.55,0.9,""
"Nevada",2025-05-31,"calendar","sir","hurdle_ztpoisson",2025-05-03,2025,4,19,19,19,19,19,0.9,""
"Nevada",2025-05-31,"calendar","sir","hurdle_ztpoisson",2025-05-10,2025,3,20,20,20,20,20,0.9,""
"Nevada",2025-05-31,"calendar","sir","hurdle_ztpoisson",2025-05-17,2025,2,16,16,16,16,16,0.9,""
"Nevada",2025-05-31,"calendar","sir","hurdle_ztpoisson",2025-05-24,2025,1,26,26,26,26,26,0.9,""
"Nevada",2025-05-31,"calendar","sir","hurdle_ztpoisson",2025-05-31,2025,0,15,15,15,15,15,0.9,""
"New Hampshire",2025-01-02,"calendar","hsgp","hurdle_ztnb",2024-11-30,2024,4,14,14,14,14,14,0.9,""
"New Hampshire",2025-01-02,"calendar","hsgp","hurdle_ztnb",2024-12-07,2024,3,16,16,16,16,16,0.9,""
"New Hampshire",2025-01-02,"calendar","hsgp","hurdle_ztnb",2024-12-14,2024,2,22,22,22,22,22,0.9,""
"New Hampshire",2025-01-02,"calendar","hsgp","hurdle_ztnb",2024-12-21,2024,1,16,24,16,16,19.55,0.9,""
"New Hampshire",2025-01-02,"calendar","hsgp","hurdle_ztnb",2024-12-28,2024,0,41,53,41,41,53.55,0.9,""
"New Hampshire",2025-01-02,"calendar","hsgp","hurdle_ztpoisson",2024-11-30,2024,4,14,14,14,14,14,0.9,""
"New Hampshire",2025-01-02,"calendar","hsgp","hurdle_ztpoisson",2024-12-07,2024,3,16,16,16,16,16,0.9,""
"New Hampshire",2025-01-02,"calendar","hsgp","hurdle_ztpoisson",2024-12-14,2024,2,22,22,22,22,22,0.9,""
"New Hampshire",2025-01-02,"calendar","hsgp","hurdle_ztpoisson",2024-12-21,2024,1,16,24,16,16,20,0.9,""
"New Hampshire",2025-01-02,"calendar","hsgp","hurdle_ztpoisson",2024-12-28,2024,0,41,53,41,39.9,54,0.9,""
"New Hampshire",2025-01-02,"calendar","sir","hurdle_ztnb",2024-11-30,2024,4,14,14,14,14,14,0.9,""
"New Hampshire",2025-01-02,"calendar","sir","hurdle_ztnb",2024-12-07,2024,3,16,16,16,16,16,0.9,""
"New Hampshire",2025-01-02,"calendar","sir","hurdle_ztnb",2024-12-14,2024,2,22,22,22,22,22,0.9,""
"New Hampshire",2025-01-02,"calendar","sir","hurdle_ztnb",2024-12-21,2024,1,16,24,16,16,16,0.9,""
"New Hampshire",2025-01-02,"calendar","sir","hurdle_ztnb",2024-12-28,2024,0,41,53,41,41,53.55,0.9,""
"New Hampshire",2025-01-02,"calendar","sir","hurdle_ztpoisson",2024-11-30,2024,4,14,14,14,14,14,0.9,""
"New Hampshire",2025-01-02,"calendar","sir","hurdle_ztpoisson",2024-12-07,2024,3,16,16,16,16,16,0.9,""
"New Hampshire",2025-01-02,"calendar","sir","hurdle_ztpoisson",2024-12-14,2024,2,22,22,22,22,22,0.9,""
"New Hampshire",2025-01-02,"calendar","sir","hurdle_ztpoisson",2024-12-21,2024,1,16,24,16,16,19.55,0.9,""
"New Hampshire",2025-01-02,"calendar","sir","hurdle_ztpoisson",2024-12-28,2024,0,41,53,41,41,60.1,0.9,""
"New Hampshire",2025-02-15,"calendar","hsgp","hurdle_ztnb",2025-01-18,2025,4,74,86,74,30.8,79.55,0.9,""
"New Hampshire",2025-02-15,"calendar","hsgp","hurdle_ztnb",2025-01-25,2025,3,121,144,121,58.35,127,0.9,""
"New Hampshire",2025-02-15,"calendar","hsgp","hurdle_ztnb",2025-02-01,2025,2,142,174,142,101,163.55,0.9,""
"New Hampshire",2025-02-15,"calendar","hsgp","hurdle_ztnb",2025-02-08,2025,1,163,203,163,128.45,188.55,0.9,""
"New Hampshire",2025-02-15,"calendar","hsgp","hurdle_ztnb",2025-02-15,2025,0,107,205,107,73.45,182.4,0.9,""
"New Hampshire",2025-02-15,"calendar","hsgp","hurdle_ztpoisson",2025-01-18,2025,4,74,86,74,52.45,74,0.9,""
"New Hampshire",2025-02-15,"calendar","hsgp","hurdle_ztpoisson",2025-01-25,2025,3,121,144,121,37,121,0.9,""
"New Hampshire",2025-02-15,"calendar","hsgp","hurdle_ztpoisson",2025-02-01,2025,2,142,174,142,0,142,0.9,""
"New Hampshire",2025-02-15,"calendar","hsgp","hurdle_ztpoisson",2025-02-08,2025,1,163,203,163,67,181,0.9,""
"New Hampshire",2025-02-15,"calendar","hsgp","hurdle_ztpoisson",2025-02-15,2025,0,107,205,107,10.45,170,0.9,""
"New Hampshire",2025-02-15,"calendar","sir","hurdle_ztnb",2025-01-18,2025,4,74,86,74,66.9,74,0.9,""
"New Hampshire",2025-02-15,"calendar","sir","hurdle_ztnb",2025-01-25,2025,3,121,144,121,86,121,0.9,""
"New Hampshire",2025-02-15,"calendar","sir","hurdle_ztnb",2025-02-01,2025,2,142,174,142,114,143.55,0.9,""
"New Hampshire",2025-02-15,"calendar","sir","hurdle_ztnb",2025-02-08,2025,1,163,203,163,133.9,182,0.9,""
"New Hampshire",2025-02-15,"calendar","sir","hurdle_ztnb",2025-02-15,2025,0,107,205,107,86.25,145,0.9,""
"New Hampshire",2025-02-15,"calendar","sir","hurdle_ztpoisson",2025-01-18,2025,4,74,86,74,64,74,0.9,""
"New Hampshire",2025-02-15,"calendar","sir","hurdle_ztpoisson",2025-01-25,2025,3,121,144,121,110,121,0.9,""
"New Hampshire",2025-02-15,"calendar","sir","hurdle_ztpoisson",2025-02-01,2025,2,142,174,142,125.45,142,0.9,""
"New Hampshire",2025-02-15,"calendar","sir","hurdle_ztpoisson",2025-02-08,2025,1,163,203,163,145.45,171,0.9,""
"New Hampshire",2025-02-15,"calendar","sir","hurdle_ztpoisson",2025-02-15,2025,0,107,205,107,89.45,127.1,0.9,""
"New Hampshire",2025-03-29,"calendar","hsgp","hurdle_ztnb",2025-03-01,2025,4,190,190,190,181.45,207.1,0.9,""
"New Hampshire",2025-03-29,"calendar","hsgp","hurdle_ztnb",2025-03-08,2025,3,145,145,145,134.45,159,0.9,""
"New Hampshire",2025-03-29,"calendar","hsgp","hurdle_ztnb",2025-03-15,2025,2,79,79,79,72,94,0.9,""
"New Hampshire",2025-03-29,"calendar","hsgp","hurdle_ztnb",2025-03-22,2025,1,53,53,53,45,69.55,0.9,""
"New Hampshire",2025-03-29,"calendar","hsgp","hurdle_ztnb",2025-03-29,2025,0,124,34,128,119,154.55,0.9,""
"New Hampshire",2025-03-29,"calendar","hsgp","hurdle_ztpoisson",2025-03-01,2025,4,190,190,190,179,199,0.9,""
"New Hampshire",2025-03-29,"calendar","hsgp","hurdle_ztpoisson",2025-03-08,2025,3,145,145,145,121.45,154.55,0.9,""
"New Hampshire",2025-03-29,"calendar","hsgp","hurdle_ztpoisson",2025-03-15,2025,2,79,79,73,20,108.1,0.9,""
"New Hampshire",2025-03-29,"calendar","hsgp","hurdle_ztpoisson",2025-03-22,2025,1,53,53,53,1,80,0.9,""
"New Hampshire",2025-03-29,"calendar","hsgp","hurdle_ztpoisson",2025-03-29,2025,0,124,34,127,79,175.55,0.9,""
"New Hampshire",2025-03-29,"calendar","sir","hurdle_ztnb",2025-03-01,2025,4,190,190,190,185.45,203.65,0.9,""
"New Hampshire",2025-03-29,"calendar","sir","hurdle_ztnb",2025-03-08,2025,3,145,145,145,131.8,168,0.9,""
"New Hampshire",2025-03-29,"calendar","sir","hurdle_ztnb",2025-03-15,2025,2,79,79,79,53.8,98,0.9,""
"New Hampshire",2025-03-29,"calendar","sir","hurdle_ztnb",2025-03-22,2025,1,53,53,53,24.35,82.55,0.9,""
"New Hampshire",2025-03-29,"calendar","sir","hurdle_ztnb",2025-03-29,2025,0,124,34,124,98.9,166,0.9,""
"New Hampshire",2025-03-29,"calendar","sir","hurdle_ztpoisson",2025-03-01,2025,4,190,190,190,183,197.1,0.9,""
"New Hampshire",2025-03-29,"calendar","sir","hurdle_ztpoisson",2025-03-08,2025,3,145,145,145,138,150,0.9,""
"New Hampshire",2025-03-29,"calendar","sir","hurdle_ztpoisson",2025-03-15,2025,2,79,79,79,67.45,79,0.9,""
"New Hampshire",2025-03-29,"calendar","sir","hurdle_ztpoisson",2025-03-22,2025,1,53,53,53,49,61,0.9,""
"New Hampshire",2025-03-29,"calendar","sir","hurdle_ztpoisson",2025-03-29,2025,0,124,34,124,112.45,147.75,0.9,""
"New Hampshire",2025-04-26,"calendar","hsgp","hurdle_ztnb",2025-03-29,2025,4,34,34,34,34,43,0.9,""
"New Hampshire",2025-04-26,"calendar","hsgp","hurdle_ztnb",2025-04-05,2025,3,17,17,17,10.9,28,0.9,""
"New Hampshire",2025-04-26,"calendar","hsgp","hurdle_ztnb",2025-04-12,2025,2,22,22,22,15.45,31,0.9,""
"New Hampshire",2025-04-26,"calendar","hsgp","hurdle_ztnb",2025-04-19,2025,1,22,22,22,18,46.6499999999999,0.9,""
"New Hampshire",2025-04-26,"calendar","hsgp","hurdle_ztnb",2025-04-26,2025,0,9,9,12,2,41,0.9,""
"New Hampshire",2025-04-26,"calendar","hsgp","hurdle_ztpoisson",2025-03-29,2025,4,34,34,34,25,40,0.9,""
"New Hampshire",2025-04-26,"calendar","hsgp","hurdle_ztpoisson",2025-04-05,2025,3,17,17,17,2.45,24,0.9,""
"New Hampshire",2025-04-26,"calendar","hsgp","hurdle_ztpoisson",2025-04-12,2025,2,22,22,22,1,30,0.9,""
"New Hampshire",2025-04-26,"calendar","hsgp","hurdle_ztpoisson",2025-04-19,2025,1,22,22,22,5.45,33,0.9,""
"New Hampshire",2025-04-26,"calendar","hsgp","hurdle_ztpoisson",2025-04-26,2025,0,9,9,9,1,22,0.9,""
"New Hampshire",2025-04-26,"calendar","sir","hurdle_ztnb",2025-03-29,2025,4,34,34,34,31,40.1,0.9,""
"New Hampshire",2025-04-26,"calendar","sir","hurdle_ztnb",2025-04-05,2025,3,17,17,17,13.45,39.55,0.9,""
"New Hampshire",2025-04-26,"calendar","sir","hurdle_ztnb",2025-04-12,2025,2,22,22,22,7.45,40.55,0.9,""
"New Hampshire",2025-04-26,"calendar","sir","hurdle_ztnb",2025-04-19,2025,1,22,22,22,3.45,48,0.9,""
"New Hampshire",2025-04-26,"calendar","sir","hurdle_ztnb",2025-04-26,2025,0,9,9,9,0,64.1999999999999,0.9,""
"New Hampshire",2025-04-26,"calendar","sir","hurdle_ztpoisson",2025-03-29,2025,4,34,34,34,34,34,0.9,""
"New Hampshire",2025-04-26,"calendar","sir","hurdle_ztpoisson",2025-04-05,2025,3,17,17,17,17,17,0.9,""
"New Hampshire",2025-04-26,"calendar","sir","hurdle_ztpoisson",2025-04-12,2025,2,22,22,22,22,22,0.9,""
"New Hampshire",2025-04-26,"calendar","sir","hurdle_ztpoisson",2025-04-19,2025,1,22,22,22,22,22,0.9,""
"New Hampshire",2025-04-26,"calendar","sir","hurdle_ztpoisson",2025-04-26,2025,0,9,9,9,9,9,0.9,""
"New Hampshire",2025-05-31,"calendar","hsgp","hurdle_ztnb",2025-05-03,2025,4,6,6,6,6,6,0.9,""
"New Hampshire",2025-05-31,"calendar","hsgp","hurdle_ztnb",2025-05-10,2025,3,8,8,8,8,8,0.9,""
"New Hampshire",2025-05-31,"calendar","hsgp","hurdle_ztnb",2025-05-17,2025,2,3,3,3,3,3,0.9,""
"New Hampshire",2025-05-31,"calendar","hsgp","hurdle_ztnb",2025-05-24,2025,1,2,1,2,2,3,0.9,""
"New Hampshire",2025-05-31,"calendar","hsgp","hurdle_ztnb",2025-05-31,2025,0,3,3,3,3,7,0.9,""
"New Hampshire",2025-05-31,"calendar","hsgp","hurdle_ztpoisson",2025-05-03,2025,4,6,6,6,6,6,0.9,""
"New Hampshire",2025-05-31,"calendar","hsgp","hurdle_ztpoisson",2025-05-10,2025,3,8,8,8,8,8,0.9,""
"New Hampshire",2025-05-31,"calendar","hsgp","hurdle_ztpoisson",2025-05-17,2025,2,3,3,3,0.449999999999998,3,0.9,""
"New Hampshire",2025-05-31,"calendar","hsgp","hurdle_ztpoisson",2025-05-24,2025,1,2,1,2,2,2,0.9,""
"New Hampshire",2025-05-31,"calendar","hsgp","hurdle_ztpoisson",2025-05-31,2025,0,3,3,3,3,5,0.9,""
"New Hampshire",2025-05-31,"calendar","sir","hurdle_ztnb",2025-05-03,2025,4,6,6,6,6,14.55,0.9,""
"New Hampshire",2025-05-31,"calendar","sir","hurdle_ztnb",2025-05-10,2025,3,8,8,8,4,15.1999999999999,0.9,""
"New Hampshire",2025-05-31,"calendar","sir","hurdle_ztnb",2025-05-17,2025,2,3,3,3,0,17.55,0.9,""
"New Hampshire",2025-05-31,"calendar","sir","hurdle_ztnb",2025-05-24,2025,1,2,1,2,0,23.6499999999999,0.9,""
"New Hampshire",2025-05-31,"calendar","sir","hurdle_ztnb",2025-05-31,2025,0,3,3,3,0,32.1,0.9,""
"New Hampshire",2025-05-31,"calendar","sir","hurdle_ztpoisson",2025-05-03,2025,4,6,6,6,6,6,0.9,""
"New Hampshire",2025-05-31,"calendar","sir","hurdle_ztpoisson",2025-05-10,2025,3,8,8,8,8,8,0.9,""
"New Hampshire",2025-05-31,"calendar","sir","hurdle_ztpoisson",2025-05-17,2025,2,3,3,3,3,3,0.9,""
"New Hampshire",2025-05-31,"calendar","sir","hurdle_ztpoisson",2025-05-24,2025,1,2,1,2,2,2,0.9,""
"New Hampshire",2025-05-31,"calendar","sir","hurdle_ztpoisson",2025-05-31,2025,0,3,3,3,3,3,0.9,""
"New Jersey",2025-01-02,"calendar","hsgp","hurdle_ztnb",2024-11-30,2024,4,67,67,67,67,82.55,0.9,""
"New Jersey",2025-01-02,"calendar","hsgp","hurdle_ztnb",2024-12-07,2024,3,109,109,109,109,127,0.9,""
"New Jersey",2025-01-02,"calendar","hsgp","hurdle_ztnb",2024-12-14,2024,2,174,174,174,174,195.55,0.9,""
"New Jersey",2025-01-02,"calendar","hsgp","hurdle_ztnb",2024-12-21,2024,1,335,335,335,321.45,361,0.9,""
"New Jersey",2025-01-02,"calendar","hsgp","hurdle_ztnb",2024-12-28,2024,0,723,723,724.5,690.45,795.8,0.9,""
"New Jersey",2025-01-02,"calendar","hsgp","hurdle_ztpoisson",2024-11-30,2024,4,67,67,67,67,67,0.9,""
"New Jersey",2025-01-02,"calendar","hsgp","hurdle_ztpoisson",2024-12-07,2024,3,109,109,109,109,109,0.9,""
"New Jersey",2025-01-02,"calendar","hsgp","hurdle_ztpoisson",2024-12-14,2024,2,174,174,174,174,184,0.9,""
"New Jersey",2025-01-02,"calendar","hsgp","hurdle_ztpoisson",2024-12-21,2024,1,335,335,335,335,346.55,0.9,""
"New Jersey",2025-01-02,"calendar","hsgp","hurdle_ztpoisson",2024-12-28,2024,0,723,723,723,702,753.55,0.9,""
"New Jersey",2025-01-02,"calendar","sir","hurdle_ztnb",2024-11-30,2024,4,67,67,67,67,74.55,0.9,""
"New Jersey",2025-01-02,"calendar","sir","hurdle_ztnb",2024-12-07,2024,3,109,109,109,109,124,0.9,""
"New Jersey",2025-01-02,"calendar","sir","hurdle_ztnb",2024-12-14,2024,2,174,174,174,174,186,0.9,""
"New Jersey",2025-01-02,"calendar","sir","hurdle_ztnb",2024-12-21,2024,1,335,335,335,335,349,0.9,""
"New Jersey",2025-01-02,"calendar","sir","hurdle_ztnb",2024-12-28,2024,0,723,723,723,710,746.55,0.9,""
"New Jersey",2025-01-02,"calendar","sir","hurdle_ztpoisson",2024-11-30,2024,4,67,67,67,67,67,0.9,""
"New Jersey",2025-01-02,"calendar","sir","hurdle_ztpoisson",2024-12-07,2024,3,109,109,109,109,125.55,0.9,""
"New Jersey",2025-01-02,"calendar","sir","hurdle_ztpoisson",2024-12-14,2024,2,174,174,174,174,174,0.9,""
"New Jersey",2025-01-02,"calendar","sir","hurdle_ztpoisson",2024-12-21,2024,1,335,335,335,335,345,0.9,""
"New Jersey",2025-01-02,"calendar","sir","hurdle_ztpoisson",2024-12-28,2024,0,723,723,723,712.45,750,0.9,""
"New Jersey",2025-02-15,"calendar","hsgp","hurdle_ztnb",2025-01-18,2025,4,1259,1259,1267.5,1259,1340.95,0.9,""
"New Jersey",2025-02-15,"calendar","hsgp","hurdle_ztnb",2025-01-25,2025,3,1591,1591,1598,1591,1690.55,0.9,""
"New Jersey",2025-02-15,"calendar","hsgp","hurdle_ztnb",2025-02-01,2025,2,1794,1794,1815,1786.7,1944.65,0.9,""
"New Jersey",2025-02-15,"calendar","hsgp","hurdle_ztnb",2025-02-08,2025,1,1888,1888,1913.5,1809.05,2114.65,0.9,""
"New Jersey",2025-02-15,"calendar","hsgp","hurdle_ztnb",2025-02-15,2025,0,1517,1517,1558,1271.7,2031.5,0.9,""
"New Jersey",2025-02-15,"calendar","hsgp","hurdle_ztpoisson",2025-01-18,2025,4,1259,1259,1259,1255.15,1277.55,0.9,""
"New Jersey",2025-02-15,"calendar","hsgp","hurdle_ztpoisson",2025-01-25,2025,3,1591,1591,1591,1577,1615.1,0.9,""
"New Jersey",2025-02-15,"calendar","hsgp","hurdle_ztpoisson",2025-02-01,2025,2,1794,1794,1794,1780,1826.55,0.9,""
"New Jersey",2025-02-15,"calendar","hsgp","hurdle_ztpoisson",2025-02-08,2025,1,1888,1888,1888,1832.45,1952.55,0.9,""
"New Jersey",2025-02-15,"calendar","hsgp","hurdle_ztpoisson",2025-02-15,2025,0,1517,1517,1517,1016.9,1572.1,0.9,""
"New Jersey",2025-02-15,"calendar","sir","hurdle_ztnb",2025-01-18,2025,4,1259,1259,1259,1259,1276.55,0.9,""
"New Jersey",2025-02-15,"calendar","sir","hurdle_ztnb",2025-01-25,2025,3,1591,1591,1591,1590,1611.55,0.9,""
"New Jersey",2025-02-15,"calendar","sir","hurdle_ztnb",2025-02-01,2025,2,1794,1794,1794,1787,1815.2,0.9,""
"New Jersey",2025-02-15,"calendar","sir","hurdle_ztnb",2025-02-08,2025,1,1888,1888,1888,1880.45,1915.55,0.9,""
"New Jersey",2025-02-15,"calendar","sir","hurdle_ztnb",2025-02-15,2025,0,1517,1517,1517,1490.45,1569.75,0.9,""
"New Jersey",2025-02-15,"calendar","sir","hurdle_ztpoisson",2025-01-18,2025,4,1259,1259,1259,1259,1279.55,0.9,""
"New Jersey",2025-02-15,"calendar","sir","hurdle_ztpoisson",2025-01-25,2025,3,1591,1591,1591,1591,1599.1,0.9,""
"New Jersey",2025-02-15,"calendar","sir","hurdle_ztpoisson",2025-02-01,2025,2,1794,1794,1794,1794,1805.1,0.9,""
"New Jersey",2025-02-15,"calendar","sir","hurdle_ztpoisson",2025-02-08,2025,1,1888,1888,1888,1888,1907.55,0.9,""
"New Jersey",2025-02-15,"calendar","sir","hurdle_ztpoisson",2025-02-15,2025,0,1517,1517,1517,1458.25,1538.55,0.9,""
"New Jersey",2025-03-29,"calendar","hsgp","hurdle_ztnb",2025-03-01,2025,4,932,938,932,929,964.65,0.9,""
"New Jersey",2025-03-29,"calendar","hsgp","hurdle_ztnb",2025-03-08,2025,3,606,630,606,593.9,640,0.9,""
"New Jersey",2025-03-29,"calendar","hsgp","hurdle_ztnb",2025-03-15,2025,2,460,465,460,449,505.2,0.9,""
"New Jersey",2025-03-29,"calendar","hsgp","hurdle_ztnb",2025-03-22,2025,1,344,345,344,321.45,385.75,0.9,""
"New Jersey",2025-03-29,"calendar","hsgp","hurdle_ztnb",2025-03-29,2025,0,282,282,283,221.9,352,0.9,""
"New Jersey",2025-03-29,"calendar","hsgp","hurdle_ztpoisson",2025-03-01,2025,4,932,938,932,929.45,952.65,0.9,""
"New Jersey",2025-03-29,"calendar","hsgp","hurdle_ztpoisson",2025-03-08,2025,3,606,630,606,597.45,621,0.9,""
"New Jersey",2025-03-29,"calendar","hsgp","hurdle_ztpoisson",2025-03-15,2025,2,460,465,460,452,473,0.9,""
"New Jersey",2025-03-29,"calendar","hsgp","hurdle_ztpoisson",2025-03-22,2025,1,344,345,344,334,359.55,0.9,""
"New Jersey",2025-03-29,"calendar","hsgp","hurdle_ztpoisson",2025-03-29,2025,0,282,282,277,190.45,357.1,0.9,""
"New Jersey",2025-03-29,"calendar","sir","hurdle_ztnb",2025-03-01,2025,4,932,938,932,932,945,0.9,""
"New Jersey",2025-03-29,"calendar","sir","hurdle_ztnb",2025-03-08,2025,3,606,630,606,606,619,0.9,""
"New Jersey",2025-03-29,"calendar","sir","hurdle_ztnb",2025-03-15,2025,2,460,465,460,457,477.55,0.9,""
"New Jersey",2025-03-29,"calendar","sir","hurdle_ztnb",2025-03-22,2025,1,344,345,344,338,362,0.9,""
"New Jersey",2025-03-29,"calendar","sir","hurdle_ztnb",2025-03-29,2025,0,282,282,282,258.45,310.4,0.9,""
"New Jersey",2025-03-29,"calendar","sir","hurdle_ztpoisson",2025-03-01,2025,4,932,938,932,932,932,0.9,""
"New Jersey",2025-03-29,"calendar","sir","hurdle_ztpoisson",2025-03-08,2025,3,606,630,606,606,606,0.9,""
"New Jersey",2025-03-29,"calendar","sir","hurdle_ztpoisson",2025-03-15,2025,2,460,465,460,460,460,0.9,""
"New Jersey",2025-03-29,"calendar","sir","hurdle_ztpoisson",2025-03-22,2025,1,344,345,344,344,344,0.9,""
"New Jersey",2025-03-29,"calendar","sir","hurdle_ztpoisson",2025-03-29,2025,0,282,282,282,282,282,0.9,""
"New Jersey",2025-04-26,"calendar","hsgp","hurdle_ztnb",2025-03-29,2025,4,282,282,282,282,292.55,0.9,""
"New Jersey",2025-04-26,"calendar","hsgp","hurdle_ztnb",2025-04-05,2025,3,245,248,245,244.45,257.2,0.9,""
"New Jersey",2025-04-26,"calendar","hsgp","hurdle_ztnb",2025-04-12,2025,2,161,161,161,157.45,178.55,0.9,""
"New Jersey",2025-04-26,"calendar","hsgp","hurdle_ztnb",2025-04-19,2025,1,134,137,134,128,158,0.9,""
"New Jersey",2025-04-26,"calendar","hsgp","hurdle_ztnb",2025-04-26,2025,0,68,72,68,37.15,102.55,0.9,""
"New Jersey",2025-04-26,"calendar","hsgp","hurdle_ztpoisson",2025-03-29,2025,4,282,282,282,282,289.55,0.9,""
"New Jersey",2025-04-26,"calendar","hsgp","hurdle_ztpoisson",2025-04-05,2025,3,245,248,245,244,253.1,0.9,""
"New Jersey",2025-04-26,"calendar","hsgp","hurdle_ztpoisson",2025-04-12,2025,2,161,161,161,157.9,167.55,0.9,""
"New Jersey",2025-04-26,"calendar","hsgp","hurdle_ztpoisson",2025-04-19,2025,1,134,137,134,128.45,142,0.9,""
"New Jersey",2025-04-26,"calendar","hsgp","hurdle_ztpoisson",2025-04-26,2025,0,68,72,68,35,84.7499999999999,0.9,""
"New Jersey",2025-04-26,"calendar","sir","hurdle_ztnb",2025-03-29,2025,4,282,282,282,282,290.55,0.9,""
"New Jersey",2025-04-26,"calendar","sir","hurdle_ztnb",2025-04-05,2025,3,245,248,245,245,251,0.9,""
"New Jersey",2025-04-26,"calendar","sir","hurdle_ztnb",2025-04-12,2025,2,161,161,161,158.45,176,0.9,""
"New Jersey",2025-04-26,"calendar","sir","hurdle_ztnb",2025-04-19,2025,1,134,137,134,125,157,0.9,""
"New Jersey",2025-04-26,"calendar","sir","hurdle_ztnb",2025-04-26,2025,0,68,72,68,55,97,0.9,""
"New Jersey",2025-04-26,"calendar","sir","hurdle_ztpoisson",2025-03-29,2025,4,282,282,282,282,282,0.9,""
"New Jersey",2025-04-26,"calendar","sir","hurdle_ztpoisson",2025-04-05,2025,3,245,248,245,245,245,0.9,""
"New Jersey",2025-04-26,"calendar","sir","hurdle_ztpoisson",2025-04-12,2025,2,161,161,161,161,161,0.9,""
"New Jersey",2025-04-26,"calendar","sir","hurdle_ztpoisson",2025-04-19,2025,1,134,137,134,134,134,0.9,""
"New Jersey",2025-04-26,"calendar","sir","hurdle_ztpoisson",2025-04-26,2025,0,68,72,68,68,68,0.9,""
"New Jersey",2025-05-31,"calendar","hsgp","hurdle_ztnb",2025-05-03,2025,4,70,70,70,70,71.1,0.9,""
"New Jersey",2025-05-31,"calendar","hsgp","hurdle_ztnb",2025-05-10,2025,3,40,40,40,40,43,0.9,""
"New Jersey",2025-05-31,"calendar","hsgp","hurdle_ztnb",2025-05-17,2025,2,43,43,43,43,48,0.9,""
"New Jersey",2025-05-31,"calendar","hsgp","hurdle_ztnb",2025-05-24,2025,1,25,25,25,21,34,0.9,""
"New Jersey",2025-05-31,"calendar","hsgp","hurdle_ztnb",2025-05-31,2025,0,30,30,30,22,38.55,0.9,""
"New Jersey",2025-05-31,"calendar","hsgp","hurdle_ztpoisson",2025-05-03,2025,4,70,70,70,70,70,0.9,""
"New Jersey",2025-05-31,"calendar","hsgp","hurdle_ztpoisson",2025-05-10,2025,3,40,40,40,40,40,0.9,""
"New Jersey",2025-05-31,"calendar","hsgp","hurdle_ztpoisson",2025-05-17,2025,2,43,43,43,43,43,0.9,""
"New Jersey",2025-05-31,"calendar","hsgp","hurdle_ztpoisson",2025-05-24,2025,1,25,25,25,25,28,0.9,""
"New Jersey",2025-05-31,"calendar","hsgp","hurdle_ztpoisson",2025-05-31,2025,0,30,30,30,21,33.55,0.9,""
"New Jersey",2025-05-31,"calendar","sir","hurdle_ztnb",2025-05-03,2025,4,70,70,70,70,75,0.9,""
"New Jersey",2025-05-31,"calendar","sir","hurdle_ztnb",2025-05-10,2025,3,40,40,40,40,53,0.9,""
"New Jersey",2025-05-31,"calendar","sir","hurdle_ztnb",2025-05-17,2025,2,43,43,43,37.9,64.55,0.9,""
"New Jersey",2025-05-31,"calendar","sir","hurdle_ztnb",2025-05-24,2025,1,25,25,25,20,44.55,0.9,""
"New Jersey",2025-05-31,"calendar","sir","hurdle_ztnb",2025-05-31,2025,0,30,30,30,13,69.7499999999999,0.9,""
"New Jersey",2025-05-31,"calendar","sir","hurdle_ztpoisson",2025-05-03,2025,4,70,70,70,70,70,0.9,""
"New Jersey",2025-05-31,"calendar","sir","hurdle_ztpoisson",2025-05-10,2025,3,40,40,40,40,40,0.9,""
"New Jersey",2025-05-31,"calendar","sir","hurdle_ztpoisson",2025-05-17,2025,2,43,43,43,43,43,0.9,""
"New Jersey",2025-05-31,"calendar","sir","hurdle_ztpoisson",2025-05-24,2025,1,25,25,25,25,25,0.9,""
"New Jersey",2025-05-31,"calendar","sir","hurdle_ztpoisson",2025-05-31,2025,0,30,30,30,30,30,0.9,""
"New Mexico",2025-01-02,"calendar","hsgp","hurdle_ztnb",2024-11-30,2024,4,53,55,53,53,62,0.9,""
"New Mexico",2025-01-02,"calendar","hsgp","hurdle_ztnb",2024-12-07,2024,3,100,103,101,100,112,0.9,""
"New Mexico",2025-01-02,"calendar","hsgp","hurdle_ztnb",2024-12-14,2024,2,107,108,108,107,119.55,0.9,""
"New Mexico",2025-01-02,"calendar","hsgp","hurdle_ztnb",2024-12-21,2024,1,196,207,201,196,214.55,0.9,""
"New Mexico",2025-01-02,"calendar","hsgp","hurdle_ztnb",2024-12-28,2024,0,216,234,221,213,258.55,0.9,""
"New Mexico",2025-01-02,"calendar","hsgp","hurdle_ztpoisson",2024-11-30,2024,4,53,55,53,53,59,0.9,""
"New Mexico",2025-01-02,"calendar","hsgp","hurdle_ztpoisson",2024-12-07,2024,3,100,103,100,100,106,0.9,""
"New Mexico",2025-01-02,"calendar","hsgp","hurdle_ztpoisson",2024-12-14,2024,2,107,108,109,106.45,118,0.9,""
"New Mexico",2025-01-02,"calendar","hsgp","hurdle_ztpoisson",2024-12-21,2024,1,196,207,202,196,213,0.9,""
"New Mexico",2025-01-02,"calendar","hsgp","hurdle_ztpoisson",2024-12-28,2024,0,216,234,223,192.45,255,0.9,""
"New Mexico",2025-01-02,"calendar","sir","hurdle_ztnb",2024-11-30,2024,4,53,55,53,53,58.55,0.9,""
"New Mexico",2025-01-02,"calendar","sir","hurdle_ztnb",2024-12-07,2024,3,100,103,100,100,106,0.9,""
"New Mexico",2025-01-02,"calendar","sir","hurdle_ztnb",2024-12-14,2024,2,107,108,107,107,119,0.9,""
"New Mexico",2025-01-02,"calendar","sir","hurdle_ztnb",2024-12-21,2024,1,196,207,196,196,218,0.9,""
"New Mexico",2025-01-02,"calendar","sir","hurdle_ztnb",2024-12-28,2024,0,216,234,216,207.45,233,0.9,""
"New Mexico",2025-01-02,"calendar","sir","hurdle_ztpoisson",2024-11-30,2024,4,53,55,53,53,53,0.9,""
"New Mexico",2025-01-02,"calendar","sir","hurdle_ztpoisson",2024-12-07,2024,3,100,103,103,100,113,0.9,""
"New Mexico",2025-01-02,"calendar","sir","hurdle_ztpoisson",2024-12-14,2024,2,107,108,107,107,113.55,0.9,""
"New Mexico",2025-01-02,"calendar","sir","hurdle_ztpoisson",2024-12-21,2024,1,196,207,196,196,205.55,0.9,""
"New Mexico",2025-01-02,"calendar","sir","hurdle_ztpoisson",2024-12-28,2024,0,216,234,218,207,238,0.9,""
"New Mexico",2025-02-15,"calendar","hsgp","hurdle_ztnb",2025-01-18,2025,4,250,251,254,250,265.55,0.9,""
"New Mexico",2025-02-15,"calendar","hsgp","hurdle_ztnb",2025-01-25,2025,3,194,196,199,194,217,0.9,""
"New Mexico",2025-02-15,"calendar","hsgp","hurdle_ztnb",2025-02-01,2025,2,212,214,219,212,242.1,0.9,""
"New Mexico",2025-02-15,"calendar","hsgp","hurdle_ztnb",2025-02-08,2025,1,203,215,216,203,250.1,0.9,""
"New Mexico",2025-02-15,"calendar","hsgp","hurdle_ztnb",2025-02-15,2025,0,130,248,144,113.45,213,0.9,""
"New Mexico",2025-02-15,"calendar","hsgp","hurdle_ztpoisson",2025-01-18,2025,4,250,251,250,246,258,0.9,""
"New Mexico",2025-02-15,"calendar","hsgp","hurdle_ztpoisson",2025-01-25,2025,3,194,196,194,189,204,0.9,""
"New Mexico",2025-02-15,"calendar","hsgp","hurdle_ztpoisson",2025-02-01,2025,2,212,214,213,206,222,0.9,""
"New Mexico",2025-02-15,"calendar","hsgp","hurdle_ztpoisson",2025-02-08,2025,1,203,215,203,195,216,0.9,""
"New Mexico",2025-02-15,"calendar","hsgp","hurdle_ztpoisson",2025-02-15,2025,0,130,248,130,92,165,0.9,""
"New Mexico",2025-02-15,"calendar","sir","hurdle_ztnb",2025-01-18,2025,4,250,251,251,250,261,0.9,""
"New Mexico",2025-02-15,"calendar","sir","hurdle_ztnb",2025-01-25,2025,3,194,196,196,194,212.55,0.9,""
"New Mexico",2025-02-15,"calendar","sir","hurdle_ztnb",2025-02-01,2025,2,212,214,215,212,235,0.9,""
"New Mexico",2025-02-15,"calendar","sir","hurdle_ztnb",2025-02-08,2025,1,203,215,206,203,231.55,0.9,""
"New Mexico",2025-02-15,"calendar","sir","hurdle_ztnb",2025-02-15,2025,0,130,248,134,125.45,174.2,0.9,""
"New Mexico",2025-02-15,"calendar","sir","hurdle_ztpoisson",2025-01-18,2025,4,250,251,253,246,261,0.9,""
"New Mexico",2025-02-15,"calendar","sir","hurdle_ztpoisson",2025-01-25,2025,3,194,196,194,194,200,0.9,""
"New Mexico",2025-02-15,"calendar","sir","hurdle_ztpoisson",2025-02-01,2025,2,212,214,212,210,217,0.9,""
"New Mexico",2025-02-15,"calendar","sir","hurdle_ztpoisson",2025-02-08,2025,1,203,215,203,198,211,0.9,""
"New Mexico",2025-02-15,"calendar","sir","hurdle_ztpoisson",2025-02-15,2025,0,130,248,130,110,145,0.9,""
"New Mexico",2025-03-29,"calendar","hsgp","hurdle_ztnb",2025-03-01,2025,4,183,184,183,183,194,0.9,""
"New Mexico",2025-03-29,"calendar","hsgp","hurdle_ztnb",2025-03-08,2025,3,178,178,179,178,188,0.9,""
"New Mexico",2025-03-29,"calendar","hsgp","hurdle_ztnb",2025-03-15,2025,2,141,146,142,141,153,0.9,""
"New Mexico",2025-03-29,"calendar","hsgp","hurdle_ztnb",2025-03-22,2025,1,103,110,104,103,116,0.9,""
"New Mexico",2025-03-29,"calendar","hsgp","hurdle_ztnb",2025-03-29,2025,0,48,90,52,44.45,72,0.9,""
"New Mexico",2025-03-29,"calendar","hsgp","hurdle_ztpoisson",2025-03-01,2025,4,183,184,183,180,189,0.9,""
"New Mexico",2025-03-29,"calendar","hsgp","hurdle_ztpoisson",2025-03-08,2025,3,178,178,178,174.45,185,0.9,""
"New Mexico",2025-03-29,"calendar","hsgp","hurdle_ztpoisson",2025-03-15,2025,2,141,146,141,136.45,148,0.9,""
"New Mexico",2025-03-29,"calendar","hsgp","hurdle_ztpoisson",2025-03-22,2025,1,103,110,103,98,113.55,0.9,""
"New Mexico",2025-03-29,"calendar","hsgp","hurdle_ztpoisson",2025-03-29,2025,0,48,90,48,22,71.1,0.9,""
"New Mexico",2025-03-29,"calendar","sir","hurdle_ztnb",2025-03-01,2025,4,183,184,183,183,194,0.9,""
"New Mexico",2025-03-29,"calendar","sir","hurdle_ztnb",2025-03-08,2025,3,178,178,178,178,188,0.9,""
"New Mexico",2025-03-29,"calendar","sir","hurdle_ztnb",2025-03-15,2025,2,141,146,141,141,153,0.9,""
"New Mexico",2025-03-29,"calendar","sir","hurdle_ztnb",2025-03-22,2025,1,103,110,104,103,122,0.9,""
"New Mexico",2025-03-29,"calendar","sir","hurdle_ztnb",2025-03-29,2025,0,48,90,51,46.45,84.55,0.9,""
"New Mexico",2025-03-29,"calendar","sir","hurdle_ztpoisson",2025-03-01,2025,4,183,184,183,183,186,0.9,""
"New Mexico",2025-03-29,"calendar","sir","hurdle_ztpoisson",2025-03-08,2025,3,178,178,178,178,182,0.9,""
"New Mexico",2025-03-29,"calendar","sir","hurdle_ztpoisson",2025-03-15,2025,2,141,146,141,139.45,145,0.9,""
"New Mexico",2025-03-29,"calendar","sir","hurdle_ztpoisson",2025-03-22,2025,1,103,110,103,103,107,0.9,""
"New Mexico",2025-03-29,"calendar","sir","hurdle_ztpoisson",2025-03-29,2025,0,48,90,48,39.45,54,0.9,""
"New Mexico",2025-04-26,"calendar","hsgp","hurdle_ztnb",2025-03-29,2025,4,90,90,90,90,97,0.9,""
"New Mexico",2025-04-26,"calendar","hsgp","hurdle_ztnb",2025-04-05,2025,3,58,58,58,58,65,0.9,""
"New Mexico",2025-04-26,"calendar","hsgp","hurdle_ztnb",2025-04-12,2025,2,37,37,38,37,46.55,0.9,""
"New Mexico",2025-04-26,"calendar","hsgp","hurdle_ztnb",2025-04-19,2025,1,31,31,32,29,42,0.9,""
"New Mexico",2025-04-26,"calendar","hsgp","hurdle_ztnb",2025-04-26,2025,0,39,42,43.5,37.45,60.55,0.9,""
"New Mexico",2025-04-26,"calendar","hsgp","hurdle_ztpoisson",2025-03-29,2025,4,90,90,90,89,94.55,0.9,""
"New Mexico",2025-04-26,"calendar","hsgp","hurdle_ztpoisson",2025-04-05,2025,3,58,58,58,56,62,0.9,""
"New Mexico",2025-04-26,"calendar","hsgp","hurdle_ztpoisson",2025-04-12,2025,2,37,37,37,34,41,0.9,""
"New Mexico",2025-04-26,"calendar","hsgp","hurdle_ztpoisson",2025-04-19,2025,1,31,31,31,27.45,37,0.9,""
"New Mexico",2025-04-26,"calendar","hsgp","hurdle_ztpoisson",2025-04-26,2025,0,39,42,39,27.45,49.55,0.9,""
"New Mexico",2025-04-26,"calendar","sir","hurdle_ztnb",2025-03-29,2025,4,90,90,90,90,98,0.9,""
"New Mexico",2025-04-26,"calendar","sir","hurdle_ztnb",2025-04-05,2025,3,58,58,58,58,67,0.9,""
"New Mexico",2025-04-26,"calendar","sir","hurdle_ztnb",2025-04-12,2025,2,37,37,37,37,51,0.9,""
"New Mexico",2025-04-26,"calendar","sir","hurdle_ztnb",2025-04-19,2025,1,31,31,31,31,52.1,0.9,""
"New Mexico",2025-04-26,"calendar","sir","hurdle_ztnb",2025-04-26,2025,0,39,42,40,38,64.1,0.9,""
"New Mexico",2025-04-26,"calendar","sir","hurdle_ztpoisson",2025-03-29,2025,4,90,90,90,90,91.55,0.9,""
"New Mexico",2025-04-26,"calendar","sir","hurdle_ztpoisson",2025-04-05,2025,3,58,58,58,58,58,0.9,""
"New Mexico",2025-04-26,"calendar","sir","hurdle_ztpoisson",2025-04-12,2025,2,37,37,37,37,37,0.9,""
"New Mexico",2025-04-26,"calendar","sir","hurdle_ztpoisson",2025-04-19,2025,1,31,31,31,31,32,0.9,""
"New Mexico",2025-04-26,"calendar","sir","hurdle_ztpoisson",2025-04-26,2025,0,39,42,39,31.45,43,0.9,""
"New Mexico",2025-05-31,"calendar","hsgp","hurdle_ztnb",2025-05-03,2025,4,32,32,32,32,35,0.9,""
"New Mexico",2025-05-31,"calendar","hsgp","hurdle_ztnb",2025-05-10,2025,3,25,25,25,25,27.55,0.9,""
"New Mexico",2025-05-31,"calendar","hsgp","hurdle_ztnb",2025-05-17,2025,2,11,11,11,11,14,0.9,""
"New Mexico",2025-05-31,"calendar","hsgp","hurdle_ztnb",2025-05-24,2025,1,14,14,14,14,19,0.9,""
"New Mexico",2025-05-31,"calendar","hsgp","hurdle_ztnb",2025-05-31,2025,0,4,7,4,3,11.55,0.9,""
"New Mexico",2025-05-31,"calendar","hsgp","hurdle_ztpoisson",2025-05-03,2025,4,32,32,32,32,34.55,0.9,""
"New Mexico",2025-05-31,"calendar","hsgp","hurdle_ztpoisson",2025-05-10,2025,3,25,25,25,25,26,0.9,""
"New Mexico",2025-05-31,"calendar","hsgp","hurdle_ztpoisson",2025-05-17,2025,2,11,11,11,10,12,0.9,""
"New Mexico",2025-05-31,"calendar","hsgp","hurdle_ztpoisson",2025-05-24,2025,1,14,14,14,14,18,0.9,""
"New Mexico",2025-05-31,"calendar","hsgp","hurdle_ztpoisson",2025-05-31,2025,0,4,7,4,0,8,0.9,""
"New Mexico",2025-05-31,"calendar","sir","hurdle_ztnb",2025-05-03,2025,4,32,32,32,32,35.55,0.9,""
"New Mexico",2025-05-31,"calendar","sir","hurdle_ztnb",2025-05-10,2025,3,25,25,25,25,30,0.9,""
"New Mexico",2025-05-31,"calendar","sir","hurdle_ztnb",2025-05-17,2025,2,11,11,11,11,16,0.9,""
"New Mexico",2025-05-31,"calendar","sir","hurdle_ztnb",2025-05-24,2025,1,14,14,14,14,21.55,0.9,""
"New Mexico",2025-05-31,"calendar","sir","hurdle_ztnb",2025-05-31,2025,0,4,7,4,4,17.7499999999999,0.9,""
"New Mexico",2025-05-31,"calendar","sir","hurdle_ztpoisson",2025-05-03,2025,4,32,32,32,32,32,0.9,""
"New Mexico",2025-05-31,"calendar","sir","hurdle_ztpoisson",2025-05-10,2025,3,25,25,25,25,25,0.9,""
"New Mexico",2025-05-31,"calendar","sir","hurdle_ztpoisson",2025-05-17,2025,2,11,11,11,11,11,0.9,""
"New Mexico",2025-05-31,"calendar","sir","hurdle_ztpoisson",2025-05-24,2025,1,14,14,14,14,14,0.9,""
"New Mexico",2025-05-31,"calendar","sir","hurdle_ztpoisson",2025-05-31,2025,0,4,7,4,4,4,0.9,""
"New York",2025-01-02,"calendar","hsgp","hurdle_ztnb",2024-11-30,2024,4,145,145,145,145,161.55,0.9,""
"New York",2025-01-02,"calendar","hsgp","hurdle_ztnb",2024-12-07,2024,3,274,275,274,274,300,0.9,""
"New York",2025-01-02,"calendar","hsgp","hurdle_ztnb",2024-12-14,2024,2,425,432,428,425,453.55,0.9,""
"New York",2025-01-02,"calendar","hsgp","hurdle_ztnb",2024-12-21,2024,1,725,736,728,719.45,774,0.9,""
"New York",2025-01-02,"calendar","hsgp","hurdle_ztnb",2024-12-28,2024,0,1491,1528,1499,1468.1,1560.55,0.9,""
"New York",2025-01-02,"calendar","hsgp","hurdle_ztpoisson",2024-11-30,2024,4,145,145,145,145,145,0.9,""
"New York",2025-01-02,"calendar","hsgp","hurdle_ztpoisson",2024-12-07,2024,3,274,275,274,274,274,0.9,""
"New York",2025-01-02,"calendar","hsgp","hurdle_ztpoisson",2024-12-14,2024,2,425,432,425,425,425,0.9,""
"New York",2025-01-02,"calendar","hsgp","hurdle_ztpoisson",2024-12-21,2024,1,725,736,725,725,734.55,0.9,""
"New York",2025-01-02,"calendar","hsgp","hurdle_ztpoisson",2024-12-28,2024,0,1491,1528,1491,1491,1530.2,0.9,""
"New York",2025-01-02,"calendar","sir","hurdle_ztnb",2024-11-30,2024,4,145,145,145,145,156.1,0.9,""
"New York",2025-01-02,"calendar","sir","hurdle_ztnb",2024-12-07,2024,3,274,275,274,274,287,0.9,""
"New York",2025-01-02,"calendar","sir","hurdle_ztnb",2024-12-14,2024,2,425,432,425,425,439,0.9,""
"New York",2025-01-02,"calendar","sir","hurdle_ztnb",2024-12-21,2024,1,725,736,725,724,746,0.9,""
"New York",2025-01-02,"calendar","sir","hurdle_ztnb",2024-12-28,2024,0,1491,1528,1491,1485,1523.65,0.9,""
"New York",2025-01-02,"calendar","sir","hurdle_ztpoisson",2024-11-30,2024,4,145,145,145,145,145,0.9,""
"New York",2025-01-02,"calendar","sir","hurdle_ztpoisson",2024-12-07,2024,3,274,275,279,274,303,0.9,""
"New York",2025-01-02,"calendar","sir","hurdle_ztpoisson",2024-12-14,2024,2,425,432,425,425,430.55,0.9,""
"New York",2025-01-02,"calendar","sir","hurdle_ztpoisson",2024-12-21,2024,1,725,736,725,725,737,0.9,""
"New York",2025-01-02,"calendar","sir","hurdle_ztpoisson",2024-12-28,2024,0,1491,1528,1491,1483.45,1531,0.9,""
"New York",2025-02-15,"calendar","hsgp","hurdle_ztnb",2025-01-18,2025,4,2567,2617,2576,2567,2637.55,0.9,""
"New York",2025-02-15,"calendar","hsgp","hurdle_ztnb",2025-01-25,2025,3,2899,2931,2914,2899,3034,0.9,""
"New York",2025-02-15,"calendar","hsgp","hurdle_ztnb",2025-02-01,2025,2,3030,3128,3056,3027.45,3214.65,0.9,""
"New York",2025-02-15,"calendar","hsgp","hurdle_ztnb",2025-02-08,2025,1,2824,2945,2863.5,2806.4,3188.7,0.9,""
"New York",2025-02-15,"calendar","hsgp","hurdle_ztnb",2025-02-15,2025,0,2260,2499,2323.5,2046.4,3067.65,0.9,""
"New York",2025-02-15,"calendar","hsgp","hurdle_ztpoisson",2025-01-18,2025,4,2567,2617,2567,2567,2567,0.9,""
"New York",2025-02-15,"calendar","hsgp","hurdle_ztpoisson",2025-01-25,2025,3,2899,2931,2899,2899,2906,0.9,""
"New York",2025-02-15,"calendar","hsgp","hurdle_ztpoisson",2025-02-01,2025,2,3030,3128,3030,3030,3043.55,0.9,""
"New York",2025-02-15,"calendar","hsgp","hurdle_ztpoisson",2025-02-08,2025,1,2824,2945,2824,2824,2890.55,0.9,""
"New York",2025-02-15,"calendar","hsgp","hurdle_ztpoisson",2025-02-15,2025,0,2260,2499,2260,2260,2772.65,0.9,""
"New York",2025-02-15,"calendar","sir","hurdle_ztnb",2025-01-18,2025,4,2567,2617,2567,2567,2582,0.9,""
"New York",2025-02-15,"calendar","sir","hurdle_ztnb",2025-01-25,2025,3,2899,2931,2899,2898,2918,0.9,""
"New York",2025-02-15,"calendar","sir","hurdle_ztnb",2025-02-01,2025,2,3030,3128,3031,3030,3061.1,0.9,""
"New York",2025-02-15,"calendar","sir","hurdle_ztnb",2025-02-08,2025,1,2824,2945,2825,2819.45,2878.1,0.9,""
"New York",2025-02-15,"calendar","sir","hurdle_ztnb",2025-02-15,2025,0,2260,2499,2261,2226.85,2325.55,0.9,""
"New York",2025-02-15,"calendar","sir","hurdle_ztpoisson",2025-01-18,2025,4,2567,2617,2567,2567,2567,0.9,"The `hurdle_ztpoisson` optimizer did not pass the stability gate.
✖ Optimizer code 1: iteration limit reached without convergence (10)
✖ Maximum absolute gradient: 24.17.
ℹ Try `count_cumulative_process(observation = ""hurdle_ztnb"")`; the ZTNB
  magnitude law was stable in the package-wide sweep.
ℹ This finite fit is returned with `gradient_status = ""warning""`; inspect
  `fit$opt` before using it. | CHOLMOD warning 'matrix not positive definite' at file 'Supernodal/t_cholmod_super_numeric_worker.c', line 1114"
"New York",2025-02-15,"calendar","sir","hurdle_ztpoisson",2025-01-25,2025,3,2899,2931,2899,2899,2899,0.9,"The `hurdle_ztpoisson` optimizer did not pass the stability gate.
✖ Optimizer code 1: iteration limit reached without convergence (10)
✖ Maximum absolute gradient: 24.17.
ℹ Try `count_cumulative_process(observation = ""hurdle_ztnb"")`; the ZTNB
  magnitude law was stable in the package-wide sweep.
ℹ This finite fit is returned with `gradient_status = ""warning""`; inspect
  `fit$opt` before using it. | CHOLMOD warning 'matrix not positive definite' at file 'Supernodal/t_cholmod_super_numeric_worker.c', line 1114"
"New York",2025-02-15,"calendar","sir","hurdle_ztpoisson",2025-02-01,2025,2,3030,3128,3030,3030,3030,0.9,"The `hurdle_ztpoisson` optimizer did not pass the stability gate.
✖ Optimizer code 1: iteration limit reached without convergence (10)
✖ Maximum absolute gradient: 24.17.
ℹ Try `count_cumulative_process(observation = ""hurdle_ztnb"")`; the ZTNB
  magnitude law was stable in the package-wide sweep.
ℹ This finite fit is returned with `gradient_status = ""warning""`; inspect
  `fit$opt` before using it. | CHOLMOD warning 'matrix not positive definite' at file 'Supernodal/t_cholmod_super_numeric_worker.c', line 1114"
"New York",2025-02-15,"calendar","sir","hurdle_ztpoisson",2025-02-08,2025,1,2824,2945,2824,2824,2824,0.9,"The `hurdle_ztpoisson` optimizer did not pass the stability gate.
✖ Optimizer code 1: iteration limit reached without convergence (10)
✖ Maximum absolute gradient: 24.17.
ℹ Try `count_cumulative_process(observation = ""hurdle_ztnb"")`; the ZTNB
  magnitude law was stable in the package-wide sweep.
ℹ This finite fit is returned with `gradient_status = ""warning""`; inspect
  `fit$opt` before using it. | CHOLMOD warning 'matrix not positive definite' at file 'Supernodal/t_cholmod_super_numeric_worker.c', line 1114"
"New York",2025-02-15,"calendar","sir","hurdle_ztpoisson",2025-02-15,2025,0,2260,2499,2260,2260,2260,0.9,"The `hurdle_ztpoisson` optimizer did not pass the stability gate.
✖ Optimizer code 1: iteration limit reached without convergence (10)
✖ Maximum absolute gradient: 24.17.
ℹ Try `count_cumulative_process(observation = ""hurdle_ztnb"")`; the ZTNB
  magnitude law was stable in the package-wide sweep.
ℹ This finite fit is returned with `gradient_status = ""warning""`; inspect
  `fit$opt` before using it. | CHOLMOD warning 'matrix not positive definite' at file 'Supernodal/t_cholmod_super_numeric_worker.c', line 1114"
"New York",2025-03-29,"calendar","hsgp","hurdle_ztnb",2025-03-01,2025,4,1604,1631,1607,1604,1634.55,0.9,""
"New York",2025-03-29,"calendar","hsgp","hurdle_ztnb",2025-03-08,2025,3,1273,1282,1277,1273,1300.55,0.9,""
"New York",2025-03-29,"calendar","hsgp","hurdle_ztnb",2025-03-15,2025,2,1104,1109,1108,1104,1141.55,0.9,""
"New York",2025-03-29,"calendar","hsgp","hurdle_ztnb",2025-03-22,2025,1,887,895,892,885,934.2,0.9,""
"New York",2025-03-29,"calendar","hsgp","hurdle_ztnb",2025-03-29,2025,0,572,610,578,563,643.1,0.9,""
"New York",2025-03-29,"calendar","hsgp","hurdle_ztpoisson",2025-03-01,2025,4,1604,1631,1604,1604,1604,0.9,""
"New York",2025-03-29,"calendar","hsgp","hurdle_ztpoisson",2025-03-08,2025,3,1273,1282,1273,1273,1273,0.9,""
"New York",2025-03-29,"calendar","hsgp","hurdle_ztpoisson",2025-03-15,2025,2,1104,1109,1104,1104,1106.2,0.9,""
"New York",2025-03-29,"calendar","hsgp","hurdle_ztpoisson",2025-03-22,2025,1,887,895,887,887,907.55,0.9,""
"New York",2025-03-29,"calendar","hsgp","hurdle_ztpoisson",2025-03-29,2025,0,572,610,572,572,690.55,0.9,""
"New York",2025-03-29,"calendar","sir","hurdle_ztnb",2025-03-01,2025,4,1604,1631,1604,1603.45,1625.55,0.9,""
"New York",2025-03-29,"calendar","sir","hurdle_ztnb",2025-03-08,2025,3,1273,1282,1273,1273,1297,0.9,""
"New York",2025-03-29,"calendar","sir","hurdle_ztnb",2025-03-15,2025,2,1104,1109,1105,1104,1136,0.9,""
"New York",2025-03-29,"calendar","sir","hurdle_ztnb",2025-03-22,2025,1,887,895,888,883.45,920,0.9,""
"New York",2025-03-29,"calendar","sir","hurdle_ztnb",2025-03-29,2025,0,572,610,575,569,666.3,0.9,""
"New York",2025-03-29,"calendar","sir","hurdle_ztpoisson",2025-03-01,2025,4,1604,1631,1604,1604,1604,0.9,""
"New York",2025-03-29,"calendar","sir","hurdle_ztpoisson",2025-03-08,2025,3,1273,1282,1273,1273,1273,0.9,""
"New York",2025-03-29,"calendar","sir","hurdle_ztpoisson",2025-03-15,2025,2,1104,1109,1104,1104,1104,0.9,""
"New York",2025-03-29,"calendar","sir","hurdle_ztpoisson",2025-03-22,2025,1,887,895,887,887,889.2,0.9,""
"New York",2025-03-29,"calendar","sir","hurdle_ztpoisson",2025-03-29,2025,0,572,610,572,572,572,0.9,""
"New York",2025-04-26,"calendar","hsgp","hurdle_ztnb",2025-03-29,2025,4,610,610,610,610,623.55,0.9,""
"New York",2025-04-26,"calendar","hsgp","hurdle_ztnb",2025-04-05,2025,3,503,503,504,503,518,0.9,""
"New York",2025-04-26,"calendar","hsgp","hurdle_ztnb",2025-04-12,2025,2,395,395,396,395,414,0.9,""
"New York",2025-04-26,"calendar","hsgp","hurdle_ztnb",2025-04-19,2025,1,281,283,284,280.45,303.55,0.9,""
"New York",2025-04-26,"calendar","hsgp","hurdle_ztnb",2025-04-26,2025,0,173,209,177,168.45,216.65,0.9,""
"New York",2025-04-26,"calendar","hsgp","hurdle_ztpoisson",2025-03-29,2025,4,610,610,610,610,619,0.9,""
"New York",2025-04-26,"calendar","hsgp","hurdle_ztpoisson",2025-04-05,2025,3,503,503,503,503,512.55,0.9,""
"New York",2025-04-26,"calendar","hsgp","hurdle_ztpoisson",2025-04-12,2025,2,395,395,395,391.45,405,0.9,""
"New York",2025-04-26,"calendar","hsgp","hurdle_ztpoisson",2025-04-19,2025,1,281,283,281,276.45,288,0.9,""
"New York",2025-04-26,"calendar","hsgp","hurdle_ztpoisson",2025-04-26,2025,0,173,209,173,147,181,0.9,""
"New York",2025-04-26,"calendar","sir","hurdle_ztnb",2025-03-29,2025,4,610,610,610,610,630.55,0.9,""
"New York",2025-04-26,"calendar","sir","hurdle_ztnb",2025-04-05,2025,3,503,503,503,503,530,0.9,""
"New York",2025-04-26,"calendar","sir","hurdle_ztnb",2025-04-12,2025,2,395,395,396,395,421.85,0.9,""
"New York",2025-04-26,"calendar","sir","hurdle_ztnb",2025-04-19,2025,1,281,283,282,280.45,317,0.9,""
"New York",2025-04-26,"calendar","sir","hurdle_ztnb",2025-04-26,2025,0,173,209,175,164.45,258.2,0.9,""
"New York",2025-04-26,"calendar","sir","hurdle_ztpoisson",2025-03-29,2025,4,610,610,610,610,610,0.9,""
"New York",2025-04-26,"calendar","sir","hurdle_ztpoisson",2025-04-05,2025,3,503,503,503,503,503,0.9,""
"New York",2025-04-26,"calendar","sir","hurdle_ztpoisson",2025-04-12,2025,2,395,395,395,395,395,0.9,""
"New York",2025-04-26,"calendar","sir","hurdle_ztpoisson",2025-04-19,2025,1,281,283,281,281,281,0.9,""
"New York",2025-04-26,"calendar","sir","hurdle_ztpoisson",2025-04-26,2025,0,173,209,173,173,173,0.9,""
"New York",2025-05-31,"calendar","hsgp","hurdle_ztnb",2025-05-03,2025,4,157,157,157,157,161.55,0.9,""
"New York",2025-05-31,"calendar","hsgp","hurdle_ztnb",2025-05-10,2025,3,104,105,104,104,112,0.9,""
"New York",2025-05-31,"calendar","hsgp","hurdle_ztnb",2025-05-17,2025,2,63,63,63,63,70.55,0.9,""
"New York",2025-05-31,"calendar","hsgp","hurdle_ztnb",2025-05-24,2025,1,49,50,50,47.45,68,0.9,""
"New York",2025-05-31,"calendar","hsgp","hurdle_ztnb",2025-05-31,2025,0,30,41,33,24,58.6499999999999,0.9,""
"New York",2025-05-31,"calendar","hsgp","hurdle_ztpoisson",2025-05-03,2025,4,157,157,157,157,157,0.9,""
"New York",2025-05-31,"calendar","hsgp","hurdle_ztpoisson",2025-05-10,2025,3,104,105,104,104,104,0.9,""
"New York",2025-05-31,"calendar","hsgp","hurdle_ztpoisson",2025-05-17,2025,2,63,63,63,63,63,0.9,""
"New York",2025-05-31,"calendar","hsgp","hurdle_ztpoisson",2025-05-24,2025,1,49,50,49,49,53,0.9,""
"New York",2025-05-31,"calendar","hsgp","hurdle_ztpoisson",2025-05-31,2025,0,30,41,30,23,32.55,0.9,""
"New York",2025-05-31,"calendar","sir","hurdle_ztnb",2025-05-03,2025,4,157,157,157,156,172,0.9,""
"New York",2025-05-31,"calendar","sir","hurdle_ztnb",2025-05-10,2025,3,104,105,104,103,127,0.9,""
"New York",2025-05-31,"calendar","sir","hurdle_ztnb",2025-05-17,2025,2,63,63,63,59.45,84.1,0.9,""
"New York",2025-05-31,"calendar","sir","hurdle_ztnb",2025-05-24,2025,1,49,50,50,42,84.55,0.9,""
"New York",2025-05-31,"calendar","sir","hurdle_ztnb",2025-05-31,2025,0,30,41,32.5,22.9,125.55,0.9,""
"New York",2025-05-31,"calendar","sir","hurdle_ztpoisson",2025-05-03,2025,4,157,157,157,157,157,0.9,""
"New York",2025-05-31,"calendar","sir","hurdle_ztpoisson",2025-05-10,2025,3,104,105,104,104,104,0.9,""
"New York",2025-05-31,"calendar","sir","hurdle_ztpoisson",2025-05-17,2025,2,63,63,63,63,63,0.9,""
"New York",2025-05-31,"calendar","sir","hurdle_ztpoisson",2025-05-24,2025,1,49,50,49,49,49,0.9,""
"New York",2025-05-31,"calendar","sir","hurdle_ztpoisson",2025-05-31,2025,0,30,41,30,30,30,0.9,""
"North Carolina",2025-01-02,"calendar","hsgp","hurdle_ztnb",2024-11-30,2024,4,43,43,43,43,44.1,0.9,""
"North Carolina",2025-01-02,"calendar","hsgp","hurdle_ztnb",2024-12-07,2024,3,65,65,65,65,69.55,0.9,""
"North Carolina",2025-01-02,"calendar","hsgp","hurdle_ztnb",2024-12-14,2024,2,170,173,170,170,188.55,0.9,""
"North Carolina",2025-01-02,"calendar","hsgp","hurdle_ztnb",2024-12-21,2024,1,268,292,268,268,304,0.9,""
"North Carolina",2025-01-02,"calendar","hsgp","hurdle_ztnb",2024-12-28,2024,0,544,611,544,544,615.95,0.9,""
"North Carolina",2025-01-02,"calendar","hsgp","hurdle_ztpoisson",2024-11-30,2024,4,43,43,43,43,43,0.9,""
"North Carolina",2025-01-02,"calendar","hsgp","hurdle_ztpoisson",2024-12-07,2024,3,65,65,65,65,65,0.9,""
"North Carolina",2025-01-02,"calendar","hsgp","hurdle_ztpoisson",2024-12-14,2024,2,170,173,170,170,170,0.9,""
"North Carolina",2025-01-02,"calendar","hsgp","hurdle_ztpoisson",2024-12-21,2024,1,268,292,268,268,277.1,0.9,""
"North Carolina",2025-01-02,"calendar","hsgp","hurdle_ztpoisson",2024-12-28,2024,0,544,611,544,544,570.55,0.9,""
"North Carolina",2025-01-02,"calendar","sir","hurdle_ztnb",2024-11-30,2024,4,43,43,43,43,43,0.9,""
"North Carolina",2025-01-02,"calendar","sir","hurdle_ztnb",2024-12-07,2024,3,65,65,65,65,65,0.9,""
"North Carolina",2025-01-02,"calendar","sir","hurdle_ztnb",2024-12-14,2024,2,170,173,170,170,173,0.9,""
"North Carolina",2025-01-02,"calendar","sir","hurdle_ztnb",2024-12-21,2024,1,268,292,268,268,276.55,0.9,""
"North Carolina",2025-01-02,"calendar","sir","hurdle_ztnb",2024-12-28,2024,0,544,611,544,544,573.55,0.9,""
"North Carolina",2025-01-02,"calendar","sir","hurdle_ztpoisson",2024-11-30,2024,4,43,43,43,43,43,0.9,"The `hurdle_ztpoisson` optimizer did not pass the stability gate.
✖ Optimizer code 1: L-BFGS-B polish: NEW_X
✖ Maximum absolute gradient: 0.3904.
ℹ Try `count_cumulative_process(observation = ""hurdle_ztnb"")`; the ZTNB
  magnitude law was stable in the package-wide sweep.
ℹ This finite fit is returned with `gradient_status = ""warning""`; inspect
  `fit$opt` before using it."
"North Carolina",2025-01-02,"calendar","sir","hurdle_ztpoisson",2024-12-07,2024,3,65,65,65,0,75,0.9,"The `hurdle_ztpoisson` optimizer did not pass the stability gate.
✖ Optimizer code 1: L-BFGS-B polish: NEW_X
✖ Maximum absolute gradient: 0.3904.
ℹ Try `count_cumulative_process(observation = ""hurdle_ztnb"")`; the ZTNB
  magnitude law was stable in the package-wide sweep.
ℹ This finite fit is returned with `gradient_status = ""warning""`; inspect
  `fit$opt` before using it."
"North Carolina",2025-01-02,"calendar","sir","hurdle_ztpoisson",2024-12-14,2024,2,170,173,170,159,170,0.9,"The `hurdle_ztpoisson` optimizer did not pass the stability gate.
✖ Optimizer code 1: L-BFGS-B polish: NEW_X
✖ Maximum absolute gradient: 0.3904.
ℹ Try `count_cumulative_process(observation = ""hurdle_ztnb"")`; the ZTNB
  magnitude law was stable in the package-wide sweep.
ℹ This finite fit is returned with `gradient_status = ""warning""`; inspect
  `fit$opt` before using it."
"North Carolina",2025-01-02,"calendar","sir","hurdle_ztpoisson",2024-12-21,2024,1,268,292,268,250.45,272.55,0.9,"The `hurdle_ztpoisson` optimizer did not pass the stability gate.
✖ Optimizer code 1: L-BFGS-B polish: NEW_X
✖ Maximum absolute gradient: 0.3904.
ℹ Try `count_cumulative_process(observation = ""hurdle_ztnb"")`; the ZTNB
  magnitude law was stable in the package-wide sweep.
ℹ This finite fit is returned with `gradient_status = ""warning""`; inspect
  `fit$opt` before using it."
"North Carolina",2025-01-02,"calendar","sir","hurdle_ztpoisson",2024-12-28,2024,0,544,611,544,500.9,563.55,0.9,"The `hurdle_ztpoisson` optimizer did not pass the stability gate.
✖ Optimizer code 1: L-BFGS-B polish: NEW_X
✖ Maximum absolute gradient: 0.3904.
ℹ Try `count_cumulative_process(observation = ""hurdle_ztnb"")`; the ZTNB
  magnitude law was stable in the package-wide sweep.
ℹ This finite fit is returned with `gradient_status = ""warning""`; inspect
  `fit$opt` before using it."
"North Carolina",2025-02-15,"calendar","hsgp","hurdle_ztnb",2025-01-18,2025,4,1104,1109,1104,1104,1126,0.9,""
"North Carolina",2025-02-15,"calendar","hsgp","hurdle_ztnb",2025-01-25,2025,3,1553,1582,1553,1553,1620,0.9,""
"North Carolina",2025-02-15,"calendar","hsgp","hurdle_ztnb",2025-02-01,2025,2,1905,2082,1905,1905,1991.55,0.9,""
"North Carolina",2025-02-15,"calendar","hsgp","hurdle_ztnb",2025-02-08,2025,1,2245,2280,2247,2245,2433.5,0.9,""
"North Carolina",2025-02-15,"calendar","hsgp","hurdle_ztnb",2025-02-15,2025,0,1523,1694,1535.5,1523,1850.1,0.9,""
"North Carolina",2025-02-15,"calendar","hsgp","hurdle_ztpoisson",2025-01-18,2025,4,1104,1109,1104,1088,1104,0.9,""
"North Carolina",2025-02-15,"calendar","hsgp","hurdle_ztpoisson",2025-01-25,2025,3,1553,1582,1553,1538,1563,0.9,""
"North Carolina",2025-02-15,"calendar","hsgp","hurdle_ztpoisson",2025-02-01,2025,2,1905,2082,1905,1889,1920,0.9,""
"North Carolina",2025-02-15,"calendar","hsgp","hurdle_ztpoisson",2025-02-08,2025,1,2245,2280,2245,2230.9,2309.55,0.9,""
"North Carolina",2025-02-15,"calendar","hsgp","hurdle_ztpoisson",2025-02-15,2025,0,1523,1694,1523,1507,1954.1,0.9,""
"North Carolina",2025-02-15,"calendar","sir","hurdle_ztnb",2025-01-18,2025,4,1104,1109,1104,1104,1109,0.9,""
"North Carolina",2025-02-15,"calendar","sir","hurdle_ztnb",2025-01-25,2025,3,1553,1582,1553,1553,1559.1,0.9,""
"North Carolina",2025-02-15,"calendar","sir","hurdle_ztnb",2025-02-01,2025,2,1905,2082,1905,1905,1924,0.9,""
"North Carolina",2025-02-15,"calendar","sir","hurdle_ztnb",2025-02-08,2025,1,2245,2280,2245,2245,2281,0.9,""
"North Carolina",2025-02-15,"calendar","sir","hurdle_ztnb",2025-02-15,2025,0,1523,1694,1523,1523,1586.4,0.9,""
"North Carolina",2025-02-15,"calendar","sir","hurdle_ztpoisson",2025-01-18,2025,4,1104,1109,1104,1104,1104,0.9,"The `hurdle_ztpoisson` optimizer did not pass the stability gate.
✖ Optimizer code 52: L-BFGS-B polish: ERROR: ABNORMAL_TERMINATION_IN_LNSRCH
✖ Maximum absolute gradient: 1.188.
ℹ Try `count_cumulative_process(observation = ""hurdle_ztnb"")`; the ZTNB
  magnitude law was stable in the package-wide sweep.
ℹ This finite fit is returned with `gradient_status = ""warning""`; inspect
  `fit$opt` before using it."
"North Carolina",2025-02-15,"calendar","sir","hurdle_ztpoisson",2025-01-25,2025,3,1553,1582,1553,1553,1553,0.9,"The `hurdle_ztpoisson` optimizer did not pass the stability gate.
✖ Optimizer code 52: L-BFGS-B polish: ERROR: ABNORMAL_TERMINATION_IN_LNSRCH
✖ Maximum absolute gradient: 1.188.
ℹ Try `count_cumulative_process(observation = ""hurdle_ztnb"")`; the ZTNB
  magnitude law was stable in the package-wide sweep.
ℹ This finite fit is returned with `gradient_status = ""warning""`; inspect
  `fit$opt` before using it."
"North Carolina",2025-02-15,"calendar","sir","hurdle_ztpoisson",2025-02-01,2025,2,1905,2082,1905,1905,1905,0.9,"The `hurdle_ztpoisson` optimizer did not pass the stability gate.
✖ Optimizer code 52: L-BFGS-B polish: ERROR: ABNORMAL_TERMINATION_IN_LNSRCH
✖ Maximum absolute gradient: 1.188.
ℹ Try `count_cumulative_process(observation = ""hurdle_ztnb"")`; the ZTNB
  magnitude law was stable in the package-wide sweep.
ℹ This finite fit is returned with `gradient_status = ""warning""`; inspect
  `fit$opt` before using it."
"North Carolina",2025-02-15,"calendar","sir","hurdle_ztpoisson",2025-02-08,2025,1,2245,2280,2245,2245,2245,0.9,"The `hurdle_ztpoisson` optimizer did not pass the stability gate.
✖ Optimizer code 52: L-BFGS-B polish: ERROR: ABNORMAL_TERMINATION_IN_LNSRCH
✖ Maximum absolute gradient: 1.188.
ℹ Try `count_cumulative_process(observation = ""hurdle_ztnb"")`; the ZTNB
  magnitude law was stable in the package-wide sweep.
ℹ This finite fit is returned with `gradient_status = ""warning""`; inspect
  `fit$opt` before using it."
"North Carolina",2025-02-15,"calendar","sir","hurdle_ztpoisson",2025-02-15,2025,0,1523,1694,1523,1523,1528.5,0.9,"The `hurdle_ztpoisson` optimizer did not pass the stability gate.
✖ Optimizer code 52: L-BFGS-B polish: ERROR: ABNORMAL_TERMINATION_IN_LNSRCH
✖ Maximum absolute gradient: 1.188.
ℹ Try `count_cumulative_process(observation = ""hurdle_ztnb"")`; the ZTNB
  magnitude law was stable in the package-wide sweep.
ℹ This finite fit is returned with `gradient_status = ""warning""`; inspect
  `fit$opt` before using it."
"North Carolina",2025-03-29,"calendar","hsgp","hurdle_ztnb",2025-03-01,2025,4,917,918,917,917,952,0.9,""
"North Carolina",2025-03-29,"calendar","hsgp","hurdle_ztnb",2025-03-08,2025,3,821,822,821,821,852.75,0.9,""
"North Carolina",2025-03-29,"calendar","hsgp","hurdle_ztnb",2025-03-15,2025,2,665,667,665,665,700,0.9,""
"North Carolina",2025-03-29,"calendar","hsgp","hurdle_ztnb",2025-03-22,2025,1,432,434,432,432,458.1,0.9,""
"North Carolina",2025-03-29,"calendar","hsgp","hurdle_ztnb",2025-03-29,2025,0,270,301,273,270,326.2,0.9,""
"North Carolina",2025-03-29,"calendar","hsgp","hurdle_ztpoisson",2025-03-01,2025,4,917,918,917,917,933.55,0.9,""
"North Carolina",2025-03-29,"calendar","hsgp","hurdle_ztpoisson",2025-03-08,2025,3,821,822,821,821,837,0.9,""
"North Carolina",2025-03-29,"calendar","hsgp","hurdle_ztpoisson",2025-03-15,2025,2,665,667,665,665,681.55,0.9,""
"North Carolina",2025-03-29,"calendar","hsgp","hurdle_ztpoisson",2025-03-22,2025,1,432,434,432,429.25,448,0.9,""
"North Carolina",2025-03-29,"calendar","hsgp","hurdle_ztpoisson",2025-03-29,2025,0,270,301,270,220.45,320,0.9,""
"North Carolina",2025-03-29,"calendar","sir","hurdle_ztnb",2025-03-01,2025,4,917,918,917,917,920,0.9,""
"North Carolina",2025-03-29,"calendar","sir","hurdle_ztnb",2025-03-08,2025,3,821,822,821,821,833.55,0.9,""
"North Carolina",2025-03-29,"calendar","sir","hurdle_ztnb",2025-03-15,2025,2,665,667,665,665,684.55,0.9,""
"North Carolina",2025-03-29,"calendar","sir","hurdle_ztnb",2025-03-22,2025,1,432,434,432,432,468.75,0.9,""
"North Carolina",2025-03-29,"calendar","sir","hurdle_ztnb",2025-03-29,2025,0,270,301,270,270,335.1,0.9,""
"North Carolina",2025-03-29,"calendar","sir","hurdle_ztpoisson",2025-03-01,2025,4,917,918,917,917,917,0.9,""
"North Carolina",2025-03-29,"calendar","sir","hurdle_ztpoisson",2025-03-08,2025,3,821,822,821,821,821,0.9,""
"North Carolina",2025-03-29,"calendar","sir","hurdle_ztpoisson",2025-03-15,2025,2,665,667,665,665,665,0.9,""
"North Carolina",2025-03-29,"calendar","sir","hurdle_ztpoisson",2025-03-22,2025,1,432,434,432,432,432,0.9,""
"North Carolina",2025-03-29,"calendar","sir","hurdle_ztpoisson",2025-03-29,2025,0,270,301,270,270,270,0.9,""
"North Carolina",2025-04-26,"calendar","hsgp","hurdle_ztnb",2025-03-29,2025,4,301,301,301,301,306.55,0.9,""
"North Carolina",2025-04-26,"calendar","hsgp","hurdle_ztnb",2025-04-05,2025,3,188,188,188,188,196,0.9,""
"North Carolina",2025-04-26,"calendar","hsgp","hurdle_ztnb",2025-04-12,2025,2,98,98,98,98,107,0.9,""
"North Carolina",2025-04-26,"calendar","hsgp","hurdle_ztnb",2025-04-19,2025,1,60,60,60,60,75.55,0.9,""
"North Carolina",2025-04-26,"calendar","hsgp","hurdle_ztnb",2025-04-26,2025,0,45,50,45,45,68.55,0.9,""
"North Carolina",2025-04-26,"calendar","hsgp","hurdle_ztpoisson",2025-03-29,2025,4,301,301,301,301,313.55,0.9,""
"North Carolina",2025-04-26,"calendar","hsgp","hurdle_ztpoisson",2025-04-05,2025,3,188,188,188,188,199,0.9,""
"North Carolina",2025-04-26,"calendar","hsgp","hurdle_ztpoisson",2025-04-12,2025,2,98,98,98,98,108,0.9,""
"North Carolina",2025-04-26,"calendar","hsgp","hurdle_ztpoisson",2025-04-19,2025,1,60,60,60,60,69,0.9,""
"North Carolina",2025-04-26,"calendar","hsgp","hurdle_ztpoisson",2025-04-26,2025,0,45,50,45,38,52,0.9,""
"North Carolina",2025-04-26,"calendar","sir","hurdle_ztnb",2025-03-29,2025,4,301,301,301,301,315.55,0.9,""
"North Carolina",2025-04-26,"calendar","sir","hurdle_ztnb",2025-04-05,2025,3,188,188,188,188,203,0.9,""
"North Carolina",2025-04-26,"calendar","sir","hurdle_ztnb",2025-04-12,2025,2,98,98,98,98,125,0.9,""
"North Carolina",2025-04-26,"calendar","sir","hurdle_ztnb",2025-04-19,2025,1,60,60,60,60,91.55,0.9,""
"North Carolina",2025-04-26,"calendar","sir","hurdle_ztnb",2025-04-26,2025,0,45,50,45,45,95,0.9,""
"North Carolina",2025-04-26,"calendar","sir","hurdle_ztpoisson",2025-03-29,2025,4,301,301,301,301,301,0.9,""
"North Carolina",2025-04-26,"calendar","sir","hurdle_ztpoisson",2025-04-05,2025,3,188,188,188,188,188,0.9,""
"North Carolina",2025-04-26,"calendar","sir","hurdle_ztpoisson",2025-04-12,2025,2,98,98,98,98,98,0.9,""
"North Carolina",2025-04-26,"calendar","sir","hurdle_ztpoisson",2025-04-19,2025,1,60,60,60,60,60,0.9,""
"North Carolina",2025-04-26,"calendar","sir","hurdle_ztpoisson",2025-04-26,2025,0,45,50,45,45,45,0.9,""
"North Carolina",2025-05-31,"calendar","hsgp","hurdle_ztnb",2025-05-03,2025,4,39,39,39,39,39,0.9,""
"North Carolina",2025-05-31,"calendar","hsgp","hurdle_ztnb",2025-05-10,2025,3,28,28,28,28,32,0.9,""
"North Carolina",2025-05-31,"calendar","hsgp","hurdle_ztnb",2025-05-17,2025,2,18,18,18,18,20.55,0.9,""
"North Carolina",2025-05-31,"calendar","hsgp","hurdle_ztnb",2025-05-24,2025,1,19,19,19,19,25,0.9,""
"North Carolina",2025-05-31,"calendar","hsgp","hurdle_ztnb",2025-05-31,2025,0,18,18,18,18,29,0.9,""
"North Carolina",2025-05-31,"calendar","hsgp","hurdle_ztpoisson",2025-05-03,2025,4,39,39,39,39,39,0.9,""
"North Carolina",2025-05-31,"calendar","hsgp","hurdle_ztpoisson",2025-05-10,2025,3,28,28,28,26.9,28,0.9,""
"North Carolina",2025-05-31,"calendar","hsgp","hurdle_ztpoisson",2025-05-17,2025,2,18,18,18,18,18,0.9,""
"North Carolina",2025-05-31,"calendar","hsgp","hurdle_ztpoisson",2025-05-24,2025,1,19,19,19,19,19,0.9,""
"North Carolina",2025-05-31,"calendar","hsgp","hurdle_ztpoisson",2025-05-31,2025,0,18,18,18,18,24,0.9,""
"North Carolina",2025-05-31,"calendar","sir","hurdle_ztnb",2025-05-03,2025,4,39,39,39,39,42,0.9,""
"North Carolina",2025-05-31,"calendar","sir","hurdle_ztnb",2025-05-10,2025,3,28,28,28,28,38.55,0.9,""
"North Carolina",2025-05-31,"calendar","sir","hurdle_ztnb",2025-05-17,2025,2,18,18,18,18,28.55,0.9,""
"North Carolina",2025-05-31,"calendar","sir","hurdle_ztnb",2025-05-24,2025,1,19,19,19,19,50,0.9,""
"North Carolina",2025-05-31,"calendar","sir","hurdle_ztnb",2025-05-31,2025,0,18,18,18,18,50.1,0.9,""
"North Carolina",2025-05-31,"calendar","sir","hurdle_ztpoisson",2025-05-03,2025,4,39,39,39,39,39,0.9,"The `hurdle_ztpoisson` optimizer did not pass the stability gate.
✖ Optimizer code 0: L-BFGS-B polish: CONVERGENCE: REL_REDUCTION_OF_F <=
  FACTR*EPSMCH
✖ Maximum absolute gradient: 0.1338.
ℹ Try `count_cumulative_process(observation = ""hurdle_ztnb"")`; the ZTNB
  magnitude law was stable in the package-wide sweep.
ℹ This finite fit is returned with `gradient_status = ""warning""`; inspect
  `fit$opt` before using it."
"North Carolina",2025-05-31,"calendar","sir","hurdle_ztpoisson",2025-05-10,2025,3,28,28,28,28,28,0.9,"The `hurdle_ztpoisson` optimizer did not pass the stability gate.
✖ Optimizer code 0: L-BFGS-B polish: CONVERGENCE: REL_REDUCTION_OF_F <=
  FACTR*EPSMCH
✖ Maximum absolute gradient: 0.1338.
ℹ Try `count_cumulative_process(observation = ""hurdle_ztnb"")`; the ZTNB
  magnitude law was stable in the package-wide sweep.
ℹ This finite fit is returned with `gradient_status = ""warning""`; inspect
  `fit$opt` before using it."
"North Carolina",2025-05-31,"calendar","sir","hurdle_ztpoisson",2025-05-17,2025,2,18,18,18,18,18,0.9,"The `hurdle_ztpoisson` optimizer did not pass the stability gate.
✖ Optimizer code 0: L-BFGS-B polish: CONVERGENCE: REL_REDUCTION_OF_F <=
  FACTR*EPSMCH
✖ Maximum absolute gradient: 0.1338.
ℹ Try `count_cumulative_process(observation = ""hurdle_ztnb"")`; the ZTNB
  magnitude law was stable in the package-wide sweep.
ℹ This finite fit is returned with `gradient_status = ""warning""`; inspect
  `fit$opt` before using it."
"North Carolina",2025-05-31,"calendar","sir","hurdle_ztpoisson",2025-05-24,2025,1,19,19,19,19,19,0.9,"The `hurdle_ztpoisson` optimizer did not pass the stability gate.
✖ Optimizer code 0: L-BFGS-B polish: CONVERGENCE: REL_REDUCTION_OF_F <=
  FACTR*EPSMCH
✖ Maximum absolute gradient: 0.1338.
ℹ Try `count_cumulative_process(observation = ""hurdle_ztnb"")`; the ZTNB
  magnitude law was stable in the package-wide sweep.
ℹ This finite fit is returned with `gradient_status = ""warning""`; inspect
  `fit$opt` before using it."
"North Carolina",2025-05-31,"calendar","sir","hurdle_ztpoisson",2025-05-31,2025,0,18,18,18,18,18,0.9,"The `hurdle_ztpoisson` optimizer did not pass the stability gate.
✖ Optimizer code 0: L-BFGS-B polish: CONVERGENCE: REL_REDUCTION_OF_F <=
  FACTR*EPSMCH
✖ Maximum absolute gradient: 0.1338.
ℹ Try `count_cumulative_process(observation = ""hurdle_ztnb"")`; the ZTNB
  magnitude law was stable in the package-wide sweep.
ℹ This finite fit is returned with `gradient_status = ""warning""`; inspect
  `fit$opt` before using it."
"North Dakota",2025-01-02,"calendar","hsgp","hurdle_ztnb",2024-11-30,2024,4,1,1,1,1,1,0.9,""
"North Dakota",2025-01-02,"calendar","hsgp","hurdle_ztnb",2024-12-07,2024,3,2,2,2,2,3,0.9,""
"North Dakota",2025-01-02,"calendar","hsgp","hurdle_ztnb",2024-12-14,2024,2,0,5,0,0,2,0.9,""
"North Dakota",2025-01-02,"calendar","hsgp","hurdle_ztnb",2024-12-21,2024,1,8,8,8,6.45,11,0.9,""
"North Dakota",2025-01-02,"calendar","hsgp","hurdle_ztnb",2024-12-28,2024,0,22,22,23,21,27,0.9,""
"North Dakota",2025-01-02,"calendar","hsgp","hurdle_ztpoisson",2024-11-30,2024,4,1,1,1,1,1,0.9,""
"North Dakota",2025-01-02,"calendar","hsgp","hurdle_ztpoisson",2024-12-07,2024,3,2,2,2,2,3,0.9,""
"North Dakota",2025-01-02,"calendar","hsgp","hurdle_ztpoisson",2024-12-14,2024,2,0,5,0,0,2,0.9,""
"North Dakota",2025-01-02,"calendar","hsgp","hurdle_ztpoisson",2024-12-21,2024,1,8,8,8,7,11,0.9,""
"North Dakota",2025-01-02,"calendar","hsgp","hurdle_ztpoisson",2024-12-28,2024,0,22,22,23,20,27,0.9,""
"North Dakota",2025-01-02,"calendar","sir","hurdle_ztnb",2024-11-30,2024,4,1,1,1,1,1,0.9,""
"North Dakota",2025-01-02,"calendar","sir","hurdle_ztnb",2024-12-07,2024,3,2,2,2,2,2,0.9,""
"North Dakota",2025-01-02,"calendar","sir","hurdle_ztnb",2024-12-14,2024,2,0,5,0,0,0,0.9,""
"North Dakota",2025-01-02,"calendar","sir","hurdle_ztnb",2024-12-21,2024,1,8,8,8,8,8,0.9,""
"North Dakota",2025-01-02,"calendar","sir","hurdle_ztnb",2024-12-28,2024,0,22,22,22,22,22,0.9,""
"North Dakota",2025-01-02,"calendar","sir","hurdle_ztpoisson",2024-11-30,2024,4,1,1,1,1,1,0.9,""
"North Dakota",2025-01-02,"calendar","sir","hurdle_ztpoisson",2024-12-07,2024,3,2,2,2,2,2,0.9,""
"North Dakota",2025-01-02,"calendar","sir","hurdle_ztpoisson",2024-12-14,2024,2,0,5,0,0,0,0.9,""
"North Dakota",2025-01-02,"calendar","sir","hurdle_ztpoisson",2024-12-21,2024,1,8,8,8,8,8,0.9,""
"North Dakota",2025-01-02,"calendar","sir","hurdle_ztpoisson",2024-12-28,2024,0,22,22,22,22,22,0.9,""
"North Dakota",2025-02-15,"calendar","hsgp","hurdle_ztnb",2025-01-18,2025,4,61,61,62,61,67,0.9,""
"North Dakota",2025-02-15,"calendar","hsgp","hurdle_ztnb",2025-01-25,2025,3,89,89,91,86.45,98,0.9,""
"North Dakota",2025-02-15,"calendar","hsgp","hurdle_ztnb",2025-02-01,2025,2,104,104,107,102,118,0.9,""
"North Dakota",2025-02-15,"calendar","hsgp","hurdle_ztnb",2025-02-08,2025,1,123,127,128,118.45,144.55,0.9,""
"North Dakota",2025-02-15,"calendar","hsgp","hurdle_ztnb",2025-02-15,2025,0,79,85,87,68.45,118.1,0.9,""
"North Dakota",2025-02-15,"calendar","hsgp","hurdle_ztpoisson",2025-01-18,2025,4,61,61,62,61,67,0.9,""
"North Dakota",2025-02-15,"calendar","hsgp","hurdle_ztpoisson",2025-01-25,2025,3,89,89,91,88,98,0.9,""
"North Dakota",2025-02-15,"calendar","hsgp","hurdle_ztpoisson",2025-02-01,2025,2,104,104,108,101.45,114.55,0.9,""
"North Dakota",2025-02-15,"calendar","hsgp","hurdle_ztpoisson",2025-02-08,2025,1,123,127,130,117.45,141,0.9,""
"North Dakota",2025-02-15,"calendar","hsgp","hurdle_ztpoisson",2025-02-15,2025,0,79,85,90,62,115.55,0.9,""
"North Dakota",2025-02-15,"calendar","sir","hurdle_ztnb",2025-01-18,2025,4,61,61,61,61,61,0.9,""
"North Dakota",2025-02-15,"calendar","sir","hurdle_ztnb",2025-01-25,2025,3,89,89,89,89,89,0.9,""
"North Dakota",2025-02-15,"calendar","sir","hurdle_ztnb",2025-02-01,2025,2,104,104,104,104,104,0.9,""
"North Dakota",2025-02-15,"calendar","sir","hurdle_ztnb",2025-02-08,2025,1,123,127,123,123,123,0.9,""
"North Dakota",2025-02-15,"calendar","sir","hurdle_ztnb",2025-02-15,2025,0,79,85,79,79,79,0.9,""
"North Dakota",2025-02-15,"calendar","sir","hurdle_ztpoisson",2025-01-18,2025,4,61,61,61,61,61,0.9,""
"North Dakota",2025-02-15,"calendar","sir","hurdle_ztpoisson",2025-01-25,2025,3,89,89,89,89,89,0.9,""
"North Dakota",2025-02-15,"calendar","sir","hurdle_ztpoisson",2025-02-01,2025,2,104,104,104,104,104,0.9,""
"North Dakota",2025-02-15,"calendar","sir","hurdle_ztpoisson",2025-02-08,2025,1,123,127,123,123,123,0.9,""
"North Dakota",2025-02-15,"calendar","sir","hurdle_ztpoisson",2025-02-15,2025,0,79,85,79,79,79,0.9,""
"North Dakota",2025-03-29,"calendar","hsgp","hurdle_ztnb",2025-03-01,2025,4,47,47,47,47,52,0.9,""
"North Dakota",2025-03-29,"calendar","hsgp","hurdle_ztnb",2025-03-08,2025,3,31,32,31,31,35,0.9,""
"North Dakota",2025-03-29,"calendar","hsgp","hurdle_ztnb",2025-03-15,2025,2,36,36,36,36,39.55,0.9,""
"North Dakota",2025-03-29,"calendar","hsgp","hurdle_ztnb",2025-03-22,2025,1,24,24,24,23,29,0.9,""
"North Dakota",2025-03-29,"calendar","hsgp","hurdle_ztnb",2025-03-29,2025,0,22,25,23,19.45,28,0.9,""
"North Dakota",2025-03-29,"calendar","hsgp","hurdle_ztpoisson",2025-03-01,2025,4,47,47,47,47,51,0.9,""
"North Dakota",2025-03-29,"calendar","hsgp","hurdle_ztpoisson",2025-03-08,2025,3,31,32,31,31,35,0.9,""
"North Dakota",2025-03-29,"calendar","hsgp","hurdle_ztpoisson",2025-03-15,2025,2,36,36,36,36,40.55,0.9,""
"North Dakota",2025-03-29,"calendar","hsgp","hurdle_ztpoisson",2025-03-22,2025,1,24,24,24,22,31,0.9,""
"North Dakota",2025-03-29,"calendar","hsgp","hurdle_ztpoisson",2025-03-29,2025,0,22,25,24,17.45,31,0.9,""
"North Dakota",2025-03-29,"calendar","sir","hurdle_ztnb",2025-03-01,2025,4,47,47,47,47,47,0.9,""
"North Dakota",2025-03-29,"calendar","sir","hurdle_ztnb",2025-03-08,2025,3,31,32,31,31,31,0.9,""
"North Dakota",2025-03-29,"calendar","sir","hurdle_ztnb",2025-03-15,2025,2,36,36,36,36,36,0.9,""
"North Dakota",2025-03-29,"calendar","sir","hurdle_ztnb",2025-03-22,2025,1,24,24,24,24,24,0.9,""
"North Dakota",2025-03-29,"calendar","sir","hurdle_ztnb",2025-03-29,2025,0,22,25,22,22,22,0.9,""
"North Dakota",2025-03-29,"calendar","sir","hurdle_ztpoisson",2025-03-01,2025,4,47,47,47,47,47,0.9,""
"North Dakota",2025-03-29,"calendar","sir","hurdle_ztpoisson",2025-03-08,2025,3,31,32,31,31,31,0.9,""
"North Dakota",2025-03-29,"calendar","sir","hurdle_ztpoisson",2025-03-15,2025,2,36,36,36,36,36,0.9,""
"North Dakota",2025-03-29,"calendar","sir","hurdle_ztpoisson",2025-03-22,2025,1,24,24,24,24,24,0.9,""
"North Dakota",2025-03-29,"calendar","sir","hurdle_ztpoisson",2025-03-29,2025,0,22,25,22,22,22,0.9,""
"North Dakota",2025-04-26,"calendar","hsgp","hurdle_ztnb",2025-03-29,2025,4,25,25,25,25,27,0.9,""
"North Dakota",2025-04-26,"calendar","hsgp","hurdle_ztnb",2025-04-05,2025,3,14,14,14,14,16,0.9,""
"North Dakota",2025-04-26,"calendar","hsgp","hurdle_ztnb",2025-04-12,2025,2,12,12,12,12,15,0.9,""
"North Dakota",2025-04-26,"calendar","hsgp","hurdle_ztnb",2025-04-19,2025,1,14,14,14,14,17,0.9,""
"North Dakota",2025-04-26,"calendar","hsgp","hurdle_ztnb",2025-04-26,2025,0,11,11,11,9,17.55,0.9,""
"North Dakota",2025-04-26,"calendar","hsgp","hurdle_ztpoisson",2025-03-29,2025,4,25,25,25,25,27,0.9,""
"North Dakota",2025-04-26,"calendar","hsgp","hurdle_ztpoisson",2025-04-05,2025,3,14,14,14,14,17,0.9,""
"North Dakota",2025-04-26,"calendar","hsgp","hurdle_ztpoisson",2025-04-12,2025,2,12,12,12,12,15.55,0.9,""
"North Dakota",2025-04-26,"calendar","hsgp","hurdle_ztpoisson",2025-04-19,2025,1,14,14,14,13.45,18,0.9,""
"North Dakota",2025-04-26,"calendar","hsgp","hurdle_ztpoisson",2025-04-26,2025,0,11,11,12,9,18,0.9,""
"North Dakota",2025-04-26,"calendar","sir","hurdle_ztnb",2025-03-29,2025,4,25,25,25,25,25,0.9,""
"North Dakota",2025-04-26,"calendar","sir","hurdle_ztnb",2025-04-05,2025,3,14,14,14,14,14,0.9,""
"North Dakota",2025-04-26,"calendar","sir","hurdle_ztnb",2025-04-12,2025,2,12,12,12,12,12,0.9,""
"North Dakota",2025-04-26,"calendar","sir","hurdle_ztnb",2025-04-19,2025,1,14,14,14,14,14,0.9,""
"North Dakota",2025-04-26,"calendar","sir","hurdle_ztnb",2025-04-26,2025,0,11,11,11,11,11,0.9,""
"North Dakota",2025-04-26,"calendar","sir","hurdle_ztpoisson",2025-03-29,2025,4,25,25,25,25,25,0.9,""
"North Dakota",2025-04-26,"calendar","sir","hurdle_ztpoisson",2025-04-05,2025,3,14,14,14,14,14,0.9,""
"North Dakota",2025-04-26,"calendar","sir","hurdle_ztpoisson",2025-04-12,2025,2,12,12,12,12,12,0.9,""
"North Dakota",2025-04-26,"calendar","sir","hurdle_ztpoisson",2025-04-19,2025,1,14,14,14,14,14,0.9,""
"North Dakota",2025-04-26,"calendar","sir","hurdle_ztpoisson",2025-04-26,2025,0,11,11,11,11,11,0.9,""
"North Dakota",2025-05-31,"calendar","hsgp","hurdle_ztnb",2025-05-03,2025,4,9,9,9,9,9,0.9,""
"North Dakota",2025-05-31,"calendar","hsgp","hurdle_ztnb",2025-05-10,2025,3,5,5,5,5,7,0.9,""
"North Dakota",2025-05-31,"calendar","hsgp","hurdle_ztnb",2025-05-17,2025,2,7,7,7,7,9,0.9,""
"North Dakota",2025-05-31,"calendar","hsgp","hurdle_ztnb",2025-05-24,2025,1,3,3,3,3,6,0.9,""
"North Dakota",2025-05-31,"calendar","hsgp","hurdle_ztnb",2025-05-31,2025,0,1,1,1,1,6,0.9,""
"North Dakota",2025-05-31,"calendar","hsgp","hurdle_ztpoisson",2025-05-03,2025,4,9,9,9,9,10,0.9,""
"North Dakota",2025-05-31,"calendar","hsgp","hurdle_ztpoisson",2025-05-10,2025,3,5,5,5,5,7,0.9,""
"North Dakota",2025-05-31,"calendar","hsgp","hurdle_ztpoisson",2025-05-17,2025,2,7,7,7,7,9,0.9,""
"North Dakota",2025-05-31,"calendar","hsgp","hurdle_ztpoisson",2025-05-24,2025,1,3,3,3,3,5,0.9,""
"North Dakota",2025-05-31,"calendar","hsgp","hurdle_ztpoisson",2025-05-31,2025,0,1,1,1,0,5,0.9,""
"North Dakota",2025-05-31,"calendar","sir","hurdle_ztnb",2025-05-03,2025,4,9,9,9,9,9,0.9,""
"North Dakota",2025-05-31,"calendar","sir","hurdle_ztnb",2025-05-10,2025,3,5,5,5,5,5,0.9,""
"North Dakota",2025-05-31,"calendar","sir","hurdle_ztnb",2025-05-17,2025,2,7,7,7,7,7,0.9,""
"North Dakota",2025-05-31,"calendar","sir","hurdle_ztnb",2025-05-24,2025,1,3,3,3,3,3,0.9,""
"North Dakota",2025-05-31,"calendar","sir","hurdle_ztnb",2025-05-31,2025,0,1,1,1,1,1,0.9,""
"North Dakota",2025-05-31,"calendar","sir","hurdle_ztpoisson",2025-05-03,2025,4,9,9,9,9,9,0.9,""
"North Dakota",2025-05-31,"calendar","sir","hurdle_ztpoisson",2025-05-10,2025,3,5,5,5,5,5,0.9,""
"North Dakota",2025-05-31,"calendar","sir","hurdle_ztpoisson",2025-05-17,2025,2,7,7,7,7,7,0.9,""
"North Dakota",2025-05-31,"calendar","sir","hurdle_ztpoisson",2025-05-24,2025,1,3,3,3,3,3,0.9,""
"North Dakota",2025-05-31,"calendar","sir","hurdle_ztpoisson",2025-05-31,2025,0,1,1,1,1,1,0.9,""
"Ohio",2025-01-02,"calendar","hsgp","hurdle_ztnb",2024-11-30,2024,4,55,53,56,47.45,99.1,0.9,""
"Ohio",2025-01-02,"calendar","hsgp","hurdle_ztnb",2024-12-07,2024,3,91,90,93,89,150.55,0.9,""
"Ohio",2025-01-02,"calendar","hsgp","hurdle_ztnb",2024-12-14,2024,2,151,151,152,141,191.55,0.9,""
"Ohio",2025-01-02,"calendar","hsgp","hurdle_ztnb",2024-12-21,2024,1,294,304,294,275.35,351.65,0.9,""
"Ohio",2025-01-02,"calendar","hsgp","hurdle_ztnb",2024-12-28,2024,0,662,719,663,639.9,765.1,0.9,""
"Ohio",2025-01-02,"calendar","hsgp","hurdle_ztpoisson",2024-11-30,2024,4,55,53,55,55,55,0.9,""
"Ohio",2025-01-02,"calendar","hsgp","hurdle_ztpoisson",2024-12-07,2024,3,91,90,91,88.45,91,0.9,""
"Ohio",2025-01-02,"calendar","hsgp","hurdle_ztpoisson",2024-12-14,2024,2,151,151,151,139.45,151,0.9,""
"Ohio",2025-01-02,"calendar","hsgp","hurdle_ztpoisson",2024-12-21,2024,1,294,304,294,257.9,301.55,0.9,""
"Ohio",2025-01-02,"calendar","hsgp","hurdle_ztpoisson",2024-12-28,2024,0,662,719,662,586.45,721,0.9,""
"Ohio",2025-01-02,"calendar","sir","hurdle_ztnb",2024-11-30,2024,4,55,53,55,53,93.6499999999999,0.9,""
"Ohio",2025-01-02,"calendar","sir","hurdle_ztnb",2024-12-07,2024,3,91,90,91,86,124.55,0.9,""
"Ohio",2025-01-02,"calendar","sir","hurdle_ztnb",2024-12-14,2024,2,151,151,151,145,197.55,0.9,""
"Ohio",2025-01-02,"calendar","sir","hurdle_ztnb",2024-12-21,2024,1,294,304,295,257.25,356,0.9,""
"Ohio",2025-01-02,"calendar","sir","hurdle_ztnb",2024-12-28,2024,0,662,719,663,633.9,753.75,0.9,""
"Ohio",2025-01-02,"calendar","sir","hurdle_ztpoisson",2024-11-30,2024,4,55,53,55,49,55,0.9,""
"Ohio",2025-01-02,"calendar","sir","hurdle_ztpoisson",2024-12-07,2024,3,91,90,91,51.6,96,0.9,""
"Ohio",2025-01-02,"calendar","sir","hurdle_ztpoisson",2024-12-14,2024,2,151,151,151,121.9,152.1,0.9,""
"Ohio",2025-01-02,"calendar","sir","hurdle_ztpoisson",2024-12-21,2024,1,294,304,294,215.35,300.55,0.9,""
"Ohio",2025-01-02,"calendar","sir","hurdle_ztpoisson",2024-12-28,2024,0,662,719,657,425.6,709.55,0.9,""
"Ohio",2025-02-15,"calendar","hsgp","hurdle_ztnb",2025-01-18,2025,4,1148,1146,1152,1148,1219.65,0.9,""
"Ohio",2025-02-15,"calendar","hsgp","hurdle_ztnb",2025-01-25,2025,3,1686,1727,1693,1683.9,1775.65,0.9,""
"Ohio",2025-02-15,"calendar","hsgp","hurdle_ztnb",2025-02-01,2025,2,2452,2510,2469.5,2443.45,2684.75,0.9,""
"Ohio",2025-02-15,"calendar","hsgp","hurdle_ztnb",2025-02-08,2025,1,3092,3253,3112,3059.7,3442.65,0.9,""
"Ohio",2025-02-15,"calendar","hsgp","hurdle_ztnb",2025-02-15,2025,0,3307,3686,3374,3141.7,4034.8,0.9,""
"Ohio",2025-02-15,"calendar","hsgp","hurdle_ztpoisson",2025-01-18,2025,4,1148,1146,1148,1129,1161.55,0.9,"The `hurdle_ztpoisson` optimizer did not pass the stability gate.
✖ Optimizer code 0: relative convergence (4)
✖ Maximum absolute gradient: 16.24.
ℹ Try `count_cumulative_process(observation = ""hurdle_ztnb"")`; the ZTNB
  magnitude law was stable in the package-wide sweep.
ℹ This finite fit is returned with `gradient_status = ""warning""`; inspect
  `fit$opt` before using it."
"Ohio",2025-02-15,"calendar","hsgp","hurdle_ztpoisson",2025-01-25,2025,3,1686,1727,1686,1637.45,1727.1,0.9,"The `hurdle_ztpoisson` optimizer did not pass the stability gate.
✖ Optimizer code 0: relative convergence (4)
✖ Maximum absolute gradient: 16.24.
ℹ Try `count_cumulative_process(observation = ""hurdle_ztnb"")`; the ZTNB
  magnitude law was stable in the package-wide sweep.
ℹ This finite fit is returned with `gradient_status = ""warning""`; inspect
  `fit$opt` before using it."
"Ohio",2025-02-15,"calendar","hsgp","hurdle_ztpoisson",2025-02-01,2025,2,2452,2510,2449.5,2345.9,2537.55,0.9,"The `hurdle_ztpoisson` optimizer did not pass the stability gate.
✖ Optimizer code 0: relative convergence (4)
✖ Maximum absolute gradient: 16.24.
ℹ Try `count_cumulative_process(observation = ""hurdle_ztnb"")`; the ZTNB
  magnitude law was stable in the package-wide sweep.
ℹ This finite fit is returned with `gradient_status = ""warning""`; inspect
  `fit$opt` before using it."
"Ohio",2025-02-15,"calendar","hsgp","hurdle_ztpoisson",2025-02-08,2025,1,3092,3253,3092,2927.35,3282.65,0.9,"The `hurdle_ztpoisson` optimizer did not pass the stability gate.
✖ Optimizer code 0: relative convergence (4)
✖ Maximum absolute gradient: 16.24.
ℹ Try `count_cumulative_process(observation = ""hurdle_ztnb"")`; the ZTNB
  magnitude law was stable in the package-wide sweep.
ℹ This finite fit is returned with `gradient_status = ""warning""`; inspect
  `fit$opt` before using it."
"Ohio",2025-02-15,"calendar","hsgp","hurdle_ztpoisson",2025-02-15,2025,0,3307,3686,3327.5,3100,3998.2,0.9,"The `hurdle_ztpoisson` optimizer did not pass the stability gate.
✖ Optimizer code 0: relative convergence (4)
✖ Maximum absolute gradient: 16.24.
ℹ Try `count_cumulative_process(observation = ""hurdle_ztnb"")`; the ZTNB
  magnitude law was stable in the package-wide sweep.
ℹ This finite fit is returned with `gradient_status = ""warning""`; inspect
  `fit$opt` before using it."
"Ohio",2025-02-15,"calendar","sir","hurdle_ztnb",2025-01-18,2025,4,1148,1146,1148,1145.45,1162.55,0.9,""
"Ohio",2025-02-15,"calendar","sir","hurdle_ztnb",2025-01-25,2025,3,1686,1727,1687,1685.45,1709.55,0.9,""
"Ohio",2025-02-15,"calendar","sir","hurdle_ztnb",2025-02-01,2025,2,2452,2510,2452,2448,2493.65,0.9,""
"Ohio",2025-02-15,"calendar","sir","hurdle_ztnb",2025-02-08,2025,1,3092,3253,3092,3076,3147.1,0.9,""
"Ohio",2025-02-15,"calendar","sir","hurdle_ztnb",2025-02-15,2025,0,3307,3686,3310.5,3297.9,3405.1,0.9,""
"Ohio",2025-02-15,"calendar","sir","hurdle_ztpoisson",2025-01-18,2025,4,1148,1146,1150,1095,1188.65,0.9,"The `hurdle_ztpoisson` optimizer did not pass the stability gate.
✖ Optimizer code 0: L-BFGS-B polish: CONVERGENCE: REL_REDUCTION_OF_F <=
  FACTR*EPSMCH
✖ Maximum absolute gradient: 0.1471.
ℹ Try `count_cumulative_process(observation = ""hurdle_ztnb"")`; the ZTNB
  magnitude law was stable in the package-wide sweep.
ℹ This finite fit is returned with `gradient_status = ""warning""`; inspect
  `fit$opt` before using it."
"Ohio",2025-02-15,"calendar","sir","hurdle_ztpoisson",2025-01-25,2025,3,1686,1727,1686,1667.45,1701.55,0.9,"The `hurdle_ztpoisson` optimizer did not pass the stability gate.
✖ Optimizer code 0: L-BFGS-B polish: CONVERGENCE: REL_REDUCTION_OF_F <=
  FACTR*EPSMCH
✖ Maximum absolute gradient: 0.1471.
ℹ Try `count_cumulative_process(observation = ""hurdle_ztnb"")`; the ZTNB
  magnitude law was stable in the package-wide sweep.
ℹ This finite fit is returned with `gradient_status = ""warning""`; inspect
  `fit$opt` before using it."
"Ohio",2025-02-15,"calendar","sir","hurdle_ztpoisson",2025-02-01,2025,2,2452,2510,2452,2378.45,2496.55,0.9,"The `hurdle_ztpoisson` optimizer did not pass the stability gate.
✖ Optimizer code 0: L-BFGS-B polish: CONVERGENCE: REL_REDUCTION_OF_F <=
  FACTR*EPSMCH
✖ Maximum absolute gradient: 0.1471.
ℹ Try `count_cumulative_process(observation = ""hurdle_ztnb"")`; the ZTNB
  magnitude law was stable in the package-wide sweep.
ℹ This finite fit is returned with `gradient_status = ""warning""`; inspect
  `fit$opt` before using it."
"Ohio",2025-02-15,"calendar","sir","hurdle_ztpoisson",2025-02-08,2025,1,3092,3253,3092,3021.9,3175,0.9,"The `hurdle_ztpoisson` optimizer did not pass the stability gate.
✖ Optimizer code 0: L-BFGS-B polish: CONVERGENCE: REL_REDUCTION_OF_F <=
  FACTR*EPSMCH
✖ Maximum absolute gradient: 0.1471.
ℹ Try `count_cumulative_process(observation = ""hurdle_ztnb"")`; the ZTNB
  magnitude law was stable in the package-wide sweep.
ℹ This finite fit is returned with `gradient_status = ""warning""`; inspect
  `fit$opt` before using it."
"Ohio",2025-02-15,"calendar","sir","hurdle_ztpoisson",2025-02-15,2025,0,3307,3686,3310,3222.5,3651,0.9,"The `hurdle_ztpoisson` optimizer did not pass the stability gate.
✖ Optimizer code 0: L-BFGS-B polish: CONVERGENCE: REL_REDUCTION_OF_F <=
  FACTR*EPSMCH
✖ Maximum absolute gradient: 0.1471.
ℹ Try `count_cumulative_process(observation = ""hurdle_ztnb"")`; the ZTNB
  magnitude law was stable in the package-wide sweep.
ℹ This finite fit is returned with `gradient_status = ""warning""`; inspect
  `fit$opt` before using it."
"Ohio",2025-03-29,"calendar","hsgp","hurdle_ztnb",2025-03-01,2025,4,2559,2594,2562,2559,2616.3,0.9,""
"Ohio",2025-03-29,"calendar","hsgp","hurdle_ztnb",2025-03-08,2025,3,1905,1882,1909.5,1902,1975.1,0.9,""
"Ohio",2025-03-29,"calendar","hsgp","hurdle_ztnb",2025-03-15,2025,2,1330,1352,1338,1320.45,1429.5,0.9,""
"Ohio",2025-03-29,"calendar","hsgp","hurdle_ztnb",2025-03-22,2025,1,797,788,809.5,767.35,968.75,0.9,""
"Ohio",2025-03-29,"calendar","hsgp","hurdle_ztnb",2025-03-29,2025,0,438,451,461.5,408.9,747.2,0.9,""
"Ohio",2025-03-29,"calendar","hsgp","hurdle_ztpoisson",2025-03-01,2025,4,2559,2594,2559,2538,2577,0.9,""
"Ohio",2025-03-29,"calendar","hsgp","hurdle_ztpoisson",2025-03-08,2025,3,1905,1882,1905,1869.45,1941.55,0.9,""
"Ohio",2025-03-29,"calendar","hsgp","hurdle_ztpoisson",2025-03-15,2025,2,1330,1352,1330,1274.35,1375.65,0.9,""
"Ohio",2025-03-29,"calendar","hsgp","hurdle_ztpoisson",2025-03-22,2025,1,797,788,797,761.35,834,0.9,""
"Ohio",2025-03-29,"calendar","hsgp","hurdle_ztpoisson",2025-03-29,2025,0,438,451,445,422,489.55,0.9,""
"Ohio",2025-03-29,"calendar","sir","hurdle_ztnb",2025-03-01,2025,4,2559,2594,2559,2559,2579,0.9,""
"Ohio",2025-03-29,"calendar","sir","hurdle_ztnb",2025-03-08,2025,3,1905,1882,1905,1904,1932,0.9,""
"Ohio",2025-03-29,"calendar","sir","hurdle_ztnb",2025-03-15,2025,2,1330,1352,1331,1326,1362.1,0.9,""
"Ohio",2025-03-29,"calendar","sir","hurdle_ztnb",2025-03-22,2025,1,797,788,798,789.45,848.55,0.9,""
"Ohio",2025-03-29,"calendar","sir","hurdle_ztnb",2025-03-29,2025,0,438,451,440,429,512.05,0.9,""
"Ohio",2025-03-29,"calendar","sir","hurdle_ztpoisson",2025-03-01,2025,4,2559,2594,2559,2545,2572.55,0.9,""
"Ohio",2025-03-29,"calendar","sir","hurdle_ztpoisson",2025-03-08,2025,3,1905,1882,1905,1885.45,1922.55,0.9,""
"Ohio",2025-03-29,"calendar","sir","hurdle_ztpoisson",2025-03-15,2025,2,1330,1352,1330,1302,1353,0.9,""
"Ohio",2025-03-29,"calendar","sir","hurdle_ztpoisson",2025-03-22,2025,1,797,788,797,781,814.55,0.9,""
"Ohio",2025-03-29,"calendar","sir","hurdle_ztpoisson",2025-03-29,2025,0,438,451,438,428.45,474.55,0.9,""
"Ohio",2025-04-26,"calendar","hsgp","hurdle_ztnb",2025-03-29,2025,4,453,451,453,453,461.55,0.9,""
"Ohio",2025-04-26,"calendar","hsgp","hurdle_ztnb",2025-04-05,2025,3,274,269,274,274,284.55,0.9,""
"Ohio",2025-04-26,"calendar","hsgp","hurdle_ztnb",2025-04-12,2025,2,169,166,169,169,179,0.9,""
"Ohio",2025-04-26,"calendar","hsgp","hurdle_ztnb",2025-04-19,2025,1,105,107,105,104,120.1,0.9,""
"Ohio",2025-04-26,"calendar","hsgp","hurdle_ztnb",2025-04-26,2025,0,81,87,81.5,76,107.55,0.9,""
"Ohio",2025-04-26,"calendar","hsgp","hurdle_ztpoisson",2025-03-29,2025,4,453,451,453,445.45,459.55,0.9,""
"Ohio",2025-04-26,"calendar","hsgp","hurdle_ztpoisson",2025-04-05,2025,3,274,269,274,264,281.55,0.9,""
"Ohio",2025-04-26,"calendar","hsgp","hurdle_ztpoisson",2025-04-12,2025,2,169,166,169,159,176,0.9,""
"Ohio",2025-04-26,"calendar","hsgp","hurdle_ztpoisson",2025-04-19,2025,1,105,107,105,99,111.55,0.9,""
"Ohio",2025-04-26,"calendar","hsgp","hurdle_ztpoisson",2025-04-26,2025,0,81,87,81,77.45,87,0.9,""
"Ohio",2025-04-26,"calendar","sir","hurdle_ztnb",2025-03-29,2025,4,453,451,453,453,465,0.9,""
"Ohio",2025-04-26,"calendar","sir","hurdle_ztnb",2025-04-05,2025,3,274,269,274,272,293.55,0.9,""
"Ohio",2025-04-26,"calendar","sir","hurdle_ztnb",2025-04-12,2025,2,169,166,169,167,182,0.9,""
"Ohio",2025-04-26,"calendar","sir","hurdle_ztnb",2025-04-19,2025,1,105,107,106,103.45,146.65,0.9,""
"Ohio",2025-04-26,"calendar","sir","hurdle_ztnb",2025-04-26,2025,0,81,87,82,75,134.3,0.9,""
"Ohio",2025-05-31,"calendar","hsgp","hurdle_ztnb",2025-05-03,2025,4,45,45,45,44,53.55,0.9,""
"Ohio",2025-05-31,"calendar","hsgp","hurdle_ztnb",2025-05-10,2025,3,32,32,32,26.45,41,0.9,""
"Ohio",2025-05-31,"calendar","hsgp","hurdle_ztnb",2025-05-17,2025,2,25,25,25,16.9,38.55,0.9,""
"Ohio",2025-05-31,"calendar","hsgp","hurdle_ztnb",2025-05-24,2025,1,20,20,20,13,37.55,0.9,""
"Ohio",2025-05-31,"calendar","hsgp","hurdle_ztnb",2025-05-31,2025,0,16,19,17.5,0,53,0.9,""
"Ohio",2025-05-31,"calendar","hsgp","hurdle_ztpoisson",2025-05-03,2025,4,45,45,45,45,45,0.9,"The `hurdle_ztpoisson` optimizer did not pass the stability gate.
✖ Optimizer code 0: relative convergence (4)
✖ Maximum absolute gradient: 1.021.
ℹ Try `count_cumulative_process(observation = ""hurdle_ztnb"")`; the ZTNB
  magnitude law was stable in the package-wide sweep.
ℹ This finite fit is returned with `gradient_status = ""warning""`; inspect
  `fit$opt` before using it."
"Ohio",2025-05-31,"calendar","hsgp","hurdle_ztpoisson",2025-05-10,2025,3,32,32,32,32,32,0.9,"The `hurdle_ztpoisson` optimizer did not pass the stability gate.
✖ Optimizer code 0: relative convergence (4)
✖ Maximum absolute gradient: 1.021.
ℹ Try `count_cumulative_process(observation = ""hurdle_ztnb"")`; the ZTNB
  magnitude law was stable in the package-wide sweep.
ℹ This finite fit is returned with `gradient_status = ""warning""`; inspect
  `fit$opt` before using it."
"Ohio",2025-05-31,"calendar","hsgp","hurdle_ztpoisson",2025-05-17,2025,2,25,25,25,21,29,0.9,"The `hurdle_ztpoisson` optimizer did not pass the stability gate.
✖ Optimizer code 0: relative convergence (4)
✖ Maximum absolute gradient: 1.021.
ℹ Try `count_cumulative_process(observation = ""hurdle_ztnb"")`; the ZTNB
  magnitude law was stable in the package-wide sweep.
ℹ This finite fit is returned with `gradient_status = ""warning""`; inspect
  `fit$opt` before using it."
"Ohio",2025-05-31,"calendar","hsgp","hurdle_ztpoisson",2025-05-24,2025,1,20,20,20,15,26,0.9,"The `hurdle_ztpoisson` optimizer did not pass the stability gate.
✖ Optimizer code 0: relative convergence (4)
✖ Maximum absolute gradient: 1.021.
ℹ Try `count_cumulative_process(observation = ""hurdle_ztnb"")`; the ZTNB
  magnitude law was stable in the package-wide sweep.
ℹ This finite fit is returned with `gradient_status = ""warning""`; inspect
  `fit$opt` before using it."
"Ohio",2025-05-31,"calendar","hsgp","hurdle_ztpoisson",2025-05-31,2025,0,16,19,16,9,33,0.9,"The `hurdle_ztpoisson` optimizer did not pass the stability gate.
✖ Optimizer code 0: relative convergence (4)
✖ Maximum absolute gradient: 1.021.
ℹ Try `count_cumulative_process(observation = ""hurdle_ztnb"")`; the ZTNB
  magnitude law was stable in the package-wide sweep.
ℹ This finite fit is returned with `gradient_status = ""warning""`; inspect
  `fit$opt` before using it."
"Ohio",2025-05-31,"calendar","sir","hurdle_ztnb",2025-05-03,2025,4,45,45,45,36,58.55,0.9,""
"Ohio",2025-05-31,"calendar","sir","hurdle_ztnb",2025-05-10,2025,3,32,32,32,21,47,0.9,""
"Ohio",2025-05-31,"calendar","sir","hurdle_ztnb",2025-05-17,2025,2,25,25,25,11,43,0.9,""
"Ohio",2025-05-31,"calendar","sir","hurdle_ztnb",2025-05-24,2025,1,20,20,20,3.45,51,0.9,""
"Ohio",2025-05-31,"calendar","sir","hurdle_ztnb",2025-05-31,2025,0,16,19,16,0.449999999999998,53,0.9,""
"Ohio",2025-05-31,"calendar","sir","hurdle_ztpoisson",2025-05-03,2025,4,45,45,45,45,45,0.9,""
"Ohio",2025-05-31,"calendar","sir","hurdle_ztpoisson",2025-05-10,2025,3,32,32,32,32,32,0.9,""
"Ohio",2025-05-31,"calendar","sir","hurdle_ztpoisson",2025-05-17,2025,2,25,25,25,25,25,0.9,""
"Ohio",2025-05-31,"calendar","sir","hurdle_ztpoisson",2025-05-24,2025,1,20,20,20,11.45,29,0.9,""
"Ohio",2025-05-31,"calendar","sir","hurdle_ztpoisson",2025-05-31,2025,0,16,19,16,16,16,0.9,""
"Oklahoma",2025-01-02,"calendar","hsgp","hurdle_ztnb",2024-11-30,2024,4,40,40,40,38,44,0.9,""
"Oklahoma",2025-01-02,"calendar","hsgp","hurdle_ztnb",2024-12-07,2024,3,40,40,40,36,46,0.9,""
"Oklahoma",2025-01-02,"calendar","hsgp","hurdle_ztnb",2024-12-14,2024,2,57,56,58,51,66,0.9,""
"Oklahoma",2025-01-02,"calendar","hsgp","hurdle_ztnb",2024-12-21,2024,1,104,106,105,90.45,118.55,0.9,""
"Oklahoma",2025-01-02,"calendar","hsgp","hurdle_ztnb",2024-12-28,2024,0,248,282,252,230.45,280,0.9,""
"Oklahoma",2025-01-02,"calendar","hsgp","hurdle_ztpoisson",2024-11-30,2024,4,40,40,40,40,41.55,0.9,""
"Oklahoma",2025-01-02,"calendar","hsgp","hurdle_ztpoisson",2024-12-07,2024,3,40,40,40,38.45,42.55,0.9,""
"Oklahoma",2025-01-02,"calendar","hsgp","hurdle_ztpoisson",2024-12-14,2024,2,57,56,57,54,60,0.9,""
"Oklahoma",2025-01-02,"calendar","hsgp","hurdle_ztpoisson",2024-12-21,2024,1,104,106,104,98.45,110,0.9,""
"Oklahoma",2025-01-02,"calendar","hsgp","hurdle_ztpoisson",2024-12-28,2024,0,248,282,250,235,268,0.9,""
"Oklahoma",2025-01-02,"calendar","sir","hurdle_ztnb",2024-11-30,2024,4,40,40,40,39.45,43,0.9,""
"Oklahoma",2025-01-02,"calendar","sir","hurdle_ztnb",2024-12-07,2024,3,40,40,40,38,43,0.9,""
"Oklahoma",2025-01-02,"calendar","sir","hurdle_ztnb",2024-12-14,2024,2,57,56,57,54,60,0.9,""
"Oklahoma",2025-01-02,"calendar","sir","hurdle_ztnb",2024-12-21,2024,1,104,106,104,100,110.55,0.9,""
"Oklahoma",2025-01-02,"calendar","sir","hurdle_ztnb",2024-12-28,2024,0,248,282,248,239.45,259.55,0.9,""
"Oklahoma",2025-01-02,"calendar","sir","hurdle_ztpoisson",2024-11-30,2024,4,40,40,40,40,41,0.9,""
"Oklahoma",2025-01-02,"calendar","sir","hurdle_ztpoisson",2024-12-07,2024,3,40,40,40,35,47,0.9,""
"Oklahoma",2025-01-02,"calendar","sir","hurdle_ztpoisson",2024-12-14,2024,2,57,56,57,56,59,0.9,""
"Oklahoma",2025-01-02,"calendar","sir","hurdle_ztpoisson",2024-12-21,2024,1,104,106,104,101,107,0.9,""
"Oklahoma",2025-01-02,"calendar","sir","hurdle_ztpoisson",2024-12-28,2024,0,248,282,248,236,263.55,0.9,""
"Oklahoma",2025-02-15,"calendar","hsgp","hurdle_ztnb",2025-01-18,2025,4,439,439,445,430.45,465,0.9,""
"Oklahoma",2025-02-15,"calendar","hsgp","hurdle_ztnb",2025-01-25,2025,3,697,692,706,681.9,734.55,0.9,""
"Oklahoma",2025-02-15,"calendar","hsgp","hurdle_ztnb",2025-02-01,2025,2,1115,1114,1127,1077.8,1174.55,0.9,""
"Oklahoma",2025-02-15,"calendar","hsgp","hurdle_ztnb",2025-02-08,2025,1,970,1076,988,907,1089.55,0.9,""
"Oklahoma",2025-02-15,"calendar","hsgp","hurdle_ztnb",2025-02-15,2025,0,504,787,533,305.5,766.55,0.9,""
"Oklahoma",2025-02-15,"calendar","hsgp","hurdle_ztpoisson",2025-01-18,2025,4,439,439,446,433,457.55,0.9,""
"Oklahoma",2025-02-15,"calendar","hsgp","hurdle_ztpoisson",2025-01-25,2025,3,697,692,706,686.45,724.55,0.9,""
"Oklahoma",2025-02-15,"calendar","hsgp","hurdle_ztpoisson",2025-02-01,2025,2,1115,1114,1130,1101,1157,0.9,""
"Oklahoma",2025-02-15,"calendar","hsgp","hurdle_ztpoisson",2025-02-08,2025,1,970,1076,982.5,934.45,1038.55,0.9,""
"Oklahoma",2025-02-15,"calendar","hsgp","hurdle_ztpoisson",2025-02-15,2025,0,504,787,520,379,661.55,0.9,""
"Oklahoma",2025-02-15,"calendar","sir","hurdle_ztnb",2025-01-18,2025,4,439,439,439,434,449,0.9,""
"Oklahoma",2025-02-15,"calendar","sir","hurdle_ztnb",2025-01-25,2025,3,697,692,697,691.45,708,0.9,""
"Oklahoma",2025-02-15,"calendar","sir","hurdle_ztnb",2025-02-01,2025,2,1115,1114,1115,1106,1131,0.9,""
"Oklahoma",2025-02-15,"calendar","sir","hurdle_ztnb",2025-02-08,2025,1,970,1076,970,947.9,993.55,0.9,""
"Oklahoma",2025-02-15,"calendar","sir","hurdle_ztnb",2025-02-15,2025,0,504,787,504,469.45,553.55,0.9,""
"Oklahoma",2025-02-15,"calendar","sir","hurdle_ztpoisson",2025-01-18,2025,4,439,439,446,430,464.55,0.9,""
"Oklahoma",2025-02-15,"calendar","sir","hurdle_ztpoisson",2025-01-25,2025,3,697,692,699,692,707,0.9,""
"Oklahoma",2025-02-15,"calendar","sir","hurdle_ztpoisson",2025-02-01,2025,2,1115,1114,1119,1106,1137.55,0.9,""
"Oklahoma",2025-02-15,"calendar","sir","hurdle_ztpoisson",2025-02-08,2025,1,970,1076,975,944.45,1011.2,0.9,""
"Oklahoma",2025-02-15,"calendar","sir","hurdle_ztpoisson",2025-02-15,2025,0,504,787,505,437.1,562.1,0.9,""
"Oklahoma",2025-03-29,"calendar","hsgp","hurdle_ztnb",2025-03-01,2025,4,334,334,338,327,353,0.9,""
"Oklahoma",2025-03-29,"calendar","hsgp","hurdle_ztnb",2025-03-08,2025,3,221,236,225,214,242.55,0.9,""
"Oklahoma",2025-03-29,"calendar","hsgp","hurdle_ztnb",2025-03-15,2025,2,141,143,144,129.45,166,0.9,""
"Oklahoma",2025-03-29,"calendar","hsgp","hurdle_ztnb",2025-03-22,2025,1,73,86,76,57.9,104.55,0.9,""
"Oklahoma",2025-03-29,"calendar","hsgp","hurdle_ztnb",2025-03-29,2025,0,54,75,59,37,98.1,0.9,""
"Oklahoma",2025-03-29,"calendar","hsgp","hurdle_ztpoisson",2025-03-01,2025,4,334,334,338,329,347,0.9,""
"Oklahoma",2025-03-29,"calendar","hsgp","hurdle_ztpoisson",2025-03-08,2025,3,221,236,223,215,234,0.9,""
"Oklahoma",2025-03-29,"calendar","hsgp","hurdle_ztpoisson",2025-03-15,2025,2,141,143,144,135,155,0.9,""
"Oklahoma",2025-03-29,"calendar","hsgp","hurdle_ztpoisson",2025-03-22,2025,1,73,86,76,66.45,87,0.9,""
"Oklahoma",2025-03-29,"calendar","hsgp","hurdle_ztpoisson",2025-03-29,2025,0,54,75,58,45,73.55,0.9,""
"Oklahoma",2025-03-29,"calendar","sir","hurdle_ztnb",2025-03-01,2025,4,334,334,334,330,345.55,0.9,""
"Oklahoma",2025-03-29,"calendar","sir","hurdle_ztnb",2025-03-08,2025,3,221,236,221,209.45,235,0.9,""
"Oklahoma",2025-03-29,"calendar","sir","hurdle_ztnb",2025-03-15,2025,2,141,143,141,131,153,0.9,""
"Oklahoma",2025-03-29,"calendar","sir","hurdle_ztnb",2025-03-22,2025,1,73,86,74,57,107.1,0.9,""
"Oklahoma",2025-03-29,"calendar","sir","hurdle_ztnb",2025-03-29,2025,0,54,75,56,25.45,121.75,0.9,""
"Oklahoma",2025-03-29,"calendar","sir","hurdle_ztpoisson",2025-03-01,2025,4,334,334,334,331,339.55,0.9,""
"Oklahoma",2025-03-29,"calendar","sir","hurdle_ztpoisson",2025-03-08,2025,3,221,236,221,218,226,0.9,""
"Oklahoma",2025-03-29,"calendar","sir","hurdle_ztpoisson",2025-03-15,2025,2,141,143,141,136.45,146,0.9,""
"Oklahoma",2025-03-29,"calendar","sir","hurdle_ztpoisson",2025-03-22,2025,1,73,86,73,68,78,0.9,""
"Oklahoma",2025-03-29,"calendar","sir","hurdle_ztpoisson",2025-03-29,2025,0,54,75,54,49,66.55,0.9,""
"Oklahoma",2025-04-26,"calendar","hsgp","hurdle_ztnb",2025-03-29,2025,4,76,75,76,75,81,0.9,""
"Oklahoma",2025-04-26,"calendar","hsgp","hurdle_ztnb",2025-04-05,2025,3,40,40,40,39,45,0.9,""
"Oklahoma",2025-04-26,"calendar","hsgp","hurdle_ztnb",2025-04-12,2025,2,20,20,20,18,24.55,0.9,""
"Oklahoma",2025-04-26,"calendar","hsgp","hurdle_ztnb",2025-04-19,2025,1,16,21,16,13,22,0.9,""
"Oklahoma",2025-04-26,"calendar","hsgp","hurdle_ztnb",2025-04-26,2025,0,8,17,8,4,15,0.9,""
"Oklahoma",2025-04-26,"calendar","hsgp","hurdle_ztpoisson",2025-03-29,2025,4,76,75,76,73,81,0.9,""
"Oklahoma",2025-04-26,"calendar","hsgp","hurdle_ztpoisson",2025-04-05,2025,3,40,40,40,37,44,0.9,""
"Oklahoma",2025-04-26,"calendar","hsgp","hurdle_ztpoisson",2025-04-12,2025,2,20,20,20,17.45,25,0.9,""
"Oklahoma",2025-04-26,"calendar","hsgp","hurdle_ztpoisson",2025-04-19,2025,1,16,21,16,13,22,0.9,""
"Oklahoma",2025-04-26,"calendar","hsgp","hurdle_ztpoisson",2025-04-26,2025,0,8,17,8,2.45,16,0.9,""
"Oklahoma",2025-04-26,"calendar","sir","hurdle_ztnb",2025-03-29,2025,4,76,75,76,73,84,0.9,""
"Oklahoma",2025-04-26,"calendar","sir","hurdle_ztnb",2025-04-05,2025,3,40,40,40,36.45,53,0.9,""
"Oklahoma",2025-04-26,"calendar","sir","hurdle_ztnb",2025-04-12,2025,2,20,20,20,10.45,34.55,0.9,""
"Oklahoma",2025-04-26,"calendar","sir","hurdle_ztnb",2025-04-19,2025,1,16,21,16,1.45,37,0.9,""
"Oklahoma",2025-04-26,"calendar","sir","hurdle_ztnb",2025-04-26,2025,0,8,17,8.5,0,59.6499999999999,0.9,""
"Oklahoma",2025-04-26,"calendar","sir","hurdle_ztpoisson",2025-03-29,2025,4,76,75,76,76,78,0.9,""
"Oklahoma",2025-04-26,"calendar","sir","hurdle_ztpoisson",2025-04-05,2025,3,40,40,40,40,42,0.9,""
"Oklahoma",2025-04-26,"calendar","sir","hurdle_ztpoisson",2025-04-12,2025,2,20,20,20,18,21,0.9,""
"Oklahoma",2025-04-26,"calendar","sir","hurdle_ztpoisson",2025-04-19,2025,1,16,21,16,15,18,0.9,""
"Oklahoma",2025-04-26,"calendar","sir","hurdle_ztpoisson",2025-04-26,2025,0,8,17,8,8,11,0.9,""
"Oklahoma",2025-05-31,"calendar","hsgp","hurdle_ztnb",2025-05-03,2025,4,16,16,16,16,17,0.9,""
"Oklahoma",2025-05-31,"calendar","hsgp","hurdle_ztnb",2025-05-10,2025,3,13,13,13,13,15.55,0.9,""
"Oklahoma",2025-05-31,"calendar","hsgp","hurdle_ztnb",2025-05-17,2025,2,19,19,19,17,22,0.9,""
"Oklahoma",2025-05-31,"calendar","hsgp","hurdle_ztnb",2025-05-24,2025,1,13,13,13,9.45,18.55,0.9,""
"Oklahoma",2025-05-31,"calendar","hsgp","hurdle_ztnb",2025-05-31,2025,0,3,8,3,0,13,0.9,""
"Oklahoma",2025-05-31,"calendar","hsgp","hurdle_ztpoisson",2025-05-03,2025,4,16,16,16,16,17,0.9,""
"Oklahoma",2025-05-31,"calendar","hsgp","hurdle_ztpoisson",2025-05-10,2025,3,13,13,13,12,14.55,0.9,""
"Oklahoma",2025-05-31,"calendar","hsgp","hurdle_ztpoisson",2025-05-17,2025,2,19,19,19,17,22,0.9,""
"Oklahoma",2025-05-31,"calendar","hsgp","hurdle_ztpoisson",2025-05-24,2025,1,13,13,13,11,17,0.9,""
"Oklahoma",2025-05-31,"calendar","hsgp","hurdle_ztpoisson",2025-05-31,2025,0,3,8,3,0,10,0.9,""
"Oklahoma",2025-05-31,"calendar","sir","hurdle_ztnb",2025-05-03,2025,4,16,16,16,13.45,26.55,0.9,""
"Oklahoma",2025-05-31,"calendar","sir","hurdle_ztnb",2025-05-10,2025,3,13,13,13,10,21,0.9,""
"Oklahoma",2025-05-31,"calendar","sir","hurdle_ztnb",2025-05-17,2025,2,19,19,19,13.45,30,0.9,""
"Oklahoma",2025-05-31,"calendar","sir","hurdle_ztnb",2025-05-24,2025,1,13,13,13,0,28.55,0.9,""
"Oklahoma",2025-05-31,"calendar","sir","hurdle_ztnb",2025-05-31,2025,0,3,8,3.5,0,36.55,0.9,""
"Oklahoma",2025-05-31,"calendar","sir","hurdle_ztpoisson",2025-05-03,2025,4,16,16,16,16,16,0.9,""
"Oklahoma",2025-05-31,"calendar","sir","hurdle_ztpoisson",2025-05-10,2025,3,13,13,13,13,13,0.9,""
"Oklahoma",2025-05-31,"calendar","sir","hurdle_ztpoisson",2025-05-17,2025,2,19,19,19,19,19,0.9,""
"Oklahoma",2025-05-31,"calendar","sir","hurdle_ztpoisson",2025-05-24,2025,1,13,13,13,13,13,0.9,""
"Oklahoma",2025-05-31,"calendar","sir","hurdle_ztpoisson",2025-05-31,2025,0,3,8,3,3,3,0.9,""
"Oregon",2025-01-02,"calendar","hsgp","hurdle_ztnb",2024-11-30,2024,4,79,83,79,79,93,0.9,""
"Oregon",2025-01-02,"calendar","hsgp","hurdle_ztnb",2024-12-07,2024,3,118,119,121,118,137,0.9,""
"Oregon",2025-01-02,"calendar","hsgp","hurdle_ztnb",2024-12-14,2024,2,192,242,197,192,218.55,0.9,""
"Oregon",2025-01-02,"calendar","hsgp","hurdle_ztnb",2024-12-21,2024,1,361,392,367,356.45,395.55,0.9,""
"Oregon",2025-01-02,"calendar","hsgp","hurdle_ztnb",2024-12-28,2024,0,524,558,533,492,596.65,0.9,""
"Oregon",2025-01-02,"calendar","hsgp","hurdle_ztpoisson",2024-11-30,2024,4,79,83,79,78,89,0.9,""
"Oregon",2025-01-02,"calendar","hsgp","hurdle_ztpoisson",2024-12-07,2024,3,118,119,118,111,134,0.9,""
"Oregon",2025-01-02,"calendar","hsgp","hurdle_ztpoisson",2024-12-14,2024,2,192,242,198,179.45,222.55,0.9,""
"Oregon",2025-01-02,"calendar","hsgp","hurdle_ztpoisson",2024-12-21,2024,1,361,392,372,317.45,423.55,0.9,""
"Oregon",2025-01-02,"calendar","hsgp","hurdle_ztpoisson",2024-12-28,2024,0,524,558,550,438.9,657.65,0.9,""
"Oregon",2025-01-02,"calendar","sir","hurdle_ztnb",2024-11-30,2024,4,79,83,79,79,92.55,0.9,""
"Oregon",2025-01-02,"calendar","sir","hurdle_ztnb",2024-12-07,2024,3,118,119,118,118,130,0.9,""
"Oregon",2025-01-02,"calendar","sir","hurdle_ztnb",2024-12-14,2024,2,192,242,192,185.45,210.1,0.9,""
"Oregon",2025-01-02,"calendar","sir","hurdle_ztnb",2024-12-21,2024,1,361,392,361,357,384,0.9,""
"Oregon",2025-01-02,"calendar","sir","hurdle_ztnb",2024-12-28,2024,0,524,558,525,516,566.55,0.9,""
"Oregon",2025-01-02,"calendar","sir","hurdle_ztpoisson",2024-11-30,2024,4,79,83,79,79,83.55,0.9,""
"Oregon",2025-01-02,"calendar","sir","hurdle_ztpoisson",2024-12-07,2024,3,118,119,127,113.9,149,0.9,""
"Oregon",2025-01-02,"calendar","sir","hurdle_ztpoisson",2024-12-14,2024,2,192,242,192,187,205,0.9,""
"Oregon",2025-01-02,"calendar","sir","hurdle_ztpoisson",2024-12-21,2024,1,361,392,361,331.45,394,0.9,""
"Oregon",2025-01-02,"calendar","sir","hurdle_ztpoisson",2024-12-28,2024,0,524,558,535,475,617.55,0.9,""
"Oregon",2025-02-15,"calendar","hsgp","hurdle_ztnb",2025-01-18,2025,4,289,290,291,289,309.55,0.9,""
"Oregon",2025-02-15,"calendar","hsgp","hurdle_ztnb",2025-01-25,2025,3,272,277,277,272,297,0.9,""
"Oregon",2025-02-15,"calendar","hsgp","hurdle_ztnb",2025-02-01,2025,2,497,500,503.5,495,530.55,0.9,""
"Oregon",2025-02-15,"calendar","hsgp","hurdle_ztnb",2025-02-08,2025,1,555,566,563,546.45,607.55,0.9,""
"Oregon",2025-02-15,"calendar","hsgp","hurdle_ztnb",2025-02-15,2025,0,448,502,458,406.6,524,0.9,""
"Oregon",2025-02-15,"calendar","hsgp","hurdle_ztpoisson",2025-01-18,2025,4,289,290,289,282,297,0.9,""
"Oregon",2025-02-15,"calendar","hsgp","hurdle_ztpoisson",2025-01-25,2025,3,272,277,272,266,282,0.9,""
"Oregon",2025-02-15,"calendar","hsgp","hurdle_ztpoisson",2025-02-01,2025,2,497,500,497,487,512.55,0.9,""
"Oregon",2025-02-15,"calendar","hsgp","hurdle_ztpoisson",2025-02-08,2025,1,555,566,555,533.9,581.55,0.9,""
"Oregon",2025-02-15,"calendar","hsgp","hurdle_ztpoisson",2025-02-15,2025,0,448,502,448,261.9,499.4,0.9,""
"Oregon",2025-02-15,"calendar","sir","hurdle_ztnb",2025-01-18,2025,4,289,290,289,289,302.55,0.9,""
"Oregon",2025-02-15,"calendar","sir","hurdle_ztnb",2025-01-25,2025,3,272,277,272,272,288.55,0.9,""
"Oregon",2025-02-15,"calendar","sir","hurdle_ztnb",2025-02-01,2025,2,497,500,497,497,512.55,0.9,""
"Oregon",2025-02-15,"calendar","sir","hurdle_ztnb",2025-02-08,2025,1,555,566,555,552,577.55,0.9,""
"Oregon",2025-02-15,"calendar","sir","hurdle_ztnb",2025-02-15,2025,0,448,502,449,430.45,488.55,0.9,""
"Oregon",2025-02-15,"calendar","sir","hurdle_ztpoisson",2025-01-18,2025,4,289,290,289,283,305,0.9,""
"Oregon",2025-02-15,"calendar","sir","hurdle_ztpoisson",2025-01-25,2025,3,272,277,272,272,279,0.9,""
"Oregon",2025-02-15,"calendar","sir","hurdle_ztpoisson",2025-02-01,2025,2,497,500,497,489.45,508,0.9,""
"Oregon",2025-02-15,"calendar","sir","hurdle_ztpoisson",2025-02-08,2025,1,555,566,555,546,573,0.9,""
"Oregon",2025-02-15,"calendar","sir","hurdle_ztpoisson",2025-02-15,2025,0,448,502,448,349.45,488.8,0.9,""
"Oregon",2025-03-29,"calendar","hsgp","hurdle_ztnb",2025-03-01,2025,4,321,323,321,321,334,0.9,""
"Oregon",2025-03-29,"calendar","hsgp","hurdle_ztnb",2025-03-08,2025,3,207,208,207,207,220,0.9,""
"Oregon",2025-03-29,"calendar","hsgp","hurdle_ztnb",2025-03-15,2025,2,185,184,185,185,198,0.9,""
"Oregon",2025-03-29,"calendar","hsgp","hurdle_ztnb",2025-03-22,2025,1,100,126,102,99,121,0.9,""
"Oregon",2025-03-29,"calendar","hsgp","hurdle_ztnb",2025-03-29,2025,0,75,95,78,65.45,107.55,0.9,""
"Oregon",2025-03-29,"calendar","hsgp","hurdle_ztpoisson",2025-03-01,2025,4,321,323,321,316.45,329.55,0.9,""
"Oregon",2025-03-29,"calendar","hsgp","hurdle_ztpoisson",2025-03-08,2025,3,207,208,207,201,215.55,0.9,""
"Oregon",2025-03-29,"calendar","hsgp","hurdle_ztpoisson",2025-03-15,2025,2,185,184,185,181,194,0.9,""
"Oregon",2025-03-29,"calendar","hsgp","hurdle_ztpoisson",2025-03-22,2025,1,100,126,100,94,110,0.9,""
"Oregon",2025-03-29,"calendar","hsgp","hurdle_ztpoisson",2025-03-29,2025,0,75,95,75,50,94,0.9,""
"Oregon",2025-03-29,"calendar","sir","hurdle_ztnb",2025-03-01,2025,4,321,323,321,321,331,0.9,""
"Oregon",2025-03-29,"calendar","sir","hurdle_ztnb",2025-03-08,2025,3,207,208,207,207,218,0.9,""
"Oregon",2025-03-29,"calendar","sir","hurdle_ztnb",2025-03-15,2025,2,185,184,185,179.45,202.55,0.9,""
"Oregon",2025-03-29,"calendar","sir","hurdle_ztnb",2025-03-22,2025,1,100,126,100,93.45,121.55,0.9,""
"Oregon",2025-03-29,"calendar","sir","hurdle_ztnb",2025-03-29,2025,0,75,95,75,66.45,112.65,0.9,""
"Oregon",2025-03-29,"calendar","sir","hurdle_ztpoisson",2025-03-01,2025,4,321,323,321,321,327.55,0.9,""
"Oregon",2025-03-29,"calendar","sir","hurdle_ztpoisson",2025-03-08,2025,3,207,208,207,207,212,0.9,""
"Oregon",2025-03-29,"calendar","sir","hurdle_ztpoisson",2025-03-15,2025,2,185,184,185,182.45,191,0.9,""
"Oregon",2025-03-29,"calendar","sir","hurdle_ztpoisson",2025-03-22,2025,1,100,126,100,95,106.55,0.9,""
"Oregon",2025-03-29,"calendar","sir","hurdle_ztpoisson",2025-03-29,2025,0,75,95,75,59,82.55,0.9,""
"Oregon",2025-04-26,"calendar","hsgp","hurdle_ztnb",2025-03-29,2025,4,95,95,95,95,104,0.9,""
"Oregon",2025-04-26,"calendar","hsgp","hurdle_ztnb",2025-04-05,2025,3,83,85,83,83,91.55,0.9,""
"Oregon",2025-04-26,"calendar","hsgp","hurdle_ztnb",2025-04-12,2025,2,49,50,49,49,58.55,0.9,""
"Oregon",2025-04-26,"calendar","hsgp","hurdle_ztnb",2025-04-19,2025,1,42,43,43,42,52,0.9,""
"Oregon",2025-04-26,"calendar","hsgp","hurdle_ztnb",2025-04-26,2025,0,30,33,32,25.9,48,0.9,""
"Oregon",2025-04-26,"calendar","hsgp","hurdle_ztpoisson",2025-03-29,2025,4,95,95,95,95,100,0.9,""
"Oregon",2025-04-26,"calendar","hsgp","hurdle_ztpoisson",2025-04-05,2025,3,83,85,83,80,87.55,0.9,""
"Oregon",2025-04-26,"calendar","hsgp","hurdle_ztpoisson",2025-04-12,2025,2,49,50,49,46,55,0.9,""
"Oregon",2025-04-26,"calendar","hsgp","hurdle_ztpoisson",2025-04-19,2025,1,42,43,42,39,47,0.9,""
"Oregon",2025-04-26,"calendar","hsgp","hurdle_ztpoisson",2025-04-26,2025,0,30,33,30,17.45,41,0.9,""
"Oregon",2025-04-26,"calendar","sir","hurdle_ztnb",2025-03-29,2025,4,95,95,95,95,107,0.9,""
"Oregon",2025-04-26,"calendar","sir","hurdle_ztnb",2025-04-05,2025,3,83,85,83,83,95.55,0.9,""
"Oregon",2025-04-26,"calendar","sir","hurdle_ztnb",2025-04-12,2025,2,49,50,49,49,62,0.9,""
"Oregon",2025-04-26,"calendar","sir","hurdle_ztnb",2025-04-19,2025,1,42,43,42,42,57,0.9,""
"Oregon",2025-04-26,"calendar","sir","hurdle_ztnb",2025-04-26,2025,0,30,33,31,25.45,58,0.9,""
"Oregon",2025-04-26,"calendar","sir","hurdle_ztpoisson",2025-03-29,2025,4,95,95,95,95,95,0.9,""
"Oregon",2025-04-26,"calendar","sir","hurdle_ztpoisson",2025-04-05,2025,3,83,85,83,83,86,0.9,""
"Oregon",2025-04-26,"calendar","sir","hurdle_ztpoisson",2025-04-12,2025,2,49,50,49,49,53,0.9,""
"Oregon",2025-04-26,"calendar","sir","hurdle_ztpoisson",2025-04-19,2025,1,42,43,42,42,43.1,0.9,""
"Oregon",2025-04-26,"calendar","sir","hurdle_ztpoisson",2025-04-26,2025,0,30,33,30,23,34,0.9,""
"Oregon",2025-05-31,"calendar","hsgp","hurdle_ztnb",2025-05-03,2025,4,35,36,35,35,37.55,0.9,""
"Oregon",2025-05-31,"calendar","hsgp","hurdle_ztnb",2025-05-10,2025,3,27,27,27,27,33,0.9,""
"Oregon",2025-05-31,"calendar","hsgp","hurdle_ztnb",2025-05-17,2025,2,19,19,19,19,24,0.9,""
"Oregon",2025-05-31,"calendar","hsgp","hurdle_ztnb",2025-05-24,2025,1,21,20,21,21,28,0.9,""
"Oregon",2025-05-31,"calendar","hsgp","hurdle_ztnb",2025-05-31,2025,0,7,14,7,6,19.55,0.9,""
"Oregon",2025-05-31,"calendar","hsgp","hurdle_ztpoisson",2025-05-03,2025,4,35,36,35,35,37,0.9,""
"Oregon",2025-05-31,"calendar","hsgp","hurdle_ztpoisson",2025-05-10,2025,3,27,27,27,27,27,0.9,""
"Oregon",2025-05-31,"calendar","hsgp","hurdle_ztpoisson",2025-05-17,2025,2,19,19,19,19,22,0.9,""
"Oregon",2025-05-31,"calendar","hsgp","hurdle_ztpoisson",2025-05-24,2025,1,21,20,21,20,25.55,0.9,""
"Oregon",2025-05-31,"calendar","hsgp","hurdle_ztpoisson",2025-05-31,2025,0,7,14,7,0,12,0.9,""
"Oregon",2025-05-31,"calendar","sir","hurdle_ztnb",2025-05-03,2025,4,35,36,35,35,39.55,0.9,""
"Oregon",2025-05-31,"calendar","sir","hurdle_ztnb",2025-05-10,2025,3,27,27,27,27,34,0.9,""
"Oregon",2025-05-31,"calendar","sir","hurdle_ztnb",2025-05-17,2025,2,19,19,19,19,30.1,0.9,""
"Oregon",2025-05-31,"calendar","sir","hurdle_ztnb",2025-05-24,2025,1,21,20,21,21,32,0.9,""
"Oregon",2025-05-31,"calendar","sir","hurdle_ztnb",2025-05-31,2025,0,7,14,7,3.45,22.55,0.9,""
"Oregon",2025-05-31,"calendar","sir","hurdle_ztpoisson",2025-05-03,2025,4,35,36,35,35,35,0.9,""
"Oregon",2025-05-31,"calendar","sir","hurdle_ztpoisson",2025-05-10,2025,3,27,27,27,27,27,0.9,""
"Oregon",2025-05-31,"calendar","sir","hurdle_ztpoisson",2025-05-17,2025,2,19,19,19,19,19,0.9,""
"Oregon",2025-05-31,"calendar","sir","hurdle_ztpoisson",2025-05-24,2025,1,21,20,21,21,23.55,0.9,""
"Oregon",2025-05-31,"calendar","sir","hurdle_ztpoisson",2025-05-31,2025,0,7,14,7,7,7,0.9,""
"Pennsylvania",2025-01-02,"calendar","hsgp","hurdle_ztnb",2024-11-30,2024,4,114,116,114,114,152.55,0.9,""
"Pennsylvania",2025-01-02,"calendar","hsgp","hurdle_ztnb",2024-12-07,2024,3,175,208,175,171.45,221.55,0.9,""
"Pennsylvania",2025-01-02,"calendar","hsgp","hurdle_ztnb",2024-12-14,2024,2,267,349,267,254.35,323.1,0.9,""
"Pennsylvania",2025-01-02,"calendar","hsgp","hurdle_ztnb",2024-12-21,2024,1,344,632,344,291.8,427.85,0.9,""
"Pennsylvania",2025-01-02,"calendar","hsgp","hurdle_ztnb",2024-12-28,2024,0,985,1210,986,949.35,1075.9,0.9,""
"Pennsylvania",2025-01-02,"calendar","hsgp","hurdle_ztpoisson",2024-11-30,2024,4,114,116,114,114,114,0.9,""
"Pennsylvania",2025-01-02,"calendar","hsgp","hurdle_ztpoisson",2024-12-07,2024,3,175,208,175,175,175,0.9,""
"Pennsylvania",2025-01-02,"calendar","hsgp","hurdle_ztpoisson",2024-12-14,2024,2,267,349,267,267,270.85,0.9,""
"Pennsylvania",2025-01-02,"calendar","hsgp","hurdle_ztpoisson",2024-12-21,2024,1,344,632,344,344,364.55,0.9,""
"Pennsylvania",2025-01-02,"calendar","hsgp","hurdle_ztpoisson",2024-12-28,2024,0,985,1210,985,956.45,1039,0.9,""
"Pennsylvania",2025-01-02,"calendar","sir","hurdle_ztnb",2024-11-30,2024,4,114,116,114,114,140.65,0.9,""
"Pennsylvania",2025-01-02,"calendar","sir","hurdle_ztnb",2024-12-07,2024,3,175,208,175,175,192.55,0.9,""
"Pennsylvania",2025-01-02,"calendar","sir","hurdle_ztnb",2024-12-14,2024,2,267,349,267,263.45,289,0.9,""
"Pennsylvania",2025-01-02,"calendar","sir","hurdle_ztnb",2024-12-21,2024,1,344,632,344,333,386.75,0.9,""
"Pennsylvania",2025-01-02,"calendar","sir","hurdle_ztnb",2024-12-28,2024,0,985,1210,985,960.9,1053.65,0.9,""
"Pennsylvania",2025-01-02,"calendar","sir","hurdle_ztpoisson",2024-11-30,2024,4,114,116,114,114,114,0.9,""
"Pennsylvania",2025-01-02,"calendar","sir","hurdle_ztpoisson",2024-12-07,2024,3,175,208,175,139.45,211.65,0.9,""
"Pennsylvania",2025-01-02,"calendar","sir","hurdle_ztpoisson",2024-12-14,2024,2,267,349,267,267,267,0.9,""
"Pennsylvania",2025-01-02,"calendar","sir","hurdle_ztpoisson",2024-12-21,2024,1,344,632,344,344,359.1,0.9,""
"Pennsylvania",2025-01-02,"calendar","sir","hurdle_ztpoisson",2024-12-28,2024,0,985,1210,985,953.45,1029.55,0.9,""
"Pennsylvania",2025-02-15,"calendar","hsgp","hurdle_ztnb",2025-01-18,2025,4,2476,2483,2477,2463.9,2640.35,0.9,""
"Pennsylvania",2025-02-15,"calendar","hsgp","hurdle_ztnb",2025-01-25,2025,3,3041,3182,3056,3026.9,3307.1,0.9,""
"Pennsylvania",2025-02-15,"calendar","hsgp","hurdle_ztnb",2025-02-01,2025,2,3730,3853,3752,3684,4010.55,0.9,""
"Pennsylvania",2025-02-15,"calendar","hsgp","hurdle_ztnb",2025-02-08,2025,1,4177,4358,4197,4007.75,4694.7,0.9,""
"Pennsylvania",2025-02-15,"calendar","hsgp","hurdle_ztnb",2025-02-15,2025,0,4290,4571,4340.5,3784.35,5446.9,0.9,""
"Pennsylvania",2025-02-15,"calendar","hsgp","hurdle_ztpoisson",2025-01-18,2025,4,2476,2483,2476,2476,2510,0.9,""
"Pennsylvania",2025-02-15,"calendar","hsgp","hurdle_ztpoisson",2025-01-25,2025,3,3041,3182,3041,3031.35,3083.55,0.9,""
"Pennsylvania",2025-02-15,"calendar","hsgp","hurdle_ztpoisson",2025-02-01,2025,2,3730,3853,3730,3702,3787.55,0.9,""
"Pennsylvania",2025-02-15,"calendar","hsgp","hurdle_ztpoisson",2025-02-08,2025,1,4177,4358,4177,4099,4282.2,0.9,""
"Pennsylvania",2025-02-15,"calendar","hsgp","hurdle_ztpoisson",2025-02-15,2025,0,4290,4571,4290,3432.8,4395,0.9,""
"Pennsylvania",2025-02-15,"calendar","sir","hurdle_ztnb",2025-01-18,2025,4,2476,2483,2476,2475.45,2512.55,0.9,""
"Pennsylvania",2025-02-15,"calendar","sir","hurdle_ztnb",2025-01-25,2025,3,3041,3182,3041,3039,3090.1,0.9,""
"Pennsylvania",2025-02-15,"calendar","sir","hurdle_ztnb",2025-02-01,2025,2,3730,3853,3730,3722.35,3768.55,0.9,""
"Pennsylvania",2025-02-15,"calendar","sir","hurdle_ztnb",2025-02-08,2025,1,4177,4358,4177,4170.9,4235.1,0.9,""
"Pennsylvania",2025-02-15,"calendar","sir","hurdle_ztnb",2025-02-15,2025,0,4290,4571,4290,4268.45,4448.1,0.9,""
"Pennsylvania",2025-02-15,"calendar","sir","hurdle_ztpoisson",2025-01-18,2025,4,2476,2483,2476,2476,2515.55,0.9,""
"Pennsylvania",2025-02-15,"calendar","sir","hurdle_ztpoisson",2025-01-25,2025,3,3041,3182,3041,3041,3041,0.9,""
"Pennsylvania",2025-02-15,"calendar","sir","hurdle_ztpoisson",2025-02-01,2025,2,3730,3853,3730,3730,3730,0.9,""
"Pennsylvania",2025-02-15,"calendar","sir","hurdle_ztpoisson",2025-02-08,2025,1,4177,4358,4177,4177,4177,0.9,""
"Pennsylvania",2025-02-15,"calendar","sir","hurdle_ztpoisson",2025-02-15,2025,0,4290,4571,4290,4231.85,4290,0.9,""
"Pennsylvania",2025-03-29,"calendar","hsgp","hurdle_ztnb",2025-03-01,2025,4,3019,3136,3019,3019,3080.65,0.9,""
"Pennsylvania",2025-03-29,"calendar","hsgp","hurdle_ztnb",2025-03-08,2025,3,2356,2429,2356,2356,2419,0.9,""
"Pennsylvania",2025-03-29,"calendar","hsgp","hurdle_ztnb",2025-03-15,2025,2,1607,1648,1608,1597.9,1679.55,0.9,""
"Pennsylvania",2025-03-29,"calendar","hsgp","hurdle_ztnb",2025-03-22,2025,1,1248,1346,1249,1225.25,1320.85,0.9,""
"Pennsylvania",2025-03-29,"calendar","hsgp","hurdle_ztnb",2025-03-29,2025,0,921,958,925,891.9,1042.85,0.9,""
"Pennsylvania",2025-03-29,"calendar","hsgp","hurdle_ztpoisson",2025-03-01,2025,4,3019,3136,3036,3007.5,3082.55,0.9,""
"Pennsylvania",2025-03-29,"calendar","hsgp","hurdle_ztpoisson",2025-03-08,2025,3,2356,2429,2370,2348.7,2422,0.9,""
"Pennsylvania",2025-03-29,"calendar","hsgp","hurdle_ztpoisson",2025-03-15,2025,2,1607,1648,1620,1592.9,1658.1,0.9,""
"Pennsylvania",2025-03-29,"calendar","hsgp","hurdle_ztpoisson",2025-03-22,2025,1,1248,1346,1269,1236,1309.55,0.9,""
"Pennsylvania",2025-03-29,"calendar","hsgp","hurdle_ztpoisson",2025-03-29,2025,0,921,958,868,788.45,1069.75,0.9,""
"Pennsylvania",2025-03-29,"calendar","sir","hurdle_ztnb",2025-03-01,2025,4,3019,3136,3019,3016.9,3050,0.9,""
"Pennsylvania",2025-03-29,"calendar","sir","hurdle_ztnb",2025-03-08,2025,3,2356,2429,2356,2356,2380.1,0.9,""
"Pennsylvania",2025-03-29,"calendar","sir","hurdle_ztnb",2025-03-15,2025,2,1607,1648,1607,1603.9,1664.65,0.9,""
"Pennsylvania",2025-03-29,"calendar","sir","hurdle_ztnb",2025-03-22,2025,1,1248,1346,1248,1236.35,1336.65,0.9,""
"Pennsylvania",2025-03-29,"calendar","sir","hurdle_ztnb",2025-03-29,2025,0,921,958,921,910.45,1058.3,0.9,""
"Pennsylvania",2025-03-29,"calendar","sir","hurdle_ztpoisson",2025-03-01,2025,4,3019,3136,3019,3019,3019,0.9,""
"Pennsylvania",2025-03-29,"calendar","sir","hurdle_ztpoisson",2025-03-08,2025,3,2356,2429,2356,2356,2356,0.9,""
"Pennsylvania",2025-03-29,"calendar","sir","hurdle_ztpoisson",2025-03-15,2025,2,1607,1648,1607,1607,1607,0.9,""
"Pennsylvania",2025-03-29,"calendar","sir","hurdle_ztpoisson",2025-03-22,2025,1,1248,1346,1248,1248,1248,0.9,""
"Pennsylvania",2025-03-29,"calendar","sir","hurdle_ztpoisson",2025-03-29,2025,0,921,958,921,921,921,0.9,""
"Pennsylvania",2025-04-26,"calendar","hsgp","hurdle_ztnb",2025-03-29,2025,4,933,958,933,933,956.1,0.9,""
"Pennsylvania",2025-04-26,"calendar","hsgp","hurdle_ztnb",2025-04-05,2025,3,587,671,587,587,611.3,0.9,""
"Pennsylvania",2025-04-26,"calendar","hsgp","hurdle_ztnb",2025-04-12,2025,2,441,479,441,436.45,464.55,0.9,""
"Pennsylvania",2025-04-26,"calendar","hsgp","hurdle_ztnb",2025-04-19,2025,1,347,417,347,343.9,372.55,0.9,""
"Pennsylvania",2025-04-26,"calendar","hsgp","hurdle_ztnb",2025-04-26,2025,0,239,474,239,223.35,283.55,0.9,""
"Pennsylvania",2025-04-26,"calendar","hsgp","hurdle_ztpoisson",2025-03-29,2025,4,933,958,933,933,959.55,0.9,""
"Pennsylvania",2025-04-26,"calendar","hsgp","hurdle_ztpoisson",2025-04-05,2025,3,587,671,587,587,610,0.9,""
"Pennsylvania",2025-04-26,"calendar","hsgp","hurdle_ztpoisson",2025-04-12,2025,2,441,479,441,433.45,462,0.9,""
"Pennsylvania",2025-04-26,"calendar","hsgp","hurdle_ztpoisson",2025-04-19,2025,1,347,417,351,339,367,0.9,""
"Pennsylvania",2025-04-26,"calendar","hsgp","hurdle_ztpoisson",2025-04-26,2025,0,239,474,239,205,275.1,0.9,""
"Pennsylvania",2025-04-26,"calendar","sir","hurdle_ztnb",2025-03-29,2025,4,933,958,933,933,950.55,0.9,""
"Pennsylvania",2025-04-26,"calendar","sir","hurdle_ztnb",2025-04-05,2025,3,587,671,587,587,617.65,0.9,""
"Pennsylvania",2025-04-26,"calendar","sir","hurdle_ztnb",2025-04-12,2025,2,441,479,441,436.9,473.55,0.9,""
"Pennsylvania",2025-04-26,"calendar","sir","hurdle_ztnb",2025-04-19,2025,1,347,417,347,342.45,407,0.9,""
"Pennsylvania",2025-04-26,"calendar","sir","hurdle_ztnb",2025-04-26,2025,0,239,474,239,228.45,332.85,0.9,""
"Pennsylvania",2025-04-26,"calendar","sir","hurdle_ztpoisson",2025-03-29,2025,4,933,958,933,933,933,0.9,""
"Pennsylvania",2025-04-26,"calendar","sir","hurdle_ztpoisson",2025-04-05,2025,3,587,671,587,587,587,0.9,""
"Pennsylvania",2025-04-26,"calendar","sir","hurdle_ztpoisson",2025-04-12,2025,2,441,479,441,441,441,0.9,""
"Pennsylvania",2025-04-26,"calendar","sir","hurdle_ztpoisson",2025-04-19,2025,1,347,417,347,347,347,0.9,""
"Pennsylvania",2025-04-26,"calendar","sir","hurdle_ztpoisson",2025-04-26,2025,0,239,474,239,239,239,0.9,""
"Pennsylvania",2025-05-31,"calendar","hsgp","hurdle_ztnb",2025-05-03,2025,4,254,256,254,254,280.65,0.9,""
"Pennsylvania",2025-05-31,"calendar","hsgp","hurdle_ztnb",2025-05-10,2025,3,251,262,251,251,273.55,0.9,""
"Pennsylvania",2025-05-31,"calendar","hsgp","hurdle_ztnb",2025-05-17,2025,2,151,173,151,148.45,176,0.9,""
"Pennsylvania",2025-05-31,"calendar","hsgp","hurdle_ztnb",2025-05-24,2025,1,169,172,169,146.35,215.1,0.9,""
"Pennsylvania",2025-05-31,"calendar","hsgp","hurdle_ztnb",2025-05-31,2025,0,183,187,184,168.45,262.4,0.9,""
"Pennsylvania",2025-05-31,"calendar","hsgp","hurdle_ztpoisson",2025-05-03,2025,4,254,256,254,254,268.55,0.9,""
"Pennsylvania",2025-05-31,"calendar","hsgp","hurdle_ztpoisson",2025-05-10,2025,3,251,262,251,251,261,0.9,""
"Pennsylvania",2025-05-31,"calendar","hsgp","hurdle_ztpoisson",2025-05-17,2025,2,151,173,151,151,163.55,0.9,""
"Pennsylvania",2025-05-31,"calendar","hsgp","hurdle_ztpoisson",2025-05-24,2025,1,169,172,169,162.45,182,0.9,""
"Pennsylvania",2025-05-31,"calendar","hsgp","hurdle_ztpoisson",2025-05-31,2025,0,183,187,183,162,206.55,0.9,""
"Pennsylvania",2025-05-31,"calendar","sir","hurdle_ztnb",2025-05-03,2025,4,254,256,254,254,264,0.9,""
"Pennsylvania",2025-05-31,"calendar","sir","hurdle_ztnb",2025-05-10,2025,3,251,262,251,251,273.75,0.9,""
"Pennsylvania",2025-05-31,"calendar","sir","hurdle_ztnb",2025-05-17,2025,2,151,173,151,150,175.55,0.9,""
"Pennsylvania",2025-05-31,"calendar","sir","hurdle_ztnb",2025-05-24,2025,1,169,172,169,160.9,203.1,0.9,""
"Pennsylvania",2025-05-31,"calendar","sir","hurdle_ztnb",2025-05-31,2025,0,183,187,183,165.7,248.55,0.9,""
"Pennsylvania",2025-05-31,"calendar","sir","hurdle_ztpoisson",2025-05-03,2025,4,254,256,254,254,254,0.9,""
"Pennsylvania",2025-05-31,"calendar","sir","hurdle_ztpoisson",2025-05-10,2025,3,251,262,251,251,251,0.9,""
"Pennsylvania",2025-05-31,"calendar","sir","hurdle_ztpoisson",2025-05-17,2025,2,151,173,151,151,151,0.9,""
"Pennsylvania",2025-05-31,"calendar","sir","hurdle_ztpoisson",2025-05-24,2025,1,169,172,169,169,169,0.9,""
"Pennsylvania",2025-05-31,"calendar","sir","hurdle_ztpoisson",2025-05-31,2025,0,183,187,183,183,183,0.9,""
"Puerto Rico",2025-01-02,"calendar","hsgp","hurdle_ztnb",2024-11-30,2024,4,279,368,279,279,297.55,0.9,""
"Puerto Rico",2025-01-02,"calendar","hsgp","hurdle_ztnb",2024-12-07,2024,3,435,457,435,432.45,453.55,0.9,""
"Puerto Rico",2025-01-02,"calendar","hsgp","hurdle_ztnb",2024-12-14,2024,2,371,470,372,371,393,0.9,""
"Puerto Rico",2025-01-02,"calendar","hsgp","hurdle_ztnb",2024-12-21,2024,1,19,553,19,4,47,0.9,""
"Puerto Rico",2025-01-02,"calendar","hsgp","hurdle_ztnb",2024-12-28,2024,0,13,707,14,0,81.1,0.9,""
"Puerto Rico",2025-01-02,"calendar","hsgp","hurdle_ztpoisson",2024-11-30,2024,4,279,368,279,272,291,0.9,"The `hurdle_ztpoisson` optimizer did not pass the stability gate.
✖ Optimizer code 0: relative convergence (4)
✖ Maximum absolute gradient: 6.478.
ℹ Try `count_cumulative_process(observation = ""hurdle_ztnb"")`; the ZTNB
  magnitude law was stable in the package-wide sweep.
ℹ This finite fit is returned with `gradient_status = ""warning""`; inspect
  `fit$opt` before using it."
"Puerto Rico",2025-01-02,"calendar","hsgp","hurdle_ztpoisson",2024-12-07,2024,3,435,457,435,424,453,0.9,"The `hurdle_ztpoisson` optimizer did not pass the stability gate.
✖ Optimizer code 0: relative convergence (4)
✖ Maximum absolute gradient: 6.478.
ℹ Try `count_cumulative_process(observation = ""hurdle_ztnb"")`; the ZTNB
  magnitude law was stable in the package-wide sweep.
ℹ This finite fit is returned with `gradient_status = ""warning""`; inspect
  `fit$opt` before using it."
"Puerto Rico",2025-01-02,"calendar","hsgp","hurdle_ztpoisson",2024-12-14,2024,2,371,470,371,356.45,392.65,0.9,"The `hurdle_ztpoisson` optimizer did not pass the stability gate.
✖ Optimizer code 0: relative convergence (4)
✖ Maximum absolute gradient: 6.478.
ℹ Try `count_cumulative_process(observation = ""hurdle_ztnb"")`; the ZTNB
  magnitude law was stable in the package-wide sweep.
ℹ This finite fit is returned with `gradient_status = ""warning""`; inspect
  `fit$opt` before using it."
"Puerto Rico",2025-01-02,"calendar","hsgp","hurdle_ztpoisson",2024-12-21,2024,1,19,553,19,5,35,0.9,"The `hurdle_ztpoisson` optimizer did not pass the stability gate.
✖ Optimizer code 0: relative convergence (4)
✖ Maximum absolute gradient: 6.478.
ℹ Try `count_cumulative_process(observation = ""hurdle_ztnb"")`; the ZTNB
  magnitude law was stable in the package-wide sweep.
ℹ This finite fit is returned with `gradient_status = ""warning""`; inspect
  `fit$opt` before using it."
"Puerto Rico",2025-01-02,"calendar","hsgp","hurdle_ztpoisson",2024-12-28,2024,0,13,707,13,6,26,0.9,"The `hurdle_ztpoisson` optimizer did not pass the stability gate.
✖ Optimizer code 0: relative convergence (4)
✖ Maximum absolute gradient: 6.478.
ℹ Try `count_cumulative_process(observation = ""hurdle_ztnb"")`; the ZTNB
  magnitude law was stable in the package-wide sweep.
ℹ This finite fit is returned with `gradient_status = ""warning""`; inspect
  `fit$opt` before using it."
"Puerto Rico",2025-01-02,"calendar","sir","hurdle_ztnb",2024-11-30,2024,4,279,368,279,278,291.55,0.9,""
"Puerto Rico",2025-01-02,"calendar","sir","hurdle_ztnb",2024-12-07,2024,3,435,457,435,433,450,0.9,""
"Puerto Rico",2025-01-02,"calendar","sir","hurdle_ztnb",2024-12-14,2024,2,371,470,371,371,393,0.9,""
"Puerto Rico",2025-01-02,"calendar","sir","hurdle_ztnb",2024-12-21,2024,1,19,553,19,9.9,41.55,0.9,""
"Puerto Rico",2025-01-02,"calendar","sir","hurdle_ztnb",2024-12-28,2024,0,13,707,14,0,63.55,0.9,""
"Puerto Rico",2025-01-02,"calendar","sir","hurdle_ztpoisson",2024-11-30,2024,4,279,368,279,279,286,0.9,""
"Puerto Rico",2025-01-02,"calendar","sir","hurdle_ztpoisson",2024-12-07,2024,3,435,457,441,422.45,476.1,0.9,""
"Puerto Rico",2025-01-02,"calendar","sir","hurdle_ztpoisson",2024-12-14,2024,2,371,470,371,363.45,393.55,0.9,""
"Puerto Rico",2025-01-02,"calendar","sir","hurdle_ztpoisson",2024-12-21,2024,1,19,553,19,14.35,39.55,0.9,""
"Puerto Rico",2025-01-02,"calendar","sir","hurdle_ztpoisson",2024-12-28,2024,0,13,707,13,4.45,39,0.9,""
"Puerto Rico",2025-02-15,"calendar","hsgp","hurdle_ztnb",2025-01-18,2025,4,415,643,419,403.45,455.1,0.9,""
"Puerto Rico",2025-02-15,"calendar","hsgp","hurdle_ztnb",2025-01-25,2025,3,319,505,321.5,309.9,348.55,0.9,""
"Puerto Rico",2025-02-15,"calendar","hsgp","hurdle_ztnb",2025-02-01,2025,2,48,348,50,40.45,85.6499999999999,0.9,""
"Puerto Rico",2025-02-15,"calendar","hsgp","hurdle_ztnb",2025-02-08,2025,1,164,251,165,151.45,200.55,0.9,""
"Puerto Rico",2025-02-15,"calendar","hsgp","hurdle_ztnb",2025-02-15,2025,0,233,355,234,218,267,0.9,""
"Puerto Rico",2025-02-15,"calendar","hsgp","hurdle_ztpoisson",2025-01-18,2025,4,415,643,427,378.45,482,0.9,""
"Puerto Rico",2025-02-15,"calendar","hsgp","hurdle_ztpoisson",2025-01-25,2025,3,319,505,328.5,287,387.65,0.9,""
"Puerto Rico",2025-02-15,"calendar","hsgp","hurdle_ztpoisson",2025-02-01,2025,2,48,348,59,19,99.55,0.9,""
"Puerto Rico",2025-02-15,"calendar","hsgp","hurdle_ztpoisson",2025-02-08,2025,1,164,251,169,133.9,212,0.9,""
"Puerto Rico",2025-02-15,"calendar","hsgp","hurdle_ztpoisson",2025-02-15,2025,0,233,355,233,191,275.1,0.9,""
"Puerto Rico",2025-02-15,"calendar","sir","hurdle_ztnb",2025-01-18,2025,4,415,643,416,404.45,460.75,0.9,""
"Puerto Rico",2025-02-15,"calendar","sir","hurdle_ztnb",2025-01-25,2025,3,319,505,320,301.9,380,0.9,""
"Puerto Rico",2025-02-15,"calendar","sir","hurdle_ztnb",2025-02-01,2025,2,48,348,49,11.25,105.55,0.9,""
"Puerto Rico",2025-02-15,"calendar","sir","hurdle_ztnb",2025-02-08,2025,1,164,251,167,125.8,259.75,0.9,""
"Puerto Rico",2025-02-15,"calendar","sir","hurdle_ztnb",2025-02-15,2025,0,233,355,237.5,197.45,366.5,0.9,""
"Puerto Rico",2025-02-15,"calendar","sir","hurdle_ztpoisson",2025-01-18,2025,4,415,643,429,397,466.55,0.9,""
"Puerto Rico",2025-02-15,"calendar","sir","hurdle_ztpoisson",2025-01-25,2025,3,319,505,324.5,305,349,0.9,""
"Puerto Rico",2025-02-15,"calendar","sir","hurdle_ztpoisson",2025-02-01,2025,2,48,348,48,48,59,0.9,""
"Puerto Rico",2025-02-15,"calendar","sir","hurdle_ztpoisson",2025-02-08,2025,1,164,251,164.5,145.45,193,0.9,""
"Puerto Rico",2025-02-15,"calendar","sir","hurdle_ztpoisson",2025-02-15,2025,0,233,355,245,137.45,359.65,0.9,""
"Puerto Rico",2025-03-29,"calendar","hsgp","hurdle_ztnb",2025-03-01,2025,4,311,315,313,311,339,0.9,""
"Puerto Rico",2025-03-29,"calendar","hsgp","hurdle_ztnb",2025-03-08,2025,3,263,283,265,256,297.55,0.9,""
"Puerto Rico",2025-03-29,"calendar","hsgp","hurdle_ztnb",2025-03-15,2025,2,346,346,348,338,386,0.9,""
"Puerto Rico",2025-03-29,"calendar","hsgp","hurdle_ztnb",2025-03-22,2025,1,238,243,241,233,289.6,0.9,""
"Puerto Rico",2025-03-29,"calendar","hsgp","hurdle_ztnb",2025-03-29,2025,0,177,212,185,160,284.25,0.9,""
"Puerto Rico",2025-03-29,"calendar","hsgp","hurdle_ztpoisson",2025-03-01,2025,4,311,315,328.5,291.45,373.1,0.9,""
"Puerto Rico",2025-03-29,"calendar","hsgp","hurdle_ztpoisson",2025-03-08,2025,3,263,283,287.5,245,345.55,0.9,""
"Puerto Rico",2025-03-29,"calendar","hsgp","hurdle_ztpoisson",2025-03-15,2025,2,346,346,375,315.45,450.2,0.9,""
"Puerto Rico",2025-03-29,"calendar","hsgp","hurdle_ztpoisson",2025-03-22,2025,1,238,243,294.5,185.35,418.2,0.9,""
"Puerto Rico",2025-03-29,"calendar","hsgp","hurdle_ztpoisson",2025-03-29,2025,0,177,212,270.5,42.9,556.4,0.9,""
"Puerto Rico",2025-03-29,"calendar","sir","hurdle_ztnb",2025-03-01,2025,4,311,315,311,305.45,363,0.9,""
"Puerto Rico",2025-03-29,"calendar","sir","hurdle_ztnb",2025-03-08,2025,3,263,283,265,254.8,349.3,0.9,""
"Puerto Rico",2025-03-29,"calendar","sir","hurdle_ztnb",2025-03-15,2025,2,346,346,349,338.45,428.55,0.9,""
"Puerto Rico",2025-03-29,"calendar","sir","hurdle_ztnb",2025-03-22,2025,1,238,243,243.5,219.45,359.55,0.9,""
"Puerto Rico",2025-03-29,"calendar","sir","hurdle_ztnb",2025-03-29,2025,0,177,212,182.5,161.45,300.949999999999,0.9,""
"Puerto Rico",2025-03-29,"calendar","sir","hurdle_ztpoisson",2025-03-01,2025,4,311,315,311,311,311,0.9,""
"Puerto Rico",2025-03-29,"calendar","sir","hurdle_ztpoisson",2025-03-08,2025,3,263,283,263,263,263,0.9,""
"Puerto Rico",2025-03-29,"calendar","sir","hurdle_ztpoisson",2025-03-15,2025,2,346,346,346,346,346,0.9,""
"Puerto Rico",2025-03-29,"calendar","sir","hurdle_ztpoisson",2025-03-22,2025,1,238,243,238,238,238,0.9,""
"Puerto Rico",2025-03-29,"calendar","sir","hurdle_ztpoisson",2025-03-29,2025,0,177,212,177,177,205,0.9,""
"Puerto Rico",2025-04-26,"calendar","hsgp","hurdle_ztnb",2025-03-29,2025,4,186,212,186,186,203.1,0.9,""
"Puerto Rico",2025-04-26,"calendar","hsgp","hurdle_ztnb",2025-04-05,2025,3,189,194,189,187.45,212,0.9,""
"Puerto Rico",2025-04-26,"calendar","hsgp","hurdle_ztnb",2025-04-12,2025,2,231,274,231,229,256.1,0.9,""
"Puerto Rico",2025-04-26,"calendar","hsgp","hurdle_ztnb",2025-04-19,2025,1,182,187,186,174.35,238.2,0.9,""
"Puerto Rico",2025-04-26,"calendar","hsgp","hurdle_ztnb",2025-04-26,2025,0,178,185,182.5,159.45,264.1,0.9,""
"Puerto Rico",2025-04-26,"calendar","hsgp","hurdle_ztpoisson",2025-03-29,2025,4,186,212,136,29.45,208.55,0.9,""
"Puerto Rico",2025-04-26,"calendar","hsgp","hurdle_ztpoisson",2025-04-05,2025,3,189,194,140,30,213,0.9,""
"Puerto Rico",2025-04-26,"calendar","hsgp","hurdle_ztpoisson",2025-04-12,2025,2,231,274,181.5,60.25,262.55,0.9,""
"Puerto Rico",2025-04-26,"calendar","hsgp","hurdle_ztpoisson",2025-04-19,2025,1,182,187,150,21.25,226.1,0.9,""
"Puerto Rico",2025-04-26,"calendar","hsgp","hurdle_ztpoisson",2025-04-26,2025,0,178,185,161.5,40.45,261.4,0.9,""
"Puerto Rico",2025-04-26,"calendar","sir","hurdle_ztnb",2025-03-29,2025,4,186,212,186,176.9,228,0.9,""
"Puerto Rico",2025-04-26,"calendar","sir","hurdle_ztnb",2025-04-05,2025,3,189,194,189,183,243.55,0.9,""
"Puerto Rico",2025-04-26,"calendar","sir","hurdle_ztnb",2025-04-12,2025,2,231,274,233,220,305.55,0.9,""
"Puerto Rico",2025-04-26,"calendar","sir","hurdle_ztnb",2025-04-19,2025,1,182,187,183,155.9,254.65,0.9,""
"Puerto Rico",2025-04-26,"calendar","sir","hurdle_ztnb",2025-04-26,2025,0,178,185,185,149.45,287.3,0.9,""
"Puerto Rico",2025-04-26,"calendar","sir","hurdle_ztpoisson",2025-03-29,2025,4,186,212,186,186,186,0.9,""
"Puerto Rico",2025-04-26,"calendar","sir","hurdle_ztpoisson",2025-04-05,2025,3,189,194,189,189,189,0.9,""
"Puerto Rico",2025-04-26,"calendar","sir","hurdle_ztpoisson",2025-04-12,2025,2,231,274,231,231,231,0.9,""
"Puerto Rico",2025-04-26,"calendar","sir","hurdle_ztpoisson",2025-04-19,2025,1,182,187,182,182,198.55,0.9,""
"Puerto Rico",2025-04-26,"calendar","sir","hurdle_ztpoisson",2025-04-26,2025,0,178,185,178,178,197.55,0.9,""
"Puerto Rico",2025-05-31,"calendar","hsgp","hurdle_ztnb",2025-05-03,2025,4,138,138,138,137,157,0.9,""
"Puerto Rico",2025-05-31,"calendar","hsgp","hurdle_ztnb",2025-05-10,2025,3,199,210,199,197.45,217.55,0.9,""
"Puerto Rico",2025-05-31,"calendar","hsgp","hurdle_ztnb",2025-05-17,2025,2,171,202,171,170,200,0.9,""
"Puerto Rico",2025-05-31,"calendar","hsgp","hurdle_ztnb",2025-05-24,2025,1,157,174,157.5,153,201.55,0.9,""
"Puerto Rico",2025-05-31,"calendar","hsgp","hurdle_ztnb",2025-05-31,2025,0,240,255,243,220.9,307.5,0.9,""
"Puerto Rico",2025-05-31,"calendar","hsgp","hurdle_ztpoisson",2025-05-03,2025,4,138,138,97,0,164.1,0.9,""
"Puerto Rico",2025-05-31,"calendar","hsgp","hurdle_ztpoisson",2025-05-10,2025,3,199,210,149.5,37.15,226.1,0.9,""
"Puerto Rico",2025-05-31,"calendar","hsgp","hurdle_ztpoisson",2025-05-17,2025,2,171,202,134,14,207.65,0.9,""
"Puerto Rico",2025-05-31,"calendar","hsgp","hurdle_ztpoisson",2025-05-24,2025,1,157,174,110,4.9,220.55,0.9,""
"Puerto Rico",2025-05-31,"calendar","hsgp","hurdle_ztpoisson",2025-05-31,2025,0,240,255,226.5,80.35,360.55,0.9,""
"Puerto Rico",2025-05-31,"calendar","sir","hurdle_ztnb",2025-05-03,2025,4,138,138,138,135.35,178,0.9,""
"Puerto Rico",2025-05-31,"calendar","sir","hurdle_ztnb",2025-05-10,2025,3,199,210,199,190.45,233.55,0.9,""
"Puerto Rico",2025-05-31,"calendar","sir","hurdle_ztnb",2025-05-17,2025,2,171,202,171,162.25,227.55,0.9,""
"Puerto Rico",2025-05-31,"calendar","sir","hurdle_ztnb",2025-05-24,2025,1,157,174,158,148.35,205.1,0.9,""
"Puerto Rico",2025-05-31,"calendar","sir","hurdle_ztnb",2025-05-31,2025,0,240,255,242,225.9,343.1,0.9,""
"Puerto Rico",2025-05-31,"calendar","sir","hurdle_ztpoisson",2025-05-03,2025,4,138,138,138,138,138,0.9,""
"Puerto Rico",2025-05-31,"calendar","sir","hurdle_ztpoisson",2025-05-10,2025,3,199,210,199,199,199,0.9,""
"Puerto Rico",2025-05-31,"calendar","sir","hurdle_ztpoisson",2025-05-17,2025,2,171,202,171,171,171,0.9,""
"Puerto Rico",2025-05-31,"calendar","sir","hurdle_ztpoisson",2025-05-24,2025,1,157,174,157,157,174,0.9,""
"Puerto Rico",2025-05-31,"calendar","sir","hurdle_ztpoisson",2025-05-31,2025,0,240,255,240,240,266,0.9,""
"Rhode Island",2025-01-02,"calendar","hsgp","hurdle_ztnb",2024-11-30,2024,4,6,6,6,6,7,0.9,""
"Rhode Island",2025-01-02,"calendar","hsgp","hurdle_ztnb",2024-12-07,2024,3,10,10,10,10,12,0.9,""
"Rhode Island",2025-01-02,"calendar","hsgp","hurdle_ztnb",2024-12-14,2024,2,28,28,28,27,31,0.9,""
"Rhode Island",2025-01-02,"calendar","hsgp","hurdle_ztnb",2024-12-21,2024,1,23,29,23,22,27,0.9,""
"Rhode Island",2025-01-02,"calendar","hsgp","hurdle_ztnb",2024-12-28,2024,0,39,65,40,35,47.55,0.9,""
"Rhode Island",2025-01-02,"calendar","hsgp","hurdle_ztpoisson",2024-11-30,2024,4,6,6,6,6,6,0.9,""
"Rhode Island",2025-01-02,"calendar","hsgp","hurdle_ztpoisson",2024-12-07,2024,3,10,10,10,10,11,0.9,""
"Rhode Island",2025-01-02,"calendar","hsgp","hurdle_ztpoisson",2024-12-14,2024,2,28,28,28,28,31,0.9,""
"Rhode Island",2025-01-02,"calendar","hsgp","hurdle_ztpoisson",2024-12-21,2024,1,23,29,23,22,27,0.9,""
"Rhode Island",2025-01-02,"calendar","hsgp","hurdle_ztpoisson",2024-12-28,2024,0,39,65,40,35,46,0.9,""
"Rhode Island",2025-01-02,"calendar","sir","hurdle_ztnb",2024-11-30,2024,4,6,6,6,6,6,0.9,""
"Rhode Island",2025-01-02,"calendar","sir","hurdle_ztnb",2024-12-07,2024,3,10,10,10,10,10,0.9,""
"Rhode Island",2025-01-02,"calendar","sir","hurdle_ztnb",2024-12-14,2024,2,28,28,28,28,28,0.9,""
"Rhode Island",2025-01-02,"calendar","sir","hurdle_ztnb",2024-12-21,2024,1,23,29,23,23,23,0.9,""
"Rhode Island",2025-01-02,"calendar","sir","hurdle_ztnb",2024-12-28,2024,0,39,65,39,39,39,0.9,""
"Rhode Island",2025-01-02,"calendar","sir","hurdle_ztpoisson",2024-11-30,2024,4,6,6,6,6,6,0.9,""
"Rhode Island",2025-01-02,"calendar","sir","hurdle_ztpoisson",2024-12-07,2024,3,10,10,10,10,10,0.9,""
"Rhode Island",2025-01-02,"calendar","sir","hurdle_ztpoisson",2024-12-14,2024,2,28,28,28,28,28,0.9,""
"Rhode Island",2025-01-02,"calendar","sir","hurdle_ztpoisson",2024-12-21,2024,1,23,29,23,23,23,0.9,""
"Rhode Island",2025-01-02,"calendar","sir","hurdle_ztpoisson",2024-12-28,2024,0,39,65,39,39,39,0.9,""
"Rhode Island",2025-02-15,"calendar","hsgp","hurdle_ztnb",2025-01-18,2025,4,107,107,109,106,118,0.9,""
"Rhode Island",2025-02-15,"calendar","hsgp","hurdle_ztnb",2025-01-25,2025,3,113,114,115,111,123.55,0.9,""
"Rhode Island",2025-02-15,"calendar","hsgp","hurdle_ztnb",2025-02-01,2025,2,173,173,178,170.45,190,0.9,""
"Rhode Island",2025-02-15,"calendar","hsgp","hurdle_ztnb",2025-02-08,2025,1,193,202,198,188,220.55,0.9,""
"Rhode Island",2025-02-15,"calendar","hsgp","hurdle_ztnb",2025-02-15,2025,0,170,180,178,155.45,220,0.9,""
"Rhode Island",2025-02-15,"calendar","hsgp","hurdle_ztpoisson",2025-01-18,2025,4,107,107,107,104,113,0.9,""
"Rhode Island",2025-02-15,"calendar","hsgp","hurdle_ztpoisson",2025-01-25,2025,3,113,114,114,109,122,0.9,""
"Rhode Island",2025-02-15,"calendar","hsgp","hurdle_ztpoisson",2025-02-01,2025,2,173,173,176,165,189.55,0.9,""
"Rhode Island",2025-02-15,"calendar","hsgp","hurdle_ztpoisson",2025-02-08,2025,1,193,202,198,176.45,224.55,0.9,""
"Rhode Island",2025-02-15,"calendar","hsgp","hurdle_ztpoisson",2025-02-15,2025,0,170,180,194,124.9,255.65,0.9,""
"Rhode Island",2025-02-15,"calendar","sir","hurdle_ztnb",2025-01-18,2025,4,107,107,107,107,107,0.9,""
"Rhode Island",2025-02-15,"calendar","sir","hurdle_ztnb",2025-01-25,2025,3,113,114,113,113,113,0.9,""
"Rhode Island",2025-02-15,"calendar","sir","hurdle_ztnb",2025-02-01,2025,2,173,173,173,173,173,0.9,""
"Rhode Island",2025-02-15,"calendar","sir","hurdle_ztnb",2025-02-08,2025,1,193,202,193,193,193,0.9,""
"Rhode Island",2025-02-15,"calendar","sir","hurdle_ztnb",2025-02-15,2025,0,170,180,170,170,170,0.9,""
"Rhode Island",2025-02-15,"calendar","sir","hurdle_ztpoisson",2025-01-18,2025,4,107,107,107,107,107,0.9,""
"Rhode Island",2025-02-15,"calendar","sir","hurdle_ztpoisson",2025-01-25,2025,3,113,114,113,113,113,0.9,""
"Rhode Island",2025-02-15,"calendar","sir","hurdle_ztpoisson",2025-02-01,2025,2,173,173,173,173,173,0.9,""
"Rhode Island",2025-02-15,"calendar","sir","hurdle_ztpoisson",2025-02-08,2025,1,193,202,193,193,193,0.9,""
"Rhode Island",2025-02-15,"calendar","sir","hurdle_ztpoisson",2025-02-15,2025,0,170,180,170,170,170,0.9,""
"Rhode Island",2025-03-29,"calendar","hsgp","hurdle_ztnb",2025-03-01,2025,4,107,107,107,107,112.55,0.9,""
"Rhode Island",2025-03-29,"calendar","hsgp","hurdle_ztnb",2025-03-08,2025,3,65,79,65,65,70,0.9,""
"Rhode Island",2025-03-29,"calendar","hsgp","hurdle_ztnb",2025-03-15,2025,2,57,68,57,57,63,0.9,""
"Rhode Island",2025-03-29,"calendar","hsgp","hurdle_ztnb",2025-03-22,2025,1,28,43,28,28,35,0.9,""
"Rhode Island",2025-03-29,"calendar","hsgp","hurdle_ztnb",2025-03-29,2025,0,17,26,17,15,27,0.9,""
"Rhode Island",2025-03-29,"calendar","hsgp","hurdle_ztpoisson",2025-03-01,2025,4,107,107,107,107,114,0.9,""
"Rhode Island",2025-03-29,"calendar","hsgp","hurdle_ztpoisson",2025-03-08,2025,3,65,79,65,65,71,0.9,""
"Rhode Island",2025-03-29,"calendar","hsgp","hurdle_ztpoisson",2025-03-15,2025,2,57,68,57,57,65,0.9,""
"Rhode Island",2025-03-29,"calendar","hsgp","hurdle_ztpoisson",2025-03-22,2025,1,28,43,28,25.45,38,0.9,""
"Rhode Island",2025-03-29,"calendar","hsgp","hurdle_ztpoisson",2025-03-29,2025,0,17,26,20,12,29,0.9,""
"Rhode Island",2025-03-29,"calendar","sir","hurdle_ztnb",2025-03-01,2025,4,107,107,107,107,107,0.9,""
"Rhode Island",2025-03-29,"calendar","sir","hurdle_ztnb",2025-03-08,2025,3,65,79,65,65,65,0.9,""
"Rhode Island",2025-03-29,"calendar","sir","hurdle_ztnb",2025-03-15,2025,2,57,68,57,57,57,0.9,""
"Rhode Island",2025-03-29,"calendar","sir","hurdle_ztnb",2025-03-22,2025,1,28,43,28,28,28,0.9,""
"Rhode Island",2025-03-29,"calendar","sir","hurdle_ztnb",2025-03-29,2025,0,17,26,17,17,17,0.9,""
"Rhode Island",2025-03-29,"calendar","sir","hurdle_ztpoisson",2025-03-01,2025,4,107,107,107,107,107,0.9,""
"Rhode Island",2025-03-29,"calendar","sir","hurdle_ztpoisson",2025-03-08,2025,3,65,79,65,65,65,0.9,""
"Rhode Island",2025-03-29,"calendar","sir","hurdle_ztpoisson",2025-03-15,2025,2,57,68,57,57,57,0.9,""
"Rhode Island",2025-03-29,"calendar","sir","hurdle_ztpoisson",2025-03-22,2025,1,28,43,28,28,28,0.9,""
"Rhode Island",2025-03-29,"calendar","sir","hurdle_ztpoisson",2025-03-29,2025,0,17,26,17,17,17,0.9,""
"Rhode Island",2025-04-26,"calendar","hsgp","hurdle_ztnb",2025-03-29,2025,4,26,26,26,26,28.55,0.9,""
"Rhode Island",2025-04-26,"calendar","hsgp","hurdle_ztnb",2025-04-05,2025,3,25,25,25,25,30,0.9,""
"Rhode Island",2025-04-26,"calendar","hsgp","hurdle_ztnb",2025-04-12,2025,2,22,22,22,22,26.55,0.9,""
"Rhode Island",2025-04-26,"calendar","hsgp","hurdle_ztnb",2025-04-19,2025,1,17,17,17,17,23,0.9,""
"Rhode Island",2025-04-26,"calendar","hsgp","hurdle_ztnb",2025-04-26,2025,0,4,4,4,4,13,0.9,""
"Rhode Island",2025-04-26,"calendar","hsgp","hurdle_ztpoisson",2025-03-29,2025,4,26,26,26,26,31.55,0.9,""
"Rhode Island",2025-04-26,"calendar","hsgp","hurdle_ztpoisson",2025-04-05,2025,3,25,25,25,25,29,0.9,""
"Rhode Island",2025-04-26,"calendar","hsgp","hurdle_ztpoisson",2025-04-12,2025,2,22,22,22,22,27,0.9,""
"Rhode Island",2025-04-26,"calendar","hsgp","hurdle_ztpoisson",2025-04-19,2025,1,17,17,17,17,22.55,0.9,""
"Rhode Island",2025-04-26,"calendar","hsgp","hurdle_ztpoisson",2025-04-26,2025,0,4,4,4,2,12,0.9,""
"Rhode Island",2025-04-26,"calendar","sir","hurdle_ztnb",2025-03-29,2025,4,26,26,26,26,26,0.9,""
"Rhode Island",2025-04-26,"calendar","sir","hurdle_ztnb",2025-04-05,2025,3,25,25,25,25,25,0.9,""
"Rhode Island",2025-04-26,"calendar","sir","hurdle_ztnb",2025-04-12,2025,2,22,22,22,22,22,0.9,""
"Rhode Island",2025-04-26,"calendar","sir","hurdle_ztnb",2025-04-19,2025,1,17,17,17,17,17,0.9,""
"Rhode Island",2025-04-26,"calendar","sir","hurdle_ztnb",2025-04-26,2025,0,4,4,4,4,4,0.9,""
"Rhode Island",2025-04-26,"calendar","sir","hurdle_ztpoisson",2025-03-29,2025,4,26,26,26,26,26,0.9,""
"Rhode Island",2025-04-26,"calendar","sir","hurdle_ztpoisson",2025-04-05,2025,3,25,25,25,25,25,0.9,""
"Rhode Island",2025-04-26,"calendar","sir","hurdle_ztpoisson",2025-04-12,2025,2,22,22,22,22,22,0.9,""
"Rhode Island",2025-04-26,"calendar","sir","hurdle_ztpoisson",2025-04-19,2025,1,17,17,17,17,17,0.9,""
"Rhode Island",2025-04-26,"calendar","sir","hurdle_ztpoisson",2025-04-26,2025,0,4,4,4,4,4,0.9,""
"Rhode Island",2025-05-31,"calendar","hsgp","hurdle_ztnb",2025-05-03,2025,4,8,8,8,8,8,0.9,""
"Rhode Island",2025-05-31,"calendar","hsgp","hurdle_ztnb",2025-05-10,2025,3,3,3,3,3,3,0.9,""
"Rhode Island",2025-05-31,"calendar","hsgp","hurdle_ztnb",2025-05-17,2025,2,2,2,2,2,2,0.9,""
"Rhode Island",2025-05-31,"calendar","hsgp","hurdle_ztnb",2025-05-24,2025,1,2,2,2,2,4,0.9,""
"Rhode Island",2025-05-31,"calendar","hsgp","hurdle_ztnb",2025-05-31,2025,0,2,2,2,2,5,0.9,""
"Rhode Island",2025-05-31,"calendar","hsgp","hurdle_ztpoisson",2025-05-03,2025,4,8,8,8,8,8,0.9,""
"Rhode Island",2025-05-31,"calendar","hsgp","hurdle_ztpoisson",2025-05-10,2025,3,3,3,3,3,3,0.9,""
"Rhode Island",2025-05-31,"calendar","hsgp","hurdle_ztpoisson",2025-05-17,2025,2,2,2,2,2,2,0.9,""
"Rhode Island",2025-05-31,"calendar","hsgp","hurdle_ztpoisson",2025-05-24,2025,1,2,2,2,2,5,0.9,""
"Rhode Island",2025-05-31,"calendar","hsgp","hurdle_ztpoisson",2025-05-31,2025,0,2,2,2,2,6,0.9,""
"Rhode Island",2025-05-31,"calendar","sir","hurdle_ztnb",2025-05-03,2025,4,8,8,8,8,8,0.9,""
"Rhode Island",2025-05-31,"calendar","sir","hurdle_ztnb",2025-05-10,2025,3,3,3,3,3,3,0.9,""
"Rhode Island",2025-05-31,"calendar","sir","hurdle_ztnb",2025-05-17,2025,2,2,2,2,2,2,0.9,""
"Rhode Island",2025-05-31,"calendar","sir","hurdle_ztnb",2025-05-24,2025,1,2,2,2,2,2,0.9,""
"Rhode Island",2025-05-31,"calendar","sir","hurdle_ztnb",2025-05-31,2025,0,2,2,2,2,2,0.9,""
"Rhode Island",2025-05-31,"calendar","sir","hurdle_ztpoisson",2025-05-03,2025,4,8,8,8,8,8,0.9,""
"Rhode Island",2025-05-31,"calendar","sir","hurdle_ztpoisson",2025-05-10,2025,3,3,3,3,3,3,0.9,""
"Rhode Island",2025-05-31,"calendar","sir","hurdle_ztpoisson",2025-05-17,2025,2,2,2,2,2,2,0.9,""
"Rhode Island",2025-05-31,"calendar","sir","hurdle_ztpoisson",2025-05-24,2025,1,2,2,2,2,2,0.9,""
"Rhode Island",2025-05-31,"calendar","sir","hurdle_ztpoisson",2025-05-31,2025,0,2,2,2,2,2,0.9,""
"South Carolina",2025-01-02,"calendar","hsgp","hurdle_ztnb",2024-11-30,2024,4,18,18,18,18,25,0.9,""
"South Carolina",2025-01-02,"calendar","hsgp","hurdle_ztnb",2024-12-07,2024,3,40,40,40,40,51,0.9,""
"South Carolina",2025-01-02,"calendar","hsgp","hurdle_ztnb",2024-12-14,2024,2,77,80,77,77,90.55,0.9,""
"South Carolina",2025-01-02,"calendar","hsgp","hurdle_ztnb",2024-12-21,2024,1,156,160,156,146.9,176,0.9,""
"South Carolina",2025-01-02,"calendar","hsgp","hurdle_ztnb",2024-12-28,2024,0,309,327,309,294.45,338,0.9,""
"South Carolina",2025-01-02,"calendar","hsgp","hurdle_ztpoisson",2024-11-30,2024,4,18,18,18,18,18,0.9,""
"South Carolina",2025-01-02,"calendar","hsgp","hurdle_ztpoisson",2024-12-07,2024,3,40,40,40,40,40,0.9,""
"South Carolina",2025-01-02,"calendar","hsgp","hurdle_ztpoisson",2024-12-14,2024,2,77,80,77,77,77,0.9,""
"South Carolina",2025-01-02,"calendar","hsgp","hurdle_ztpoisson",2024-12-21,2024,1,156,160,156,149,165,0.9,""
"South Carolina",2025-01-02,"calendar","hsgp","hurdle_ztpoisson",2024-12-28,2024,0,309,327,309,299,323,0.9,""
"South Carolina",2025-01-02,"calendar","sir","hurdle_ztnb",2024-11-30,2024,4,18,18,18,18,28.6499999999999,0.9,""
"South Carolina",2025-01-02,"calendar","sir","hurdle_ztnb",2024-12-07,2024,3,40,40,40,40,46,0.9,""
"South Carolina",2025-01-02,"calendar","sir","hurdle_ztnb",2024-12-14,2024,2,77,80,77,74,87.55,0.9,""
"South Carolina",2025-01-02,"calendar","sir","hurdle_ztnb",2024-12-21,2024,1,156,160,156,153.45,180,0.9,""
"South Carolina",2025-01-02,"calendar","sir","hurdle_ztnb",2024-12-28,2024,0,309,327,309,300,328.2,0.9,""
"South Carolina",2025-01-02,"calendar","sir","hurdle_ztpoisson",2024-11-30,2024,4,18,18,18,18,18,0.9,""
"South Carolina",2025-01-02,"calendar","sir","hurdle_ztpoisson",2024-12-07,2024,3,40,40,40,38,51.55,0.9,""
"South Carolina",2025-01-02,"calendar","sir","hurdle_ztpoisson",2024-12-14,2024,2,77,80,77,77,77,0.9,""
"South Carolina",2025-01-02,"calendar","sir","hurdle_ztpoisson",2024-12-21,2024,1,156,160,156,151,162,0.9,""
"South Carolina",2025-01-02,"calendar","sir","hurdle_ztpoisson",2024-12-28,2024,0,309,327,309,301,322,0.9,""
"South Carolina",2025-02-15,"calendar","hsgp","hurdle_ztnb",2025-01-18,2025,4,591,642,591.5,588,628.2,0.9,""
"South Carolina",2025-02-15,"calendar","hsgp","hurdle_ztnb",2025-01-25,2025,3,823,833,826,822.45,883.55,0.9,""
"South Carolina",2025-02-15,"calendar","hsgp","hurdle_ztnb",2025-02-01,2025,2,1259,1287,1271,1255,1340,0.9,""
"South Carolina",2025-02-15,"calendar","hsgp","hurdle_ztnb",2025-02-08,2025,1,1194,1241,1208.5,1167.25,1316.65,0.9,""
"South Carolina",2025-02-15,"calendar","hsgp","hurdle_ztnb",2025-02-15,2025,0,686,690,714,593.9,973.65,0.9,""
"South Carolina",2025-02-15,"calendar","hsgp","hurdle_ztpoisson",2025-01-18,2025,4,591,642,591,591,616.55,0.9,""
"South Carolina",2025-02-15,"calendar","hsgp","hurdle_ztpoisson",2025-01-25,2025,3,823,833,823,815,848,0.9,""
"South Carolina",2025-02-15,"calendar","hsgp","hurdle_ztpoisson",2025-02-01,2025,2,1259,1287,1267.5,1247.45,1297,0.9,""
"South Carolina",2025-02-15,"calendar","hsgp","hurdle_ztpoisson",2025-02-08,2025,1,1194,1241,1203.5,1172.9,1247.3,0.9,""
"South Carolina",2025-02-15,"calendar","hsgp","hurdle_ztpoisson",2025-02-15,2025,0,686,690,691,551,830.2,0.9,""
"South Carolina",2025-02-15,"calendar","sir","hurdle_ztnb",2025-01-18,2025,4,591,642,591,591,611,0.9,""
"South Carolina",2025-02-15,"calendar","sir","hurdle_ztnb",2025-01-25,2025,3,823,833,823,820.45,842.1,0.9,""
"South Carolina",2025-02-15,"calendar","sir","hurdle_ztnb",2025-02-01,2025,2,1259,1287,1259,1253,1279,0.9,""
"South Carolina",2025-02-15,"calendar","sir","hurdle_ztnb",2025-02-08,2025,1,1194,1241,1194,1190.35,1224.65,0.9,""
"South Carolina",2025-02-15,"calendar","sir","hurdle_ztnb",2025-02-15,2025,0,686,690,686,677.45,731.55,0.9,""
"South Carolina",2025-02-15,"calendar","sir","hurdle_ztpoisson",2025-01-18,2025,4,591,642,591,591,609,0.9,""
"South Carolina",2025-02-15,"calendar","sir","hurdle_ztpoisson",2025-01-25,2025,3,823,833,823,823,824.55,0.9,""
"South Carolina",2025-02-15,"calendar","sir","hurdle_ztpoisson",2025-02-01,2025,2,1259,1287,1259,1259,1270,0.9,""
"South Carolina",2025-02-15,"calendar","sir","hurdle_ztpoisson",2025-02-08,2025,1,1194,1241,1194,1194,1211,0.9,""
"South Carolina",2025-02-15,"calendar","sir","hurdle_ztpoisson",2025-02-15,2025,0,686,690,686,618.25,708,0.9,""
"South Carolina",2025-03-29,"calendar","hsgp","hurdle_ztnb",2025-03-01,2025,4,442,446,442,442,455,0.9,""
"South Carolina",2025-03-29,"calendar","hsgp","hurdle_ztnb",2025-03-08,2025,3,407,408,407,407,417.55,0.9,""
"South Carolina",2025-03-29,"calendar","hsgp","hurdle_ztnb",2025-03-15,2025,2,266,269,266,266,289.55,0.9,""
"South Carolina",2025-03-29,"calendar","hsgp","hurdle_ztnb",2025-03-22,2025,1,181,188,181,178.45,200.55,0.9,""
"South Carolina",2025-03-29,"calendar","hsgp","hurdle_ztnb",2025-03-29,2025,0,129,137,130,123.45,164.55,0.9,""
"South Carolina",2025-03-29,"calendar","hsgp","hurdle_ztpoisson",2025-03-01,2025,4,442,446,442,442,458.55,0.9,""
"South Carolina",2025-03-29,"calendar","hsgp","hurdle_ztpoisson",2025-03-08,2025,3,407,408,407,407,419.55,0.9,""
"South Carolina",2025-03-29,"calendar","hsgp","hurdle_ztpoisson",2025-03-15,2025,2,266,269,266,266,279,0.9,""
"South Carolina",2025-03-29,"calendar","hsgp","hurdle_ztpoisson",2025-03-22,2025,1,181,188,181,177,193,0.9,""
"South Carolina",2025-03-29,"calendar","hsgp","hurdle_ztpoisson",2025-03-29,2025,0,129,137,129,105.45,154.55,0.9,""
"South Carolina",2025-03-29,"calendar","sir","hurdle_ztnb",2025-03-01,2025,4,442,446,442,442,451,0.9,""
"South Carolina",2025-03-29,"calendar","sir","hurdle_ztnb",2025-03-08,2025,3,407,408,407,407,421,0.9,""
"South Carolina",2025-03-29,"calendar","sir","hurdle_ztnb",2025-03-15,2025,2,266,269,266,266,284.55,0.9,""
"South Carolina",2025-03-29,"calendar","sir","hurdle_ztnb",2025-03-22,2025,1,181,188,181,181,211.75,0.9,""
"South Carolina",2025-03-29,"calendar","sir","hurdle_ztnb",2025-03-29,2025,0,129,137,129,129,173,0.9,""
"South Carolina",2025-03-29,"calendar","sir","hurdle_ztpoisson",2025-03-01,2025,4,442,446,442,442,442,0.9,""
"South Carolina",2025-03-29,"calendar","sir","hurdle_ztpoisson",2025-03-08,2025,3,407,408,407,407,407,0.9,""
"South Carolina",2025-03-29,"calendar","sir","hurdle_ztpoisson",2025-03-15,2025,2,266,269,266,266,266,0.9,""
"South Carolina",2025-03-29,"calendar","sir","hurdle_ztpoisson",2025-03-22,2025,1,181,188,181,181,181,0.9,""
"South Carolina",2025-03-29,"calendar","sir","hurdle_ztpoisson",2025-03-29,2025,0,129,137,129,129,129,0.9,""
"South Carolina",2025-04-26,"calendar","hsgp","hurdle_ztnb",2025-03-29,2025,4,135,137,135,135,136,0.9,""
"South Carolina",2025-04-26,"calendar","hsgp","hurdle_ztnb",2025-04-05,2025,3,80,80,80,80,86.55,0.9,""
"South Carolina",2025-04-26,"calendar","hsgp","hurdle_ztnb",2025-04-12,2025,2,43,43,43,43,49.55,0.9,""
"South Carolina",2025-04-26,"calendar","hsgp","hurdle_ztnb",2025-04-19,2025,1,34,34,34,34,42.55,0.9,""
"South Carolina",2025-04-26,"calendar","hsgp","hurdle_ztnb",2025-04-26,2025,0,25,33,25,21,39.55,0.9,""
"South Carolina",2025-04-26,"calendar","hsgp","hurdle_ztpoisson",2025-03-29,2025,4,135,137,135,135,142,0.9,""
"South Carolina",2025-04-26,"calendar","hsgp","hurdle_ztpoisson",2025-04-05,2025,3,80,80,80,80,82.55,0.9,""
"South Carolina",2025-04-26,"calendar","hsgp","hurdle_ztpoisson",2025-04-12,2025,2,43,43,43,43,50,0.9,""
"South Carolina",2025-04-26,"calendar","hsgp","hurdle_ztpoisson",2025-04-19,2025,1,34,34,34,34,40,0.9,""
"South Carolina",2025-04-26,"calendar","hsgp","hurdle_ztpoisson",2025-04-26,2025,0,25,33,25,18,32,0.9,""
"South Carolina",2025-04-26,"calendar","sir","hurdle_ztnb",2025-03-29,2025,4,135,137,135,135,142.55,0.9,""
"South Carolina",2025-04-26,"calendar","sir","hurdle_ztnb",2025-04-05,2025,3,80,80,80,80,92.55,0.9,""
"South Carolina",2025-04-26,"calendar","sir","hurdle_ztnb",2025-04-12,2025,2,43,43,43,43,53.55,0.9,""
"South Carolina",2025-04-26,"calendar","sir","hurdle_ztnb",2025-04-19,2025,1,34,34,34,34,57.1999999999999,0.9,""
"South Carolina",2025-04-26,"calendar","sir","hurdle_ztnb",2025-04-26,2025,0,25,33,25,23.45,62,0.9,""
"South Carolina",2025-04-26,"calendar","sir","hurdle_ztpoisson",2025-03-29,2025,4,135,137,135,135,135,0.9,""
"South Carolina",2025-04-26,"calendar","sir","hurdle_ztpoisson",2025-04-05,2025,3,80,80,80,80,80,0.9,""
"South Carolina",2025-04-26,"calendar","sir","hurdle_ztpoisson",2025-04-12,2025,2,43,43,43,43,43,0.9,""
"South Carolina",2025-04-26,"calendar","sir","hurdle_ztpoisson",2025-04-19,2025,1,34,34,34,34,34,0.9,""
"South Carolina",2025-04-26,"calendar","sir","hurdle_ztpoisson",2025-04-26,2025,0,25,33,25,25,25,0.9,""
"South Carolina",2025-05-31,"calendar","hsgp","hurdle_ztnb",2025-05-03,2025,4,16,16,16,16,16,0.9,""
"South Carolina",2025-05-31,"calendar","hsgp","hurdle_ztnb",2025-05-10,2025,3,13,13,13,13,13,0.9,""
"South Carolina",2025-05-31,"calendar","hsgp","hurdle_ztnb",2025-05-17,2025,2,15,15,15,15,17.55,0.9,""
"South Carolina",2025-05-31,"calendar","hsgp","hurdle_ztnb",2025-05-24,2025,1,17,17,17,17,24.55,0.9,""
"South Carolina",2025-05-31,"calendar","hsgp","hurdle_ztnb",2025-05-31,2025,0,18,18,18,18,31,0.9,""
"South Carolina",2025-05-31,"calendar","hsgp","hurdle_ztpoisson",2025-05-03,2025,4,16,16,16,16,16,0.9,""
"South Carolina",2025-05-31,"calendar","hsgp","hurdle_ztpoisson",2025-05-10,2025,3,13,13,13,13,13,0.9,""
"South Carolina",2025-05-31,"calendar","hsgp","hurdle_ztpoisson",2025-05-17,2025,2,15,15,15,15,15,0.9,""
"South Carolina",2025-05-31,"calendar","hsgp","hurdle_ztpoisson",2025-05-24,2025,1,17,17,17,17,17,0.9,""
"South Carolina",2025-05-31,"calendar","hsgp","hurdle_ztpoisson",2025-05-31,2025,0,18,18,18,16,21,0.9,""
"South Carolina",2025-05-31,"calendar","sir","hurdle_ztnb",2025-05-03,2025,4,16,16,16,16,20,0.9,""
"South Carolina",2025-05-31,"calendar","sir","hurdle_ztnb",2025-05-10,2025,3,13,13,13,13,19.55,0.9,""
"South Carolina",2025-05-31,"calendar","sir","hurdle_ztnb",2025-05-17,2025,2,15,15,15,15,27.55,0.9,""
"South Carolina",2025-05-31,"calendar","sir","hurdle_ztnb",2025-05-24,2025,1,17,17,17,17,26,0.9,""
"South Carolina",2025-05-31,"calendar","sir","hurdle_ztnb",2025-05-31,2025,0,18,18,18,14.45,31,0.9,""
"South Carolina",2025-05-31,"calendar","sir","hurdle_ztpoisson",2025-05-03,2025,4,16,16,16,16,16,0.9,""
"South Carolina",2025-05-31,"calendar","sir","hurdle_ztpoisson",2025-05-10,2025,3,13,13,13,13,13,0.9,""
"South Carolina",2025-05-31,"calendar","sir","hurdle_ztpoisson",2025-05-17,2025,2,15,15,15,15,15,0.9,""
"South Carolina",2025-05-31,"calendar","sir","hurdle_ztpoisson",2025-05-24,2025,1,17,17,17,17,17,0.9,""
"South Carolina",2025-05-31,"calendar","sir","hurdle_ztpoisson",2025-05-31,2025,0,18,18,18,18,18,0.9,""
"South Dakota",2025-01-02,"calendar","hsgp","hurdle_ztnb",2024-11-30,2024,4,5,5,5,5,5,0.9,""
"South Dakota",2025-01-02,"calendar","hsgp","hurdle_ztnb",2024-12-07,2024,3,1,1,1,1,2,0.9,""
"South Dakota",2025-01-02,"calendar","hsgp","hurdle_ztnb",2024-12-14,2024,2,8,8,8,8,9,0.9,""
"South Dakota",2025-01-02,"calendar","hsgp","hurdle_ztnb",2024-12-21,2024,1,13,14,13,13,15,0.9,""
"South Dakota",2025-01-02,"calendar","hsgp","hurdle_ztnb",2024-12-28,2024,0,32,33,32,31,36,0.9,""
"South Dakota",2025-01-02,"calendar","hsgp","hurdle_ztpoisson",2024-11-30,2024,4,5,5,5,5,5,0.9,""
"South Dakota",2025-01-02,"calendar","hsgp","hurdle_ztpoisson",2024-12-07,2024,3,1,1,1,1,2,0.9,""
"South Dakota",2025-01-02,"calendar","hsgp","hurdle_ztpoisson",2024-12-14,2024,2,8,8,8,8,9,0.9,""
"South Dakota",2025-01-02,"calendar","hsgp","hurdle_ztpoisson",2024-12-21,2024,1,13,14,13,13,15,0.9,""
"South Dakota",2025-01-02,"calendar","hsgp","hurdle_ztpoisson",2024-12-28,2024,0,32,33,32,30,36,0.9,""
"South Dakota",2025-01-02,"calendar","sir","hurdle_ztnb",2024-11-30,2024,4,5,5,5,5,5,0.9,""
"South Dakota",2025-01-02,"calendar","sir","hurdle_ztnb",2024-12-07,2024,3,1,1,1,1,1,0.9,""
"South Dakota",2025-01-02,"calendar","sir","hurdle_ztnb",2024-12-14,2024,2,8,8,8,8,9,0.9,""
"South Dakota",2025-01-02,"calendar","sir","hurdle_ztnb",2024-12-21,2024,1,13,14,13,13,14,0.9,""
"South Dakota",2025-01-02,"calendar","sir","hurdle_ztnb",2024-12-28,2024,0,32,33,32,32,36,0.9,""
"South Dakota",2025-01-02,"calendar","sir","hurdle_ztpoisson",2024-11-30,2024,4,5,5,5,5,5,0.9,""
"South Dakota",2025-01-02,"calendar","sir","hurdle_ztpoisson",2024-12-07,2024,3,1,1,1,1,1,0.9,""
"South Dakota",2025-01-02,"calendar","sir","hurdle_ztpoisson",2024-12-14,2024,2,8,8,8,8,9,0.9,""
"South Dakota",2025-01-02,"calendar","sir","hurdle_ztpoisson",2024-12-21,2024,1,13,14,13,13,15,0.9,""
"South Dakota",2025-01-02,"calendar","sir","hurdle_ztpoisson",2024-12-28,2024,0,32,33,32,32,35.55,0.9,""
"South Dakota",2025-02-15,"calendar","hsgp","hurdle_ztnb",2025-01-18,2025,4,53,55,54,53,59,0.9,""
"South Dakota",2025-02-15,"calendar","hsgp","hurdle_ztnb",2025-01-25,2025,3,80,88,82,80,88,0.9,""
"South Dakota",2025-02-15,"calendar","hsgp","hurdle_ztnb",2025-02-01,2025,2,139,139,141,139,151,0.9,""
"South Dakota",2025-02-15,"calendar","hsgp","hurdle_ztnb",2025-02-08,2025,1,197,207,200,194,213.55,0.9,""
"South Dakota",2025-02-15,"calendar","hsgp","hurdle_ztnb",2025-02-15,2025,0,170,183,177,151,210,0.9,""
"South Dakota",2025-02-15,"calendar","hsgp","hurdle_ztpoisson",2025-01-18,2025,4,53,55,53,52,57,0.9,""
"South Dakota",2025-02-15,"calendar","hsgp","hurdle_ztpoisson",2025-01-25,2025,3,80,88,80,78,86,0.9,""
"South Dakota",2025-02-15,"calendar","hsgp","hurdle_ztpoisson",2025-02-01,2025,2,139,139,142,137,148,0.9,""
"South Dakota",2025-02-15,"calendar","hsgp","hurdle_ztpoisson",2025-02-08,2025,1,197,207,202,189.45,213.55,0.9,""
"South Dakota",2025-02-15,"calendar","hsgp","hurdle_ztpoisson",2025-02-15,2025,0,170,183,178,135.45,216.55,0.9,""
"South Dakota",2025-02-15,"calendar","sir","hurdle_ztnb",2025-01-18,2025,4,53,55,53,53,54,0.9,""
"South Dakota",2025-02-15,"calendar","sir","hurdle_ztnb",2025-01-25,2025,3,80,88,80,80,82.55,0.9,""
"South Dakota",2025-02-15,"calendar","sir","hurdle_ztnb",2025-02-01,2025,2,139,139,139,139,142.55,0.9,""
"South Dakota",2025-02-15,"calendar","sir","hurdle_ztnb",2025-02-08,2025,1,197,207,197,196.45,203.55,0.9,""
"South Dakota",2025-02-15,"calendar","sir","hurdle_ztnb",2025-02-15,2025,0,170,183,170,166,181.55,0.9,""
"South Dakota",2025-02-15,"calendar","sir","hurdle_ztpoisson",2025-01-18,2025,4,53,55,55,53,61,0.9,""
"South Dakota",2025-02-15,"calendar","sir","hurdle_ztpoisson",2025-01-25,2025,3,80,88,80,80,84,0.9,""
"South Dakota",2025-02-15,"calendar","sir","hurdle_ztpoisson",2025-02-01,2025,2,139,139,140,137,145,0.9,""
"South Dakota",2025-02-15,"calendar","sir","hurdle_ztpoisson",2025-02-08,2025,1,197,207,200,194,207.55,0.9,""
"South Dakota",2025-02-15,"calendar","sir","hurdle_ztpoisson",2025-02-15,2025,0,170,183,174,157,194,0.9,""
"South Dakota",2025-03-29,"calendar","hsgp","hurdle_ztnb",2025-03-01,2025,4,89,89,89,89,93.55,0.9,""
"South Dakota",2025-03-29,"calendar","hsgp","hurdle_ztnb",2025-03-08,2025,3,53,59,53,53,57.55,0.9,""
"South Dakota",2025-03-29,"calendar","hsgp","hurdle_ztnb",2025-03-15,2025,2,26,26,26,26,30,0.9,""
"South Dakota",2025-03-29,"calendar","hsgp","hurdle_ztnb",2025-03-22,2025,1,14,16,14,14,19,0.9,""
"South Dakota",2025-03-29,"calendar","hsgp","hurdle_ztnb",2025-03-29,2025,0,11,11,11,10,16,0.9,""
"South Dakota",2025-03-29,"calendar","hsgp","hurdle_ztpoisson",2025-03-01,2025,4,89,89,89,89,95,0.9,""
"South Dakota",2025-03-29,"calendar","hsgp","hurdle_ztpoisson",2025-03-08,2025,3,53,59,53,53,58,0.9,""
"South Dakota",2025-03-29,"calendar","hsgp","hurdle_ztpoisson",2025-03-15,2025,2,26,26,26,26,31,0.9,""
"South Dakota",2025-03-29,"calendar","hsgp","hurdle_ztpoisson",2025-03-22,2025,1,14,16,14,13,19,0.9,""
"South Dakota",2025-03-29,"calendar","hsgp","hurdle_ztpoisson",2025-03-29,2025,0,11,11,11,7,17,0.9,""
"South Dakota",2025-03-29,"calendar","sir","hurdle_ztnb",2025-03-01,2025,4,89,89,89,89,94,0.9,""
"South Dakota",2025-03-29,"calendar","sir","hurdle_ztnb",2025-03-08,2025,3,53,59,53,53,58,0.9,""
"South Dakota",2025-03-29,"calendar","sir","hurdle_ztnb",2025-03-15,2025,2,26,26,26,26,32,0.9,""
"South Dakota",2025-03-29,"calendar","sir","hurdle_ztnb",2025-03-22,2025,1,14,16,14,14,21,0.9,""
"South Dakota",2025-03-29,"calendar","sir","hurdle_ztnb",2025-03-29,2025,0,11,11,11,10,23.55,0.9,""
"South Dakota",2025-03-29,"calendar","sir","hurdle_ztpoisson",2025-03-01,2025,4,89,89,89,89,93,0.9,""
"South Dakota",2025-03-29,"calendar","sir","hurdle_ztpoisson",2025-03-08,2025,3,53,59,53,53,57,0.9,""
"South Dakota",2025-03-29,"calendar","sir","hurdle_ztpoisson",2025-03-15,2025,2,26,26,26,26,29,0.9,""
"South Dakota",2025-03-29,"calendar","sir","hurdle_ztpoisson",2025-03-22,2025,1,14,16,14,14,17,0.9,""
"South Dakota",2025-03-29,"calendar","sir","hurdle_ztpoisson",2025-03-29,2025,0,11,11,11,11,16,0.9,""
"South Dakota",2025-04-26,"calendar","hsgp","hurdle_ztnb",2025-03-29,2025,4,11,11,11,11,12,0.9,""
"South Dakota",2025-04-26,"calendar","hsgp","hurdle_ztnb",2025-04-05,2025,3,7,8,7,7,8,0.9,""
"South Dakota",2025-04-26,"calendar","hsgp","hurdle_ztnb",2025-04-12,2025,2,7,7,7,7,8,0.9,""
"South Dakota",2025-04-26,"calendar","hsgp","hurdle_ztnb",2025-04-19,2025,1,10,10,10,10,12,0.9,""
"South Dakota",2025-04-26,"calendar","hsgp","hurdle_ztnb",2025-04-26,2025,0,8,8,8,8,12,0.9,""
"South Dakota",2025-04-26,"calendar","hsgp","hurdle_ztpoisson",2025-03-29,2025,4,11,11,11,11,13,0.9,""
"South Dakota",2025-04-26,"calendar","hsgp","hurdle_ztpoisson",2025-04-05,2025,3,7,8,7,7,7,0.9,""
"South Dakota",2025-04-26,"calendar","hsgp","hurdle_ztpoisson",2025-04-12,2025,2,7,7,7,7,8.54999999999998,0.9,""
"South Dakota",2025-04-26,"calendar","hsgp","hurdle_ztpoisson",2025-04-19,2025,1,10,10,10,10,13,0.9,""
"South Dakota",2025-04-26,"calendar","hsgp","hurdle_ztpoisson",2025-04-26,2025,0,8,8,8,7,11.55,0.9,""
"South Dakota",2025-04-26,"calendar","sir","hurdle_ztnb",2025-03-29,2025,4,11,11,11,11,14,0.9,""
"South Dakota",2025-04-26,"calendar","sir","hurdle_ztnb",2025-04-05,2025,3,7,8,7,7,10,0.9,""
"South Dakota",2025-04-26,"calendar","sir","hurdle_ztnb",2025-04-12,2025,2,7,7,7,7,11,0.9,""
"South Dakota",2025-04-26,"calendar","sir","hurdle_ztnb",2025-04-19,2025,1,10,10,10,10,16,0.9,""
"South Dakota",2025-04-26,"calendar","sir","hurdle_ztnb",2025-04-26,2025,0,8,8,8,7,21,0.9,""
"South Dakota",2025-04-26,"calendar","sir","hurdle_ztpoisson",2025-03-29,2025,4,11,11,11,11,11,0.9,""
"South Dakota",2025-04-26,"calendar","sir","hurdle_ztpoisson",2025-04-05,2025,3,7,8,7,7,7,0.9,""
"South Dakota",2025-04-26,"calendar","sir","hurdle_ztpoisson",2025-04-12,2025,2,7,7,7,7,8,0.9,""
"South Dakota",2025-04-26,"calendar","sir","hurdle_ztpoisson",2025-04-19,2025,1,10,10,10,10,13,0.9,""
"South Dakota",2025-04-26,"calendar","sir","hurdle_ztpoisson",2025-04-26,2025,0,8,8,8,6.45,13,0.9,""
"South Dakota",2025-05-31,"calendar","hsgp","hurdle_ztnb",2025-05-03,2025,4,4,4,4,4,4,0.9,""
"South Dakota",2025-05-31,"calendar","hsgp","hurdle_ztnb",2025-05-10,2025,3,1,1,1,1,1,0.9,""
"South Dakota",2025-05-31,"calendar","hsgp","hurdle_ztnb",2025-05-17,2025,2,5,5,5,5,7,0.9,""
"South Dakota",2025-05-31,"calendar","hsgp","hurdle_ztnb",2025-05-24,2025,1,7,7,7,7,9,0.9,""
"South Dakota",2025-05-31,"calendar","hsgp","hurdle_ztnb",2025-05-31,2025,0,4,5,4,3,8,0.9,""
"South Dakota",2025-05-31,"calendar","hsgp","hurdle_ztpoisson",2025-05-03,2025,4,4,4,4,4,4,0.9,""
"South Dakota",2025-05-31,"calendar","hsgp","hurdle_ztpoisson",2025-05-10,2025,3,1,1,1,1,2,0.9,""
"South Dakota",2025-05-31,"calendar","hsgp","hurdle_ztpoisson",2025-05-17,2025,2,5,5,5,5,7,0.9,""
"South Dakota",2025-05-31,"calendar","hsgp","hurdle_ztpoisson",2025-05-24,2025,1,7,7,7,6.45,9.54999999999998,0.9,""
"South Dakota",2025-05-31,"calendar","hsgp","hurdle_ztpoisson",2025-05-31,2025,0,4,5,4,2.45,9,0.9,""
"South Dakota",2025-05-31,"calendar","sir","hurdle_ztnb",2025-05-03,2025,4,4,4,4,4,8,0.9,""
"South Dakota",2025-05-31,"calendar","sir","hurdle_ztnb",2025-05-10,2025,3,1,1,1,1,7,0.9,""
"South Dakota",2025-05-31,"calendar","sir","hurdle_ztnb",2025-05-17,2025,2,5,5,5,5,13,0.9,""
"South Dakota",2025-05-31,"calendar","sir","hurdle_ztnb",2025-05-24,2025,1,7,7,7,6.45,18.6499999999999,0.9,""
"South Dakota",2025-05-31,"calendar","sir","hurdle_ztnb",2025-05-31,2025,0,4,5,4,4,22.1,0.9,""
"South Dakota",2025-05-31,"calendar","sir","hurdle_ztpoisson",2025-05-03,2025,4,4,4,4,4,4,0.9,""
"South Dakota",2025-05-31,"calendar","sir","hurdle_ztpoisson",2025-05-10,2025,3,1,1,1,1,1,0.9,""
"South Dakota",2025-05-31,"calendar","sir","hurdle_ztpoisson",2025-05-17,2025,2,5,5,5,5,7.54999999999998,0.9,""
"South Dakota",2025-05-31,"calendar","sir","hurdle_ztpoisson",2025-05-24,2025,1,7,7,7,7,11,0.9,""
"South Dakota",2025-05-31,"calendar","sir","hurdle_ztpoisson",2025-05-31,2025,0,4,5,4,3,9,0.9,""
"Tennessee",2025-01-02,"calendar","hsgp","hurdle_ztnb",2024-11-30,2024,4,60,60,60,57,76.1,0.9,""
"Tennessee",2025-01-02,"calendar","hsgp","hurdle_ztnb",2024-12-07,2024,3,114,115,114,109,133,0.9,""
"Tennessee",2025-01-02,"calendar","hsgp","hurdle_ztnb",2024-12-14,2024,2,210,217,210,201.45,230.65,0.9,""
"Tennessee",2025-01-02,"calendar","hsgp","hurdle_ztnb",2024-12-21,2024,1,356,372,356,341,382,0.9,""
"Tennessee",2025-01-02,"calendar","hsgp","hurdle_ztnb",2024-12-28,2024,0,707,747,711,678.9,750,0.9,""
"Tennessee",2025-01-02,"calendar","hsgp","hurdle_ztpoisson",2024-11-30,2024,4,60,60,60,60,65,0.9,""
"Tennessee",2025-01-02,"calendar","hsgp","hurdle_ztpoisson",2024-12-07,2024,3,114,115,114,114,121,0.9,""
"Tennessee",2025-01-02,"calendar","hsgp","hurdle_ztpoisson",2024-12-14,2024,2,210,217,210,203.45,220,0.9,""
"Tennessee",2025-01-02,"calendar","hsgp","hurdle_ztpoisson",2024-12-21,2024,1,356,372,358.5,339.45,378.55,0.9,""
"Tennessee",2025-01-02,"calendar","hsgp","hurdle_ztpoisson",2024-12-28,2024,0,707,747,713,657.9,774,0.9,""
"Tennessee",2025-01-02,"calendar","sir","hurdle_ztnb",2024-11-30,2024,4,60,60,60,58,74,0.9,""
"Tennessee",2025-01-02,"calendar","sir","hurdle_ztnb",2024-12-07,2024,3,114,115,114,112,130.1,0.9,""
"Tennessee",2025-01-02,"calendar","sir","hurdle_ztnb",2024-12-14,2024,2,210,217,210,205.45,223,0.9,""
"Tennessee",2025-01-02,"calendar","sir","hurdle_ztnb",2024-12-21,2024,1,356,372,356,346.45,378.55,0.9,""
"Tennessee",2025-01-02,"calendar","sir","hurdle_ztnb",2024-12-28,2024,0,707,747,707,687.45,746,0.9,""
"Tennessee",2025-01-02,"calendar","sir","hurdle_ztpoisson",2024-11-30,2024,4,60,60,60,60,60,0.9,""
"Tennessee",2025-01-02,"calendar","sir","hurdle_ztpoisson",2024-12-07,2024,3,114,115,114,107,128.55,0.9,""
"Tennessee",2025-01-02,"calendar","sir","hurdle_ztpoisson",2024-12-14,2024,2,210,217,210,210,218,0.9,""
"Tennessee",2025-01-02,"calendar","sir","hurdle_ztpoisson",2024-12-21,2024,1,356,372,356,348,369,0.9,""
"Tennessee",2025-01-02,"calendar","sir","hurdle_ztpoisson",2024-12-28,2024,0,707,747,710,682,749.55,0.9,""
"Tennessee",2025-02-15,"calendar","hsgp","hurdle_ztnb",2025-01-18,2025,4,568,570,572,565.45,604.55,0.9,""
"Tennessee",2025-02-15,"calendar","hsgp","hurdle_ztnb",2025-01-25,2025,3,646,646,650,627,697.1,0.9,""
"Tennessee",2025-02-15,"calendar","hsgp","hurdle_ztnb",2025-02-01,2025,2,944,944,957,925.9,1025,0.9,""
"Tennessee",2025-02-15,"calendar","hsgp","hurdle_ztnb",2025-02-08,2025,1,1005,1067,1019,958.6,1149.2,0.9,""
"Tennessee",2025-02-15,"calendar","hsgp","hurdle_ztnb",2025-02-15,2025,0,670,699,686,554,925.2,0.9,""
"Tennessee",2025-02-15,"calendar","hsgp","hurdle_ztpoisson",2025-01-18,2025,4,568,570,568,562,581,0.9,""
"Tennessee",2025-02-15,"calendar","hsgp","hurdle_ztpoisson",2025-01-25,2025,3,646,646,646,639,663.55,0.9,""
"Tennessee",2025-02-15,"calendar","hsgp","hurdle_ztpoisson",2025-02-01,2025,2,944,944,947,936.45,963,0.9,""
"Tennessee",2025-02-15,"calendar","hsgp","hurdle_ztpoisson",2025-02-08,2025,1,1005,1067,1005,982.9,1032.1,0.9,""
"Tennessee",2025-02-15,"calendar","hsgp","hurdle_ztpoisson",2025-02-15,2025,0,670,699,670,478.9,830.1,0.9,""
"Tennessee",2025-02-15,"calendar","sir","hurdle_ztnb",2025-01-18,2025,4,568,570,568,567,584.55,0.9,""
"Tennessee",2025-02-15,"calendar","sir","hurdle_ztnb",2025-01-25,2025,3,646,646,646,643,666.55,0.9,""
"Tennessee",2025-02-15,"calendar","sir","hurdle_ztnb",2025-02-01,2025,2,944,944,944,937.45,968.55,0.9,""
"Tennessee",2025-02-15,"calendar","sir","hurdle_ztnb",2025-02-08,2025,1,1005,1067,1006,991,1041,0.9,""
"Tennessee",2025-02-15,"calendar","sir","hurdle_ztnb",2025-02-15,2025,0,670,699,670,618.9,723.55,0.9,""
"Tennessee",2025-02-15,"calendar","sir","hurdle_ztpoisson",2025-01-18,2025,4,568,570,571,568,586,0.9,""
"Tennessee",2025-02-15,"calendar","sir","hurdle_ztpoisson",2025-01-25,2025,3,646,646,646,646,652,0.9,""
"Tennessee",2025-02-15,"calendar","sir","hurdle_ztpoisson",2025-02-01,2025,2,944,944,944,944,956,0.9,""
"Tennessee",2025-02-15,"calendar","sir","hurdle_ztpoisson",2025-02-08,2025,1,1005,1067,1005,997,1026,0.9,""
"Tennessee",2025-02-15,"calendar","sir","hurdle_ztpoisson",2025-02-15,2025,0,670,699,670,593.8,692.55,0.9,""
"Tennessee",2025-03-29,"calendar","hsgp","hurdle_ztnb",2025-03-01,2025,4,526,526,526,526,542.55,0.9,""
"Tennessee",2025-03-29,"calendar","hsgp","hurdle_ztnb",2025-03-08,2025,3,477,479,477,477,489,0.9,""
"Tennessee",2025-03-29,"calendar","hsgp","hurdle_ztnb",2025-03-15,2025,2,461,461,461,459.45,478.2,0.9,""
"Tennessee",2025-03-29,"calendar","hsgp","hurdle_ztnb",2025-03-22,2025,1,303,308,304,298.45,323.55,0.9,""
"Tennessee",2025-03-29,"calendar","hsgp","hurdle_ztnb",2025-03-29,2025,0,219,219,222,205.25,254,0.9,""
"Tennessee",2025-03-29,"calendar","hsgp","hurdle_ztpoisson",2025-03-01,2025,4,526,526,526,526,534,0.9,""
"Tennessee",2025-03-29,"calendar","hsgp","hurdle_ztpoisson",2025-03-08,2025,3,477,479,477,477,487,0.9,""
"Tennessee",2025-03-29,"calendar","hsgp","hurdle_ztpoisson",2025-03-15,2025,2,461,461,461,457.45,471,0.9,""
"Tennessee",2025-03-29,"calendar","hsgp","hurdle_ztpoisson",2025-03-22,2025,1,303,308,303,296.45,315,0.9,""
"Tennessee",2025-03-29,"calendar","hsgp","hurdle_ztpoisson",2025-03-29,2025,0,219,219,219,162,239.65,0.9,""
"Tennessee",2025-03-29,"calendar","sir","hurdle_ztnb",2025-03-01,2025,4,526,526,526,525,539.55,0.9,""
"Tennessee",2025-03-29,"calendar","sir","hurdle_ztnb",2025-03-08,2025,3,477,479,477,476,489,0.9,""
"Tennessee",2025-03-29,"calendar","sir","hurdle_ztnb",2025-03-15,2025,2,461,461,461,450.9,484.2,0.9,""
"Tennessee",2025-03-29,"calendar","sir","hurdle_ztnb",2025-03-22,2025,1,303,308,303,294,327,0.9,""
"Tennessee",2025-03-29,"calendar","sir","hurdle_ztnb",2025-03-29,2025,0,219,219,221,203,275.1,0.9,""
"Tennessee",2025-03-29,"calendar","sir","hurdle_ztpoisson",2025-03-01,2025,4,526,526,526,526,530.55,0.9,""
"Tennessee",2025-03-29,"calendar","sir","hurdle_ztpoisson",2025-03-08,2025,3,477,479,477,477,484,0.9,""
"Tennessee",2025-03-29,"calendar","sir","hurdle_ztpoisson",2025-03-15,2025,2,461,461,461,461,468,0.9,""
"Tennessee",2025-03-29,"calendar","sir","hurdle_ztpoisson",2025-03-22,2025,1,303,308,303,303,311,0.9,""
"Tennessee",2025-03-29,"calendar","sir","hurdle_ztpoisson",2025-03-29,2025,0,219,219,219,203.9,229.55,0.9,""
"Tennessee",2025-04-26,"calendar","hsgp","hurdle_ztnb",2025-03-29,2025,4,219,219,219,219,226,0.9,""
"Tennessee",2025-04-26,"calendar","hsgp","hurdle_ztnb",2025-04-05,2025,3,150,150,150,150,156,0.9,""
"Tennessee",2025-04-26,"calendar","hsgp","hurdle_ztnb",2025-04-12,2025,2,100,100,100,100,110,0.9,""
"Tennessee",2025-04-26,"calendar","hsgp","hurdle_ztnb",2025-04-19,2025,1,59,59,59,56,73,0.9,""
"Tennessee",2025-04-26,"calendar","hsgp","hurdle_ztnb",2025-04-26,2025,0,64,65,64,50,84.55,0.9,""
"Tennessee",2025-04-26,"calendar","hsgp","hurdle_ztpoisson",2025-03-29,2025,4,219,219,219,219,225.55,0.9,""
"Tennessee",2025-04-26,"calendar","hsgp","hurdle_ztpoisson",2025-04-05,2025,3,150,150,150,150,157,0.9,""
"Tennessee",2025-04-26,"calendar","hsgp","hurdle_ztpoisson",2025-04-12,2025,2,100,100,100,96.9,106,0.9,""
"Tennessee",2025-04-26,"calendar","hsgp","hurdle_ztpoisson",2025-04-19,2025,1,59,59,59,57,65.55,0.9,""
"Tennessee",2025-04-26,"calendar","hsgp","hurdle_ztpoisson",2025-04-26,2025,0,64,65,64,56,70,0.9,""
"Tennessee",2025-04-26,"calendar","sir","hurdle_ztnb",2025-03-29,2025,4,219,219,219,219,229,0.9,""
"Tennessee",2025-04-26,"calendar","sir","hurdle_ztnb",2025-04-05,2025,3,150,150,150,143,162,0.9,""
"Tennessee",2025-04-26,"calendar","sir","hurdle_ztnb",2025-04-12,2025,2,100,100,100,97.45,121.1,0.9,""
"Tennessee",2025-04-26,"calendar","sir","hurdle_ztnb",2025-04-19,2025,1,59,59,60,54.45,78.55,0.9,""
"Tennessee",2025-04-26,"calendar","sir","hurdle_ztnb",2025-04-26,2025,0,64,65,64,47.9,100.1,0.9,""
"Tennessee",2025-04-26,"calendar","sir","hurdle_ztpoisson",2025-03-29,2025,4,219,219,219,219,219,0.9,""
"Tennessee",2025-04-26,"calendar","sir","hurdle_ztpoisson",2025-04-05,2025,3,150,150,150,150,152.55,0.9,""
"Tennessee",2025-04-26,"calendar","sir","hurdle_ztpoisson",2025-04-12,2025,2,100,100,100,100,102.55,0.9,""
"Tennessee",2025-04-26,"calendar","sir","hurdle_ztpoisson",2025-04-19,2025,1,59,59,59,59,59,0.9,""
"Tennessee",2025-04-26,"calendar","sir","hurdle_ztpoisson",2025-04-26,2025,0,64,65,64,64,64.55,0.9,""
"Tennessee",2025-05-31,"calendar","hsgp","hurdle_ztnb",2025-05-03,2025,4,46,46,46,46,48,0.9,""
"Tennessee",2025-05-31,"calendar","hsgp","hurdle_ztnb",2025-05-10,2025,3,32,32,32,32,36,0.9,""
"Tennessee",2025-05-31,"calendar","hsgp","hurdle_ztnb",2025-05-17,2025,2,50,50,50,50,54.55,0.9,""
"Tennessee",2025-05-31,"calendar","hsgp","hurdle_ztnb",2025-05-24,2025,1,35,36,35,33,44,0.9,""
"Tennessee",2025-05-31,"calendar","hsgp","hurdle_ztnb",2025-05-31,2025,0,33,35,33,26,47.55,0.9,""
"Tennessee",2025-05-31,"calendar","hsgp","hurdle_ztpoisson",2025-05-03,2025,4,46,46,46,46,46,0.9,""
"Tennessee",2025-05-31,"calendar","hsgp","hurdle_ztpoisson",2025-05-10,2025,3,32,32,32,32,32,0.9,""
"Tennessee",2025-05-31,"calendar","hsgp","hurdle_ztpoisson",2025-05-17,2025,2,50,50,50,50,50,0.9,""
"Tennessee",2025-05-31,"calendar","hsgp","hurdle_ztpoisson",2025-05-24,2025,1,35,36,35,35,38,0.9,""
"Tennessee",2025-05-31,"calendar","hsgp","hurdle_ztpoisson",2025-05-31,2025,0,33,35,33,24,39.55,0.9,""
"Tennessee",2025-05-31,"calendar","sir","hurdle_ztnb",2025-05-03,2025,4,46,46,46,46,54,0.9,""
"Tennessee",2025-05-31,"calendar","sir","hurdle_ztnb",2025-05-10,2025,3,32,32,32,31.45,42,0.9,""
"Tennessee",2025-05-31,"calendar","sir","hurdle_ztnb",2025-05-17,2025,2,50,50,50,47,61,0.9,""
"Tennessee",2025-05-31,"calendar","sir","hurdle_ztnb",2025-05-24,2025,1,35,36,35,31.9,52,0.9,""
"Tennessee",2025-05-31,"calendar","sir","hurdle_ztnb",2025-05-31,2025,0,33,35,33,19.45,64.1,0.9,""
"Tennessee",2025-05-31,"calendar","sir","hurdle_ztpoisson",2025-05-03,2025,4,46,46,46,46,46,0.9,""
"Tennessee",2025-05-31,"calendar","sir","hurdle_ztpoisson",2025-05-10,2025,3,32,32,32,32,32,0.9,""
"Tennessee",2025-05-31,"calendar","sir","hurdle_ztpoisson",2025-05-17,2025,2,50,50,50,50,50,0.9,""
"Tennessee",2025-05-31,"calendar","sir","hurdle_ztpoisson",2025-05-24,2025,1,35,36,35,35,35,0.9,""
"Tennessee",2025-05-31,"calendar","sir","hurdle_ztpoisson",2025-05-31,2025,0,33,35,33,33,34.6499999999999,0.9,""
"Texas",2025-01-02,"calendar","hsgp","hurdle_ztnb",2024-11-30,2024,4,403,402,403,388.45,424.55,0.9,""
"Texas",2025-01-02,"calendar","hsgp","hurdle_ztnb",2024-12-07,2024,3,523,526,523,497.25,550.65,0.9,""
"Texas",2025-01-02,"calendar","hsgp","hurdle_ztnb",2024-12-14,2024,2,705,701,705,680,746.75,0.9,""
"Texas",2025-01-02,"calendar","hsgp","hurdle_ztnb",2024-12-21,2024,1,1146,1169,1146,1077.5,1202.65,0.9,""
"Texas",2025-01-02,"calendar","hsgp","hurdle_ztnb",2024-12-28,2024,0,1974,2076,1974,1802.25,2174,0.9,""
"Texas",2025-01-02,"calendar","hsgp","hurdle_ztpoisson",2024-11-30,2024,4,403,402,403,397,413,0.9,""
"Texas",2025-01-02,"calendar","hsgp","hurdle_ztpoisson",2024-12-07,2024,3,523,526,523,514,535,0.9,""
"Texas",2025-01-02,"calendar","hsgp","hurdle_ztpoisson",2024-12-14,2024,2,705,701,705,689.45,729,0.9,""
"Texas",2025-01-02,"calendar","hsgp","hurdle_ztpoisson",2024-12-21,2024,1,1146,1169,1146,1086.85,1229,0.9,""
"Texas",2025-01-02,"calendar","hsgp","hurdle_ztpoisson",2024-12-28,2024,0,1974,2076,1974,1842.9,2300.2,0.9,""
"Texas",2025-01-02,"calendar","sir","hurdle_ztnb",2024-11-30,2024,4,403,402,403,399,417,0.9,""
"Texas",2025-01-02,"calendar","sir","hurdle_ztnb",2024-12-07,2024,3,523,526,523,509.9,542,0.9,""
"Texas",2025-01-02,"calendar","sir","hurdle_ztnb",2024-12-14,2024,2,705,701,705,687,728.65,0.9,""
"Texas",2025-01-02,"calendar","sir","hurdle_ztnb",2024-12-21,2024,1,1146,1169,1146,1123.35,1181.55,0.9,""
"Texas",2025-01-02,"calendar","sir","hurdle_ztnb",2024-12-28,2024,0,1974,2076,1974,1928.7,2015.55,0.9,""
"Texas",2025-01-02,"calendar","sir","hurdle_ztpoisson",2024-11-30,2024,4,403,402,403,401,409.55,0.9,""
"Texas",2025-01-02,"calendar","sir","hurdle_ztpoisson",2024-12-07,2024,3,523,526,523,503.45,553,0.9,""
"Texas",2025-01-02,"calendar","sir","hurdle_ztpoisson",2024-12-14,2024,2,705,701,705,697.45,718,0.9,""
"Texas",2025-01-02,"calendar","sir","hurdle_ztpoisson",2024-12-21,2024,1,1146,1169,1146,1124.45,1168.55,0.9,""
"Texas",2025-01-02,"calendar","sir","hurdle_ztpoisson",2024-12-28,2024,0,1974,2076,1974,1925.7,2054.55,0.9,""
"Texas",2025-02-15,"calendar","hsgp","hurdle_ztnb",2025-01-18,2025,4,2410,2435,2411,2396,2458.85,0.9,""
"Texas",2025-02-15,"calendar","hsgp","hurdle_ztnb",2025-01-25,2025,3,3251,3307,3257,3224,3364.2,0.9,""
"Texas",2025-02-15,"calendar","hsgp","hurdle_ztnb",2025-02-01,2025,2,4660,4715,4665.5,4588.8,4891.65,0.9,""
"Texas",2025-02-15,"calendar","hsgp","hurdle_ztnb",2025-02-08,2025,1,4063,4241,4073,3887.45,4495.2,0.9,""
"Texas",2025-02-15,"calendar","hsgp","hurdle_ztnb",2025-02-15,2025,0,2244,2510,2262.5,1401.25,3462.15,0.9,""
"Texas",2025-02-15,"calendar","hsgp","hurdle_ztpoisson",2025-01-18,2025,4,2410,2435,2410,2410,2422,0.9,""
"Texas",2025-02-15,"calendar","hsgp","hurdle_ztpoisson",2025-01-25,2025,3,3251,3307,3251,3243.45,3269,0.9,""
"Texas",2025-02-15,"calendar","hsgp","hurdle_ztpoisson",2025-02-01,2025,2,4660,4715,4660,4627,4688,0.9,""
"Texas",2025-02-15,"calendar","hsgp","hurdle_ztpoisson",2025-02-08,2025,1,4063,4241,4063,3947.35,4165.55,0.9,""
"Texas",2025-02-15,"calendar","hsgp","hurdle_ztpoisson",2025-02-15,2025,0,2244,2510,2244,1559,2489.2,0.9,""
"Texas",2025-02-15,"calendar","sir","hurdle_ztnb",2025-01-18,2025,4,2410,2435,2410,2405,2426.55,0.9,""
"Texas",2025-02-15,"calendar","sir","hurdle_ztnb",2025-01-25,2025,3,3251,3307,3251,3240.45,3274.2,0.9,""
"Texas",2025-02-15,"calendar","sir","hurdle_ztnb",2025-02-01,2025,2,4660,4715,4660,4649,4695.65,0.9,""
"Texas",2025-02-15,"calendar","sir","hurdle_ztnb",2025-02-08,2025,1,4063,4241,4063,4036,4106.55,0.9,""
"Texas",2025-02-15,"calendar","sir","hurdle_ztnb",2025-02-15,2025,0,2244,2510,2244,2213.45,2315,0.9,""
"Texas",2025-02-15,"calendar","sir","hurdle_ztpoisson",2025-01-18,2025,4,2410,2435,2410,2402,2429,0.9,""
"Texas",2025-02-15,"calendar","sir","hurdle_ztpoisson",2025-01-25,2025,3,3251,3307,3251,3251,3259,0.9,""
"Texas",2025-02-15,"calendar","sir","hurdle_ztpoisson",2025-02-01,2025,2,4660,4715,4660,4657,4674,0.9,""
"Texas",2025-02-15,"calendar","sir","hurdle_ztpoisson",2025-02-08,2025,1,4063,4241,4063,4013.35,4079.55,0.9,""
"Texas",2025-02-15,"calendar","sir","hurdle_ztpoisson",2025-02-15,2025,0,2244,2510,2244,2197.45,2256,0.9,""
"Texas",2025-03-29,"calendar","hsgp","hurdle_ztnb",2025-03-01,2025,4,1526,1548,1528,1521,1550.55,0.9,""
"Texas",2025-03-29,"calendar","hsgp","hurdle_ztnb",2025-03-08,2025,3,1208,1208,1211,1201,1241.55,0.9,""
"Texas",2025-03-29,"calendar","hsgp","hurdle_ztnb",2025-03-15,2025,2,903,905,905,891,943.65,0.9,""
"Texas",2025-03-29,"calendar","hsgp","hurdle_ztnb",2025-03-22,2025,1,596,605,601,573.35,686.15,0.9,""
"Texas",2025-03-29,"calendar","hsgp","hurdle_ztnb",2025-03-29,2025,0,515,538,518,444.35,689,0.9,""
"Texas",2025-03-29,"calendar","hsgp","hurdle_ztpoisson",2025-03-01,2025,4,1526,1548,1526,1517,1526,0.9,""
"Texas",2025-03-29,"calendar","hsgp","hurdle_ztpoisson",2025-03-08,2025,3,1208,1208,1208,1198,1213.55,0.9,""
"Texas",2025-03-29,"calendar","hsgp","hurdle_ztpoisson",2025-03-15,2025,2,903,905,903,892,913.1,0.9,""
"Texas",2025-03-29,"calendar","hsgp","hurdle_ztpoisson",2025-03-22,2025,1,596,605,596,583.45,624.55,0.9,""
"Texas",2025-03-29,"calendar","hsgp","hurdle_ztpoisson",2025-03-29,2025,0,515,538,515,504,645,0.9,""
"Texas",2025-03-29,"calendar","sir","hurdle_ztnb",2025-03-01,2025,4,1526,1548,1526,1520.45,1545,0.9,""
"Texas",2025-03-29,"calendar","sir","hurdle_ztnb",2025-03-08,2025,3,1208,1208,1208,1193,1227.55,0.9,""
"Texas",2025-03-29,"calendar","sir","hurdle_ztnb",2025-03-15,2025,2,903,905,904,894,932.85,0.9,""
"Texas",2025-03-29,"calendar","sir","hurdle_ztnb",2025-03-22,2025,1,596,605,596,576.45,657.95,0.9,""
"Texas",2025-03-29,"calendar","sir","hurdle_ztnb",2025-03-29,2025,0,515,538,516,459.9,584.2,0.9,""
"Texas",2025-03-29,"calendar","sir","hurdle_ztpoisson",2025-03-01,2025,4,1526,1548,1526,1526,1532,0.9,""
"Texas",2025-03-29,"calendar","sir","hurdle_ztpoisson",2025-03-08,2025,3,1208,1208,1208,1208,1214.55,0.9,""
"Texas",2025-03-29,"calendar","sir","hurdle_ztpoisson",2025-03-15,2025,2,903,905,903,903,910.1,0.9,""
"Texas",2025-03-29,"calendar","sir","hurdle_ztpoisson",2025-03-22,2025,1,596,605,596,596,598.1,0.9,""
"Texas",2025-03-29,"calendar","sir","hurdle_ztpoisson",2025-03-29,2025,0,515,538,515,515,521,0.9,""
"Texas",2025-04-26,"calendar","hsgp","hurdle_ztnb",2025-03-29,2025,4,532,538,532,531,544,0.9,""
"Texas",2025-04-26,"calendar","hsgp","hurdle_ztnb",2025-04-05,2025,3,360,369,360,359,371.55,0.9,""
"Texas",2025-04-26,"calendar","hsgp","hurdle_ztnb",2025-04-12,2025,2,275,283,275,272.45,290.55,0.9,""
"Texas",2025-04-26,"calendar","hsgp","hurdle_ztnb",2025-04-19,2025,1,257,266,258,249.45,280,0.9,""
"Texas",2025-04-26,"calendar","hsgp","hurdle_ztnb",2025-04-26,2025,0,214,229,215.5,191.45,273,0.9,""
"Texas",2025-04-26,"calendar","hsgp","hurdle_ztpoisson",2025-03-29,2025,4,532,538,532,527,532,0.9,""
"Texas",2025-04-26,"calendar","hsgp","hurdle_ztpoisson",2025-04-05,2025,3,360,369,360,353,360,0.9,""
"Texas",2025-04-26,"calendar","hsgp","hurdle_ztpoisson",2025-04-12,2025,2,275,283,275,268,282.55,0.9,""
"Texas",2025-04-26,"calendar","hsgp","hurdle_ztpoisson",2025-04-19,2025,1,257,266,257,249,269.55,0.9,""
"Texas",2025-04-26,"calendar","hsgp","hurdle_ztpoisson",2025-04-26,2025,0,214,229,214,210,260.55,0.9,""
"Texas",2025-04-26,"calendar","sir","hurdle_ztnb",2025-03-29,2025,4,532,538,532,526.9,544.55,0.9,""
"Texas",2025-04-26,"calendar","sir","hurdle_ztnb",2025-04-05,2025,3,360,369,360,352,381.55,0.9,""
"Texas",2025-04-26,"calendar","sir","hurdle_ztnb",2025-04-12,2025,2,275,283,276,266,306.2,0.9,""
"Texas",2025-04-26,"calendar","sir","hurdle_ztnb",2025-04-19,2025,1,257,266,257,236.9,299.75,0.9,""
"Texas",2025-04-26,"calendar","sir","hurdle_ztnb",2025-04-26,2025,0,214,229,215,170.05,272.65,0.9,""
"Texas",2025-04-26,"calendar","sir","hurdle_ztpoisson",2025-03-29,2025,4,532,538,532,532,532,0.9,""
"Texas",2025-04-26,"calendar","sir","hurdle_ztpoisson",2025-04-05,2025,3,360,369,360,360,360,0.9,""
"Texas",2025-04-26,"calendar","sir","hurdle_ztpoisson",2025-04-12,2025,2,275,283,275,275,275,0.9,""
"Texas",2025-04-26,"calendar","sir","hurdle_ztpoisson",2025-04-19,2025,1,257,266,257,257,257,0.9,""
"Texas",2025-04-26,"calendar","sir","hurdle_ztpoisson",2025-04-26,2025,0,214,229,214,214,214,0.9,""
"Texas",2025-05-31,"calendar","hsgp","hurdle_ztnb",2025-05-03,2025,4,190,190,190,190,195,0.9,""
"Texas",2025-05-31,"calendar","hsgp","hurdle_ztnb",2025-05-10,2025,3,167,175,167,166,172,0.9,""
"Texas",2025-05-31,"calendar","hsgp","hurdle_ztnb",2025-05-17,2025,2,196,202,196,193,207.55,0.9,""
"Texas",2025-05-31,"calendar","hsgp","hurdle_ztnb",2025-05-24,2025,1,131,141,131,122.45,150.1,0.9,""
"Texas",2025-05-31,"calendar","hsgp","hurdle_ztnb",2025-05-31,2025,0,139,164,141,119,191.2,0.9,""
"Texas",2025-05-31,"calendar","hsgp","hurdle_ztpoisson",2025-05-03,2025,4,190,190,190,190,195,0.9,""
"Texas",2025-05-31,"calendar","hsgp","hurdle_ztpoisson",2025-05-10,2025,3,167,175,167,167,173,0.9,""
"Texas",2025-05-31,"calendar","hsgp","hurdle_ztpoisson",2025-05-17,2025,2,196,202,196,194.9,203,0.9,""
"Texas",2025-05-31,"calendar","hsgp","hurdle_ztpoisson",2025-05-24,2025,1,131,141,131,126,138,0.9,""
"Texas",2025-05-31,"calendar","hsgp","hurdle_ztpoisson",2025-05-31,2025,0,139,164,139,111.45,162.55,0.9,""
"Texas",2025-05-31,"calendar","sir","hurdle_ztnb",2025-05-03,2025,4,190,190,190,184,204,0.9,""
"Texas",2025-05-31,"calendar","sir","hurdle_ztnb",2025-05-10,2025,3,167,175,167,159.45,182,0.9,""
"Texas",2025-05-31,"calendar","sir","hurdle_ztnb",2025-05-17,2025,2,196,202,196,180.35,215.55,0.9,""
"Texas",2025-05-31,"calendar","sir","hurdle_ztnb",2025-05-24,2025,1,131,141,132,120.35,175.1,0.9,""
"Texas",2025-05-31,"calendar","sir","hurdle_ztnb",2025-05-31,2025,0,139,164,139.5,112.35,215,0.9,""
"Texas",2025-05-31,"calendar","sir","hurdle_ztpoisson",2025-05-03,2025,4,190,190,190,190,190,0.9,""
"Texas",2025-05-31,"calendar","sir","hurdle_ztpoisson",2025-05-10,2025,3,167,175,167,167,167,0.9,""
"Texas",2025-05-31,"calendar","sir","hurdle_ztpoisson",2025-05-17,2025,2,196,202,196,196,196,0.9,""
"Texas",2025-05-31,"calendar","sir","hurdle_ztpoisson",2025-05-24,2025,1,131,141,131,131,131,0.9,""
"Texas",2025-05-31,"calendar","sir","hurdle_ztpoisson",2025-05-31,2025,0,139,164,139,139,141.55,0.9,""
"US",2025-01-02,"calendar","hsgp","hurdle_ztnb",2024-11-30,2024,4,4348,4423,4349,3502.9,4946.7,0.9,""
"US",2025-01-02,"calendar","hsgp","hurdle_ztnb",2024-12-07,2024,3,6342,6505,6339.5,5506.45,7048.45,0.9,""
"US",2025-01-02,"calendar","hsgp","hurdle_ztnb",2024-12-14,2024,2,9118,9574,9119,8185.65,10182.3,0.9,""
"US",2025-01-02,"calendar","hsgp","hurdle_ztnb",2024-12-21,2024,1,14667,16099,14694,13685.2,16616.45,0.9,""
"US",2025-01-02,"calendar","hsgp","hurdle_ztnb",2024-12-28,2024,0,25693,28615,25758,24236.4,28185.1,0.9,""
"US",2025-01-02,"calendar","hsgp","hurdle_ztpoisson",2024-11-30,2024,4,4348,4423,4348,4348,4382,0.9,"The `hurdle_ztpoisson` optimizer did not pass the stability gate.
✖ Optimizer code 0: L-BFGS-B polish: CONVERGENCE: REL_REDUCTION_OF_F <=
  FACTR*EPSMCH
✖ Maximum absolute gradient: 0.1433.
ℹ Try `count_cumulative_process(observation = ""hurdle_ztnb"")`; the ZTNB
  magnitude law was stable in the package-wide sweep.
ℹ This finite fit is returned with `gradient_status = ""warning""`; inspect
  `fit$opt` before using it."
"US",2025-01-02,"calendar","hsgp","hurdle_ztpoisson",2024-12-07,2024,3,6342,6505,6342,6342,6382.55,0.9,"The `hurdle_ztpoisson` optimizer did not pass the stability gate.
✖ Optimizer code 0: L-BFGS-B polish: CONVERGENCE: REL_REDUCTION_OF_F <=
  FACTR*EPSMCH
✖ Maximum absolute gradient: 0.1433.
ℹ Try `count_cumulative_process(observation = ""hurdle_ztnb"")`; the ZTNB
  magnitude law was stable in the package-wide sweep.
ℹ This finite fit is returned with `gradient_status = ""warning""`; inspect
  `fit$opt` before using it."
"US",2025-01-02,"calendar","hsgp","hurdle_ztpoisson",2024-12-14,2024,2,9118,9574,9118,9082,9184.55,0.9,"The `hurdle_ztpoisson` optimizer did not pass the stability gate.
✖ Optimizer code 0: L-BFGS-B polish: CONVERGENCE: REL_REDUCTION_OF_F <=
  FACTR*EPSMCH
✖ Maximum absolute gradient: 0.1433.
ℹ Try `count_cumulative_process(observation = ""hurdle_ztnb"")`; the ZTNB
  magnitude law was stable in the package-wide sweep.
ℹ This finite fit is returned with `gradient_status = ""warning""`; inspect
  `fit$opt` before using it."
"US",2025-01-02,"calendar","hsgp","hurdle_ztpoisson",2024-12-21,2024,1,14667,16099,14667,14611.45,14818,0.9,"The `hurdle_ztpoisson` optimizer did not pass the stability gate.
✖ Optimizer code 0: L-BFGS-B polish: CONVERGENCE: REL_REDUCTION_OF_F <=
  FACTR*EPSMCH
✖ Maximum absolute gradient: 0.1433.
ℹ Try `count_cumulative_process(observation = ""hurdle_ztnb"")`; the ZTNB
  magnitude law was stable in the package-wide sweep.
ℹ This finite fit is returned with `gradient_status = ""warning""`; inspect
  `fit$opt` before using it."
"US",2025-01-02,"calendar","hsgp","hurdle_ztpoisson",2024-12-28,2024,0,25693,28615,25693,24215.05,26039.8,0.9,"The `hurdle_ztpoisson` optimizer did not pass the stability gate.
✖ Optimizer code 0: L-BFGS-B polish: CONVERGENCE: REL_REDUCTION_OF_F <=
  FACTR*EPSMCH
✖ Maximum absolute gradient: 0.1433.
ℹ Try `count_cumulative_process(observation = ""hurdle_ztnb"")`; the ZTNB
  magnitude law was stable in the package-wide sweep.
ℹ This finite fit is returned with `gradient_status = ""warning""`; inspect
  `fit$opt` before using it."
"US",2025-01-02,"calendar","sir","hurdle_ztnb",2024-11-30,2024,4,4348,4423,4348,4269.6,4374.65,0.9,""
"US",2025-01-02,"calendar","sir","hurdle_ztnb",2024-12-07,2024,3,6342,6505,6342,6285.7,6402.3,0.9,""
"US",2025-01-02,"calendar","sir","hurdle_ztnb",2024-12-14,2024,2,9118,9574,9118,9030.05,9172.2,0.9,""
"US",2025-01-02,"calendar","sir","hurdle_ztnb",2024-12-21,2024,1,14667,16099,14667,14531.9,14759.6,0.9,""
"US",2025-01-02,"calendar","sir","hurdle_ztnb",2024-12-28,2024,0,25693,28615,25693,25593.4,25803.05,0.9,""
"US",2025-01-02,"calendar","sir","hurdle_ztpoisson",2024-11-30,2024,4,4348,4423,4348,4348,4348,0.9,"The `hurdle_ztpoisson` optimizer did not pass the stability gate.
✖ Optimizer code 1: L-BFGS-B polish: NEW_X
✖ Maximum absolute gradient: 5.972.
ℹ Try `count_cumulative_process(observation = ""hurdle_ztnb"")`; the ZTNB
  magnitude law was stable in the package-wide sweep.
ℹ This finite fit is returned with `gradient_status = ""warning""`; inspect
  `fit$opt` before using it. | CHOLMOD warning 'matrix not positive definite' at file 'Supernodal/t_cholmod_super_numeric_worker.c', line 1114"
"US",2025-01-02,"calendar","sir","hurdle_ztpoisson",2024-12-07,2024,3,6342,6505,6342,6306,6368.55,0.9,"The `hurdle_ztpoisson` optimizer did not pass the stability gate.
✖ Optimizer code 1: L-BFGS-B polish: NEW_X
✖ Maximum absolute gradient: 5.972.
ℹ Try `count_cumulative_process(observation = ""hurdle_ztnb"")`; the ZTNB
  magnitude law was stable in the package-wide sweep.
ℹ This finite fit is returned with `gradient_status = ""warning""`; inspect
  `fit$opt` before using it. | CHOLMOD warning 'matrix not positive definite' at file 'Supernodal/t_cholmod_super_numeric_worker.c', line 1114"
"US",2025-01-02,"calendar","sir","hurdle_ztpoisson",2024-12-14,2024,2,9118,9574,9118,9118,9118,0.9,"The `hurdle_ztpoisson` optimizer did not pass the stability gate.
✖ Optimizer code 1: L-BFGS-B polish: NEW_X
✖ Maximum absolute gradient: 5.972.
ℹ Try `count_cumulative_process(observation = ""hurdle_ztnb"")`; the ZTNB
  magnitude law was stable in the package-wide sweep.
ℹ This finite fit is returned with `gradient_status = ""warning""`; inspect
  `fit$opt` before using it. | CHOLMOD warning 'matrix not positive definite' at file 'Supernodal/t_cholmod_super_numeric_worker.c', line 1114"
"US",2025-01-02,"calendar","sir","hurdle_ztpoisson",2024-12-21,2024,1,14667,16099,14667,14667,14667,0.9,"The `hurdle_ztpoisson` optimizer did not pass the stability gate.
✖ Optimizer code 1: L-BFGS-B polish: NEW_X
✖ Maximum absolute gradient: 5.972.
ℹ Try `count_cumulative_process(observation = ""hurdle_ztnb"")`; the ZTNB
  magnitude law was stable in the package-wide sweep.
ℹ This finite fit is returned with `gradient_status = ""warning""`; inspect
  `fit$opt` before using it. | CHOLMOD warning 'matrix not positive definite' at file 'Supernodal/t_cholmod_super_numeric_worker.c', line 1114"
"US",2025-01-02,"calendar","sir","hurdle_ztpoisson",2024-12-28,2024,0,25693,28615,25693,25693,25725.65,0.9,"The `hurdle_ztpoisson` optimizer did not pass the stability gate.
✖ Optimizer code 1: L-BFGS-B polish: NEW_X
✖ Maximum absolute gradient: 5.972.
ℹ Try `count_cumulative_process(observation = ""hurdle_ztnb"")`; the ZTNB
  magnitude law was stable in the package-wide sweep.
ℹ This finite fit is returned with `gradient_status = ""warning""`; inspect
  `fit$opt` before using it. | CHOLMOD warning 'matrix not positive definite' at file 'Supernodal/t_cholmod_super_numeric_worker.c', line 1114"
"US",2025-02-15,"calendar","hsgp","hurdle_ztnb",2025-01-18,2025,4,32561,33612,32569,30594.85,34241,0.9,""
"US",2025-02-15,"calendar","hsgp","hurdle_ztnb",2025-01-25,2025,3,39927,41334,39938.5,37697.5,41859.6,0.9,""
"US",2025-02-15,"calendar","hsgp","hurdle_ztnb",2025-02-01,2025,2,50272,52428,50326,47255.7,54307.55,0.9,""
"US",2025-02-15,"calendar","hsgp","hurdle_ztnb",2025-02-08,2025,1,52211,55421,52474,48223.6,57954.7,0.9,""
"US",2025-02-15,"calendar","hsgp","hurdle_ztnb",2025-02-15,2025,0,41658,47713,42067.5,35744.8,52794.8,0.9,""
"US",2025-02-15,"calendar","hsgp","hurdle_ztpoisson",2025-01-18,2025,4,32561,33612,32561,32307.25,32801.1,0.9,"The `hurdle_ztpoisson` optimizer did not pass the stability gate.
✖ Optimizer code 0: L-BFGS-B polish: CONVERGENCE: REL_REDUCTION_OF_F <=
  FACTR*EPSMCH
✖ Maximum absolute gradient: 0.3028.
ℹ Try `count_cumulative_process(observation = ""hurdle_ztnb"")`; the ZTNB
  magnitude law was stable in the package-wide sweep.
ℹ This finite fit is returned with `gradient_status = ""warning""`; inspect
  `fit$opt` before using it."
"US",2025-02-15,"calendar","hsgp","hurdle_ztpoisson",2025-01-25,2025,3,39927,41334,39927,39688,40336.25,0.9,"The `hurdle_ztpoisson` optimizer did not pass the stability gate.
✖ Optimizer code 0: L-BFGS-B polish: CONVERGENCE: REL_REDUCTION_OF_F <=
  FACTR*EPSMCH
✖ Maximum absolute gradient: 0.3028.
ℹ Try `count_cumulative_process(observation = ""hurdle_ztnb"")`; the ZTNB
  magnitude law was stable in the package-wide sweep.
ℹ This finite fit is returned with `gradient_status = ""warning""`; inspect
  `fit$opt` before using it."
"US",2025-02-15,"calendar","hsgp","hurdle_ztpoisson",2025-02-01,2025,2,50272,52428,50272,49942.85,50696.9,0.9,"The `hurdle_ztpoisson` optimizer did not pass the stability gate.
✖ Optimizer code 0: L-BFGS-B polish: CONVERGENCE: REL_REDUCTION_OF_F <=
  FACTR*EPSMCH
✖ Maximum absolute gradient: 0.3028.
ℹ Try `count_cumulative_process(observation = ""hurdle_ztnb"")`; the ZTNB
  magnitude law was stable in the package-wide sweep.
ℹ This finite fit is returned with `gradient_status = ""warning""`; inspect
  `fit$opt` before using it."
"US",2025-02-15,"calendar","hsgp","hurdle_ztpoisson",2025-02-08,2025,1,52211,55421,52211,51639.5,52900.65,0.9,"The `hurdle_ztpoisson` optimizer did not pass the stability gate.
✖ Optimizer code 0: L-BFGS-B polish: CONVERGENCE: REL_REDUCTION_OF_F <=
  FACTR*EPSMCH
✖ Maximum absolute gradient: 0.3028.
ℹ Try `count_cumulative_process(observation = ""hurdle_ztnb"")`; the ZTNB
  magnitude law was stable in the package-wide sweep.
ℹ This finite fit is returned with `gradient_status = ""warning""`; inspect
  `fit$opt` before using it."
"US",2025-02-15,"calendar","hsgp","hurdle_ztpoisson",2025-02-15,2025,0,41658,47713,41658,33029.8,42458.35,0.9,"The `hurdle_ztpoisson` optimizer did not pass the stability gate.
✖ Optimizer code 0: L-BFGS-B polish: CONVERGENCE: REL_REDUCTION_OF_F <=
  FACTR*EPSMCH
✖ Maximum absolute gradient: 0.3028.
ℹ Try `count_cumulative_process(observation = ""hurdle_ztnb"")`; the ZTNB
  magnitude law was stable in the package-wide sweep.
ℹ This finite fit is returned with `gradient_status = ""warning""`; inspect
  `fit$opt` before using it."
"US",2025-02-15,"calendar","sir","hurdle_ztnb",2025-01-18,2025,4,32561,33612,32561,32447.6,32668.3,0.9,""
"US",2025-02-15,"calendar","sir","hurdle_ztnb",2025-01-25,2025,3,39927,41334,39927,39687.25,40051.1,0.9,""
"US",2025-02-15,"calendar","sir","hurdle_ztnb",2025-02-01,2025,2,50272,52428,50272,50089.35,50470.55,0.9,""
"US",2025-02-15,"calendar","sir","hurdle_ztnb",2025-02-08,2025,1,52211,55421,52211,51964.4,52587.45,0.9,""
"US",2025-02-15,"calendar","sir","hurdle_ztnb",2025-02-15,2025,0,41658,47713,41658,41408.9,42100.65,0.9,""
"US",2025-02-15,"calendar","sir","hurdle_ztpoisson",2025-01-18,2025,4,32561,33612,32561,32516.35,32602.95,0.9,"The `hurdle_ztpoisson` optimizer did not pass the stability gate.
✖ Optimizer code 1: iteration limit reached without convergence (10)
✖ Maximum absolute gradient: 66.54.
ℹ Try `count_cumulative_process(observation = ""hurdle_ztnb"")`; the ZTNB
  magnitude law was stable in the package-wide sweep.
ℹ This finite fit is returned with `gradient_status = ""warning""`; inspect
  `fit$opt` before using it. | CHOLMOD warning 'matrix not positive definite' at file 'Supernodal/t_cholmod_super_numeric_worker.c', line 1114"
"US",2025-02-15,"calendar","sir","hurdle_ztpoisson",2025-01-25,2025,3,39927,41334,39927,39927,39927,0.9,"The `hurdle_ztpoisson` optimizer did not pass the stability gate.
✖ Optimizer code 1: iteration limit reached without convergence (10)
✖ Maximum absolute gradient: 66.54.
ℹ Try `count_cumulative_process(observation = ""hurdle_ztnb"")`; the ZTNB
  magnitude law was stable in the package-wide sweep.
ℹ This finite fit is returned with `gradient_status = ""warning""`; inspect
  `fit$opt` before using it. | CHOLMOD warning 'matrix not positive definite' at file 'Supernodal/t_cholmod_super_numeric_worker.c', line 1114"
"US",2025-02-15,"calendar","sir","hurdle_ztpoisson",2025-02-01,2025,2,50272,52428,50272,50272,50272,0.9,"The `hurdle_ztpoisson` optimizer did not pass the stability gate.
✖ Optimizer code 1: iteration limit reached without convergence (10)
✖ Maximum absolute gradient: 66.54.
ℹ Try `count_cumulative_process(observation = ""hurdle_ztnb"")`; the ZTNB
  magnitude law was stable in the package-wide sweep.
ℹ This finite fit is returned with `gradient_status = ""warning""`; inspect
  `fit$opt` before using it. | CHOLMOD warning 'matrix not positive definite' at file 'Supernodal/t_cholmod_super_numeric_worker.c', line 1114"
"US",2025-02-15,"calendar","sir","hurdle_ztpoisson",2025-02-08,2025,1,52211,55421,52211,52211,52211,0.9,"The `hurdle_ztpoisson` optimizer did not pass the stability gate.
✖ Optimizer code 1: iteration limit reached without convergence (10)
✖ Maximum absolute gradient: 66.54.
ℹ Try `count_cumulative_process(observation = ""hurdle_ztnb"")`; the ZTNB
  magnitude law was stable in the package-wide sweep.
ℹ This finite fit is returned with `gradient_status = ""warning""`; inspect
  `fit$opt` before using it. | CHOLMOD warning 'matrix not positive definite' at file 'Supernodal/t_cholmod_super_numeric_worker.c', line 1114"
"US",2025-02-15,"calendar","sir","hurdle_ztpoisson",2025-02-15,2025,0,41658,47713,41658,41658,41658,0.9,"The `hurdle_ztpoisson` optimizer did not pass the stability gate.
✖ Optimizer code 1: iteration limit reached without convergence (10)
✖ Maximum absolute gradient: 66.54.
ℹ Try `count_cumulative_process(observation = ""hurdle_ztnb"")`; the ZTNB
  magnitude law was stable in the package-wide sweep.
ℹ This finite fit is returned with `gradient_status = ""warning""`; inspect
  `fit$opt` before using it. | CHOLMOD warning 'matrix not positive definite' at file 'Supernodal/t_cholmod_super_numeric_worker.c', line 1114"
"US",2025-03-29,"calendar","hsgp","hurdle_ztnb",2025-03-01,2025,4,30796,31853,30841.5,30220.2,31462.05,0.9,""
"US",2025-03-29,"calendar","hsgp","hurdle_ztnb",2025-03-08,2025,3,23948,24630,23987.5,23347.45,24647.55,0.9,""
"US",2025-03-29,"calendar","hsgp","hurdle_ztnb",2025-03-15,2025,2,18359,18809,18404,17794.5,19242.1,0.9,""
"US",2025-03-29,"calendar","hsgp","hurdle_ztnb",2025-03-22,2025,1,13464,13997,13524,12545.3,15372.55,0.9,""
"US",2025-03-29,"calendar","hsgp","hurdle_ztnb",2025-03-29,2025,0,9135,9938,9281,8042.05,12513.1,0.9,""
"US",2025-03-29,"calendar","hsgp","hurdle_ztpoisson",2025-03-01,2025,4,30796,31853,30796,30681.15,31013.65,0.9,"The `hurdle_ztpoisson` optimizer did not pass the stability gate.
✖ Optimizer code 0: L-BFGS-B polish: CONVERGENCE: REL_REDUCTION_OF_F <=
  FACTR*EPSMCH
✖ Maximum absolute gradient: 0.8902.
ℹ Try `count_cumulative_process(observation = ""hurdle_ztnb"")`; the ZTNB
  magnitude law was stable in the package-wide sweep.
ℹ This finite fit is returned with `gradient_status = ""warning""`; inspect
  `fit$opt` before using it."
"US",2025-03-29,"calendar","hsgp","hurdle_ztpoisson",2025-03-08,2025,3,23948,24630,23967,23817.9,24157,0.9,"The `hurdle_ztpoisson` optimizer did not pass the stability gate.
✖ Optimizer code 0: L-BFGS-B polish: CONVERGENCE: REL_REDUCTION_OF_F <=
  FACTR*EPSMCH
✖ Maximum absolute gradient: 0.8902.
ℹ Try `count_cumulative_process(observation = ""hurdle_ztnb"")`; the ZTNB
  magnitude law was stable in the package-wide sweep.
ℹ This finite fit is returned with `gradient_status = ""warning""`; inspect
  `fit$opt` before using it."
"US",2025-03-29,"calendar","hsgp","hurdle_ztpoisson",2025-03-15,2025,2,18359,18809,18406,18232.85,18554.55,0.9,"The `hurdle_ztpoisson` optimizer did not pass the stability gate.
✖ Optimizer code 0: L-BFGS-B polish: CONVERGENCE: REL_REDUCTION_OF_F <=
  FACTR*EPSMCH
✖ Maximum absolute gradient: 0.8902.
ℹ Try `count_cumulative_process(observation = ""hurdle_ztnb"")`; the ZTNB
  magnitude law was stable in the package-wide sweep.
ℹ This finite fit is returned with `gradient_status = ""warning""`; inspect
  `fit$opt` before using it."
"US",2025-03-29,"calendar","hsgp","hurdle_ztpoisson",2025-03-22,2025,1,13464,13997,13478.5,13309,13671.15,0.9,"The `hurdle_ztpoisson` optimizer did not pass the stability gate.
✖ Optimizer code 0: L-BFGS-B polish: CONVERGENCE: REL_REDUCTION_OF_F <=
  FACTR*EPSMCH
✖ Maximum absolute gradient: 0.8902.
ℹ Try `count_cumulative_process(observation = ""hurdle_ztnb"")`; the ZTNB
  magnitude law was stable in the package-wide sweep.
ℹ This finite fit is returned with `gradient_status = ""warning""`; inspect
  `fit$opt` before using it."
"US",2025-03-29,"calendar","hsgp","hurdle_ztpoisson",2025-03-29,2025,0,9135,9938,9113.5,7628.8,9339,0.9,"The `hurdle_ztpoisson` optimizer did not pass the stability gate.
✖ Optimizer code 0: L-BFGS-B polish: CONVERGENCE: REL_REDUCTION_OF_F <=
  FACTR*EPSMCH
✖ Maximum absolute gradient: 0.8902.
ℹ Try `count_cumulative_process(observation = ""hurdle_ztnb"")`; the ZTNB
  magnitude law was stable in the package-wide sweep.
ℹ This finite fit is returned with `gradient_status = ""warning""`; inspect
  `fit$opt` before using it."
"US",2025-03-29,"calendar","sir","hurdle_ztnb",2025-03-01,2025,4,30796,31853,30796,30650.25,30907,0.9,""
"US",2025-03-29,"calendar","sir","hurdle_ztnb",2025-03-08,2025,3,23948,24630,23948,23812.95,24073.6,0.9,""
"US",2025-03-29,"calendar","sir","hurdle_ztnb",2025-03-15,2025,2,18359,18809,18359,18185.25,18494.1,0.9,""
"US",2025-03-29,"calendar","sir","hurdle_ztnb",2025-03-22,2025,1,13464,13997,13464,13199.95,13577.75,0.9,""
"US",2025-03-29,"calendar","sir","hurdle_ztnb",2025-03-29,2025,0,9135,9938,9135,8959.45,9403.9,0.9,""
"US",2025-03-29,"calendar","sir","hurdle_ztpoisson",2025-03-01,2025,4,30796,31853,30796,30796,30796,0.9,"The `hurdle_ztpoisson` optimizer did not pass the stability gate.
✖ Optimizer code 1: L-BFGS-B polish: NEW_X
✖ Maximum absolute gradient: 40.97.
ℹ Try `count_cumulative_process(observation = ""hurdle_ztnb"")`; the ZTNB
  magnitude law was stable in the package-wide sweep.
ℹ This finite fit is returned with `gradient_status = ""warning""`; inspect
  `fit$opt` before using it. | CHOLMOD warning 'matrix not positive definite' at file 'Supernodal/t_cholmod_super_numeric_worker.c', line 1114"
"US",2025-03-29,"calendar","sir","hurdle_ztpoisson",2025-03-08,2025,3,23948,24630,23948,23948,23948,0.9,"The `hurdle_ztpoisson` optimizer did not pass the stability gate.
✖ Optimizer code 1: L-BFGS-B polish: NEW_X
✖ Maximum absolute gradient: 40.97.
ℹ Try `count_cumulative_process(observation = ""hurdle_ztnb"")`; the ZTNB
  magnitude law was stable in the package-wide sweep.
ℹ This finite fit is returned with `gradient_status = ""warning""`; inspect
  `fit$opt` before using it. | CHOLMOD warning 'matrix not positive definite' at file 'Supernodal/t_cholmod_super_numeric_worker.c', line 1114"
"US",2025-03-29,"calendar","sir","hurdle_ztpoisson",2025-03-15,2025,2,18359,18809,18359,18359,18359,0.9,"The `hurdle_ztpoisson` optimizer did not pass the stability gate.
✖ Optimizer code 1: L-BFGS-B polish: NEW_X
✖ Maximum absolute gradient: 40.97.
ℹ Try `count_cumulative_process(observation = ""hurdle_ztnb"")`; the ZTNB
  magnitude law was stable in the package-wide sweep.
ℹ This finite fit is returned with `gradient_status = ""warning""`; inspect
  `fit$opt` before using it. | CHOLMOD warning 'matrix not positive definite' at file 'Supernodal/t_cholmod_super_numeric_worker.c', line 1114"
"US",2025-03-29,"calendar","sir","hurdle_ztpoisson",2025-03-22,2025,1,13464,13997,13464,13464,13464,0.9,"The `hurdle_ztpoisson` optimizer did not pass the stability gate.
✖ Optimizer code 1: L-BFGS-B polish: NEW_X
✖ Maximum absolute gradient: 40.97.
ℹ Try `count_cumulative_process(observation = ""hurdle_ztnb"")`; the ZTNB
  magnitude law was stable in the package-wide sweep.
ℹ This finite fit is returned with `gradient_status = ""warning""`; inspect
  `fit$opt` before using it. | CHOLMOD warning 'matrix not positive definite' at file 'Supernodal/t_cholmod_super_numeric_worker.c', line 1114"
"US",2025-03-29,"calendar","sir","hurdle_ztpoisson",2025-03-29,2025,0,9135,9938,9135,9135,9135,0.9,"The `hurdle_ztpoisson` optimizer did not pass the stability gate.
✖ Optimizer code 1: L-BFGS-B polish: NEW_X
✖ Maximum absolute gradient: 40.97.
ℹ Try `count_cumulative_process(observation = ""hurdle_ztnb"")`; the ZTNB
  magnitude law was stable in the package-wide sweep.
ℹ This finite fit is returned with `gradient_status = ""warning""`; inspect
  `fit$opt` before using it. | CHOLMOD warning 'matrix not positive definite' at file 'Supernodal/t_cholmod_super_numeric_worker.c', line 1114"
"US",2025-04-26,"calendar","hsgp","hurdle_ztnb",2025-03-29,2025,4,9671,9938,9684,9565.45,9822.65,0.9,""
"US",2025-04-26,"calendar","hsgp","hurdle_ztnb",2025-04-05,2025,3,6679,6950,6687,6511.6,6860.7,0.9,""
"US",2025-04-26,"calendar","hsgp","hurdle_ztnb",2025-04-12,2025,2,4812,5035,4819,4588.35,5095.75,0.9,""
"US",2025-04-26,"calendar","hsgp","hurdle_ztnb",2025-04-19,2025,1,3785,3957,3813,3415,4490.8,0.9,""
"US",2025-04-26,"calendar","hsgp","hurdle_ztnb",2025-04-26,2025,0,2740,3296,2832.5,2482.3,4160.2,0.9,""
"US",2025-04-26,"calendar","hsgp","hurdle_ztpoisson",2025-03-29,2025,4,9671,9938,9671,9635,9723.65,0.9,"The `hurdle_ztpoisson` optimizer did not pass the stability gate.
✖ Optimizer code 0: L-BFGS-B polish: CONVERGENCE: REL_REDUCTION_OF_F <=
  FACTR*EPSMCH
✖ Maximum absolute gradient: 0.8576.
ℹ Try `count_cumulative_process(observation = ""hurdle_ztnb"")`; the ZTNB
  magnitude law was stable in the package-wide sweep.
ℹ This finite fit is returned with `gradient_status = ""warning""`; inspect
  `fit$opt` before using it."
"US",2025-04-26,"calendar","hsgp","hurdle_ztpoisson",2025-04-05,2025,3,6679,6950,6679,6638.9,6728,0.9,"The `hurdle_ztpoisson` optimizer did not pass the stability gate.
✖ Optimizer code 0: L-BFGS-B polish: CONVERGENCE: REL_REDUCTION_OF_F <=
  FACTR*EPSMCH
✖ Maximum absolute gradient: 0.8576.
ℹ Try `count_cumulative_process(observation = ""hurdle_ztnb"")`; the ZTNB
  magnitude law was stable in the package-wide sweep.
ℹ This finite fit is returned with `gradient_status = ""warning""`; inspect
  `fit$opt` before using it."
"US",2025-04-26,"calendar","hsgp","hurdle_ztpoisson",2025-04-12,2025,2,4812,5035,4812,4768,4880,0.9,"The `hurdle_ztpoisson` optimizer did not pass the stability gate.
✖ Optimizer code 0: L-BFGS-B polish: CONVERGENCE: REL_REDUCTION_OF_F <=
  FACTR*EPSMCH
✖ Maximum absolute gradient: 0.8576.
ℹ Try `count_cumulative_process(observation = ""hurdle_ztnb"")`; the ZTNB
  magnitude law was stable in the package-wide sweep.
ℹ This finite fit is returned with `gradient_status = ""warning""`; inspect
  `fit$opt` before using it."
"US",2025-04-26,"calendar","hsgp","hurdle_ztpoisson",2025-04-19,2025,1,3785,3957,3785,3727.25,3858.1,0.9,"The `hurdle_ztpoisson` optimizer did not pass the stability gate.
✖ Optimizer code 0: L-BFGS-B polish: CONVERGENCE: REL_REDUCTION_OF_F <=
  FACTR*EPSMCH
✖ Maximum absolute gradient: 0.8576.
ℹ Try `count_cumulative_process(observation = ""hurdle_ztnb"")`; the ZTNB
  magnitude law was stable in the package-wide sweep.
ℹ This finite fit is returned with `gradient_status = ""warning""`; inspect
  `fit$opt` before using it."
"US",2025-04-26,"calendar","hsgp","hurdle_ztpoisson",2025-04-26,2025,0,2740,3296,2488.5,2408,3036.95,0.9,"The `hurdle_ztpoisson` optimizer did not pass the stability gate.
✖ Optimizer code 0: L-BFGS-B polish: CONVERGENCE: REL_REDUCTION_OF_F <=
  FACTR*EPSMCH
✖ Maximum absolute gradient: 0.8576.
ℹ Try `count_cumulative_process(observation = ""hurdle_ztnb"")`; the ZTNB
  magnitude law was stable in the package-wide sweep.
ℹ This finite fit is returned with `gradient_status = ""warning""`; inspect
  `fit$opt` before using it."
"US",2025-04-26,"calendar","sir","hurdle_ztnb",2025-03-29,2025,4,9671,9938,9671,9537.8,9779.75,0.9,""
"US",2025-04-26,"calendar","sir","hurdle_ztnb",2025-04-05,2025,3,6679,6950,6679,6592,6748.05,0.9,""
"US",2025-04-26,"calendar","sir","hurdle_ztnb",2025-04-12,2025,2,4812,5035,4812,4697,4884.1,0.9,""
"US",2025-04-26,"calendar","sir","hurdle_ztnb",2025-04-19,2025,1,3785,3957,3785,3707.55,3886.2,0.9,""
"US",2025-04-26,"calendar","sir","hurdle_ztnb",2025-04-26,2025,0,2740,3296,2740,2666.65,2866.65,0.9,""
"US",2025-04-26,"calendar","sir","hurdle_ztpoisson",2025-03-29,2025,4,9671,9938,9671,9671,9671,0.9,"The `hurdle_ztpoisson` optimizer did not pass the stability gate.
✖ Optimizer code 1: L-BFGS-B polish: NEW_X
✖ Maximum absolute gradient: 13.21.
ℹ Try `count_cumulative_process(observation = ""hurdle_ztnb"")`; the ZTNB
  magnitude law was stable in the package-wide sweep.
ℹ This finite fit is returned with `gradient_status = ""warning""`; inspect
  `fit$opt` before using it. | CHOLMOD warning 'matrix not positive definite' at file 'Supernodal/t_cholmod_super_numeric_worker.c', line 1114"
"US",2025-04-26,"calendar","sir","hurdle_ztpoisson",2025-04-05,2025,3,6679,6950,6679,6679,6679,0.9,"The `hurdle_ztpoisson` optimizer did not pass the stability gate.
✖ Optimizer code 1: L-BFGS-B polish: NEW_X
✖ Maximum absolute gradient: 13.21.
ℹ Try `count_cumulative_process(observation = ""hurdle_ztnb"")`; the ZTNB
  magnitude law was stable in the package-wide sweep.
ℹ This finite fit is returned with `gradient_status = ""warning""`; inspect
  `fit$opt` before using it. | CHOLMOD warning 'matrix not positive definite' at file 'Supernodal/t_cholmod_super_numeric_worker.c', line 1114"
"US",2025-04-26,"calendar","sir","hurdle_ztpoisson",2025-04-12,2025,2,4812,5035,4812,4812,4812,0.9,"The `hurdle_ztpoisson` optimizer did not pass the stability gate.
✖ Optimizer code 1: L-BFGS-B polish: NEW_X
✖ Maximum absolute gradient: 13.21.
ℹ Try `count_cumulative_process(observation = ""hurdle_ztnb"")`; the ZTNB
  magnitude law was stable in the package-wide sweep.
ℹ This finite fit is returned with `gradient_status = ""warning""`; inspect
  `fit$opt` before using it. | CHOLMOD warning 'matrix not positive definite' at file 'Supernodal/t_cholmod_super_numeric_worker.c', line 1114"
"US",2025-04-26,"calendar","sir","hurdle_ztpoisson",2025-04-19,2025,1,3785,3957,3785,3785,3785,0.9,"The `hurdle_ztpoisson` optimizer did not pass the stability gate.
✖ Optimizer code 1: L-BFGS-B polish: NEW_X
✖ Maximum absolute gradient: 13.21.
ℹ Try `count_cumulative_process(observation = ""hurdle_ztnb"")`; the ZTNB
  magnitude law was stable in the package-wide sweep.
ℹ This finite fit is returned with `gradient_status = ""warning""`; inspect
  `fit$opt` before using it. | CHOLMOD warning 'matrix not positive definite' at file 'Supernodal/t_cholmod_super_numeric_worker.c', line 1114"
"US",2025-04-26,"calendar","sir","hurdle_ztpoisson",2025-04-26,2025,0,2740,3296,2740,2740,2740,0.9,"The `hurdle_ztpoisson` optimizer did not pass the stability gate.
✖ Optimizer code 1: L-BFGS-B polish: NEW_X
✖ Maximum absolute gradient: 13.21.
ℹ Try `count_cumulative_process(observation = ""hurdle_ztnb"")`; the ZTNB
  magnitude law was stable in the package-wide sweep.
ℹ This finite fit is returned with `gradient_status = ""warning""`; inspect
  `fit$opt` before using it. | CHOLMOD warning 'matrix not positive definite' at file 'Supernodal/t_cholmod_super_numeric_worker.c', line 1114"
"US",2025-05-31,"calendar","hsgp","hurdle_ztnb",2025-05-03,2025,4,2437,2520,2437,2391.9,2480.1,0.9,""
"US",2025-05-31,"calendar","hsgp","hurdle_ztnb",2025-05-10,2025,3,2105,2169,2107,2064.9,2154.55,0.9,""
"US",2025-05-31,"calendar","hsgp","hurdle_ztnb",2025-05-17,2025,2,1794,1890,1799,1727,1884.65,0.9,""
"US",2025-05-31,"calendar","hsgp","hurdle_ztnb",2025-05-24,2025,1,1652,1732,1658,1564.45,1782.3,0.9,""
"US",2025-05-31,"calendar","hsgp","hurdle_ztnb",2025-05-31,2025,0,1632,1836,1665,1571.45,2086.3,0.9,""
"US",2025-05-31,"calendar","hsgp","hurdle_ztpoisson",2025-05-03,2025,4,2437,2520,2437,2427,2454.55,0.9,"The `hurdle_ztpoisson` optimizer did not pass the stability gate.
✖ Optimizer code 0: L-BFGS-B polish: CONVERGENCE: REL_REDUCTION_OF_F <=
  FACTR*EPSMCH
✖ Maximum absolute gradient: 1.051.
ℹ Try `count_cumulative_process(observation = ""hurdle_ztnb"")`; the ZTNB
  magnitude law was stable in the package-wide sweep.
ℹ This finite fit is returned with `gradient_status = ""warning""`; inspect
  `fit$opt` before using it."
"US",2025-05-31,"calendar","hsgp","hurdle_ztpoisson",2025-05-10,2025,3,2105,2169,2105,2093.45,2123,0.9,"The `hurdle_ztpoisson` optimizer did not pass the stability gate.
✖ Optimizer code 0: L-BFGS-B polish: CONVERGENCE: REL_REDUCTION_OF_F <=
  FACTR*EPSMCH
✖ Maximum absolute gradient: 1.051.
ℹ Try `count_cumulative_process(observation = ""hurdle_ztnb"")`; the ZTNB
  magnitude law was stable in the package-wide sweep.
ℹ This finite fit is returned with `gradient_status = ""warning""`; inspect
  `fit$opt` before using it."
"US",2025-05-31,"calendar","hsgp","hurdle_ztpoisson",2025-05-17,2025,2,1794,1890,1794,1779.45,1816,0.9,"The `hurdle_ztpoisson` optimizer did not pass the stability gate.
✖ Optimizer code 0: L-BFGS-B polish: CONVERGENCE: REL_REDUCTION_OF_F <=
  FACTR*EPSMCH
✖ Maximum absolute gradient: 1.051.
ℹ Try `count_cumulative_process(observation = ""hurdle_ztnb"")`; the ZTNB
  magnitude law was stable in the package-wide sweep.
ℹ This finite fit is returned with `gradient_status = ""warning""`; inspect
  `fit$opt` before using it."
"US",2025-05-31,"calendar","hsgp","hurdle_ztpoisson",2025-05-24,2025,1,1652,1732,1652,1631,1680.55,0.9,"The `hurdle_ztpoisson` optimizer did not pass the stability gate.
✖ Optimizer code 0: L-BFGS-B polish: CONVERGENCE: REL_REDUCTION_OF_F <=
  FACTR*EPSMCH
✖ Maximum absolute gradient: 1.051.
ℹ Try `count_cumulative_process(observation = ""hurdle_ztnb"")`; the ZTNB
  magnitude law was stable in the package-wide sweep.
ℹ This finite fit is returned with `gradient_status = ""warning""`; inspect
  `fit$opt` before using it."
"US",2025-05-31,"calendar","hsgp","hurdle_ztpoisson",2025-05-31,2025,0,1632,1836,1618,1258.9,1673,0.9,"The `hurdle_ztpoisson` optimizer did not pass the stability gate.
✖ Optimizer code 0: L-BFGS-B polish: CONVERGENCE: REL_REDUCTION_OF_F <=
  FACTR*EPSMCH
✖ Maximum absolute gradient: 1.051.
ℹ Try `count_cumulative_process(observation = ""hurdle_ztnb"")`; the ZTNB
  magnitude law was stable in the package-wide sweep.
ℹ This finite fit is returned with `gradient_status = ""warning""`; inspect
  `fit$opt` before using it."
"US",2025-05-31,"calendar","sir","hurdle_ztnb",2025-05-03,2025,4,2437,2520,2430,2291.9,2462.55,0.9,""
"US",2025-05-31,"calendar","sir","hurdle_ztnb",2025-05-10,2025,3,2105,2169,2101,1991.25,2140.55,0.9,""
"US",2025-05-31,"calendar","sir","hurdle_ztnb",2025-05-17,2025,2,1794,1890,1791,1715.7,1865.2,0.9,""
"US",2025-05-31,"calendar","sir","hurdle_ztnb",2025-05-24,2025,1,1652,1732,1650,1578.9,1678,0.9,""
"US",2025-05-31,"calendar","sir","hurdle_ztnb",2025-05-31,2025,0,1632,1836,1631.5,1577.35,1695.75,0.9,""
"US",2025-05-31,"calendar","sir","hurdle_ztpoisson",2025-05-03,2025,4,2437,2520,2437,2437,2437,0.9,"The `hurdle_ztpoisson` optimizer did not pass the stability gate.
✖ Optimizer code 1: L-BFGS-B polish: NEW_X
✖ Maximum absolute gradient: 33.26.
ℹ Try `count_cumulative_process(observation = ""hurdle_ztnb"")`; the ZTNB
  magnitude law was stable in the package-wide sweep.
ℹ This finite fit is returned with `gradient_status = ""warning""`; inspect
  `fit$opt` before using it. | CHOLMOD warning 'matrix not positive definite' at file 'Supernodal/t_cholmod_super_numeric_worker.c', line 1114"
"US",2025-05-31,"calendar","sir","hurdle_ztpoisson",2025-05-10,2025,3,2105,2169,2105,2105,2105,0.9,"The `hurdle_ztpoisson` optimizer did not pass the stability gate.
✖ Optimizer code 1: L-BFGS-B polish: NEW_X
✖ Maximum absolute gradient: 33.26.
ℹ Try `count_cumulative_process(observation = ""hurdle_ztnb"")`; the ZTNB
  magnitude law was stable in the package-wide sweep.
ℹ This finite fit is returned with `gradient_status = ""warning""`; inspect
  `fit$opt` before using it. | CHOLMOD warning 'matrix not positive definite' at file 'Supernodal/t_cholmod_super_numeric_worker.c', line 1114"
"US",2025-05-31,"calendar","sir","hurdle_ztpoisson",2025-05-17,2025,2,1794,1890,1794,1794,1794,0.9,"The `hurdle_ztpoisson` optimizer did not pass the stability gate.
✖ Optimizer code 1: L-BFGS-B polish: NEW_X
✖ Maximum absolute gradient: 33.26.
ℹ Try `count_cumulative_process(observation = ""hurdle_ztnb"")`; the ZTNB
  magnitude law was stable in the package-wide sweep.
ℹ This finite fit is returned with `gradient_status = ""warning""`; inspect
  `fit$opt` before using it. | CHOLMOD warning 'matrix not positive definite' at file 'Supernodal/t_cholmod_super_numeric_worker.c', line 1114"
"US",2025-05-31,"calendar","sir","hurdle_ztpoisson",2025-05-24,2025,1,1652,1732,1652,1652,1652,0.9,"The `hurdle_ztpoisson` optimizer did not pass the stability gate.
✖ Optimizer code 1: L-BFGS-B polish: NEW_X
✖ Maximum absolute gradient: 33.26.
ℹ Try `count_cumulative_process(observation = ""hurdle_ztnb"")`; the ZTNB
  magnitude law was stable in the package-wide sweep.
ℹ This finite fit is returned with `gradient_status = ""warning""`; inspect
  `fit$opt` before using it. | CHOLMOD warning 'matrix not positive definite' at file 'Supernodal/t_cholmod_super_numeric_worker.c', line 1114"
"US",2025-05-31,"calendar","sir","hurdle_ztpoisson",2025-05-31,2025,0,1632,1836,1632,1632,1632,0.9,"The `hurdle_ztpoisson` optimizer did not pass the stability gate.
✖ Optimizer code 1: L-BFGS-B polish: NEW_X
✖ Maximum absolute gradient: 33.26.
ℹ Try `count_cumulative_process(observation = ""hurdle_ztnb"")`; the ZTNB
  magnitude law was stable in the package-wide sweep.
ℹ This finite fit is returned with `gradient_status = ""warning""`; inspect
  `fit$opt` before using it. | CHOLMOD warning 'matrix not positive definite' at file 'Supernodal/t_cholmod_super_numeric_worker.c', line 1114"
"Utah",2025-01-02,"calendar","hsgp","hurdle_ztnb",2024-11-30,2024,4,20,20,20,20,24,0.9,""
"Utah",2025-01-02,"calendar","hsgp","hurdle_ztnb",2024-12-07,2024,3,64,64,64,62,72,0.9,""
"Utah",2025-01-02,"calendar","hsgp","hurdle_ztnb",2024-12-14,2024,2,87,90,87,81,98,0.9,""
"Utah",2025-01-02,"calendar","hsgp","hurdle_ztnb",2024-12-21,2024,1,163,163,165,152.45,180,0.9,""
"Utah",2025-01-02,"calendar","hsgp","hurdle_ztnb",2024-12-28,2024,0,246,295,253,223.9,287.55,0.9,""
"Utah",2025-01-02,"calendar","hsgp","hurdle_ztpoisson",2024-11-30,2024,4,20,20,20,20,22.55,0.9,""
"Utah",2025-01-02,"calendar","hsgp","hurdle_ztpoisson",2024-12-07,2024,3,64,64,64,62,68,0.9,""
"Utah",2025-01-02,"calendar","hsgp","hurdle_ztpoisson",2024-12-14,2024,2,87,90,87,83,95.55,0.9,""
"Utah",2025-01-02,"calendar","hsgp","hurdle_ztpoisson",2024-12-21,2024,1,163,163,164,149,181,0.9,""
"Utah",2025-01-02,"calendar","hsgp","hurdle_ztpoisson",2024-12-28,2024,0,246,295,257.5,198.45,314.2,0.9,""
"Utah",2025-01-02,"calendar","sir","hurdle_ztnb",2024-11-30,2024,4,20,20,20,20,25,0.9,""
"Utah",2025-01-02,"calendar","sir","hurdle_ztnb",2024-12-07,2024,3,64,64,64,63,71.55,0.9,""
"Utah",2025-01-02,"calendar","sir","hurdle_ztnb",2024-12-14,2024,2,87,90,87,83,96,0.9,""
"Utah",2025-01-02,"calendar","sir","hurdle_ztnb",2024-12-21,2024,1,163,163,163,159.45,181,0.9,""
"Utah",2025-01-02,"calendar","sir","hurdle_ztnb",2024-12-28,2024,0,246,295,246,226.45,280,0.9,""
"Utah",2025-01-02,"calendar","sir","hurdle_ztpoisson",2024-11-30,2024,4,20,20,20,20,22,0.9,""
"Utah",2025-01-02,"calendar","sir","hurdle_ztpoisson",2024-12-07,2024,3,64,64,64,61,70,0.9,""
"Utah",2025-01-02,"calendar","sir","hurdle_ztpoisson",2024-12-14,2024,2,87,90,87,83,92.55,0.9,""
"Utah",2025-01-02,"calendar","sir","hurdle_ztpoisson",2024-12-21,2024,1,163,163,163,156,178,0.9,""
"Utah",2025-01-02,"calendar","sir","hurdle_ztpoisson",2024-12-28,2024,0,246,295,246,210.45,309.55,0.9,""
"Utah",2025-02-15,"calendar","hsgp","hurdle_ztnb",2025-01-18,2025,4,180,199,180,179.45,189,0.9,""
"Utah",2025-02-15,"calendar","hsgp","hurdle_ztnb",2025-01-25,2025,3,185,185,185,180.45,202.65,0.9,""
"Utah",2025-02-15,"calendar","hsgp","hurdle_ztnb",2025-02-01,2025,2,195,195,195,184,216,0.9,""
"Utah",2025-02-15,"calendar","hsgp","hurdle_ztnb",2025-02-08,2025,1,209,218,209,195.45,251.55,0.9,""
"Utah",2025-02-15,"calendar","hsgp","hurdle_ztnb",2025-02-15,2025,0,201,203,206.5,183,270.55,0.9,""
"Utah",2025-02-15,"calendar","hsgp","hurdle_ztpoisson",2025-01-18,2025,4,180,199,180,176,184,0.9,""
"Utah",2025-02-15,"calendar","hsgp","hurdle_ztpoisson",2025-01-25,2025,3,185,185,185,180,191,0.9,""
"Utah",2025-02-15,"calendar","hsgp","hurdle_ztpoisson",2025-02-01,2025,2,195,195,195,185,206,0.9,""
"Utah",2025-02-15,"calendar","hsgp","hurdle_ztpoisson",2025-02-08,2025,1,209,218,209,179,235.55,0.9,""
"Utah",2025-02-15,"calendar","hsgp","hurdle_ztpoisson",2025-02-15,2025,0,201,203,207,121,302.2,0.9,""
"Utah",2025-02-15,"calendar","sir","hurdle_ztnb",2025-01-18,2025,4,180,199,180,180,191.55,0.9,""
"Utah",2025-02-15,"calendar","sir","hurdle_ztnb",2025-01-25,2025,3,185,185,185,185,197,0.9,""
"Utah",2025-02-15,"calendar","sir","hurdle_ztnb",2025-02-01,2025,2,195,195,195,192.45,213.1,0.9,""
"Utah",2025-02-15,"calendar","sir","hurdle_ztnb",2025-02-08,2025,1,209,218,209,202,232.55,0.9,""
"Utah",2025-02-15,"calendar","sir","hurdle_ztnb",2025-02-15,2025,0,201,203,201,185.45,259,0.9,""
"Utah",2025-02-15,"calendar","sir","hurdle_ztpoisson",2025-01-18,2025,4,180,199,180,178,183,0.9,""
"Utah",2025-02-15,"calendar","sir","hurdle_ztpoisson",2025-01-25,2025,3,185,185,185,185,185,0.9,""
"Utah",2025-02-15,"calendar","sir","hurdle_ztpoisson",2025-02-01,2025,2,195,195,195,195,195,0.9,""
"Utah",2025-02-15,"calendar","sir","hurdle_ztpoisson",2025-02-08,2025,1,209,218,209,203.45,212,0.9,""
"Utah",2025-02-15,"calendar","sir","hurdle_ztpoisson",2025-02-15,2025,0,201,203,201,194.45,205.55,0.9,""
"Utah",2025-03-29,"calendar","hsgp","hurdle_ztnb",2025-03-01,2025,4,123,123,123,123,129,0.9,""
"Utah",2025-03-29,"calendar","hsgp","hurdle_ztnb",2025-03-08,2025,3,121,127,121,121,128,0.9,""
"Utah",2025-03-29,"calendar","hsgp","hurdle_ztnb",2025-03-15,2025,2,102,102,102,102,112,0.9,""
"Utah",2025-03-29,"calendar","hsgp","hurdle_ztnb",2025-03-22,2025,1,76,76,76,71,90,0.9,""
"Utah",2025-03-29,"calendar","hsgp","hurdle_ztnb",2025-03-29,2025,0,53,54,53,43.45,68,0.9,""
"Utah",2025-03-29,"calendar","hsgp","hurdle_ztpoisson",2025-03-01,2025,4,123,123,123,123,128,0.9,""
"Utah",2025-03-29,"calendar","hsgp","hurdle_ztpoisson",2025-03-08,2025,3,121,127,121,121,128,0.9,""
"Utah",2025-03-29,"calendar","hsgp","hurdle_ztpoisson",2025-03-15,2025,2,102,102,102,97.45,109,0.9,""
"Utah",2025-03-29,"calendar","hsgp","hurdle_ztpoisson",2025-03-22,2025,1,76,76,76,67,90.55,0.9,""
"Utah",2025-03-29,"calendar","hsgp","hurdle_ztpoisson",2025-03-29,2025,0,53,54,53,31.45,84,0.9,""
"Utah",2025-03-29,"calendar","sir","hurdle_ztnb",2025-03-01,2025,4,123,123,123,123,129,0.9,""
"Utah",2025-03-29,"calendar","sir","hurdle_ztnb",2025-03-08,2025,3,121,127,121,121,128.55,0.9,""
"Utah",2025-03-29,"calendar","sir","hurdle_ztnb",2025-03-15,2025,2,102,102,102,102,113,0.9,""
"Utah",2025-03-29,"calendar","sir","hurdle_ztnb",2025-03-22,2025,1,76,76,76,73.45,94,0.9,""
"Utah",2025-03-29,"calendar","sir","hurdle_ztnb",2025-03-29,2025,0,53,54,53,47.45,94.1999999999999,0.9,""
"Utah",2025-03-29,"calendar","sir","hurdle_ztpoisson",2025-03-01,2025,4,123,123,123,123,123,0.9,""
"Utah",2025-03-29,"calendar","sir","hurdle_ztpoisson",2025-03-08,2025,3,121,127,121,121,122,0.9,""
"Utah",2025-03-29,"calendar","sir","hurdle_ztpoisson",2025-03-15,2025,2,102,102,102,101.45,105,0.9,""
"Utah",2025-03-29,"calendar","sir","hurdle_ztpoisson",2025-03-22,2025,1,76,76,76,71,80.55,0.9,""
"Utah",2025-03-29,"calendar","sir","hurdle_ztpoisson",2025-03-29,2025,0,53,54,53,47.9,53,0.9,""
"Utah",2025-04-26,"calendar","hsgp","hurdle_ztnb",2025-03-29,2025,4,54,54,54,54,54,0.9,""
"Utah",2025-04-26,"calendar","hsgp","hurdle_ztnb",2025-04-05,2025,3,54,54,54,54,57,0.9,""
"Utah",2025-04-26,"calendar","hsgp","hurdle_ztnb",2025-04-12,2025,2,33,33,33,33,38,0.9,""
"Utah",2025-04-26,"calendar","hsgp","hurdle_ztnb",2025-04-19,2025,1,27,27,27,25,32.55,0.9,""
"Utah",2025-04-26,"calendar","hsgp","hurdle_ztnb",2025-04-26,2025,0,19,19,19,15,31,0.9,""
"Utah",2025-04-26,"calendar","hsgp","hurdle_ztpoisson",2025-03-29,2025,4,54,54,54,54,54,0.9,""
"Utah",2025-04-26,"calendar","hsgp","hurdle_ztpoisson",2025-04-05,2025,3,54,54,54,54,57,0.9,""
"Utah",2025-04-26,"calendar","hsgp","hurdle_ztpoisson",2025-04-12,2025,2,33,33,33,30,38,0.9,""
"Utah",2025-04-26,"calendar","hsgp","hurdle_ztpoisson",2025-04-19,2025,1,27,27,27,23.45,34,0.9,""
"Utah",2025-04-26,"calendar","hsgp","hurdle_ztpoisson",2025-04-26,2025,0,19,19,19,13.45,32,0.9,""
"Utah",2025-04-26,"calendar","sir","hurdle_ztnb",2025-03-29,2025,4,54,54,54,54,54,0.9,""
"Utah",2025-04-26,"calendar","sir","hurdle_ztnb",2025-04-05,2025,3,54,54,54,54,57.55,0.9,""
"Utah",2025-04-26,"calendar","sir","hurdle_ztnb",2025-04-12,2025,2,33,33,33,33,38,0.9,""
"Utah",2025-04-26,"calendar","sir","hurdle_ztnb",2025-04-19,2025,1,27,27,27,26.45,36.55,0.9,""
"Utah",2025-04-26,"calendar","sir","hurdle_ztnb",2025-04-26,2025,0,19,19,19,15.45,47.4999999999998,0.9,""
"Utah",2025-04-26,"calendar","sir","hurdle_ztpoisson",2025-03-29,2025,4,54,54,54,54,54,0.9,""
"Utah",2025-04-26,"calendar","sir","hurdle_ztpoisson",2025-04-05,2025,3,54,54,54,54,54,0.9,""
"Utah",2025-04-26,"calendar","sir","hurdle_ztpoisson",2025-04-12,2025,2,33,33,33,33,33,0.9,""
"Utah",2025-04-26,"calendar","sir","hurdle_ztpoisson",2025-04-19,2025,1,27,27,27,27,27.55,0.9,""
"Utah",2025-04-26,"calendar","sir","hurdle_ztpoisson",2025-04-26,2025,0,19,19,19,19,19,0.9,""
"Utah",2025-05-31,"calendar","hsgp","hurdle_ztnb",2025-05-03,2025,4,17,17,17,17,17,0.9,""
"Utah",2025-05-31,"calendar","hsgp","hurdle_ztnb",2025-05-10,2025,3,14,14,14,14,14,0.9,""
"Utah",2025-05-31,"calendar","hsgp","hurdle_ztnb",2025-05-17,2025,2,12,12,12,12,15.55,0.9,""
"Utah",2025-05-31,"calendar","hsgp","hurdle_ztnb",2025-05-24,2025,1,14,14,14,14,17,0.9,""
"Utah",2025-05-31,"calendar","hsgp","hurdle_ztnb",2025-05-31,2025,0,13,13,13,10,20.55,0.9,""
"Utah",2025-05-31,"calendar","hsgp","hurdle_ztpoisson",2025-05-03,2025,4,17,17,17,17,17,0.9,""
"Utah",2025-05-31,"calendar","hsgp","hurdle_ztpoisson",2025-05-10,2025,3,14,14,14,14,14,0.9,""
"Utah",2025-05-31,"calendar","hsgp","hurdle_ztpoisson",2025-05-17,2025,2,12,12,12,12,13.55,0.9,""
"Utah",2025-05-31,"calendar","hsgp","hurdle_ztpoisson",2025-05-24,2025,1,14,14,14,13.45,18,0.9,""
"Utah",2025-05-31,"calendar","hsgp","hurdle_ztpoisson",2025-05-31,2025,0,13,13,13,9,21,0.9,""
"Utah",2025-05-31,"calendar","sir","hurdle_ztnb",2025-05-03,2025,4,17,17,17,17,17,0.9,""
"Utah",2025-05-31,"calendar","sir","hurdle_ztnb",2025-05-10,2025,3,14,14,14,14,15.55,0.9,""
"Utah",2025-05-31,"calendar","sir","hurdle_ztnb",2025-05-17,2025,2,12,12,12,12,17.55,0.9,""
"Utah",2025-05-31,"calendar","sir","hurdle_ztnb",2025-05-24,2025,1,14,14,14,14,24.1,0.9,""
"Utah",2025-05-31,"calendar","sir","hurdle_ztnb",2025-05-31,2025,0,13,13,13,11.45,42.55,0.9,""
"Utah",2025-05-31,"calendar","sir","hurdle_ztpoisson",2025-05-03,2025,4,17,17,17,17,17,0.9,""
"Utah",2025-05-31,"calendar","sir","hurdle_ztpoisson",2025-05-10,2025,3,14,14,14,14,14,0.9,""
"Utah",2025-05-31,"calendar","sir","hurdle_ztpoisson",2025-05-17,2025,2,12,12,12,12,12,0.9,""
"Utah",2025-05-31,"calendar","sir","hurdle_ztpoisson",2025-05-24,2025,1,14,14,14,14,14,0.9,""
"Utah",2025-05-31,"calendar","sir","hurdle_ztpoisson",2025-05-31,2025,0,13,13,13,6.9,21.55,0.9,""
"Vermont",2025-01-02,"calendar","hsgp","hurdle_ztnb",2024-11-30,2024,4,3,3,3,3,3,0.9,""
"Vermont",2025-01-02,"calendar","hsgp","hurdle_ztnb",2024-12-07,2024,3,0,0,0,0,0,0.9,""
"Vermont",2025-01-02,"calendar","hsgp","hurdle_ztnb",2024-12-14,2024,2,8,8,8,8,9,0.9,""
"Vermont",2025-01-02,"calendar","hsgp","hurdle_ztnb",2024-12-21,2024,1,8,8,8,8,10,0.9,""
"Vermont",2025-01-02,"calendar","hsgp","hurdle_ztnb",2024-12-28,2024,0,19,19,19,17,23,0.9,""
"Vermont",2025-01-02,"calendar","hsgp","hurdle_ztpoisson",2024-11-30,2024,4,3,3,3,3,3,0.9,""
"Vermont",2025-01-02,"calendar","hsgp","hurdle_ztpoisson",2024-12-07,2024,3,0,0,0,0,1,0.9,""
"Vermont",2025-01-02,"calendar","hsgp","hurdle_ztpoisson",2024-12-14,2024,2,8,8,8,8,9.54999999999998,0.9,""
"Vermont",2025-01-02,"calendar","hsgp","hurdle_ztpoisson",2024-12-21,2024,1,8,8,8,8,10,0.9,""
"Vermont",2025-01-02,"calendar","hsgp","hurdle_ztpoisson",2024-12-28,2024,0,19,19,19,17,23,0.9,""
"Vermont",2025-01-02,"calendar","sir","hurdle_ztnb",2024-11-30,2024,4,3,3,3,3,3,0.9,""
"Vermont",2025-01-02,"calendar","sir","hurdle_ztnb",2024-12-07,2024,3,0,0,0,0,0,0.9,""
"Vermont",2025-01-02,"calendar","sir","hurdle_ztnb",2024-12-14,2024,2,8,8,8,8,8,0.9,""
"Vermont",2025-01-02,"calendar","sir","hurdle_ztnb",2024-12-21,2024,1,8,8,8,8,8,0.9,""
"Vermont",2025-01-02,"calendar","sir","hurdle_ztnb",2024-12-28,2024,0,19,19,19,19,19,0.9,""
"Vermont",2025-01-02,"calendar","sir","hurdle_ztpoisson",2024-11-30,2024,4,3,3,3,3,3,0.9,""
"Vermont",2025-01-02,"calendar","sir","hurdle_ztpoisson",2024-12-07,2024,3,0,0,0,0,0,0.9,""
"Vermont",2025-01-02,"calendar","sir","hurdle_ztpoisson",2024-12-14,2024,2,8,8,8,8,8,0.9,""
"Vermont",2025-01-02,"calendar","sir","hurdle_ztpoisson",2024-12-21,2024,1,8,8,8,8,8,0.9,""
"Vermont",2025-01-02,"calendar","sir","hurdle_ztpoisson",2024-12-28,2024,0,19,19,19,19,19,0.9,""
"Vermont",2025-02-15,"calendar","hsgp","hurdle_ztnb",2025-01-18,2025,4,39,41,39,39,44,0.9,""
"Vermont",2025-02-15,"calendar","hsgp","hurdle_ztnb",2025-01-25,2025,3,56,58,56,55,61,0.9,""
"Vermont",2025-02-15,"calendar","hsgp","hurdle_ztnb",2025-02-01,2025,2,83,84,84,81,90,0.9,""
"Vermont",2025-02-15,"calendar","hsgp","hurdle_ztnb",2025-02-08,2025,1,125,134,127.5,121,138,0.9,""
"Vermont",2025-02-15,"calendar","hsgp","hurdle_ztnb",2025-02-15,2025,0,98,115,102,85,124.55,0.9,""
"Vermont",2025-02-15,"calendar","hsgp","hurdle_ztpoisson",2025-01-18,2025,4,39,41,39,39,43,0.9,""
"Vermont",2025-02-15,"calendar","hsgp","hurdle_ztpoisson",2025-01-25,2025,3,56,58,56,55,61,0.9,""
"Vermont",2025-02-15,"calendar","hsgp","hurdle_ztpoisson",2025-02-01,2025,2,83,84,84,80,90,0.9,""
"Vermont",2025-02-15,"calendar","hsgp","hurdle_ztpoisson",2025-02-08,2025,1,125,134,128,120,137,0.9,""
"Vermont",2025-02-15,"calendar","hsgp","hurdle_ztpoisson",2025-02-15,2025,0,98,115,105,76,129,0.9,""
"Vermont",2025-02-15,"calendar","sir","hurdle_ztnb",2025-01-18,2025,4,39,41,39,39,39,0.9,""
"Vermont",2025-02-15,"calendar","sir","hurdle_ztnb",2025-01-25,2025,3,56,58,56,56,56,0.9,""
"Vermont",2025-02-15,"calendar","sir","hurdle_ztnb",2025-02-01,2025,2,83,84,83,83,83,0.9,""
"Vermont",2025-02-15,"calendar","sir","hurdle_ztnb",2025-02-08,2025,1,125,134,125,125,125,0.9,""
"Vermont",2025-02-15,"calendar","sir","hurdle_ztnb",2025-02-15,2025,0,98,115,98,98,98,0.9,""
"Vermont",2025-02-15,"calendar","sir","hurdle_ztpoisson",2025-01-18,2025,4,39,41,39,39,39,0.9,""
"Vermont",2025-02-15,"calendar","sir","hurdle_ztpoisson",2025-01-25,2025,3,56,58,56,56,56,0.9,""
"Vermont",2025-02-15,"calendar","sir","hurdle_ztpoisson",2025-02-01,2025,2,83,84,83,83,83,0.9,""
"Vermont",2025-02-15,"calendar","sir","hurdle_ztpoisson",2025-02-08,2025,1,125,134,125,125,125,0.9,""
"Vermont",2025-02-15,"calendar","sir","hurdle_ztpoisson",2025-02-15,2025,0,98,115,98,98,98,0.9,""
"Vermont",2025-03-29,"calendar","hsgp","hurdle_ztnb",2025-03-01,2025,4,65,65,65,65,70,0.9,""
"Vermont",2025-03-29,"calendar","hsgp","hurdle_ztnb",2025-03-08,2025,3,43,43,43,43,48,0.9,""
"Vermont",2025-03-29,"calendar","hsgp","hurdle_ztnb",2025-03-15,2025,2,32,32,32,32,37,0.9,""
"Vermont",2025-03-29,"calendar","hsgp","hurdle_ztnb",2025-03-22,2025,1,34,34,34,34,40,0.9,""
"Vermont",2025-03-29,"calendar","hsgp","hurdle_ztnb",2025-03-29,2025,0,26,26,27,23.45,35.55,0.9,""
"Vermont",2025-03-29,"calendar","hsgp","hurdle_ztpoisson",2025-03-01,2025,4,65,65,65,65,70,0.9,""
"Vermont",2025-03-29,"calendar","hsgp","hurdle_ztpoisson",2025-03-08,2025,3,43,43,43,43,48,0.9,""
"Vermont",2025-03-29,"calendar","hsgp","hurdle_ztpoisson",2025-03-15,2025,2,32,32,32,32,37,0.9,""
"Vermont",2025-03-29,"calendar","hsgp","hurdle_ztpoisson",2025-03-22,2025,1,34,34,35,32.45,41,0.9,""
"Vermont",2025-03-29,"calendar","hsgp","hurdle_ztpoisson",2025-03-29,2025,0,26,26,28,24,35,0.9,""
"Vermont",2025-03-29,"calendar","sir","hurdle_ztnb",2025-03-01,2025,4,65,65,65,65,65,0.9,""
"Vermont",2025-03-29,"calendar","sir","hurdle_ztnb",2025-03-08,2025,3,43,43,43,43,43,0.9,""
"Vermont",2025-03-29,"calendar","sir","hurdle_ztnb",2025-03-15,2025,2,32,32,32,32,32,0.9,""
"Vermont",2025-03-29,"calendar","sir","hurdle_ztnb",2025-03-22,2025,1,34,34,34,34,34,0.9,""
"Vermont",2025-03-29,"calendar","sir","hurdle_ztnb",2025-03-29,2025,0,26,26,26,26,26,0.9,""
"Vermont",2025-03-29,"calendar","sir","hurdle_ztpoisson",2025-03-01,2025,4,65,65,65,65,65,0.9,""
"Vermont",2025-03-29,"calendar","sir","hurdle_ztpoisson",2025-03-08,2025,3,43,43,43,43,43,0.9,""
"Vermont",2025-03-29,"calendar","sir","hurdle_ztpoisson",2025-03-15,2025,2,32,32,32,32,32,0.9,""
"Vermont",2025-03-29,"calendar","sir","hurdle_ztpoisson",2025-03-22,2025,1,34,34,34,34,34,0.9,""
"Vermont",2025-03-29,"calendar","sir","hurdle_ztpoisson",2025-03-29,2025,0,26,26,26,26,26,0.9,""
"Vermont",2025-04-26,"calendar","hsgp","hurdle_ztnb",2025-03-29,2025,4,26,26,26,26,28,0.9,""
"Vermont",2025-04-26,"calendar","hsgp","hurdle_ztnb",2025-04-05,2025,3,28,28,28,28,30.55,0.9,""
"Vermont",2025-04-26,"calendar","hsgp","hurdle_ztnb",2025-04-12,2025,2,5,8,5,5,8,0.9,""
"Vermont",2025-04-26,"calendar","hsgp","hurdle_ztnb",2025-04-19,2025,1,12,12,12,12,15,0.9,""
"Vermont",2025-04-26,"calendar","hsgp","hurdle_ztnb",2025-04-26,2025,0,12,13,12,12,18,0.9,""
"Vermont",2025-04-26,"calendar","hsgp","hurdle_ztpoisson",2025-03-29,2025,4,26,26,26,26,28,0.9,""
"Vermont",2025-04-26,"calendar","hsgp","hurdle_ztpoisson",2025-04-05,2025,3,28,28,28,28,31,0.9,""
"Vermont",2025-04-26,"calendar","hsgp","hurdle_ztpoisson",2025-04-12,2025,2,5,8,5,5,8.54999999999998,0.9,""
"Vermont",2025-04-26,"calendar","hsgp","hurdle_ztpoisson",2025-04-19,2025,1,12,12,12,11.45,16,0.9,""
"Vermont",2025-04-26,"calendar","hsgp","hurdle_ztpoisson",2025-04-26,2025,0,12,13,12,11,18,0.9,""
"Vermont",2025-04-26,"calendar","sir","hurdle_ztnb",2025-03-29,2025,4,26,26,26,26,26,0.9,""
"Vermont",2025-04-26,"calendar","sir","hurdle_ztnb",2025-04-05,2025,3,28,28,28,28,28,0.9,""
"Vermont",2025-04-26,"calendar","sir","hurdle_ztnb",2025-04-12,2025,2,5,8,5,5,5,0.9,""
"Vermont",2025-04-26,"calendar","sir","hurdle_ztnb",2025-04-19,2025,1,12,12,12,12,12,0.9,""
"Vermont",2025-04-26,"calendar","sir","hurdle_ztnb",2025-04-26,2025,0,12,13,12,12,12,0.9,""
"Vermont",2025-04-26,"calendar","sir","hurdle_ztpoisson",2025-03-29,2025,4,26,26,26,26,26,0.9,""
"Vermont",2025-04-26,"calendar","sir","hurdle_ztpoisson",2025-04-05,2025,3,28,28,28,28,28,0.9,""
"Vermont",2025-04-26,"calendar","sir","hurdle_ztpoisson",2025-04-12,2025,2,5,8,5,5,5,0.9,""
"Vermont",2025-04-26,"calendar","sir","hurdle_ztpoisson",2025-04-19,2025,1,12,12,12,12,12,0.9,""
"Vermont",2025-04-26,"calendar","sir","hurdle_ztpoisson",2025-04-26,2025,0,12,13,12,12,12,0.9,""
"Vermont",2025-05-31,"calendar","hsgp","hurdle_ztnb",2025-05-03,2025,4,3,3,3,3,3,0.9,""
"Vermont",2025-05-31,"calendar","hsgp","hurdle_ztnb",2025-05-10,2025,3,1,1,1,1,1,0.9,""
"Vermont",2025-05-31,"calendar","hsgp","hurdle_ztnb",2025-05-17,2025,2,2,2,2,2,2.54999999999998,0.9,""
"Vermont",2025-05-31,"calendar","hsgp","hurdle_ztnb",2025-05-24,2025,1,1,1,1,1,2,0.9,""
"Vermont",2025-05-31,"calendar","hsgp","hurdle_ztnb",2025-05-31,2025,0,1,1,1,1,3,0.9,""
"Vermont",2025-05-31,"calendar","hsgp","hurdle_ztpoisson",2025-05-03,2025,4,3,3,3,3,3,0.9,""
"Vermont",2025-05-31,"calendar","hsgp","hurdle_ztpoisson",2025-05-10,2025,3,1,1,1,1,1,0.9,""
"Vermont",2025-05-31,"calendar","hsgp","hurdle_ztpoisson",2025-05-17,2025,2,2,2,2,2,3,0.9,""
"Vermont",2025-05-31,"calendar","hsgp","hurdle_ztpoisson",2025-05-24,2025,1,1,1,1,1,2,0.9,""
"Vermont",2025-05-31,"calendar","hsgp","hurdle_ztpoisson",2025-05-31,2025,0,1,1,1,1,4,0.9,""
"Vermont",2025-05-31,"calendar","sir","hurdle_ztnb",2025-05-03,2025,4,3,3,3,3,3,0.9,""
"Vermont",2025-05-31,"calendar","sir","hurdle_ztnb",2025-05-10,2025,3,1,1,1,1,1,0.9,""
"Vermont",2025-05-31,"calendar","sir","hurdle_ztnb",2025-05-17,2025,2,2,2,2,2,2,0.9,""
"Vermont",2025-05-31,"calendar","sir","hurdle_ztnb",2025-05-24,2025,1,1,1,1,1,1,0.9,""
"Vermont",2025-05-31,"calendar","sir","hurdle_ztnb",2025-05-31,2025,0,1,1,1,1,1,0.9,""
"Vermont",2025-05-31,"calendar","sir","hurdle_ztpoisson",2025-05-03,2025,4,3,3,3,3,3,0.9,""
"Vermont",2025-05-31,"calendar","sir","hurdle_ztpoisson",2025-05-10,2025,3,1,1,1,1,1,0.9,""
"Vermont",2025-05-31,"calendar","sir","hurdle_ztpoisson",2025-05-17,2025,2,2,2,2,2,2,0.9,""
"Vermont",2025-05-31,"calendar","sir","hurdle_ztpoisson",2025-05-24,2025,1,1,1,1,1,1,0.9,""
"Vermont",2025-05-31,"calendar","sir","hurdle_ztpoisson",2025-05-31,2025,0,1,1,1,1,1,0.9,""
"Virginia",2025-01-02,"calendar","hsgp","hurdle_ztnb",2024-11-30,2024,4,46,46,46,46,58.55,0.9,""
"Virginia",2025-01-02,"calendar","hsgp","hurdle_ztnb",2024-12-07,2024,3,68,69,68,68,80.55,0.9,""
"Virginia",2025-01-02,"calendar","hsgp","hurdle_ztnb",2024-12-14,2024,2,140,140,140,140,160.55,0.9,""
"Virginia",2025-01-02,"calendar","hsgp","hurdle_ztnb",2024-12-21,2024,1,184,192,184,184,205,0.9,""
"Virginia",2025-01-02,"calendar","hsgp","hurdle_ztnb",2024-12-28,2024,0,343,374,343,324.9,377,0.9,""
"Virginia",2025-01-02,"calendar","hsgp","hurdle_ztpoisson",2024-11-30,2024,4,46,46,46,46,46,0.9,""
"Virginia",2025-01-02,"calendar","hsgp","hurdle_ztpoisson",2024-12-07,2024,3,68,69,68,68,68,0.9,""
"Virginia",2025-01-02,"calendar","hsgp","hurdle_ztpoisson",2024-12-14,2024,2,140,140,140,140,140,0.9,""
"Virginia",2025-01-02,"calendar","hsgp","hurdle_ztpoisson",2024-12-21,2024,1,184,192,184,184,196,0.9,""
"Virginia",2025-01-02,"calendar","hsgp","hurdle_ztpoisson",2024-12-28,2024,0,343,374,343,343,361.55,0.9,""
"Virginia",2025-01-02,"calendar","sir","hurdle_ztnb",2024-11-30,2024,4,46,46,46,46,58.1,0.9,""
"Virginia",2025-01-02,"calendar","sir","hurdle_ztnb",2024-12-07,2024,3,68,69,68,68,82.55,0.9,""
"Virginia",2025-01-02,"calendar","sir","hurdle_ztnb",2024-12-14,2024,2,140,140,140,140,153,0.9,""
"Virginia",2025-01-02,"calendar","sir","hurdle_ztnb",2024-12-21,2024,1,184,192,184,184,205.1,0.9,""
"Virginia",2025-01-02,"calendar","sir","hurdle_ztnb",2024-12-28,2024,0,343,374,343,335.35,368,0.9,""
"Virginia",2025-01-02,"calendar","sir","hurdle_ztpoisson",2024-11-30,2024,4,46,46,46,46,46,0.9,""
"Virginia",2025-01-02,"calendar","sir","hurdle_ztpoisson",2024-12-07,2024,3,68,69,68,68,83,0.9,""
"Virginia",2025-01-02,"calendar","sir","hurdle_ztpoisson",2024-12-14,2024,2,140,140,140,140,140,0.9,""
"Virginia",2025-01-02,"calendar","sir","hurdle_ztpoisson",2024-12-21,2024,1,184,192,184,183.45,193,0.9,""
"Virginia",2025-01-02,"calendar","sir","hurdle_ztpoisson",2024-12-28,2024,0,343,374,343,333.45,367.1,0.9,""
"Virginia",2025-02-15,"calendar","hsgp","hurdle_ztnb",2025-01-18,2025,4,472,493,472,472,513.65,0.9,""
"Virginia",2025-02-15,"calendar","hsgp","hurdle_ztnb",2025-01-25,2025,3,658,685,659,658,726.3,0.9,""
"Virginia",2025-02-15,"calendar","hsgp","hurdle_ztnb",2025-02-01,2025,2,986,1083,994.5,979,1072.75,0.9,""
"Virginia",2025-02-15,"calendar","hsgp","hurdle_ztnb",2025-02-08,2025,1,1153,1315,1170.5,1140.35,1283.3,0.9,""
"Virginia",2025-02-15,"calendar","hsgp","hurdle_ztnb",2025-02-15,2025,0,1077,1190,1096.5,1030.9,1398,0.9,""
"Virginia",2025-02-15,"calendar","hsgp","hurdle_ztpoisson",2025-01-18,2025,4,472,493,472,472,489.55,0.9,""
"Virginia",2025-02-15,"calendar","hsgp","hurdle_ztpoisson",2025-01-25,2025,3,658,685,658,658,676,0.9,""
"Virginia",2025-02-15,"calendar","hsgp","hurdle_ztpoisson",2025-02-01,2025,2,986,1083,986,978,1009.55,0.9,""
"Virginia",2025-02-15,"calendar","hsgp","hurdle_ztpoisson",2025-02-08,2025,1,1153,1315,1153,1124.9,1211.55,0.9,""
"Virginia",2025-02-15,"calendar","hsgp","hurdle_ztpoisson",2025-02-15,2025,0,1077,1190,1082.5,882.9,1293.75,0.9,""
"Virginia",2025-02-15,"calendar","sir","hurdle_ztnb",2025-01-18,2025,4,472,493,472,472,484.55,0.9,""
"Virginia",2025-02-15,"calendar","sir","hurdle_ztnb",2025-01-25,2025,3,658,685,658,658,680,0.9,""
"Virginia",2025-02-15,"calendar","sir","hurdle_ztnb",2025-02-01,2025,2,986,1083,986,986,1012.1,0.9,""
"Virginia",2025-02-15,"calendar","sir","hurdle_ztnb",2025-02-08,2025,1,1153,1315,1153,1153,1196,0.9,""
"Virginia",2025-02-15,"calendar","sir","hurdle_ztnb",2025-02-15,2025,0,1077,1190,1078,1076.45,1143.3,0.9,""
"Virginia",2025-02-15,"calendar","sir","hurdle_ztpoisson",2025-01-18,2025,4,472,493,472,472,499,0.9,""
"Virginia",2025-02-15,"calendar","sir","hurdle_ztpoisson",2025-01-25,2025,3,658,685,658,658,671.1,0.9,""
"Virginia",2025-02-15,"calendar","sir","hurdle_ztpoisson",2025-02-01,2025,2,986,1083,986,986,1004,0.9,""
"Virginia",2025-02-15,"calendar","sir","hurdle_ztpoisson",2025-02-08,2025,1,1153,1315,1153,1153,1186,0.9,""
"Virginia",2025-02-15,"calendar","sir","hurdle_ztpoisson",2025-02-15,2025,0,1077,1190,1077,982.45,1143.3,0.9,""
"Virginia",2025-03-29,"calendar","hsgp","hurdle_ztnb",2025-03-01,2025,4,714,727,714,714,744.1,0.9,""
"Virginia",2025-03-29,"calendar","hsgp","hurdle_ztnb",2025-03-08,2025,3,556,556,556,556,587.55,0.9,""
"Virginia",2025-03-29,"calendar","hsgp","hurdle_ztnb",2025-03-15,2025,2,514,514,514,514,547.55,0.9,""
"Virginia",2025-03-29,"calendar","hsgp","hurdle_ztnb",2025-03-22,2025,1,339,339,341,338.45,377.55,0.9,""
"Virginia",2025-03-29,"calendar","hsgp","hurdle_ztnb",2025-03-29,2025,0,196,213,198,185,252.65,0.9,""
"Virginia",2025-03-29,"calendar","hsgp","hurdle_ztpoisson",2025-03-01,2025,4,714,727,714,701.45,740,0.9,""
"Virginia",2025-03-29,"calendar","hsgp","hurdle_ztpoisson",2025-03-08,2025,3,556,556,556,537.45,580.55,0.9,""
"Virginia",2025-03-29,"calendar","hsgp","hurdle_ztpoisson",2025-03-15,2025,2,514,514,514,485.9,545.55,0.9,""
"Virginia",2025-03-29,"calendar","hsgp","hurdle_ztpoisson",2025-03-22,2025,1,339,339,339,310.45,378.55,0.9,""
"Virginia",2025-03-29,"calendar","hsgp","hurdle_ztpoisson",2025-03-29,2025,0,196,213,209,178.45,255.55,0.9,""
"Virginia",2025-03-29,"calendar","sir","hurdle_ztnb",2025-03-01,2025,4,714,727,714,714,737,0.9,""
"Virginia",2025-03-29,"calendar","sir","hurdle_ztnb",2025-03-08,2025,3,556,556,556,556,582,0.9,""
"Virginia",2025-03-29,"calendar","sir","hurdle_ztnb",2025-03-15,2025,2,514,514,514,513.45,544.65,0.9,""
"Virginia",2025-03-29,"calendar","sir","hurdle_ztnb",2025-03-22,2025,1,339,339,339,338.45,385.05,0.9,""
"Virginia",2025-03-29,"calendar","sir","hurdle_ztnb",2025-03-29,2025,0,196,213,196,195,255.3,0.9,""
"Virginia",2025-03-29,"calendar","sir","hurdle_ztpoisson",2025-03-01,2025,4,714,727,714,714,730,0.9,""
"Virginia",2025-03-29,"calendar","sir","hurdle_ztpoisson",2025-03-08,2025,3,556,556,556,556,570,0.9,""
"Virginia",2025-03-29,"calendar","sir","hurdle_ztpoisson",2025-03-15,2025,2,514,514,514,514,533.1,0.9,""
"Virginia",2025-03-29,"calendar","sir","hurdle_ztpoisson",2025-03-22,2025,1,339,339,339,325.45,356,0.9,""
"Virginia",2025-03-29,"calendar","sir","hurdle_ztpoisson",2025-03-29,2025,0,196,213,196,188.7,216,0.9,""
"Virginia",2025-04-26,"calendar","hsgp","hurdle_ztnb",2025-03-29,2025,4,199,213,199,199,208,0.9,""
"Virginia",2025-04-26,"calendar","hsgp","hurdle_ztnb",2025-04-05,2025,3,143,153,143,143,151.55,0.9,""
"Virginia",2025-04-26,"calendar","hsgp","hurdle_ztnb",2025-04-12,2025,2,84,93,84,84,95.1,0.9,""
"Virginia",2025-04-26,"calendar","hsgp","hurdle_ztnb",2025-04-19,2025,1,56,56,56,56,67,0.9,""
"Virginia",2025-04-26,"calendar","hsgp","hurdle_ztnb",2025-04-26,2025,0,37,54,37,34.45,57,0.9,""
"Virginia",2025-04-26,"calendar","hsgp","hurdle_ztpoisson",2025-03-29,2025,4,199,213,199,199,208,0.9,""
"Virginia",2025-04-26,"calendar","hsgp","hurdle_ztpoisson",2025-04-05,2025,3,143,153,143,135.45,154.55,0.9,""
"Virginia",2025-04-26,"calendar","hsgp","hurdle_ztpoisson",2025-04-12,2025,2,84,93,84,75,93.55,0.9,""
"Virginia",2025-04-26,"calendar","hsgp","hurdle_ztpoisson",2025-04-19,2025,1,56,56,56,49,65,0.9,""
"Virginia",2025-04-26,"calendar","hsgp","hurdle_ztpoisson",2025-04-26,2025,0,37,54,39,33,50,0.9,""
"Virginia",2025-04-26,"calendar","sir","hurdle_ztnb",2025-03-29,2025,4,199,213,199,199,214,0.9,""
"Virginia",2025-04-26,"calendar","sir","hurdle_ztnb",2025-04-05,2025,3,143,153,143,143,161.55,0.9,""
"Virginia",2025-04-26,"calendar","sir","hurdle_ztnb",2025-04-12,2025,2,84,93,84,83,113.55,0.9,""
"Virginia",2025-04-26,"calendar","sir","hurdle_ztnb",2025-04-19,2025,1,56,56,56,56,87.55,0.9,""
"Virginia",2025-04-26,"calendar","sir","hurdle_ztnb",2025-04-26,2025,0,37,54,38,36.45,96,0.9,""
"Virginia",2025-04-26,"calendar","sir","hurdle_ztpoisson",2025-03-29,2025,4,199,213,199,199,199,0.9,""
"Virginia",2025-04-26,"calendar","sir","hurdle_ztpoisson",2025-04-05,2025,3,143,153,143,143,143,0.9,""
"Virginia",2025-04-26,"calendar","sir","hurdle_ztpoisson",2025-04-12,2025,2,84,93,84,84,92.6499999999999,0.9,""
"Virginia",2025-04-26,"calendar","sir","hurdle_ztpoisson",2025-04-19,2025,1,56,56,56,56,56,0.9,""
"Virginia",2025-04-26,"calendar","sir","hurdle_ztpoisson",2025-04-26,2025,0,37,54,37,37,44.1,0.9,""
"Virginia",2025-05-31,"calendar","hsgp","hurdle_ztnb",2025-05-03,2025,4,32,40,32,32,34,0.9,""
"Virginia",2025-05-31,"calendar","hsgp","hurdle_ztnb",2025-05-10,2025,3,32,35,32,32,32,0.9,""
"Virginia",2025-05-31,"calendar","hsgp","hurdle_ztnb",2025-05-17,2025,2,15,16,15,15,20.55,0.9,""
"Virginia",2025-05-31,"calendar","hsgp","hurdle_ztnb",2025-05-24,2025,1,26,33,26,26,33,0.9,""
"Virginia",2025-05-31,"calendar","hsgp","hurdle_ztnb",2025-05-31,2025,0,25,27,25,24,37.55,0.9,""
"Virginia",2025-05-31,"calendar","hsgp","hurdle_ztpoisson",2025-05-03,2025,4,32,40,32,32,32,0.9,""
"Virginia",2025-05-31,"calendar","hsgp","hurdle_ztpoisson",2025-05-10,2025,3,32,35,32,32,32,0.9,""
"Virginia",2025-05-31,"calendar","hsgp","hurdle_ztpoisson",2025-05-17,2025,2,15,16,15,10,15,0.9,""
"Virginia",2025-05-31,"calendar","hsgp","hurdle_ztpoisson",2025-05-24,2025,1,26,33,26,21.45,31.55,0.9,""
"Virginia",2025-05-31,"calendar","hsgp","hurdle_ztpoisson",2025-05-31,2025,0,25,27,25,21.9,33,0.9,""
"Virginia",2025-05-31,"calendar","sir","hurdle_ztnb",2025-05-03,2025,4,32,40,32,32,42,0.9,""
"Virginia",2025-05-31,"calendar","sir","hurdle_ztnb",2025-05-10,2025,3,32,35,32,32,44.6499999999999,0.9,""
"Virginia",2025-05-31,"calendar","sir","hurdle_ztnb",2025-05-17,2025,2,15,16,15,15,30,0.9,""
"Virginia",2025-05-31,"calendar","sir","hurdle_ztnb",2025-05-24,2025,1,26,33,26,26,48,0.9,""
"Virginia",2025-05-31,"calendar","sir","hurdle_ztnb",2025-05-31,2025,0,25,27,25,25,63.1,0.9,""
"Virginia",2025-05-31,"calendar","sir","hurdle_ztpoisson",2025-05-03,2025,4,32,40,32,32,32,0.9,""
"Virginia",2025-05-31,"calendar","sir","hurdle_ztpoisson",2025-05-10,2025,3,32,35,32,32,32,0.9,""
"Virginia",2025-05-31,"calendar","sir","hurdle_ztpoisson",2025-05-17,2025,2,15,16,15,15,15,0.9,""
"Virginia",2025-05-31,"calendar","sir","hurdle_ztpoisson",2025-05-24,2025,1,26,33,26,26,26,0.9,""
"Virginia",2025-05-31,"calendar","sir","hurdle_ztpoisson",2025-05-31,2025,0,25,27,25,25,25,0.9,""
"Washington",2025-01-02,"calendar","hsgp","hurdle_ztnb",2024-11-30,2024,4,46,46,46,46,63.55,0.9,""
"Washington",2025-01-02,"calendar","hsgp","hurdle_ztnb",2024-12-07,2024,3,78,78,78,70.45,97.55,0.9,""
"Washington",2025-01-02,"calendar","hsgp","hurdle_ztnb",2024-12-14,2024,2,181,188,181,161.45,207.1,0.9,""
"Washington",2025-01-02,"calendar","hsgp","hurdle_ztnb",2024-12-21,2024,1,412,418,412,383.9,458.55,0.9,""
"Washington",2025-01-02,"calendar","hsgp","hurdle_ztnb",2024-12-28,2024,0,524,541,531.5,495.45,613.65,0.9,""
"Washington",2025-01-02,"calendar","hsgp","hurdle_ztpoisson",2024-11-30,2024,4,46,46,46,46,46,0.9,""
"Washington",2025-01-02,"calendar","hsgp","hurdle_ztpoisson",2024-12-07,2024,3,78,78,78,65,91,0.9,""
"Washington",2025-01-02,"calendar","hsgp","hurdle_ztpoisson",2024-12-14,2024,2,181,188,181,154.45,201.55,0.9,""
"Washington",2025-01-02,"calendar","hsgp","hurdle_ztpoisson",2024-12-21,2024,1,412,418,412,361,447.55,0.9,""
"Washington",2025-01-02,"calendar","hsgp","hurdle_ztpoisson",2024-12-28,2024,0,524,541,524,457.9,599.55,0.9,""
"Washington",2025-01-02,"calendar","sir","hurdle_ztnb",2024-11-30,2024,4,46,46,46,46,58.55,0.9,""
"Washington",2025-01-02,"calendar","sir","hurdle_ztnb",2024-12-07,2024,3,78,78,78,67,98.1,0.9,""
"Washington",2025-01-02,"calendar","sir","hurdle_ztnb",2024-12-14,2024,2,181,188,181,172.9,210.65,0.9,""
"Washington",2025-01-02,"calendar","sir","hurdle_ztnb",2024-12-21,2024,1,412,418,412,392.45,447,0.9,""
"Washington",2025-01-02,"calendar","sir","hurdle_ztnb",2024-12-28,2024,0,524,541,524,497.45,572.2,0.9,""
"Washington",2025-01-02,"calendar","sir","hurdle_ztpoisson",2024-11-30,2024,4,46,46,46,46,46,0.9,""
"Washington",2025-01-02,"calendar","sir","hurdle_ztpoisson",2024-12-07,2024,3,78,78,78,48,105,0.9,""
"Washington",2025-01-02,"calendar","sir","hurdle_ztpoisson",2024-12-14,2024,2,181,188,181,160.45,192,0.9,""
"Washington",2025-01-02,"calendar","sir","hurdle_ztpoisson",2024-12-21,2024,1,412,418,412,368.45,440.55,0.9,""
"Washington",2025-01-02,"calendar","sir","hurdle_ztpoisson",2024-12-28,2024,0,524,541,524,470.35,575.55,0.9,""
"Washington",2025-02-15,"calendar","hsgp","hurdle_ztnb",2025-01-18,2025,4,357,360,357,338,415,0.9,""
"Washington",2025-02-15,"calendar","hsgp","hurdle_ztnb",2025-01-25,2025,3,417,417,419,385.35,516.75,0.9,""
"Washington",2025-02-15,"calendar","hsgp","hurdle_ztnb",2025-02-01,2025,2,578,602,578,507.9,658.5,0.9,""
"Washington",2025-02-15,"calendar","hsgp","hurdle_ztnb",2025-02-08,2025,1,749,747,757.5,701.8,884.05,0.9,""
"Washington",2025-02-15,"calendar","hsgp","hurdle_ztnb",2025-02-15,2025,0,583,659,602.5,470.6,943.7,0.9,""
"Washington",2025-02-15,"calendar","hsgp","hurdle_ztpoisson",2025-01-18,2025,4,357,360,357,300.45,366.2,0.9,""
"Washington",2025-02-15,"calendar","hsgp","hurdle_ztpoisson",2025-01-25,2025,3,417,417,417,348.35,445.9,0.9,""
"Washington",2025-02-15,"calendar","hsgp","hurdle_ztpoisson",2025-02-01,2025,2,578,602,578,503.45,610.2,0.9,""
"Washington",2025-02-15,"calendar","hsgp","hurdle_ztpoisson",2025-02-08,2025,1,749,747,749,679.45,799,0.9,""
"Washington",2025-02-15,"calendar","hsgp","hurdle_ztpoisson",2025-02-15,2025,0,583,659,583,517.7,717.55,0.9,""
"Washington",2025-02-15,"calendar","sir","hurdle_ztnb",2025-01-18,2025,4,357,360,357,350.8,383.55,0.9,""
"Washington",2025-02-15,"calendar","sir","hurdle_ztnb",2025-01-25,2025,3,417,417,417,402.9,452.55,0.9,""
"Washington",2025-02-15,"calendar","sir","hurdle_ztnb",2025-02-01,2025,2,578,602,578,565.8,623.55,0.9,""
"Washington",2025-02-15,"calendar","sir","hurdle_ztnb",2025-02-08,2025,1,749,747,749,725.25,800.2,0.9,""
"Washington",2025-02-15,"calendar","sir","hurdle_ztnb",2025-02-15,2025,0,583,659,584,537.45,668.1,0.9,""
"Washington",2025-02-15,"calendar","sir","hurdle_ztpoisson",2025-01-18,2025,4,357,360,357,357,396.2,0.9,""
"Washington",2025-02-15,"calendar","sir","hurdle_ztpoisson",2025-01-25,2025,3,417,417,417,417,429,0.9,""
"Washington",2025-02-15,"calendar","sir","hurdle_ztpoisson",2025-02-01,2025,2,578,602,578,578,594.55,0.9,""
"Washington",2025-02-15,"calendar","sir","hurdle_ztpoisson",2025-02-08,2025,1,749,747,749,749,775.55,0.9,""
"Washington",2025-02-15,"calendar","sir","hurdle_ztpoisson",2025-02-15,2025,0,583,659,583,559.9,629.65,0.9,""
"Washington",2025-03-29,"calendar","hsgp","hurdle_ztnb",2025-03-01,2025,4,424,422,424,424,448,0.9,""
"Washington",2025-03-29,"calendar","hsgp","hurdle_ztnb",2025-03-08,2025,3,244,253,244,243.45,263,0.9,""
"Washington",2025-03-29,"calendar","hsgp","hurdle_ztnb",2025-03-15,2025,2,192,201,192,187,211.1,0.9,""
"Washington",2025-03-29,"calendar","hsgp","hurdle_ztnb",2025-03-22,2025,1,166,165,166,154,185.1,0.9,""
"Washington",2025-03-29,"calendar","hsgp","hurdle_ztnb",2025-03-29,2025,0,112,113,112,105,139.1,0.9,""
"Washington",2025-03-29,"calendar","hsgp","hurdle_ztpoisson",2025-03-01,2025,4,424,422,424,398,434.1,0.9,""
"Washington",2025-03-29,"calendar","hsgp","hurdle_ztpoisson",2025-03-08,2025,3,244,253,244,215.9,262,0.9,""
"Washington",2025-03-29,"calendar","hsgp","hurdle_ztpoisson",2025-03-15,2025,2,192,201,192,166,206,0.9,""
"Washington",2025-03-29,"calendar","hsgp","hurdle_ztpoisson",2025-03-22,2025,1,166,165,166,144,182.55,0.9,""
"Washington",2025-03-29,"calendar","hsgp","hurdle_ztpoisson",2025-03-29,2025,0,112,113,112,99.45,136,0.9,""
"Washington",2025-03-29,"calendar","sir","hurdle_ztnb",2025-03-01,2025,4,424,422,424,422.45,445.55,0.9,""
"Washington",2025-03-29,"calendar","sir","hurdle_ztnb",2025-03-08,2025,3,244,253,244,237.45,271.65,0.9,""
"Washington",2025-03-29,"calendar","sir","hurdle_ztnb",2025-03-15,2025,2,192,201,192,173,241.1,0.9,""
"Washington",2025-03-29,"calendar","sir","hurdle_ztnb",2025-03-22,2025,1,166,165,166,150.9,208,0.9,""
"Washington",2025-03-29,"calendar","sir","hurdle_ztnb",2025-03-29,2025,0,112,113,113,74.95,183.15,0.9,""
"Washington",2025-03-29,"calendar","sir","hurdle_ztpoisson",2025-03-01,2025,4,424,422,424,424,433.65,0.9,""
"Washington",2025-03-29,"calendar","sir","hurdle_ztpoisson",2025-03-08,2025,3,244,253,244,244,257,0.9,""
"Washington",2025-03-29,"calendar","sir","hurdle_ztpoisson",2025-03-15,2025,2,192,201,192,192,192,0.9,""
"Washington",2025-03-29,"calendar","sir","hurdle_ztpoisson",2025-03-22,2025,1,166,165,166,166,178.55,0.9,""
"Washington",2025-03-29,"calendar","sir","hurdle_ztpoisson",2025-03-29,2025,0,112,113,112,112,127,0.9,""
"Washington",2025-04-26,"calendar","hsgp","hurdle_ztnb",2025-03-29,2025,4,113,113,113,111.9,122.55,0.9,""
"Washington",2025-04-26,"calendar","hsgp","hurdle_ztnb",2025-04-05,2025,3,101,101,101,98.45,109,0.9,""
"Washington",2025-04-26,"calendar","hsgp","hurdle_ztnb",2025-04-12,2025,2,74,74,74,66.45,82,0.9,""
"Washington",2025-04-26,"calendar","hsgp","hurdle_ztnb",2025-04-19,2025,1,42,42,42,35.45,51.55,0.9,""
"Washington",2025-04-26,"calendar","hsgp","hurdle_ztnb",2025-04-26,2025,0,37,39,37,30,59,0.9,""
"Washington",2025-04-26,"calendar","hsgp","hurdle_ztpoisson",2025-03-29,2025,4,113,113,113,102,113,0.9,""
"Washington",2025-04-26,"calendar","hsgp","hurdle_ztpoisson",2025-04-05,2025,3,101,101,101,91,105,0.9,""
"Washington",2025-04-26,"calendar","hsgp","hurdle_ztpoisson",2025-04-12,2025,2,74,74,74,63,78,0.9,""
"Washington",2025-04-26,"calendar","hsgp","hurdle_ztpoisson",2025-04-19,2025,1,42,42,42,32,50,0.9,""
"Washington",2025-04-26,"calendar","hsgp","hurdle_ztpoisson",2025-04-26,2025,0,37,39,37,29,48,0.9,""
"Washington",2025-04-26,"calendar","sir","hurdle_ztnb",2025-03-29,2025,4,113,113,113,107.45,139.65,0.9,""
"Washington",2025-04-26,"calendar","sir","hurdle_ztnb",2025-04-05,2025,3,101,101,101,89.45,126.85,0.9,""
"Washington",2025-04-26,"calendar","sir","hurdle_ztnb",2025-04-12,2025,2,74,74,74,54.45,106.55,0.9,""
"Washington",2025-04-26,"calendar","sir","hurdle_ztnb",2025-04-19,2025,1,42,42,42,14.9,82.1999999999999,0.9,""
"Washington",2025-04-26,"calendar","sir","hurdle_ztnb",2025-04-26,2025,0,37,39,37,16,91.1,0.9,""
"Washington",2025-04-26,"calendar","sir","hurdle_ztpoisson",2025-03-29,2025,4,113,113,113,113,113,0.9,""
"Washington",2025-04-26,"calendar","sir","hurdle_ztpoisson",2025-04-05,2025,3,101,101,101,101,108.55,0.9,""
"Washington",2025-04-26,"calendar","sir","hurdle_ztpoisson",2025-04-12,2025,2,74,74,74,74,74,0.9,""
"Washington",2025-04-26,"calendar","sir","hurdle_ztpoisson",2025-04-19,2025,1,42,42,42,42,42,0.9,""
"Washington",2025-04-26,"calendar","sir","hurdle_ztpoisson",2025-04-26,2025,0,37,39,37,37,37,0.9,""
"Washington",2025-05-31,"calendar","hsgp","hurdle_ztnb",2025-05-03,2025,4,20,20,20,9.45,24.55,0.9,""
"Washington",2025-05-31,"calendar","hsgp","hurdle_ztnb",2025-05-10,2025,3,24,24,24,1.45,33,0.9,""
"Washington",2025-05-31,"calendar","hsgp","hurdle_ztnb",2025-05-17,2025,2,17,16,17,7,26.55,0.9,""
"Washington",2025-05-31,"calendar","hsgp","hurdle_ztnb",2025-05-24,2025,1,20,29,20,0,28.55,0.9,""
"Washington",2025-05-31,"calendar","hsgp","hurdle_ztnb",2025-05-31,2025,0,20,26,20,4.45,50.7499999999999,0.9,""
"Washington",2025-05-31,"calendar","hsgp","hurdle_ztpoisson",2025-05-03,2025,4,20,20,20,0,20,0.9,""
"Washington",2025-05-31,"calendar","hsgp","hurdle_ztpoisson",2025-05-10,2025,3,24,24,24,0,24,0.9,""
"Washington",2025-05-31,"calendar","hsgp","hurdle_ztpoisson",2025-05-17,2025,2,17,16,17,0,20,0.9,""
"Washington",2025-05-31,"calendar","hsgp","hurdle_ztpoisson",2025-05-24,2025,1,20,29,20,0,26.55,0.9,""
"Washington",2025-05-31,"calendar","hsgp","hurdle_ztpoisson",2025-05-31,2025,0,20,26,20,1.45,29,0.9,""
"Washington",2025-05-31,"calendar","sir","hurdle_ztnb",2025-05-03,2025,4,20,20,20,0,35.55,0.9,""
"Washington",2025-05-31,"calendar","sir","hurdle_ztnb",2025-05-10,2025,3,24,24,24,0,47.55,0.9,""
"Washington",2025-05-31,"calendar","sir","hurdle_ztnb",2025-05-17,2025,2,17,16,17,0,62.3999999999999,0.9,""
"Washington",2025-05-31,"calendar","sir","hurdle_ztnb",2025-05-24,2025,1,20,29,20,0,69.7499999999999,0.9,""
"Washington",2025-05-31,"calendar","sir","hurdle_ztnb",2025-05-31,2025,0,20,26,20,0,82.1999999999999,0.9,""
"Washington",2025-05-31,"calendar","sir","hurdle_ztpoisson",2025-05-03,2025,4,20,20,20,0,20,0.9,""
"Washington",2025-05-31,"calendar","sir","hurdle_ztpoisson",2025-05-10,2025,3,24,24,24,0,24,0.9,""
"Washington",2025-05-31,"calendar","sir","hurdle_ztpoisson",2025-05-17,2025,2,17,16,17,0,17,0.9,""
"Washington",2025-05-31,"calendar","sir","hurdle_ztpoisson",2025-05-24,2025,1,20,29,20,0,20,0.9,""
"Washington",2025-05-31,"calendar","sir","hurdle_ztpoisson",2025-05-31,2025,0,20,26,20,0,25,0.9,""
"West Virginia",2025-01-02,"calendar","hsgp","hurdle_ztnb",2024-11-30,2024,4,3,3,3,3,3,0.9,""
"West Virginia",2025-01-02,"calendar","hsgp","hurdle_ztnb",2024-12-07,2024,3,13,13,13,13,13,0.9,""
"West Virginia",2025-01-02,"calendar","hsgp","hurdle_ztnb",2024-12-14,2024,2,21,21,21,21,21,0.9,""
"West Virginia",2025-01-02,"calendar","hsgp","hurdle_ztnb",2024-12-21,2024,1,37,37,37,36,40,0.9,""
"West Virginia",2025-01-02,"calendar","hsgp","hurdle_ztnb",2024-12-28,2024,0,102,108,102,98,110,0.9,""
"West Virginia",2025-01-02,"calendar","hsgp","hurdle_ztpoisson",2024-11-30,2024,4,3,3,3,3,3,0.9,""
"West Virginia",2025-01-02,"calendar","hsgp","hurdle_ztpoisson",2024-12-07,2024,3,13,13,13,13,13,0.9,""
"West Virginia",2025-01-02,"calendar","hsgp","hurdle_ztpoisson",2024-12-14,2024,2,21,21,21,21,21,0.9,""
"West Virginia",2025-01-02,"calendar","hsgp","hurdle_ztpoisson",2024-12-21,2024,1,37,37,37,37,38,0.9,""
"West Virginia",2025-01-02,"calendar","hsgp","hurdle_ztpoisson",2024-12-28,2024,0,102,108,102,99,109,0.9,""
"West Virginia",2025-01-02,"calendar","sir","hurdle_ztnb",2024-11-30,2024,4,3,3,3,3,3,0.9,""
"West Virginia",2025-01-02,"calendar","sir","hurdle_ztnb",2024-12-07,2024,3,13,13,13,13,13,0.9,""
"West Virginia",2025-01-02,"calendar","sir","hurdle_ztnb",2024-12-14,2024,2,21,21,21,21,21,0.9,""
"West Virginia",2025-01-02,"calendar","sir","hurdle_ztnb",2024-12-21,2024,1,37,37,37,37,37,0.9,""
"West Virginia",2025-01-02,"calendar","sir","hurdle_ztnb",2024-12-28,2024,0,102,108,102,99.45,112.65,0.9,""
"West Virginia",2025-01-02,"calendar","sir","hurdle_ztpoisson",2024-11-30,2024,4,3,3,3,3,3,0.9,""
"West Virginia",2025-01-02,"calendar","sir","hurdle_ztpoisson",2024-12-07,2024,3,13,13,13,13,13,0.9,""
"West Virginia",2025-01-02,"calendar","sir","hurdle_ztpoisson",2024-12-14,2024,2,21,21,21,21,21,0.9,""
"West Virginia",2025-01-02,"calendar","sir","hurdle_ztpoisson",2024-12-21,2024,1,37,37,37,37,39,0.9,""
"West Virginia",2025-01-02,"calendar","sir","hurdle_ztpoisson",2024-12-28,2024,0,102,108,102,98,117,0.9,""
"West Virginia",2025-02-15,"calendar","hsgp","hurdle_ztnb",2025-01-18,2025,4,133,133,133,133,133,0.9,""
"West Virginia",2025-02-15,"calendar","hsgp","hurdle_ztnb",2025-01-25,2025,3,160,160,160,160,160.55,0.9,""
"West Virginia",2025-02-15,"calendar","hsgp","hurdle_ztnb",2025-02-01,2025,2,267,267,267,266,271,0.9,""
"West Virginia",2025-02-15,"calendar","hsgp","hurdle_ztnb",2025-02-08,2025,1,446,458,446,436.9,457.55,0.9,""
"West Virginia",2025-02-15,"calendar","hsgp","hurdle_ztnb",2025-02-15,2025,0,614,617,617,590.9,677,0.9,""
"West Virginia",2025-02-15,"calendar","hsgp","hurdle_ztpoisson",2025-01-18,2025,4,133,133,133,133,133,0.9,""
"West Virginia",2025-02-15,"calendar","hsgp","hurdle_ztpoisson",2025-01-25,2025,3,160,160,160,157.45,160,0.9,""
"West Virginia",2025-02-15,"calendar","hsgp","hurdle_ztpoisson",2025-02-01,2025,2,267,267,267,264,272,0.9,""
"West Virginia",2025-02-15,"calendar","hsgp","hurdle_ztpoisson",2025-02-08,2025,1,446,458,446,438,461,0.9,""
"West Virginia",2025-02-15,"calendar","hsgp","hurdle_ztpoisson",2025-02-15,2025,0,614,617,614,526.9,734.55,0.9,""
"West Virginia",2025-02-15,"calendar","sir","hurdle_ztnb",2025-01-18,2025,4,133,133,133,133,133,0.9,""
"West Virginia",2025-02-15,"calendar","sir","hurdle_ztnb",2025-01-25,2025,3,160,160,160,160,160,0.9,""
"West Virginia",2025-02-15,"calendar","sir","hurdle_ztnb",2025-02-01,2025,2,267,267,267,267,267,0.9,""
"West Virginia",2025-02-15,"calendar","sir","hurdle_ztnb",2025-02-08,2025,1,446,458,446,445.45,446.55,0.9,""
"West Virginia",2025-02-15,"calendar","sir","hurdle_ztnb",2025-02-15,2025,0,614,617,614,611.45,626.75,0.9,""
"West Virginia",2025-02-15,"calendar","sir","hurdle_ztpoisson",2025-01-18,2025,4,133,133,133,132,133,0.9,""
"West Virginia",2025-02-15,"calendar","sir","hurdle_ztpoisson",2025-01-25,2025,3,160,160,160,160,160,0.9,""
"West Virginia",2025-02-15,"calendar","sir","hurdle_ztpoisson",2025-02-01,2025,2,267,267,267,267,267,0.9,""
"West Virginia",2025-02-15,"calendar","sir","hurdle_ztpoisson",2025-02-08,2025,1,446,458,446,446,447,0.9,""
"West Virginia",2025-02-15,"calendar","sir","hurdle_ztpoisson",2025-02-15,2025,0,614,617,614,610,624.65,0.9,""
"West Virginia",2025-03-29,"calendar","hsgp","hurdle_ztnb",2025-03-01,2025,4,511,511,511,511,511,0.9,""
"West Virginia",2025-03-29,"calendar","hsgp","hurdle_ztnb",2025-03-08,2025,3,456,458,456,456,457.55,0.9,""
"West Virginia",2025-03-29,"calendar","hsgp","hurdle_ztnb",2025-03-15,2025,2,347,347,347,347,356,0.9,""
"West Virginia",2025-03-29,"calendar","hsgp","hurdle_ztnb",2025-03-22,2025,1,275,275,275,272,284.55,0.9,""
"West Virginia",2025-03-29,"calendar","hsgp","hurdle_ztnb",2025-03-29,2025,0,168,168,169.5,160.9,208,0.9,""
"West Virginia",2025-03-29,"calendar","hsgp","hurdle_ztpoisson",2025-03-01,2025,4,511,511,511,511,511,0.9,""
"West Virginia",2025-03-29,"calendar","hsgp","hurdle_ztpoisson",2025-03-08,2025,3,456,458,456,456,461,0.9,""
"West Virginia",2025-03-29,"calendar","hsgp","hurdle_ztpoisson",2025-03-15,2025,2,347,347,347,343.45,353,0.9,""
"West Virginia",2025-03-29,"calendar","hsgp","hurdle_ztpoisson",2025-03-22,2025,1,275,275,275,273,283,0.9,""
"West Virginia",2025-03-29,"calendar","hsgp","hurdle_ztpoisson",2025-03-29,2025,0,168,168,168,160,187,0.9,""
"West Virginia",2025-03-29,"calendar","sir","hurdle_ztnb",2025-03-01,2025,4,511,511,511,511,511,0.9,""
"West Virginia",2025-03-29,"calendar","sir","hurdle_ztnb",2025-03-08,2025,3,456,458,456,456,456,0.9,""
"West Virginia",2025-03-29,"calendar","sir","hurdle_ztnb",2025-03-15,2025,2,347,347,347,347,347,0.9,""
"West Virginia",2025-03-29,"calendar","sir","hurdle_ztnb",2025-03-22,2025,1,275,275,275,275,279.55,0.9,""
"West Virginia",2025-03-29,"calendar","sir","hurdle_ztnb",2025-03-29,2025,0,168,168,168,167,188.55,0.9,""
"West Virginia",2025-03-29,"calendar","sir","hurdle_ztpoisson",2025-03-01,2025,4,511,511,511,511,511,0.9,""
"West Virginia",2025-03-29,"calendar","sir","hurdle_ztpoisson",2025-03-08,2025,3,456,458,456,456,456,0.9,""
"West Virginia",2025-03-29,"calendar","sir","hurdle_ztpoisson",2025-03-15,2025,2,347,347,347,347,347,0.9,""
"West Virginia",2025-03-29,"calendar","sir","hurdle_ztpoisson",2025-03-22,2025,1,275,275,275,275,275,0.9,""
"West Virginia",2025-03-29,"calendar","sir","hurdle_ztpoisson",2025-03-29,2025,0,168,168,168,168,168,0.9,""
"West Virginia",2025-04-26,"calendar","hsgp","hurdle_ztnb",2025-03-29,2025,4,168,168,168,168,168,0.9,""
"West Virginia",2025-04-26,"calendar","hsgp","hurdle_ztnb",2025-04-05,2025,3,102,102,102,102,102,0.9,""
"West Virginia",2025-04-26,"calendar","hsgp","hurdle_ztnb",2025-04-12,2025,2,47,47,47,47,47,0.9,""
"West Virginia",2025-04-26,"calendar","hsgp","hurdle_ztnb",2025-04-19,2025,1,26,26,26,26,29,0.9,""
"West Virginia",2025-04-26,"calendar","hsgp","hurdle_ztnb",2025-04-26,2025,0,18,18,18,16,30.6499999999999,0.9,""
"West Virginia",2025-04-26,"calendar","hsgp","hurdle_ztpoisson",2025-03-29,2025,4,168,168,168,168,168,0.9,""
"West Virginia",2025-04-26,"calendar","hsgp","hurdle_ztpoisson",2025-04-05,2025,3,102,102,102,102,102,0.9,""
"West Virginia",2025-04-26,"calendar","hsgp","hurdle_ztpoisson",2025-04-12,2025,2,47,47,47,47,47,0.9,""
"West Virginia",2025-04-26,"calendar","hsgp","hurdle_ztpoisson",2025-04-19,2025,1,26,26,26,26,26.55,0.9,""
"West Virginia",2025-04-26,"calendar","hsgp","hurdle_ztpoisson",2025-04-26,2025,0,18,18,18,18,22,0.9,""
"West Virginia",2025-04-26,"calendar","sir","hurdle_ztnb",2025-03-29,2025,4,168,168,168,168,168,0.9,""
"West Virginia",2025-04-26,"calendar","sir","hurdle_ztnb",2025-04-05,2025,3,102,102,102,102,102,0.9,""
"West Virginia",2025-04-26,"calendar","sir","hurdle_ztnb",2025-04-12,2025,2,47,47,47,47,47,0.9,""
"West Virginia",2025-04-26,"calendar","sir","hurdle_ztnb",2025-04-19,2025,1,26,26,26,26,28,0.9,""
"West Virginia",2025-04-26,"calendar","sir","hurdle_ztnb",2025-04-26,2025,0,18,18,18,18,24,0.9,""
"West Virginia",2025-04-26,"calendar","sir","hurdle_ztpoisson",2025-03-29,2025,4,168,168,168,168,168,0.9,""
"West Virginia",2025-04-26,"calendar","sir","hurdle_ztpoisson",2025-04-05,2025,3,102,102,102,102,102,0.9,""
"West Virginia",2025-04-26,"calendar","sir","hurdle_ztpoisson",2025-04-12,2025,2,47,47,47,47,47,0.9,""
"West Virginia",2025-04-26,"calendar","sir","hurdle_ztpoisson",2025-04-19,2025,1,26,26,26,26,26,0.9,""
"West Virginia",2025-04-26,"calendar","sir","hurdle_ztpoisson",2025-04-26,2025,0,18,18,18,18,18,0.9,""
"West Virginia",2025-05-31,"calendar","hsgp","hurdle_ztnb",2025-05-03,2025,4,10,10,10,10,10,0.9,""
"West Virginia",2025-05-31,"calendar","hsgp","hurdle_ztnb",2025-05-10,2025,3,6,6,6,6,6,0.9,""
"West Virginia",2025-05-31,"calendar","hsgp","hurdle_ztnb",2025-05-17,2025,2,5,5,5,5,5,0.9,""
"West Virginia",2025-05-31,"calendar","hsgp","hurdle_ztnb",2025-05-24,2025,1,1,1,1,1,1,0.9,""
"West Virginia",2025-05-31,"calendar","hsgp","hurdle_ztnb",2025-05-31,2025,0,1,1,1,1,2,0.9,""
"West Virginia",2025-05-31,"calendar","hsgp","hurdle_ztpoisson",2025-05-03,2025,4,10,10,10,10,10,0.9,""
"West Virginia",2025-05-31,"calendar","hsgp","hurdle_ztpoisson",2025-05-10,2025,3,6,6,6,6,6,0.9,""
"West Virginia",2025-05-31,"calendar","hsgp","hurdle_ztpoisson",2025-05-17,2025,2,5,5,5,5,5,0.9,""
"West Virginia",2025-05-31,"calendar","hsgp","hurdle_ztpoisson",2025-05-24,2025,1,1,1,1,1,1,0.9,""
"West Virginia",2025-05-31,"calendar","hsgp","hurdle_ztpoisson",2025-05-31,2025,0,1,1,1,1,1,0.9,""
"West Virginia",2025-05-31,"calendar","sir","hurdle_ztnb",2025-05-03,2025,4,10,10,10,10,10,0.9,""
"West Virginia",2025-05-31,"calendar","sir","hurdle_ztnb",2025-05-10,2025,3,6,6,6,6,6,0.9,""
"West Virginia",2025-05-31,"calendar","sir","hurdle_ztnb",2025-05-17,2025,2,5,5,5,5,5,0.9,""
"West Virginia",2025-05-31,"calendar","sir","hurdle_ztnb",2025-05-24,2025,1,1,1,1,1,1,0.9,""
"West Virginia",2025-05-31,"calendar","sir","hurdle_ztnb",2025-05-31,2025,0,1,1,1,0,6,0.9,""
"West Virginia",2025-05-31,"calendar","sir","hurdle_ztpoisson",2025-05-03,2025,4,10,10,10,10,10,0.9,""
"West Virginia",2025-05-31,"calendar","sir","hurdle_ztpoisson",2025-05-10,2025,3,6,6,6,6,6,0.9,""
"West Virginia",2025-05-31,"calendar","sir","hurdle_ztpoisson",2025-05-17,2025,2,5,5,5,5,5,0.9,""
"West Virginia",2025-05-31,"calendar","sir","hurdle_ztpoisson",2025-05-24,2025,1,1,1,1,1,1,0.9,""
"West Virginia",2025-05-31,"calendar","sir","hurdle_ztpoisson",2025-05-31,2025,0,1,1,1,1,1,0.9,""
"Wisconsin",2025-01-02,"calendar","hsgp","hurdle_ztnb",2024-11-30,2024,4,12,12,12,12,18,0.9,""
"Wisconsin",2025-01-02,"calendar","hsgp","hurdle_ztnb",2024-12-07,2024,3,27,27,27,27,33,0.9,""
"Wisconsin",2025-01-02,"calendar","hsgp","hurdle_ztnb",2024-12-14,2024,2,65,66,65,65,72,0.9,""
"Wisconsin",2025-01-02,"calendar","hsgp","hurdle_ztnb",2024-12-21,2024,1,111,120,111,111,120.55,0.9,""
"Wisconsin",2025-01-02,"calendar","hsgp","hurdle_ztnb",2024-12-28,2024,0,246,253,246,239.45,260,0.9,""
"Wisconsin",2025-01-02,"calendar","hsgp","hurdle_ztpoisson",2024-11-30,2024,4,12,12,12,12,12,0.9,""
"Wisconsin",2025-01-02,"calendar","hsgp","hurdle_ztpoisson",2024-12-07,2024,3,27,27,27,27,28,0.9,""
"Wisconsin",2025-01-02,"calendar","hsgp","hurdle_ztpoisson",2024-12-14,2024,2,65,66,65,65,68,0.9,""
"Wisconsin",2025-01-02,"calendar","hsgp","hurdle_ztpoisson",2024-12-21,2024,1,111,120,111,111,117,0.9,""
"Wisconsin",2025-01-02,"calendar","hsgp","hurdle_ztpoisson",2024-12-28,2024,0,246,253,248,235,263,0.9,""
"Wisconsin",2025-01-02,"calendar","sir","hurdle_ztnb",2024-11-30,2024,4,12,12,12,12,15,0.9,""
"Wisconsin",2025-01-02,"calendar","sir","hurdle_ztnb",2024-12-07,2024,3,27,27,27,27,29.55,0.9,""
"Wisconsin",2025-01-02,"calendar","sir","hurdle_ztnb",2024-12-14,2024,2,65,66,65,65,72,0.9,""
"Wisconsin",2025-01-02,"calendar","sir","hurdle_ztnb",2024-12-21,2024,1,111,120,111,110,116,0.9,""
"Wisconsin",2025-01-02,"calendar","sir","hurdle_ztnb",2024-12-28,2024,0,246,253,246,240.45,253.55,0.9,""
"Wisconsin",2025-01-02,"calendar","sir","hurdle_ztpoisson",2024-11-30,2024,4,12,12,12,12,13,0.9,""
"Wisconsin",2025-01-02,"calendar","sir","hurdle_ztpoisson",2024-12-07,2024,3,27,27,27,27,30,0.9,""
"Wisconsin",2025-01-02,"calendar","sir","hurdle_ztpoisson",2024-12-14,2024,2,65,66,65,65,69,0.9,""
"Wisconsin",2025-01-02,"calendar","sir","hurdle_ztpoisson",2024-12-21,2024,1,111,120,111,111,120,0.9,""
"Wisconsin",2025-01-02,"calendar","sir","hurdle_ztpoisson",2024-12-28,2024,0,246,253,246,240,265.55,0.9,""
"Wisconsin",2025-02-15,"calendar","hsgp","hurdle_ztnb",2025-01-18,2025,4,593,593,601,593,625.1,0.9,""
"Wisconsin",2025-02-15,"calendar","hsgp","hurdle_ztnb",2025-01-25,2025,3,812,857,823,812,860.1,0.9,""
"Wisconsin",2025-02-15,"calendar","hsgp","hurdle_ztnb",2025-02-01,2025,2,994,1068,1009.5,986,1078.65,0.9,""
"Wisconsin",2025-02-15,"calendar","hsgp","hurdle_ztnb",2025-02-08,2025,1,1119,1153,1139,1096.45,1259.65,0.9,""
"Wisconsin",2025-02-15,"calendar","hsgp","hurdle_ztnb",2025-02-15,2025,0,1030,1107,1061,889.9,1370.4,0.9,""
"Wisconsin",2025-02-15,"calendar","hsgp","hurdle_ztpoisson",2025-01-18,2025,4,593,593,597,588,606,0.9,""
"Wisconsin",2025-02-15,"calendar","hsgp","hurdle_ztpoisson",2025-01-25,2025,3,812,857,816,808,830.55,0.9,""
"Wisconsin",2025-02-15,"calendar","hsgp","hurdle_ztpoisson",2025-02-01,2025,2,994,1068,1002,985,1024,0.9,""
"Wisconsin",2025-02-15,"calendar","hsgp","hurdle_ztpoisson",2025-02-08,2025,1,1119,1153,1131,1095.45,1171,0.9,""
"Wisconsin",2025-02-15,"calendar","hsgp","hurdle_ztpoisson",2025-02-15,2025,0,1030,1107,1034,829,1230.95,0.9,""
"Wisconsin",2025-02-15,"calendar","sir","hurdle_ztnb",2025-01-18,2025,4,593,593,593,593,599.55,0.9,""
"Wisconsin",2025-02-15,"calendar","sir","hurdle_ztnb",2025-01-25,2025,3,812,857,812,811.45,825,0.9,""
"Wisconsin",2025-02-15,"calendar","sir","hurdle_ztnb",2025-02-01,2025,2,994,1068,994,994,1009,0.9,""
"Wisconsin",2025-02-15,"calendar","sir","hurdle_ztnb",2025-02-08,2025,1,1119,1153,1119,1117,1136,0.9,""
"Wisconsin",2025-02-15,"calendar","sir","hurdle_ztnb",2025-02-15,2025,0,1030,1107,1030,1022.45,1064.1,0.9,""
"Wisconsin",2025-02-15,"calendar","sir","hurdle_ztpoisson",2025-01-18,2025,4,593,593,605,593,622.55,0.9,""
"Wisconsin",2025-02-15,"calendar","sir","hurdle_ztpoisson",2025-01-25,2025,3,812,857,813,812,820,0.9,""
"Wisconsin",2025-02-15,"calendar","sir","hurdle_ztpoisson",2025-02-01,2025,2,994,1068,996,994,1004.55,0.9,""
"Wisconsin",2025-02-15,"calendar","sir","hurdle_ztpoisson",2025-02-08,2025,1,1119,1153,1122,1115,1139,0.9,""
"Wisconsin",2025-02-15,"calendar","sir","hurdle_ztpoisson",2025-02-15,2025,0,1030,1107,1034,989.5,1111,0.9,""
"Wisconsin",2025-03-29,"calendar","hsgp","hurdle_ztnb",2025-03-01,2025,4,781,783,782,781,797.55,0.9,""
"Wisconsin",2025-03-29,"calendar","hsgp","hurdle_ztnb",2025-03-08,2025,3,501,501,501,501,517,0.9,""
"Wisconsin",2025-03-29,"calendar","hsgp","hurdle_ztnb",2025-03-15,2025,2,326,326,327,326,343.55,0.9,""
"Wisconsin",2025-03-29,"calendar","hsgp","hurdle_ztnb",2025-03-22,2025,1,186,186,186,186,200.55,0.9,""
"Wisconsin",2025-03-29,"calendar","hsgp","hurdle_ztnb",2025-03-29,2025,0,131,136,133,130.45,160.2,0.9,""
"Wisconsin",2025-03-29,"calendar","hsgp","hurdle_ztpoisson",2025-03-01,2025,4,781,783,786,781,800,0.9,""
"Wisconsin",2025-03-29,"calendar","hsgp","hurdle_ztpoisson",2025-03-08,2025,3,501,501,506,501,517,0.9,""
"Wisconsin",2025-03-29,"calendar","hsgp","hurdle_ztpoisson",2025-03-15,2025,2,326,326,330,326,342,0.9,""
"Wisconsin",2025-03-29,"calendar","hsgp","hurdle_ztpoisson",2025-03-22,2025,1,186,186,191,186,203.55,0.9,""
"Wisconsin",2025-03-29,"calendar","hsgp","hurdle_ztpoisson",2025-03-29,2025,0,131,136,131,115.45,151,0.9,""
"Wisconsin",2025-03-29,"calendar","sir","hurdle_ztnb",2025-03-01,2025,4,781,783,781,781,788,0.9,""
"Wisconsin",2025-03-29,"calendar","sir","hurdle_ztnb",2025-03-08,2025,3,501,501,501,501,514,0.9,""
"Wisconsin",2025-03-29,"calendar","sir","hurdle_ztnb",2025-03-15,2025,2,326,326,326,326,340,0.9,""
"Wisconsin",2025-03-29,"calendar","sir","hurdle_ztnb",2025-03-22,2025,1,186,186,186,186,208,0.9,""
"Wisconsin",2025-03-29,"calendar","sir","hurdle_ztnb",2025-03-29,2025,0,131,136,132,128.45,166.55,0.9,""
"Wisconsin",2025-03-29,"calendar","sir","hurdle_ztpoisson",2025-03-01,2025,4,781,783,781,781,785.55,0.9,""
"Wisconsin",2025-03-29,"calendar","sir","hurdle_ztpoisson",2025-03-08,2025,3,501,501,501,501,507,0.9,""
"Wisconsin",2025-03-29,"calendar","sir","hurdle_ztpoisson",2025-03-15,2025,2,326,326,326,326,333,0.9,""
"Wisconsin",2025-03-29,"calendar","sir","hurdle_ztpoisson",2025-03-22,2025,1,186,186,186,186,191,0.9,""
"Wisconsin",2025-03-29,"calendar","sir","hurdle_ztpoisson",2025-03-29,2025,0,131,136,131,131,137,0.9,""
"Wisconsin",2025-04-26,"calendar","hsgp","hurdle_ztnb",2025-03-29,2025,4,136,136,136,136,141,0.9,""
"Wisconsin",2025-04-26,"calendar","hsgp","hurdle_ztnb",2025-04-05,2025,3,77,77,77,77,82.55,0.9,""
"Wisconsin",2025-04-26,"calendar","hsgp","hurdle_ztnb",2025-04-12,2025,2,65,66,65,65,72,0.9,""
"Wisconsin",2025-04-26,"calendar","hsgp","hurdle_ztnb",2025-04-19,2025,1,40,40,40,40,47,0.9,""
"Wisconsin",2025-04-26,"calendar","hsgp","hurdle_ztnb",2025-04-26,2025,0,29,33,29,26,40,0.9,""
"Wisconsin",2025-04-26,"calendar","hsgp","hurdle_ztpoisson",2025-03-29,2025,4,136,136,136,136,143,0.9,""
"Wisconsin",2025-04-26,"calendar","hsgp","hurdle_ztpoisson",2025-04-05,2025,3,77,77,77,77,83,0.9,""
"Wisconsin",2025-04-26,"calendar","hsgp","hurdle_ztpoisson",2025-04-12,2025,2,65,66,65,65,72,0.9,""
"Wisconsin",2025-04-26,"calendar","hsgp","hurdle_ztpoisson",2025-04-19,2025,1,40,40,40,40,46,0.9,""
"Wisconsin",2025-04-26,"calendar","hsgp","hurdle_ztpoisson",2025-04-26,2025,0,29,33,29,23.45,36,0.9,""
"Wisconsin",2025-04-26,"calendar","sir","hurdle_ztnb",2025-03-29,2025,4,136,136,136,136,141,0.9,""
"Wisconsin",2025-04-26,"calendar","sir","hurdle_ztnb",2025-04-05,2025,3,77,77,77,77,84,0.9,""
"Wisconsin",2025-04-26,"calendar","sir","hurdle_ztnb",2025-04-12,2025,2,65,66,65,65,74,0.9,""
"Wisconsin",2025-04-26,"calendar","sir","hurdle_ztnb",2025-04-19,2025,1,40,40,40,40,48,0.9,""
"Wisconsin",2025-04-26,"calendar","sir","hurdle_ztnb",2025-04-26,2025,0,29,33,29,27,51,0.9,""
"Wisconsin",2025-04-26,"calendar","sir","hurdle_ztpoisson",2025-03-29,2025,4,136,136,136,136,136,0.9,""
"Wisconsin",2025-04-26,"calendar","sir","hurdle_ztpoisson",2025-04-05,2025,3,77,77,77,77,77,0.9,""
"Wisconsin",2025-04-26,"calendar","sir","hurdle_ztpoisson",2025-04-12,2025,2,65,66,65,65,65.55,0.9,""
"Wisconsin",2025-04-26,"calendar","sir","hurdle_ztpoisson",2025-04-19,2025,1,40,40,40,40,40,0.9,""
"Wisconsin",2025-04-26,"calendar","sir","hurdle_ztpoisson",2025-04-26,2025,0,29,33,29,29,29,0.9,""
"Wisconsin",2025-05-31,"calendar","hsgp","hurdle_ztnb",2025-05-03,2025,4,30,30,30,30,30,0.9,""
"Wisconsin",2025-05-31,"calendar","hsgp","hurdle_ztnb",2025-05-10,2025,3,27,27,27,27,27,0.9,""
"Wisconsin",2025-05-31,"calendar","hsgp","hurdle_ztnb",2025-05-17,2025,2,15,15,15,15,18,0.9,""
"Wisconsin",2025-05-31,"calendar","hsgp","hurdle_ztnb",2025-05-24,2025,1,9,10,9,9,13.55,0.9,""
"Wisconsin",2025-05-31,"calendar","hsgp","hurdle_ztnb",2025-05-31,2025,0,4,4,4,4,13.55,0.9,""
"Wisconsin",2025-05-31,"calendar","hsgp","hurdle_ztpoisson",2025-05-03,2025,4,30,30,30,30,32.55,0.9,""
"Wisconsin",2025-05-31,"calendar","hsgp","hurdle_ztpoisson",2025-05-10,2025,3,27,27,27,27,29,0.9,""
"Wisconsin",2025-05-31,"calendar","hsgp","hurdle_ztpoisson",2025-05-17,2025,2,15,15,15,15,18,0.9,""
"Wisconsin",2025-05-31,"calendar","hsgp","hurdle_ztpoisson",2025-05-24,2025,1,9,10,9,9,13,0.9,""
"Wisconsin",2025-05-31,"calendar","hsgp","hurdle_ztpoisson",2025-05-31,2025,0,4,4,4,1,8.54999999999998,0.9,""
"Wisconsin",2025-05-31,"calendar","sir","hurdle_ztnb",2025-05-03,2025,4,30,30,30,30,32,0.9,""
"Wisconsin",2025-05-31,"calendar","sir","hurdle_ztnb",2025-05-10,2025,3,27,27,27,27,31.55,0.9,""
"Wisconsin",2025-05-31,"calendar","sir","hurdle_ztnb",2025-05-17,2025,2,15,15,15,15,19.55,0.9,""
"Wisconsin",2025-05-31,"calendar","sir","hurdle_ztnb",2025-05-24,2025,1,9,10,9,8.45,15,0.9,""
"Wisconsin",2025-05-31,"calendar","sir","hurdle_ztnb",2025-05-31,2025,0,4,4,4,3,18.55,0.9,""
"Wisconsin",2025-05-31,"calendar","sir","hurdle_ztpoisson",2025-05-03,2025,4,30,30,30,30,30,0.9,""
"Wisconsin",2025-05-31,"calendar","sir","hurdle_ztpoisson",2025-05-10,2025,3,27,27,27,27,27,0.9,""
"Wisconsin",2025-05-31,"calendar","sir","hurdle_ztpoisson",2025-05-17,2025,2,15,15,15,15,15,0.9,""
"Wisconsin",2025-05-31,"calendar","sir","hurdle_ztpoisson",2025-05-24,2025,1,9,10,9,9,9,0.9,""
"Wisconsin",2025-05-31,"calendar","sir","hurdle_ztpoisson",2025-05-31,2025,0,4,4,4,4,4,0.9,""
"Wyoming",2025-01-02,"calendar","hsgp","hurdle_ztnb",2024-11-30,2024,4,4,7,4,4,7,0.9,""
"Wyoming",2025-01-02,"calendar","hsgp","hurdle_ztnb",2024-12-07,2024,3,5,5,5,5,8,0.9,""
"Wyoming",2025-01-02,"calendar","hsgp","hurdle_ztnb",2024-12-14,2024,2,31,33,31,31,34.55,0.9,""
"Wyoming",2025-01-02,"calendar","hsgp","hurdle_ztnb",2024-12-21,2024,1,14,18,14,12,20,0.9,""
"Wyoming",2025-01-02,"calendar","hsgp","hurdle_ztnb",2024-12-28,2024,0,90,84,90,86.45,98,0.9,""
"Wyoming",2025-01-02,"calendar","hsgp","hurdle_ztpoisson",2024-11-30,2024,4,4,7,4,4,4,0.9,""
"Wyoming",2025-01-02,"calendar","hsgp","hurdle_ztpoisson",2024-12-07,2024,3,5,5,5,5,7,0.9,""
"Wyoming",2025-01-02,"calendar","hsgp","hurdle_ztpoisson",2024-12-14,2024,2,31,33,31,31,34,0.9,""
"Wyoming",2025-01-02,"calendar","hsgp","hurdle_ztpoisson",2024-12-21,2024,1,14,18,14,12.45,20,0.9,""
"Wyoming",2025-01-02,"calendar","hsgp","hurdle_ztpoisson",2024-12-28,2024,0,90,84,91,83,99.55,0.9,""
"Wyoming",2025-01-02,"calendar","sir","hurdle_ztnb",2024-11-30,2024,4,4,7,4,4,4,0.9,""
"Wyoming",2025-01-02,"calendar","sir","hurdle_ztnb",2024-12-07,2024,3,5,5,5,5,5,0.9,""
"Wyoming",2025-01-02,"calendar","sir","hurdle_ztnb",2024-12-14,2024,2,31,33,31,31,31,0.9,""
"Wyoming",2025-01-02,"calendar","sir","hurdle_ztnb",2024-12-21,2024,1,14,18,14,14,14,0.9,""
"Wyoming",2025-01-02,"calendar","sir","hurdle_ztnb",2024-12-28,2024,0,90,84,90,90,90,0.9,""
"Wyoming",2025-01-02,"calendar","sir","hurdle_ztpoisson",2024-11-30,2024,4,4,7,4,4,4,0.9,""
"Wyoming",2025-01-02,"calendar","sir","hurdle_ztpoisson",2024-12-07,2024,3,5,5,5,5,5,0.9,""
"Wyoming",2025-01-02,"calendar","sir","hurdle_ztpoisson",2024-12-14,2024,2,31,33,31,31,31,0.9,""
"Wyoming",2025-01-02,"calendar","sir","hurdle_ztpoisson",2024-12-21,2024,1,14,18,14,14,14,0.9,""
"Wyoming",2025-01-02,"calendar","sir","hurdle_ztpoisson",2024-12-28,2024,0,90,84,90,90,90,0.9,""
"Wyoming",2025-02-15,"calendar","hsgp","hurdle_ztnb",2025-01-18,2025,4,86,84,87,85.45,96,0.9,""
"Wyoming",2025-02-15,"calendar","hsgp","hurdle_ztnb",2025-01-25,2025,3,87,89,88,86.45,98,0.9,""
"Wyoming",2025-02-15,"calendar","hsgp","hurdle_ztnb",2025-02-01,2025,2,103,102,105,101,115,0.9,""
"Wyoming",2025-02-15,"calendar","hsgp","hurdle_ztnb",2025-02-08,2025,1,98,106,101,91.45,118,0.9,""
"Wyoming",2025-02-15,"calendar","hsgp","hurdle_ztnb",2025-02-15,2025,0,70,72,73,49.9,111.55,0.9,""
"Wyoming",2025-02-15,"calendar","hsgp","hurdle_ztpoisson",2025-01-18,2025,4,86,84,87,82,96.1,0.9,""
"Wyoming",2025-02-15,"calendar","hsgp","hurdle_ztpoisson",2025-01-25,2025,3,87,89,88,81,98,0.9,""
"Wyoming",2025-02-15,"calendar","hsgp","hurdle_ztpoisson",2025-02-01,2025,2,103,102,105,97.45,118.1,0.9,""
"Wyoming",2025-02-15,"calendar","hsgp","hurdle_ztpoisson",2025-02-08,2025,1,98,106,101,92,116.1,0.9,""
"Wyoming",2025-02-15,"calendar","hsgp","hurdle_ztpoisson",2025-02-15,2025,0,70,72,73,48.45,99,0.9,""
"Wyoming",2025-02-15,"calendar","sir","hurdle_ztnb",2025-01-18,2025,4,86,84,86,86,86,0.9,""
"Wyoming",2025-02-15,"calendar","sir","hurdle_ztnb",2025-01-25,2025,3,87,89,87,87,87,0.9,""
"Wyoming",2025-02-15,"calendar","sir","hurdle_ztnb",2025-02-01,2025,2,103,102,103,103,103,0.9,""
"Wyoming",2025-02-15,"calendar","sir","hurdle_ztnb",2025-02-08,2025,1,98,106,98,98,98,0.9,""
"Wyoming",2025-02-15,"calendar","sir","hurdle_ztnb",2025-02-15,2025,0,70,72,70,70,70,0.9,""
"Wyoming",2025-02-15,"calendar","sir","hurdle_ztpoisson",2025-01-18,2025,4,86,84,86,86,86,0.9,""
"Wyoming",2025-02-15,"calendar","sir","hurdle_ztpoisson",2025-01-25,2025,3,87,89,87,87,87,0.9,""
"Wyoming",2025-02-15,"calendar","sir","hurdle_ztpoisson",2025-02-01,2025,2,103,102,103,103,103,0.9,""
"Wyoming",2025-02-15,"calendar","sir","hurdle_ztpoisson",2025-02-08,2025,1,98,106,98,98,98,0.9,""
"Wyoming",2025-02-15,"calendar","sir","hurdle_ztpoisson",2025-02-15,2025,0,70,72,70,70,70,0.9,""
"Wyoming",2025-03-29,"calendar","hsgp","hurdle_ztnb",2025-03-01,2025,4,46,57,46,45.45,49,0.9,""
"Wyoming",2025-03-29,"calendar","hsgp","hurdle_ztnb",2025-03-08,2025,3,39,53,39,37,43,0.9,""
"Wyoming",2025-03-29,"calendar","hsgp","hurdle_ztnb",2025-03-15,2025,2,44,44,44,42,47.55,0.9,""
"Wyoming",2025-03-29,"calendar","hsgp","hurdle_ztnb",2025-03-22,2025,1,30,30,30,27,34,0.9,""
"Wyoming",2025-03-29,"calendar","hsgp","hurdle_ztnb",2025-03-29,2025,0,23,23,23,19.45,29,0.9,""
"Wyoming",2025-03-29,"calendar","hsgp","hurdle_ztpoisson",2025-03-01,2025,4,46,57,46,44,50.55,0.9,""
"Wyoming",2025-03-29,"calendar","hsgp","hurdle_ztpoisson",2025-03-08,2025,3,39,53,39,37,44,0.9,""
"Wyoming",2025-03-29,"calendar","hsgp","hurdle_ztpoisson",2025-03-15,2025,2,44,44,44,42,49,0.9,""
"Wyoming",2025-03-29,"calendar","hsgp","hurdle_ztpoisson",2025-03-22,2025,1,30,30,30,27,36,0.9,""
"Wyoming",2025-03-29,"calendar","hsgp","hurdle_ztpoisson",2025-03-29,2025,0,23,23,23,12,33.55,0.9,""
"Wyoming",2025-03-29,"calendar","sir","hurdle_ztnb",2025-03-01,2025,4,46,57,46,46,46,0.9,""
"Wyoming",2025-03-29,"calendar","sir","hurdle_ztnb",2025-03-08,2025,3,39,53,39,39,39,0.9,""
"Wyoming",2025-03-29,"calendar","sir","hurdle_ztnb",2025-03-15,2025,2,44,44,44,44,44,0.9,""
"Wyoming",2025-03-29,"calendar","sir","hurdle_ztnb",2025-03-22,2025,1,30,30,30,30,30,0.9,""
"Wyoming",2025-03-29,"calendar","sir","hurdle_ztnb",2025-03-29,2025,0,23,23,23,23,23,0.9,""
"Wyoming",2025-03-29,"calendar","sir","hurdle_ztpoisson",2025-03-01,2025,4,46,57,46,46,46,0.9,""
"Wyoming",2025-03-29,"calendar","sir","hurdle_ztpoisson",2025-03-08,2025,3,39,53,39,39,39,0.9,""
"Wyoming",2025-03-29,"calendar","sir","hurdle_ztpoisson",2025-03-15,2025,2,44,44,44,44,44,0.9,""
"Wyoming",2025-03-29,"calendar","sir","hurdle_ztpoisson",2025-03-22,2025,1,30,30,30,30,30,0.9,""
"Wyoming",2025-03-29,"calendar","sir","hurdle_ztpoisson",2025-03-29,2025,0,23,23,23,23,23,0.9,""
"Wyoming",2025-04-26,"calendar","hsgp","hurdle_ztnb",2025-03-29,2025,4,23,23,23,23,24,0.9,""
"Wyoming",2025-04-26,"calendar","hsgp","hurdle_ztnb",2025-04-05,2025,3,12,12,12,12,12,0.9,""
"Wyoming",2025-04-26,"calendar","hsgp","hurdle_ztnb",2025-04-12,2025,2,1,4,1,1,2,0.9,""
"Wyoming",2025-04-26,"calendar","hsgp","hurdle_ztnb",2025-04-19,2025,1,3,3,3,3,5,0.9,""
"Wyoming",2025-04-26,"calendar","hsgp","hurdle_ztnb",2025-04-26,2025,0,2,6,2,2,5,0.9,""
"Wyoming",2025-04-26,"calendar","hsgp","hurdle_ztpoisson",2025-03-29,2025,4,23,23,23,23,26,0.9,""
"Wyoming",2025-04-26,"calendar","hsgp","hurdle_ztpoisson",2025-04-05,2025,3,12,12,12,12,14,0.9,""
"Wyoming",2025-04-26,"calendar","hsgp","hurdle_ztpoisson",2025-04-12,2025,2,1,4,1,1,3,0.9,""
"Wyoming",2025-04-26,"calendar","hsgp","hurdle_ztpoisson",2025-04-19,2025,1,3,3,3,1,7,0.9,""
"Wyoming",2025-04-26,"calendar","hsgp","hurdle_ztpoisson",2025-04-26,2025,0,2,6,2,0,7,0.9,""
"Wyoming",2025-04-26,"calendar","sir","hurdle_ztnb",2025-03-29,2025,4,23,23,23,23,23,0.9,""
"Wyoming",2025-04-26,"calendar","sir","hurdle_ztnb",2025-04-05,2025,3,12,12,12,12,12,0.9,""
"Wyoming",2025-04-26,"calendar","sir","hurdle_ztnb",2025-04-12,2025,2,1,4,1,1,1,0.9,""
"Wyoming",2025-04-26,"calendar","sir","hurdle_ztnb",2025-04-19,2025,1,3,3,3,3,3,0.9,""
"Wyoming",2025-04-26,"calendar","sir","hurdle_ztnb",2025-04-26,2025,0,2,6,2,2,2,0.9,""
"Wyoming",2025-04-26,"calendar","sir","hurdle_ztpoisson",2025-03-29,2025,4,23,23,23,23,23,0.9,""
"Wyoming",2025-04-26,"calendar","sir","hurdle_ztpoisson",2025-04-05,2025,3,12,12,12,12,12,0.9,""
"Wyoming",2025-04-26,"calendar","sir","hurdle_ztpoisson",2025-04-12,2025,2,1,4,1,1,1,0.9,""
"Wyoming",2025-04-26,"calendar","sir","hurdle_ztpoisson",2025-04-19,2025,1,3,3,3,3,3,0.9,""
"Wyoming",2025-04-26,"calendar","sir","hurdle_ztpoisson",2025-04-26,2025,0,2,6,2,2,2,0.9,""
"Wyoming",2025-05-31,"calendar","hsgp","hurdle_ztnb",2025-05-03,2025,4,1,1,1,1,1,0.9,""
"Wyoming",2025-05-31,"calendar","hsgp","hurdle_ztnb",2025-05-10,2025,3,4,4,4,4,4,0.9,""
"Wyoming",2025-05-31,"calendar","hsgp","hurdle_ztnb",2025-05-17,2025,2,2,3,2,2,2,0.9,""
"Wyoming",2025-05-31,"calendar","hsgp","hurdle_ztnb",2025-05-24,2025,1,3,3,3,3,4,0.9,""
"Wyoming",2025-05-31,"calendar","hsgp","hurdle_ztnb",2025-05-31,2025,0,3,3,3,3,5,0.9,""
"Wyoming",2025-05-31,"calendar","hsgp","hurdle_ztpoisson",2025-05-03,2025,4,1,1,1,1,1,0.9,""
"Wyoming",2025-05-31,"calendar","hsgp","hurdle_ztpoisson",2025-05-10,2025,3,4,4,4,4,4,0.9,""
"Wyoming",2025-05-31,"calendar","hsgp","hurdle_ztpoisson",2025-05-17,2025,2,2,3,2,2,2,0.9,""
"Wyoming",2025-05-31,"calendar","hsgp","hurdle_ztpoisson",2025-05-24,2025,1,3,3,3,3,3,0.9,""
"Wyoming",2025-05-31,"calendar","hsgp","hurdle_ztpoisson",2025-05-31,2025,0,3,3,3,2,5,0.9,""
"Wyoming",2025-05-31,"calendar","sir","hurdle_ztnb",2025-05-03,2025,4,1,1,1,1,1,0.9,""
"Wyoming",2025-05-31,"calendar","sir","hurdle_ztnb",2025-05-10,2025,3,4,4,4,4,4,0.9,""
"Wyoming",2025-05-31,"calendar","sir","hurdle_ztnb",2025-05-17,2025,2,2,3,2,2,2,0.9,""
"Wyoming",2025-05-31,"calendar","sir","hurdle_ztnb",2025-05-24,2025,1,3,3,3,3,3,0.9,""
"Wyoming",2025-05-31,"calendar","sir","hurdle_ztnb",2025-05-31,2025,0,3,3,3,3,3,0.9,""
"Wyoming",2025-05-31,"calendar","sir","hurdle_ztpoisson",2025-05-03,2025,4,1,1,1,1,1,0.9,""
"Wyoming",2025-05-31,"calendar","sir","hurdle_ztpoisson",2025-05-10,2025,3,4,4,4,4,4,0.9,""
"Wyoming",2025-05-31,"calendar","sir","hurdle_ztpoisson",2025-05-17,2025,2,2,3,2,2,2,0.9,""
"Wyoming",2025-05-31,"calendar","sir","hurdle_ztpoisson",2025-05-24,2025,1,3,3,3,3,3,0.9,""
"Wyoming",2025-05-31,"calendar","sir","hurdle_ztpoisson",2025-05-31,2025,0,3,3,3,3,3,0.9,""
