"location","origin","clock","model","nll","convergence","max_gradient","gradient_status","finite_fit","finite_prediction","leakage_ok","use_random","retraction_mass","q_C_min","q_C_max","q_terminal","reconstruction","negative_projection_count","n_cells","fit_seconds","warnings"
"Alabama",2025-01-02,"calendar","cumulative_poisson",3562.35673718676,0,0.00182415739165304,"pass",TRUE,TRUE,TRUE,TRUE,0.0394898322964003,0.909743103860977,0.967326708215969,0.960516052412759,"anchored independent signed-Poisson update approximation",0,1539,3.808,""
"Alabama",2025-01-02,"calendar","cumulative_nb",3784.4895715702,0,0.00521743946082331,"pass",TRUE,TRUE,TRUE,TRUE,0.0213721288125188,0.931493164144311,0.988842994584293,0.978627874388274,"anchored independent signed-Poisson update approximation",0,1539,6.655,""
"Alabama",2025-01-02,"calendar","hurdle_ztnb",599.788230013518,0,0.000167794744569072,"pass",TRUE,TRUE,TRUE,FALSE,0.0372506535111086,0.911897721414365,0.962751928542785,0.962751928542785,"anchored sequential hurdle updates",2,1539,3.481,""
"Alabama",2025-01-02,"calendar","hurdle_ztpoisson",653.294273924663,0,0.00346009268271474,"pass",TRUE,TRUE,TRUE,FALSE,0.0233054642927905,0.942870789982896,0.976695920384973,0.976695920384973,"anchored sequential hurdle updates",1,1539,3.496,""
"Alabama",2025-01-02,"compressed","cumulative_poisson",2171.77533570865,0,7.69630964586598e-06,"pass",TRUE,TRUE,TRUE,TRUE,0.0787973642182249,0.916614181877616,0.92807176837793,0.921208860128376,"anchored independent signed-Poisson update approximation",0,648,2.057,""
"Alabama",2025-01-02,"compressed","cumulative_nb",2386.00881601847,0,0.000112716856994655,"pass",TRUE,TRUE,TRUE,TRUE,0.0915423704728665,0.903731308750073,0.916348146467795,0.908464627399326,"anchored independent signed-Poisson update approximation",0,648,2.42,""
"Alabama",2025-01-02,"compressed","hurdle_ztnb",580.745390424587,0,0.000122103717996147,"pass",TRUE,TRUE,TRUE,FALSE,0.0467858692111128,0.953239078436138,0.974324662016334,0.953239078436138,"anchored sequential hurdle updates",4,648,3.15600000000001,""
"Alabama",2025-01-02,"compressed","hurdle_ztpoisson",573.741818888891,0,0.00534416503581233,"pass",TRUE,TRUE,TRUE,FALSE,0.0437795007341373,0.956241539477187,0.984909977896988,0.956241539477187,"anchored sequential hurdle updates",0,648,3.09,""
"Alabama",2025-02-15,"calendar","cumulative_poisson",4942.73885265057,0,0.00419816448854871,"pass",TRUE,TRUE,TRUE,TRUE,0.0206560230979765,0.825051027900477,0.999979754144695,0.979343976902024,"anchored independent signed-Poisson update approximation",0,1728,3.107,""
"Alabama",2025-02-15,"calendar","cumulative_nb",4681.47680636213,0,0.00189555457743928,"pass",TRUE,TRUE,TRUE,TRUE,0.0269066263519962,0.823511054917824,0.982046408147485,0.973093375559319,"anchored independent signed-Poisson update approximation",0,1728,4.84400000000001,""
"Alabama",2025-02-15,"calendar","hurdle_ztnb",722.979212238278,0,0.000921387455124378,"pass",TRUE,TRUE,TRUE,FALSE,0.0514563043437179,0.864305652596464,0.948546381602788,0.948546381602788,"anchored sequential hurdle updates",0,1728,4.053,""
"Alabama",2025-02-15,"calendar","hurdle_ztpoisson",955.232952490899,0,0.00778549335492507,"pass",TRUE,TRUE,TRUE,FALSE,0.109350234336695,0.863148381632464,0.890650030562836,0.890650030562836,"anchored sequential hurdle updates",0,1728,4.336,""
"Alabama",2025-02-15,"compressed","cumulative_poisson",2662.48165863605,0,0.000186645348581038,"pass",TRUE,TRUE,TRUE,TRUE,0.0344617405299851,0.94725853729316,0.980258224676396,0.965543154643607,"anchored independent signed-Poisson update approximation",0,783,2.137,""
"Alabama",2025-02-15,"compressed","cumulative_nb",2889.64917799192,0,0.00137250710073872,"pass",TRUE,TRUE,TRUE,TRUE,0.0398729026650639,0.939504022108506,0.975811207076694,0.960132752389586,"anchored independent signed-Poisson update approximation",0,783,2.30800000000001,"NA/NaN function evaluation"
"Alabama",2025-02-15,"compressed","hurdle_ztnb",703.418363800722,0,0.00373231171863253,"pass",TRUE,TRUE,TRUE,FALSE,0.0410007586048704,0.959023722407806,0.978413179831053,0.959023722407806,"anchored sequential hurdle updates",3,783,3.35199999999999,""
"Alabama",2025-02-15,"compressed","hurdle_ztpoisson",686.806194252328,0,0.00559118472198354,"pass",TRUE,TRUE,TRUE,FALSE,0.0492818427753577,0.950745306286014,0.988004434194829,0.950745306286014,"anchored sequential hurdle updates",0,783,2.973,""
"Alabama",2025-03-29,"calendar","cumulative_poisson",5483.96167329171,0,0.00121175657216499,"pass",TRUE,TRUE,TRUE,TRUE,0.00538666318205966,0.842158454882901,0.996081713485077,0.994613336838121,"anchored independent signed-Poisson update approximation",0,1890,2.996,""
"Alabama",2025-03-29,"calendar","cumulative_nb",5254.05625780304,0,0.00609391560825379,"pass",TRUE,TRUE,TRUE,TRUE,0.016817172282501,0.842621954421963,0.983182830966157,0.983182830966157,"anchored independent signed-Poisson update approximation",0,1890,5.32899999999999,"NA/NaN function evaluation"
"Alabama",2025-03-29,"calendar","hurdle_ztnb",821.453574255159,0,0.0010473103461246,"pass",TRUE,TRUE,TRUE,FALSE,0.0401634380284051,0.870200027788172,0.959838247066297,0.959838247066297,"anchored sequential hurdle updates",1,1890,3.845,""
"Alabama",2025-03-29,"calendar","hurdle_ztpoisson",1064.7745638006,0,0.0187410389851925,"pass",TRUE,TRUE,TRUE,FALSE,0.0788019284584963,0.864871299586012,0.921198193333835,0.921198193333835,"anchored sequential hurdle updates",0,1890,3.69199999999999,""
"Alabama",2025-03-29,"compressed","cumulative_poisson",3226.47826914663,0,0.00396850249014979,"pass",TRUE,TRUE,TRUE,TRUE,0.0124142281871945,0.984806992926793,1,0.987585771812805,"anchored independent signed-Poisson update approximation",0,945,2.506,""
"Alabama",2025-03-29,"compressed","cumulative_nb",3470.84987320776,0,0.00107113631210709,"pass",TRUE,TRUE,TRUE,TRUE,0.0131488276357767,0.984352605171789,1,0.986851172364223,"anchored independent signed-Poisson update approximation",0,945,2.65899999999999,"NA/NaN function evaluation"
"Alabama",2025-03-29,"compressed","hurdle_ztnb",804.729911357379,0,0.000561907623154667,"pass",TRUE,TRUE,TRUE,FALSE,0.0282021909343254,0.960751663132108,0.986338464554097,0.971801721691247,"anchored sequential hurdle updates",0,945,3.91299999999998,""
"Alabama",2025-03-29,"compressed","hurdle_ztpoisson",812.064509810262,0,0.00272224535606114,"pass",TRUE,TRUE,TRUE,FALSE,0.0479895684264838,0.952043602439299,0.981602653157692,0.952043602439299,"anchored sequential hurdle updates",0,945,4.06899999999999,""
"Alabama",2025-04-26,"calendar","cumulative_poisson",5876.40833324041,0,0.000469697269454672,"pass",TRUE,TRUE,TRUE,TRUE,0.00435161692878245,0.846215006852229,0.997023887450872,0.995648383080968,"anchored independent signed-Poisson update approximation",0,1998,3.82300000000001,""
"Alabama",2025-04-26,"calendar","cumulative_nb",5694.50990278383,0,0.00312585964511292,"pass",TRUE,TRUE,TRUE,TRUE,0.0130453810466712,0.85096264399601,0.987015308863159,0.986954619348061,"anchored independent signed-Poisson update approximation",0,1998,6.124,""
"Alabama",2025-04-26,"calendar","hurdle_ztnb",1011.76700893015,0,1.47474608885867e-05,"pass",TRUE,TRUE,TRUE,FALSE,0.0516839060118737,0.880214284561762,0.951023723787861,0.948319381413513,"anchored sequential hurdle updates",5,1998,5.19800000000001,""
"Alabama",2025-04-26,"calendar","hurdle_ztpoisson",1239.56066642608,0,0.0152864913458188,"pass",TRUE,TRUE,TRUE,FALSE,0.0938325507259938,0.875765333051665,0.914715875061271,0.906179273304675,"anchored sequential hurdle updates",0,1998,5.00799999999998,""
"Alabama",2025-04-26,"compressed","cumulative_poisson",3610.31836278733,0,0.00254741034476455,"pass",TRUE,TRUE,TRUE,TRUE,0.0120634621448785,0.982313028433912,1,0.987936537855121,"anchored independent signed-Poisson update approximation",0,1053,2.654,"NA/NaN function evaluation"
"Alabama",2025-04-26,"compressed","cumulative_nb",3863.12382251972,0,0.00105022343728578,"pass",TRUE,TRUE,TRUE,TRUE,0.0126684064136991,0.98170727052832,1,0.987331593586301,"anchored independent signed-Poisson update approximation",0,1053,3.63900000000001,"NA/NaN function evaluation"
"Alabama",2025-04-26,"compressed","hurdle_ztnb",917.85267218851,0,0.000951245545198653,"pass",TRUE,TRUE,TRUE,FALSE,0.0338121322594259,0.960490518342322,0.990810259542941,0.966195708877707,"anchored sequential hurdle updates",2,1053,4.25,""
"Alabama",2025-04-26,"compressed","hurdle_ztpoisson",926.257431036264,0,0.00388806048805469,"pass",TRUE,TRUE,TRUE,FALSE,0.0479894129884481,0.952045028315199,0.981661842245924,0.952045028315199,"anchored sequential hurdle updates",0,1053,3.75800000000001,""
"Alabama",2025-05-31,"calendar","cumulative_poisson",6368.07939513927,0,0.049712348794189,"pass",TRUE,TRUE,TRUE,TRUE,0.00403338243996651,0.847372048488025,0.997118635670527,0.995966617568535,"anchored independent signed-Poisson update approximation",0,2133,5.173,""
"Alabama",2025-05-31,"calendar","cumulative_nb",6248.6303754986,0,0.000802916118330055,"pass",TRUE,TRUE,TRUE,TRUE,0.0107459076867871,0.856588068710331,0.989487443288487,0.989254092445524,"anchored independent signed-Poisson update approximation",0,2133,8.33099999999999,""
"Alabama",2025-05-31,"calendar","hurdle_ztnb",1201.07307852443,0,9.6795226294244e-05,"pass",TRUE,TRUE,TRUE,FALSE,0.0644053971920098,0.876488650209516,0.935612761002067,0.935612761002067,"anchored sequential hurdle updates",18,2133,5.49099999999999,""
"Alabama",2025-05-31,"calendar","hurdle_ztpoisson",1424.63232132416,0,0.0304927076216359,"pass",TRUE,TRUE,TRUE,FALSE,0.0988819920983828,0.862718341526511,0.90116546320739,0.90116546320739,"anchored sequential hurdle updates",0,2133,5.70399999999998,""
"Alaska",2025-01-02,"calendar","cumulative_poisson",2660.0944865592,0,0.00149137412967212,"pass",TRUE,TRUE,TRUE,TRUE,0.0671100307293509,0.796183951911897,0.932894171178656,0.932894171178656,"anchored independent signed-Poisson update approximation",0,1539,3.49200000000002,""
"Alaska",2025-01-02,"calendar","cumulative_nb",2815.42080579117,0,0.00229050371818213,"pass",TRUE,TRUE,TRUE,TRUE,0.0665195518485841,0.788663346718945,0.933484857739288,0.933484857739288,"anchored independent signed-Poisson update approximation",0,1539,4.23099999999999,""
"Alaska",2025-01-02,"calendar","hurdle_ztnb",541.356407215919,0,0.00032787587391292,"pass",TRUE,TRUE,TRUE,FALSE,0.0355748725852587,0.774381800092362,0.964437333354097,0.964437333354097,"anchored sequential hurdle updates",1,1539,4.517,""
"Alaska",2025-01-02,"calendar","hurdle_ztpoisson",552.987612838416,0,0.00122803459589099,"pass",TRUE,TRUE,TRUE,FALSE,0.0411524220044087,0.751261605768425,0.958862496658792,0.958862496658792,"anchored sequential hurdle updates",1,1539,3.72799999999998,""
"Alaska",2025-01-02,"compressed","cumulative_poisson",1475.30846943125,0,0.00222633827467611,"pass",TRUE,TRUE,TRUE,TRUE,0.136777699978724,0.822116085393192,0.87527901635464,0.863231078164301,"anchored independent signed-Poisson update approximation",0,648,2.316,""
"Alaska",2025-01-02,"compressed","cumulative_nb",1625.3182932861,0,0.00138317623161477,"pass",TRUE,TRUE,TRUE,TRUE,0.134604801557962,0.821283263329971,0.878196673683677,0.865403947691993,"anchored independent signed-Poisson update approximation",0,648,2.94400000000002,""
"Alaska",2025-01-02,"compressed","hurdle_ztnb",265.03098856692,0,0.000287115756841816,"pass",TRUE,TRUE,TRUE,FALSE,0.0368804507130297,0.893946166604423,0.963456657725211,0.963119581475223,"anchored sequential hurdle updates",1,648,4.101,""
"Alaska",2025-01-02,"compressed","hurdle_ztpoisson",272.17129648042,0,0.000870427091123283,"pass",TRUE,TRUE,TRUE,FALSE,0.0404165330521416,0.884019500082731,0.959911988631733,0.959583509143993,"anchored sequential hurdle updates",1,648,3.25299999999999,""
"Alaska",2025-02-15,"calendar","cumulative_poisson",3080.93917476728,0,0.00111429738868463,"pass",TRUE,TRUE,TRUE,TRUE,0.0678184281282626,0.699737699548977,0.932185299206738,0.932185299206738,"anchored independent signed-Poisson update approximation",0,1728,3.12199999999999,""
"Alaska",2025-02-15,"calendar","cumulative_nb",3232.17957938828,0,0.00102324835730494,"pass",TRUE,TRUE,TRUE,TRUE,0.0662117523857571,0.706048082185587,0.933792983104868,0.933792983104868,"anchored independent signed-Poisson update approximation",0,1728,4.68400000000003,""
"Alaska",2025-02-15,"calendar","hurdle_ztnb",630.135231675822,0,5.94625357246414e-05,"pass",TRUE,TRUE,TRUE,FALSE,0.040463092349672,0.739222371348802,0.959550371831513,0.959550371831513,"anchored sequential hurdle updates",2,1728,4.042,""
"Alaska",2025-02-15,"calendar","hurdle_ztpoisson",646.274893982608,0,0.00105704700858134,"pass",TRUE,TRUE,TRUE,FALSE,0.0494687246219809,0.736624997205004,0.950546257637824,0.950546257637824,"anchored sequential hurdle updates",2,1728,4.178,""
"Alaska",2025-02-15,"compressed","cumulative_poisson",1763.88620115108,0,0.00140833329013113,"pass",TRUE,TRUE,TRUE,TRUE,0.135597303732194,0.82191172865166,0.873032312873423,0.864410397675769,"anchored independent signed-Poisson update approximation",0,783,2.017,""
"Alaska",2025-02-15,"compressed","cumulative_nb",1919.29594575058,0,0.00097896015438842,"pass",TRUE,TRUE,TRUE,TRUE,0.134524731381443,0.821485195810972,0.875040370667107,0.865483051659442,"anchored independent signed-Poisson update approximation",0,783,2.69000000000005,""
"Alaska",2025-02-15,"compressed","hurdle_ztnb",306.775097634421,0,0.000423495028271326,"pass",TRUE,TRUE,TRUE,FALSE,0.0269472596016163,0.908591969452093,0.973979145604791,0.97305275802056,"anchored sequential hurdle updates",0,783,3.21099999999996,""
"Alaska",2025-02-15,"compressed","hurdle_ztpoisson",307.372054958549,0,0.00508818222827734,"pass",TRUE,TRUE,TRUE,FALSE,0.0280268889873889,0.906569924928684,0.972801866721303,0.971973129118765,"anchored sequential hurdle updates",0,783,3.53399999999999,""
"Alaska",2025-03-29,"calendar","cumulative_poisson",3450.09876869141,0,0.000789027597485559,"pass",TRUE,TRUE,TRUE,TRUE,0.0712356785974704,0.70758543337221,0.92877297435421,0.92877297435421,"anchored independent signed-Poisson update approximation",0,1890,4.21800000000002,""
"Alaska",2025-03-29,"calendar","cumulative_nb",3609.46999684999,0,0.00197714151926946,"pass",TRUE,TRUE,TRUE,TRUE,0.0698914446902334,0.710557730870894,0.930117386616457,0.930117386616457,"anchored independent signed-Poisson update approximation",0,1890,4.964,""
"Alaska",2025-03-29,"calendar","hurdle_ztnb",720.834809042191,0,1.12092467613801e-05,"pass",TRUE,TRUE,TRUE,FALSE,0.0320014770398372,0.753310583570268,0.968008298284044,0.968008298284044,"anchored sequential hurdle updates",0,1890,4.65899999999999,""
"Alaska",2025-03-29,"calendar","hurdle_ztpoisson",746.751568871147,0,0.00329954854162887,"pass",TRUE,TRUE,TRUE,FALSE,0.0361986531541282,0.766095180287023,0.963810944320462,0.963810944320462,"anchored sequential hurdle updates",0,1890,4.17500000000001,""
"Alaska",2025-03-29,"compressed","cumulative_poisson",2149.39927077658,0,0.000822597468292052,"pass",TRUE,TRUE,TRUE,TRUE,0.104468253846856,0.823047939934119,0.895536333023199,0.895536333023199,"anchored independent signed-Poisson update approximation",0,945,2.12800000000004,""
"Alaska",2025-03-29,"compressed","cumulative_nb",2312.13138331562,0,0.00257890114779558,"pass",TRUE,TRUE,TRUE,TRUE,0.105324645236605,0.823533168932492,0.895906333510013,0.894680116589734,"anchored independent signed-Poisson update approximation",0,945,2.72900000000004,""
"Alaska",2025-03-29,"compressed","hurdle_ztnb",399.765829623302,0,0.000424699473604129,"pass",TRUE,TRUE,TRUE,FALSE,0.0280831928244144,0.868715388368971,0.971917387936025,0.971917387936025,"anchored sequential hurdle updates",0,945,3.34399999999999,""
"Alaska",2025-03-29,"compressed","hurdle_ztpoisson",393.307072373605,0,0.00272031261345274,"pass",TRUE,TRUE,TRUE,FALSE,0.0263398955614121,0.877138224139274,0.973660552506615,0.973660552506615,"anchored sequential hurdle updates",0,945,3.45999999999998,""
"Alaska",2025-04-26,"calendar","cumulative_poisson",3720.35201856263,0,0.00234312762395894,"pass",TRUE,TRUE,TRUE,TRUE,0.0726966078715179,0.705491893277758,0.927314152628765,0.927314152628765,"anchored independent signed-Poisson update approximation",0,1998,4.30799999999999,""
"Alaska",2025-04-26,"calendar","cumulative_nb",3886.19142688947,0,0.00399683904950243,"pass",TRUE,TRUE,TRUE,TRUE,0.0712885317336419,0.708060232199544,0.92872197776568,0.92872197776568,"anchored independent signed-Poisson update approximation",0,1998,6.74300000000005,""
"Alaska",2025-04-26,"calendar","hurdle_ztnb",764.571575870503,0,0.000328345665323582,"pass",TRUE,TRUE,TRUE,FALSE,0.0292026850873797,0.74895147296963,0.970806139432969,0.970806139432969,"anchored sequential hurdle updates",5,1998,5.74799999999999,""
"Alaska",2025-04-26,"calendar","hurdle_ztpoisson",786.786433455392,0,0.00302551929764898,"pass",TRUE,TRUE,TRUE,FALSE,0.0313610354428058,0.769590778511414,0.968646744973797,0.968646744973797,"anchored sequential hurdle updates",3,1998,7.37700000000001,""
"Alaska",2025-04-26,"compressed","cumulative_poisson",2415.76060477861,0,0.000848205419170966,"pass",TRUE,TRUE,TRUE,TRUE,0.0921351334500809,0.816986954830111,0.907868833449607,0.907868833449607,"anchored independent signed-Poisson update approximation",1,1053,3.40899999999999,""
"Alaska",2025-04-26,"compressed","cumulative_nb",2583.90832233841,0,0.000136003009871155,"pass",TRUE,TRUE,TRUE,TRUE,0.0927819389818432,0.817341723546377,0.907222079393166,0.907222079393166,"anchored independent signed-Poisson update approximation",1,1053,2.77999999999997,""
"Alaska",2025-04-26,"compressed","hurdle_ztnb",438.822459342381,0,0.000291362100670489,"pass",TRUE,TRUE,TRUE,FALSE,0.0255738089458758,0.86047455546047,0.974427006053711,0.974427006053711,"anchored sequential hurdle updates",3,1053,3.52700000000004,""
"Alaska",2025-04-26,"compressed","hurdle_ztpoisson",430.12912564579,0,0.00149053008478178,"pass",TRUE,TRUE,TRUE,FALSE,0.023775320415121,0.870699093060253,0.976225298127304,0.976225298127304,"anchored sequential hurdle updates",0,1053,3.84700000000004,""
"Alaska",2025-05-31,"calendar","cumulative_poisson",4059.98105562345,0,0.000150724059961652,"pass",TRUE,TRUE,TRUE,TRUE,0.0727525360069893,0.707500303397586,0.92725901012704,0.92725901012704,"anchored independent signed-Poisson update approximation",0,2133,3.55599999999998,""
"Alaska",2025-05-31,"calendar","cumulative_nb",4233.41546862742,0,0.000617544393241137,"pass",TRUE,TRUE,TRUE,TRUE,0.0715577446817205,0.709991082268258,0.928453462299459,0.928453462299459,"anchored independent signed-Poisson update approximation",0,2133,5.41300000000001,""
"Alaska",2025-05-31,"calendar","hurdle_ztnb",819.773635600676,0,0.00061499867345205,"pass",TRUE,TRUE,TRUE,FALSE,0.0316549213307454,0.742986720430314,0.968355709202353,0.968355709202353,"anchored sequential hurdle updates",8,2133,5.54700000000003,""
"Alaska",2025-05-31,"calendar","hurdle_ztpoisson",836.642563747707,0,0.00442607139939404,"pass",TRUE,TRUE,TRUE,FALSE,0.0335970015610571,0.767362308656011,0.966411746912137,0.966411746912137,"anchored sequential hurdle updates",0,2133,5.09199999999998,""
"Alaska",2025-05-31,"compressed","cumulative_poisson",2739.55718646478,0,0.000948187869152295,"pass",TRUE,TRUE,TRUE,TRUE,0.0859278852526968,0.817546711527889,0.914076452211534,0.914076452211534,"anchored independent signed-Poisson update approximation",0,1188,2.904,""
"Alaska",2025-05-31,"compressed","cumulative_nb",2914.09886360283,0,0.00181886350789395,"pass",TRUE,TRUE,TRUE,TRUE,0.0865027784739286,0.818025487167857,0.913501521266407,0.913501521266407,"anchored independent signed-Poisson update approximation",0,1188,3.52800000000002,""
"Alaska",2025-05-31,"compressed","hurdle_ztnb",498.368664152854,0,0.00122979868624884,"pass",TRUE,TRUE,TRUE,FALSE,0.0263978815291071,0.859533596893643,0.973604141852424,0.973604141852424,"anchored sequential hurdle updates",3,1188,4.29700000000003,""
"Alaska",2025-05-31,"compressed","hurdle_ztpoisson",488.140456037605,0,0.00190885544415353,"pass",TRUE,TRUE,TRUE,FALSE,0.0254487314856696,0.866108130447776,0.974552687320354,0.974552687320354,"anchored sequential hurdle updates",0,1188,4.02700000000004,""
"Arizona",2025-01-02,"calendar","cumulative_poisson",11133.2551586926,0,0.0368032319241856,"pass",TRUE,TRUE,TRUE,TRUE,0.00361535420392999,0.833220541672923,0.997604799290948,0.996384645811339,"anchored independent signed-Poisson update approximation",0,1539,3.09799999999996,""
"Arizona",2025-01-02,"calendar","cumulative_nb",7499.1229388577,0,0.000539155496575905,"pass",TRUE,TRUE,TRUE,TRUE,0.0702172562829717,0.377104642896697,0.929860950274261,0.929860950274261,"anchored independent signed-Poisson update approximation",0,1539,5.01499999999999,"NA/NaN function evaluation"
"Arizona",2025-01-02,"calendar","hurdle_ztnb",995.224344517525,0,0.000710982764836388,"pass",TRUE,TRUE,TRUE,FALSE,0.034330100840765,0.780203847067083,0.965680530867671,0.965680530867671,"anchored sequential hurdle updates",4,1539,3.68799999999999,""
"Arizona",2025-01-02,"calendar","hurdle_ztpoisson",3171.9365365383,0,0.0298455747493783,"pass",TRUE,TRUE,TRUE,FALSE,0.0923274689292669,0.886555203457724,0.940119776103738,0.907677399917383,"anchored sequential hurdle updates",9,1539,3.75700000000001,""
"Arizona",2025-01-02,"compressed","cumulative_poisson",2753.74062964393,0,0.00220630945105893,"pass",TRUE,TRUE,TRUE,TRUE,0.0247724133483567,0.944686982927813,0.999018117075465,0.975227586651643,"anchored independent signed-Poisson update approximation",0,648,2.31399999999996,""
"Arizona",2025-01-02,"compressed","cumulative_nb",2834.43887745479,0,0.00166186577733174,"pass",TRUE,TRUE,TRUE,TRUE,0.025462996930672,0.950708050895135,0.994952587263559,0.974537003081202,"anchored independent signed-Poisson update approximation",0,648,2.31999999999999,""
"Arizona",2025-01-02,"compressed","hurdle_ztnb",737.511579094833,0,0.00249519114813568,"pass",TRUE,TRUE,TRUE,FALSE,0.0614013259402333,0.839471919873998,0.944697168067255,0.938615948200327,"anchored sequential hurdle updates",3,648,3.43800000000005,""
"Arizona",2025-01-02,"compressed","hurdle_ztpoisson",2798.79906377189,0,0.017411485444665,"pass",TRUE,TRUE,TRUE,FALSE,0.091168498125019,0.908832478046444,0.948396169154158,0.908832478046444,"anchored sequential hurdle updates",0,648,3.14600000000002,""
"Arizona",2025-02-15,"calendar","cumulative_poisson",16878.3537195485,0,0.0122967904005693,"pass",TRUE,TRUE,TRUE,TRUE,0.0429543336337061,0.680307085320735,0.963156848401699,0.957045666366294,"anchored independent signed-Poisson update approximation",0,1728,3.113,""
"Arizona",2025-02-15,"calendar","cumulative_nb",8611.5044307448,0,0.00274795457211141,"pass",TRUE,TRUE,TRUE,TRUE,0.089941707745881,0.350657370280281,0.910192568874949,0.910192568874949,"anchored independent signed-Poisson update approximation",0,1728,4.42999999999995,""
"Arizona",2025-02-15,"calendar","hurdle_ztnb",1456.94590774992,0,0.000183388377652749,"pass",TRUE,TRUE,TRUE,FALSE,0.106932201662245,0.369849177714151,0.893190159145762,0.893190159145762,"anchored sequential hurdle updates",23,1728,4.91399999999999,""
"Arizona",2025-02-15,"calendar","hurdle_ztpoisson",9497.4997244018,0,0.0732671845235817,"pass",TRUE,TRUE,TRUE,FALSE,0.777576360965491,0.227372891877131,0.905741910732907,0.227372891877131,"anchored sequential hurdle updates",106,1728,4.83100000000002,""
"Arizona",2025-02-15,"compressed","cumulative_poisson",4471.9039511376,0,0.0112464734907567,"pass",TRUE,TRUE,TRUE,TRUE,0.0114820656593617,0.9311615076838,0.997494506934122,0.988517934340638,"anchored independent signed-Poisson update approximation",0,783,2.07400000000001,""
"Arizona",2025-02-15,"compressed","cumulative_nb",3656.81126595986,0,0.000270976436073767,"pass",TRUE,TRUE,TRUE,TRUE,0.0219879068050362,0.938123513712598,0.995709886077254,0.97801209323921,"anchored independent signed-Poisson update approximation",0,783,2.40199999999999,""
"Arizona",2025-02-15,"compressed","hurdle_ztnb",984.716848946884,0,0.000571119891238148,"pass",TRUE,TRUE,TRUE,FALSE,0.178552167069498,0.544946580810698,0.839112676950303,0.821656208407833,"anchored sequential hurdle updates",62,783,3.63200000000001,""
"Arizona",2025-02-15,"compressed","hurdle_ztpoisson",8084.3703041296,0,0.00488683692072778,"pass",TRUE,TRUE,TRUE,FALSE,0.501768919379909,0.499312595074948,0.872810314946766,0.499312595074948,"anchored sequential hurdle updates",13,783,3.55500000000001,""
"Arizona",2025-03-29,"calendar","cumulative_poisson",18023.6355754864,0,0.0117267755680115,"pass",TRUE,TRUE,TRUE,TRUE,0.0654676710866885,0.679854079782809,0.934532665878004,0.934532665878004,"anchored independent signed-Poisson update approximation",0,1890,3.51100000000002,""
"Arizona",2025-03-29,"calendar","cumulative_nb",9670.96929066889,0,0.00514262888583517,"pass",TRUE,TRUE,TRUE,TRUE,0.102792497495395,0.364302996102147,0.897365962905503,0.897365962905503,"anchored independent signed-Poisson update approximation",0,1890,5.745,""
"Arizona",2025-03-29,"calendar","hurdle_ztnb",1740.98671079432,0,0.00108987395930749,"pass",TRUE,TRUE,TRUE,FALSE,0.143794047824219,0.402686937703252,0.856480477066669,0.856480477066669,"anchored sequential hurdle updates",54,1890,5.17700000000002,""
"Arizona",2025-03-29,"calendar","hurdle_ztpoisson",12207.6817712913,0,0.0188763287028774,"pass",TRUE,TRUE,TRUE,FALSE,0.143469567149833,0.732850231289069,0.927999028757831,0.856948952753443,"anchored sequential hurdle updates",1,1890,5.00299999999999,""
"Arizona",2025-03-29,"compressed","cumulative_poisson",5281.43404620769,0,0.0019375390508457,"pass",TRUE,TRUE,TRUE,TRUE,0.00356506928765551,0.92886865473205,0.99643493466426,0.99643493466426,"anchored independent signed-Poisson update approximation",0,945,2.19399999999996,""
"Arizona",2025-03-29,"compressed","cumulative_nb",4427.50306870459,0,0.0055071976986521,"pass",TRUE,TRUE,TRUE,TRUE,0.0104293782046577,0.946233341654752,0.997254188215846,0.989570621816158,"anchored independent signed-Poisson update approximation",0,945,2.71600000000001,""
"Arizona",2025-03-29,"compressed","hurdle_ztnb",1194.07377908194,0,0.00136275229016336,"pass",TRUE,TRUE,TRUE,FALSE,0.178424393145706,0.578652216369904,0.849886133837975,0.821782116538998,"anchored sequential hurdle updates",54,945,4.40700000000004,""
"Arizona",2025-03-29,"compressed","hurdle_ztpoisson",9266.92620212031,0,0.00808487540664693,"pass",TRUE,TRUE,TRUE,FALSE,0.320465590591897,0.679247215163376,0.908183665583218,0.679703590497654,"anchored sequential hurdle updates",0,945,4.33600000000001,""
"Arizona",2025-04-26,"calendar","cumulative_poisson",18569.0353272026,0,0.00087197423525126,"pass",TRUE,TRUE,TRUE,TRUE,0.0467976024239275,0.698804741143115,0.953202443109724,0.953202443109724,"anchored independent signed-Poisson update approximation",0,1998,4.22700000000003,""
"Arizona",2025-04-26,"calendar","cumulative_nb",10411.1656547685,0,0.000182293116507637,"pass",TRUE,TRUE,TRUE,TRUE,0.103959255001256,0.385217497507134,0.89619558931306,0.89619558931306,"anchored independent signed-Poisson update approximation",0,1998,5.892,"NA/NaN function evaluation"
"Arizona",2025-04-26,"calendar","hurdle_ztnb",1829.02644981018,0,0.00106234897327617,"pass",TRUE,TRUE,TRUE,FALSE,0.135548423632438,0.402565273242244,0.864717464579475,0.864717464579475,"anchored sequential hurdle updates",108,1998,6.52000000000004,""
"Arizona",2025-04-26,"calendar","hurdle_ztpoisson",12624.9800574258,0,0.0475318652067926,"pass",TRUE,TRUE,TRUE,FALSE,0.131604668403266,0.73127771419201,0.925663180283723,0.868808083684224,"anchored sequential hurdle updates",0,1998,6.05400000000003,""
"Arizona",2025-04-26,"compressed","cumulative_poisson",5734.93235465156,0,0.00141994024148874,"pass",TRUE,TRUE,TRUE,TRUE,0.00286935070004807,0.929260219990475,0.997130655033527,0.997130655033527,"anchored independent signed-Poisson update approximation",0,1053,3.28800000000001,""
"Arizona",2025-04-26,"compressed","cumulative_nb",4917.97277157471,0,0.00172249891563681,"pass",TRUE,TRUE,TRUE,TRUE,0.00823294980973326,0.947375557443091,0.998015732444576,0.991767050199181,"anchored independent signed-Poisson update approximation",0,1053,3.45799999999997,""
"Arizona",2025-04-26,"compressed","hurdle_ztnb",1279.71957148463,0,2.84555805976083e-05,"pass",TRUE,TRUE,TRUE,FALSE,0.164985785429585,0.569455787385539,0.854287250728274,0.835217786590431,"anchored sequential hurdle updates",181,1053,4.68099999999998,""
"Arizona",2025-04-26,"compressed","hurdle_ztpoisson",9502.13864814402,0,0.0338841773533036,"pass",TRUE,TRUE,TRUE,FALSE,0.302351051781625,0.697184261526616,0.909689306665808,0.697801602982359,"anchored sequential hurdle updates",2,1053,4.25999999999999,""
"Arizona",2025-05-31,"calendar","cumulative_poisson",19175.6234995823,0,0.0476330457705139,"pass",TRUE,TRUE,TRUE,TRUE,0.00781850798501406,0.72764172544889,0.992181492015003,0.992181492015003,"anchored independent signed-Poisson update approximation",0,2133,4.06500000000005,""
"Arizona",2025-05-31,"calendar","cumulative_nb",11320.5260833484,0,0.00171909124408387,"pass",TRUE,TRUE,TRUE,TRUE,0.103396685720193,0.413792468956235,0.896748259593066,0.896748259593066,"anchored independent signed-Poisson update approximation",0,2133,5.923,""
"Arizona",2025-05-31,"calendar","hurdle_ztnb",1903.41808914189,0,0.0018324796094924,"pass",TRUE,TRUE,TRUE,FALSE,0.129847291461833,0.400270435051244,0.870421620056809,0.870421620056809,"anchored sequential hurdle updates",143,2133,5.95800000000003,""
"Arizona",2025-05-31,"calendar","hurdle_ztpoisson",12761.5617887016,0,0.0171007742423445,"pass",TRUE,TRUE,TRUE,FALSE,0.132111329446938,0.728756580944506,0.924282977211071,0.868317125225866,"anchored sequential hurdle updates",5,2133,5.423,""
"Arizona",2025-05-31,"compressed","cumulative_poisson",6276.36950709217,0,0.00283837758913773,"pass",TRUE,TRUE,TRUE,TRUE,0.00229542225661429,0.929365553577163,0.997704585058113,0.997704585058113,"anchored independent signed-Poisson update approximation",0,1188,2.452,""
"Arizona",2025-05-31,"compressed","cumulative_nb",5511.21267449337,0,0.00214313556778548,"pass",TRUE,TRUE,TRUE,TRUE,0.00633593613473901,0.948073692889532,0.9983798962745,0.993664063872039,"anchored independent signed-Poisson update approximation",0,1188,3.06399999999996,""
"Arizona",2025-05-31,"compressed","hurdle_ztnb",1353.00330389975,0,0.000485165294388246,"pass",TRUE,TRUE,TRUE,FALSE,0.155696536888106,0.563497544835817,0.860459853690536,0.844509273553663,"anchored sequential hurdle updates",270,1188,4.24199999999996,""
"Arizona",2025-05-31,"compressed","hurdle_ztpoisson",9595.20666785557,0,0.0117388317051912,"pass",TRUE,TRUE,TRUE,FALSE,0.296324653084087,0.703195053521607,0.910619345053755,0.70382055240897,"anchored sequential hurdle updates",4,1188,5.13099999999997,""
"Arkansas",2025-01-02,"calendar","cumulative_poisson",4056.58090161196,0,0.000494802671148792,"pass",TRUE,TRUE,TRUE,TRUE,0.138547697825158,0.816567429618279,0.861461674817466,0.861461674817466,"anchored independent signed-Poisson update approximation",0,1539,2.92099999999994,""
"Arkansas",2025-01-02,"calendar","cumulative_nb",4294.83613556658,0,0.000868392232578119,"pass",TRUE,TRUE,TRUE,TRUE,0.137239136003361,0.813609869836044,0.862770996236388,0.862770996236388,"anchored independent signed-Poisson update approximation",1,1539,3.75599999999997,""
"Arkansas",2025-01-02,"calendar","hurdle_ztnb",796.563887335199,0,0.000336432767726436,"pass",TRUE,TRUE,TRUE,FALSE,0.023966065105793,0.928813846218009,0.976036746790787,0.976036746790787,"anchored sequential hurdle updates",3,1539,3.95900000000006,""
"Arkansas",2025-01-02,"calendar","hurdle_ztpoisson",819.102240335084,0,0.00161457536600251,"pass",TRUE,TRUE,TRUE,FALSE,0.0141198148126577,0.952031608314386,0.985881374008718,0.985881374008718,"anchored sequential hurdle updates",0,1539,3.47899999999993,""
"Arkansas",2025-01-02,"compressed","cumulative_poisson",2081.2983980193,0,0.000264216759002817,"pass",TRUE,TRUE,TRUE,TRUE,0.10197700670466,0.861292684212913,0.898030167933978,0.898030167933978,"anchored independent signed-Poisson update approximation",0,648,2.05999999999995,""
"Arkansas",2025-01-02,"compressed","cumulative_nb",2297.5004399329,0,0.00582793320631225,"pass",TRUE,TRUE,TRUE,TRUE,0.100158298387094,0.85933791433769,0.899849220537413,0.899849220537413,"anchored independent signed-Poisson update approximation",0,648,2.01400000000001,""
"Arkansas",2025-01-02,"compressed","hurdle_ztnb",533.296666154481,0,0.00122262262574113,"pass",TRUE,TRUE,TRUE,FALSE,0.0351628805945733,0.938935397981763,0.96484008072671,0.96484008072671,"anchored sequential hurdle updates",0,648,3.03399999999999,""
"Arkansas",2025-01-02,"compressed","hurdle_ztpoisson",580.534215974825,0,0.00100783817578964,"pass",TRUE,TRUE,TRUE,FALSE,0.0210663640104486,0.961421884235078,0.978934009534222,0.978934009534222,"anchored sequential hurdle updates",0,648,2.94000000000005,""
"Arkansas",2025-02-15,"calendar","cumulative_poisson",4958.37397743578,0,0.0113789127951911,"pass",TRUE,TRUE,TRUE,TRUE,0.0418064171147991,0.820567319222019,0.967064398057224,0.958194155272783,"anchored independent signed-Poisson update approximation",0,1728,3.22299999999996,""
"Arkansas",2025-02-15,"calendar","cumulative_nb",5142.78682723709,0,0.000707306627484972,"pass",TRUE,TRUE,TRUE,TRUE,0.0568632381786913,0.798445351718628,0.943142194776497,0.943142194776497,"anchored independent signed-Poisson update approximation",0,1728,4.74799999999993,""
"Arkansas",2025-02-15,"calendar","hurdle_ztnb",981.066266023889,0,0.000228692474209868,"pass",TRUE,TRUE,TRUE,FALSE,0.0408573303537253,0.881463614084711,0.959148797827066,0.959148797827066,"anchored sequential hurdle updates",3,1728,4.68000000000006,""
"Arkansas",2025-02-15,"calendar","hurdle_ztpoisson",1397.43210735928,0,0.0143121387826709,"pass",TRUE,TRUE,TRUE,FALSE,0.051619770120608,0.862511650250496,0.948393116086698,0.948393116086698,"anchored sequential hurdle updates",0,1728,4.49900000000002,""
"Arkansas",2025-02-15,"compressed","cumulative_poisson",2589.11409080754,0,0.00224533528016035,"pass",TRUE,TRUE,TRUE,TRUE,0.0527979613251194,0.8803223309403,0.959447888641914,0.947205019286113,"anchored independent signed-Poisson update approximation",0,783,2.21999999999991,""
"Arkansas",2025-02-15,"compressed","cumulative_nb",2807.85529250505,0,0.00228716185408633,"pass",TRUE,TRUE,TRUE,TRUE,0.0587526291247237,0.875484783830263,0.950843108649955,0.94125280314152,"anchored independent signed-Poisson update approximation",0,783,2.77100000000007,""
"Arkansas",2025-02-15,"compressed","hurdle_ztnb",664.963885128142,0,0.000196915536760489,"pass",TRUE,TRUE,TRUE,FALSE,0.0540113498274154,0.887729883603122,0.9459968320708,0.9459968320708,"anchored sequential hurdle updates",1,783,3.697,""
"Arkansas",2025-02-15,"compressed","hurdle_ztpoisson",1018.82398091431,0,0.00184029795497453,"pass",TRUE,TRUE,TRUE,FALSE,0.0457580932124318,0.912718810648546,0.954247242961372,0.954247242961372,"anchored sequential hurdle updates",0,783,3.63,""
"Arkansas",2025-03-29,"calendar","cumulative_poisson",5483.66603620169,0,0.000299533933205254,"pass",TRUE,TRUE,TRUE,TRUE,0.0135559978896796,0.801786884142373,0.986444067706979,0.986444067706979,"anchored independent signed-Poisson update approximation",0,1890,3.74000000000001,""
"Arkansas",2025-03-29,"calendar","cumulative_nb",5662.94752598924,0,0.00891794208352392,"pass",TRUE,TRUE,TRUE,TRUE,0.0221590735368343,0.79696462954109,0.977841458361375,0.977841458361375,"anchored independent signed-Poisson update approximation",0,1890,4.86400000000003,""
"Arkansas",2025-03-29,"calendar","hurdle_ztnb",1238.18418621179,0,0.00174257006434253,"pass",TRUE,TRUE,TRUE,FALSE,0.0548118478646565,0.833549185575481,0.945204925326171,0.945204925326171,"anchored sequential hurdle updates",1,1890,5.428,""
"Arkansas",2025-03-29,"calendar","hurdle_ztpoisson",1879.92061129999,0,0.0161314303826418,"pass",TRUE,TRUE,TRUE,FALSE,0.058603251535292,0.824714291567652,0.941432857546935,0.941432857546935,"anchored sequential hurdle updates",1,1890,5.28300000000002,""
"Arkansas",2025-03-29,"compressed","cumulative_poisson",3228.36185036179,0,0.00532066103548351,"pass",TRUE,TRUE,TRUE,TRUE,0.0217605745658596,0.860205810762229,0.998171384032837,0.978240201454375,"anchored independent signed-Poisson update approximation",0,945,3.06400000000008,""
"Arkansas",2025-03-29,"compressed","cumulative_nb",3447.62888780528,0,0.00180296850023609,"pass",TRUE,TRUE,TRUE,TRUE,0.0206250626546665,0.869125836171443,0.997963455792761,0.979375445894718,"anchored independent signed-Poisson update approximation",0,945,2.95699999999999,"NA/NaN function evaluation"
"Arkansas",2025-03-29,"compressed","hurdle_ztnb",895.0538773009,0,0.000720801535159854,"pass",TRUE,TRUE,TRUE,FALSE,0.0706925847339868,0.849567849027899,0.929332016059591,0.929332016059591,"anchored sequential hurdle updates",5,945,3.947,""
"Arkansas",2025-03-29,"compressed","hurdle_ztpoisson",1503.31649420827,0,0.0148538773053251,"pass",TRUE,TRUE,TRUE,FALSE,0.0590146184151922,0.876882366565472,0.941003251726639,0.941003251726639,"anchored sequential hurdle updates",0,945,3.654,""
"Arkansas",2025-04-26,"calendar","cumulative_poisson",5834.69860219633,0,0.00545009541030878,"pass",TRUE,TRUE,TRUE,TRUE,0.00916069274435807,0.800021549882652,0.99083938496013,0.99083938496013,"anchored independent signed-Poisson update approximation",0,1998,3.34000000000003,""
"Arkansas",2025-04-26,"calendar","cumulative_nb",6026.85556027786,0,0.00184346025107812,"pass",TRUE,TRUE,TRUE,TRUE,0.0147929489110532,0.79843637352844,0.985207409682195,0.985207409682195,"anchored independent signed-Poisson update approximation",0,1998,6.18700000000001,"NA/NaN function evaluation"
"Arkansas",2025-04-26,"calendar","hurdle_ztnb",1306.35568412254,0,6.95199354199261e-05,"pass",TRUE,TRUE,TRUE,FALSE,0.0500496907295034,0.832723093846891,0.94996568650279,0.94996568650279,"anchored sequential hurdle updates",22,1998,4.851,""
"Arkansas",2025-04-26,"calendar","hurdle_ztpoisson",1951.71023405217,0,0.0228678690165243,"pass",TRUE,TRUE,TRUE,FALSE,0.0548838051932597,0.825216423225304,0.94514520334654,0.94514520334654,"anchored sequential hurdle updates",0,1998,4.64800000000002,""
"Arkansas",2025-04-26,"compressed","cumulative_poisson",3613.59944635107,0,0.000763094832650246,"pass",TRUE,TRUE,TRUE,TRUE,0.0161025525280145,0.856314397630877,0.999523304992165,0.98389906041279,"anchored independent signed-Poisson update approximation",0,1053,2.38600000000008,""
"Arkansas",2025-04-26,"compressed","cumulative_nb",3840.53076284484,0,0.00229507407647674,"pass",TRUE,TRUE,TRUE,TRUE,0.0152723406069471,0.86428402133037,0.999524551851749,0.984728619780211,"anchored independent signed-Poisson update approximation",0,1053,2.98099999999999,""
"Arkansas",2025-04-26,"compressed","hurdle_ztnb",958.444935562726,0,0.000331828365136566,"pass",TRUE,TRUE,TRUE,FALSE,0.0638588080768603,0.84686560305494,0.936163105382957,0.936163105382957,"anchored sequential hurdle updates",35,1053,3.904,""
"Arkansas",2025-04-26,"compressed","hurdle_ztpoisson",1574.69221072771,0,0.0150554730965904,"pass",TRUE,TRUE,TRUE,FALSE,0.0540766934753331,0.873130031761349,0.945937028938916,0.945937028938916,"anchored sequential hurdle updates",3,1053,3.63100000000009,""
"Arkansas",2025-05-31,"calendar","cumulative_poisson",6288.07262990246,0,0.0127725474358259,"pass",TRUE,TRUE,TRUE,TRUE,0.00677583680348607,0.797437859337925,0.99322423571531,0.99322423571531,"anchored independent signed-Poisson update approximation",0,2133,3.48599999999999,""
"Arkansas",2025-05-31,"calendar","cumulative_nb",6496.30630469262,0,0.00222982613700047,"pass",TRUE,TRUE,TRUE,TRUE,0.010249580031753,0.796965062917416,0.98975062214684,0.98975062214684,"anchored independent signed-Poisson update approximation",0,2133,5.30899999999997,""
"Arkansas",2025-05-31,"calendar","hurdle_ztnb",1374.13327707838,0,0.000187531447604417,"pass",TRUE,TRUE,TRUE,FALSE,0.0459915550425515,0.831185904738991,0.954022964689629,0.954022964689629,"anchored sequential hurdle updates",25,2133,5.05799999999999,""
"Arkansas",2025-05-31,"calendar","hurdle_ztpoisson",2033.13083311274,0,0.00918714375999879,"pass",TRUE,TRUE,TRUE,FALSE,0.0514845893400046,0.824434755909633,0.948540234499725,0.948540234499725,"anchored sequential hurdle updates",1,2133,4.90800000000002,""
"California",2025-01-02,"calendar","cumulative_poisson",12274.2855814,0,0.0113202842042439,"pass",TRUE,TRUE,TRUE,TRUE,0.00496676925081645,0.894047421995184,0.995033257771198,0.995033257771198,"anchored independent signed-Poisson update approximation",0,1539,2.755,""
"California",2025-01-02,"calendar","cumulative_nb",8205.27951366,0,0.00105450252052641,"pass",TRUE,TRUE,TRUE,TRUE,0.0597977992291747,0.393006936006239,0.940259037181038,0.940259037181038,"anchored independent signed-Poisson update approximation",0,1539,4.351,"NA/NaN function evaluation"
"California",2025-01-02,"calendar","hurdle_ztnb",1244.67142682232,0,0.00108673222298172,"pass",TRUE,TRUE,TRUE,FALSE,0.0296703836169177,0.892879675392654,0.970337814698134,0.970337814698134,"anchored sequential hurdle updates",3,1539,4.15200000000004,""
"California",2025-01-02,"calendar","hurdle_ztpoisson",1998.07699425208,0,0.0159295853555001,"pass",TRUE,TRUE,TRUE,FALSE,0.0248314117912894,0.967845020366539,0.975169243614623,0.975169243614623,"anchored sequential hurdle updates",0,1539,4.04099999999994,""
"California",2025-01-02,"compressed","cumulative_poisson",2721.19081228807,0,0.000908599017150791,"pass",TRUE,TRUE,TRUE,TRUE,0.0173449779024127,0.954560588718031,0.982656283486287,0.982656283486287,"anchored independent signed-Poisson update approximation",0,648,1.75,""
"California",2025-01-02,"compressed","cumulative_nb",2971.26594032349,0,0.00142736157760948,"pass",TRUE,TRUE,TRUE,TRUE,0.029681649290034,0.941816738438247,0.970320678871848,0.970320678871848,"anchored independent signed-Poisson update approximation",0,648,2.14699999999993,""
"California",2025-01-02,"compressed","hurdle_ztnb",934.765670277994,0,0.000777061473140606,"pass",TRUE,TRUE,TRUE,FALSE,0.0190766307363147,0.948194138272941,0.980927552518467,0.980927552518467,"anchored sequential hurdle updates",0,648,3.26700000000005,""
"California",2025-01-02,"compressed","hurdle_ztpoisson",1330.87004066554,0,0.0128911256552122,"pass",TRUE,TRUE,TRUE,FALSE,0.0118808458198307,0.964114866016024,0.988121526023694,0.988121526023694,"anchored sequential hurdle updates",0,648,3.23799999999994,""
"California",2025-02-15,"calendar","cumulative_poisson",19116.9687615712,0,0.0182054863404684,"pass",TRUE,TRUE,TRUE,TRUE,0.00431053179372935,0.762368301226593,0.999501527515229,0.995689468263417,"anchored independent signed-Poisson update approximation",0,1728,3.03699999999992,""
"California",2025-02-15,"calendar","cumulative_nb",9403.47162294411,0,0.00046473567995875,"pass",TRUE,TRUE,TRUE,TRUE,0.0475624067805762,0.409369717084035,0.95248709444525,0.95248709444525,"anchored independent signed-Poisson update approximation",0,1728,4.84899999999993,"NA/NaN function evaluation"
"California",2025-02-15,"calendar","hurdle_ztnb",1513.89019147156,0,0.000412563668268529,"pass",TRUE,TRUE,TRUE,FALSE,0.033451692576157,0.863568911837828,0.966553767136722,0.966553767136722,"anchored sequential hurdle updates",0,1728,4.58500000000004,""
"California",2025-02-15,"calendar","hurdle_ztpoisson",3927.23192492366,0,0.0316182279875067,"pass",TRUE,TRUE,TRUE,FALSE,0.0487183396063979,0.941394514492676,0.974570217640756,0.951283399374262,"anchored sequential hurdle updates",0,1728,4.61500000000001,""
"California",2025-02-15,"compressed","cumulative_poisson",3351.91792914303,0,0.00294946548496666,"pass",TRUE,TRUE,TRUE,TRUE,0.0106969069824044,0.936787265085418,0.989305107395781,0.989305107395781,"anchored independent signed-Poisson update approximation",0,783,1.92200000000003,""
"California",2025-02-15,"compressed","cumulative_nb",3605.58290689776,0,0.00154376695857544,"pass",TRUE,TRUE,TRUE,TRUE,0.0157027406997486,0.93476377173197,0.984299872364803,0.984299872364803,"anchored independent signed-Poisson update approximation",0,783,2.48099999999999,"NA/NaN function evaluation"
"California",2025-02-15,"compressed","hurdle_ztnb",1116.19183330842,0,0.00012949643747584,"pass",TRUE,TRUE,TRUE,FALSE,0.0188256646566321,0.934522469571897,0.981178513352547,0.981178513352547,"anchored sequential hurdle updates",0,783,3.702,""
"California",2025-02-15,"compressed","hurdle_ztpoisson",1892.80035522352,0,0.0189140877369476,"pass",TRUE,TRUE,TRUE,FALSE,0.0234643027273891,0.963263705729091,0.976537575777075,0.976537575777075,"anchored sequential hurdle updates",0,783,4.00600000000009,""
"California",2025-03-29,"calendar","cumulative_poisson",20283.5300422797,0,0.0196112283596612,"pass",TRUE,TRUE,TRUE,TRUE,0.00264104867794554,0.781072858668215,0.997358952859418,0.997358952859418,"anchored independent signed-Poisson update approximation",0,1890,3.5200000000001,""
"California",2025-03-29,"calendar","cumulative_nb",10565.6353172195,0,0.00469966364375907,"pass",TRUE,TRUE,TRUE,TRUE,0.0495243611894081,0.404121438748584,0.950536339161282,0.950536339161282,"anchored independent signed-Poisson update approximation",0,1890,5.774,"NA/NaN function evaluation"
"California",2025-03-29,"calendar","hurdle_ztnb",1777.73952826282,0,0.00121357697063518,"pass",TRUE,TRUE,TRUE,FALSE,0.0293065583628203,0.857721533122337,0.970699535820465,0.970699535820465,"anchored sequential hurdle updates",2,1890,4.89700000000005,""
"California",2025-03-29,"calendar","hurdle_ztpoisson",4873.45071081832,0,0.00656070491271226,"pass",TRUE,TRUE,TRUE,FALSE,0.0476489082420122,0.943594711057637,0.977275092881605,0.952352438280221,"anchored sequential hurdle updates",0,1890,5.19999999999993,""
"California",2025-03-29,"compressed","cumulative_poisson",4072.57969714427,0,0.000793620568523279,"pass",TRUE,TRUE,TRUE,TRUE,0.00499997219098329,0.935241729951724,0.995000827116726,0.995000827116726,"anchored independent signed-Poisson update approximation",0,945,2.05700000000002,""
"California",2025-03-29,"compressed","cumulative_nb",4352.09505744829,0,0.00149432268612359,"pass",TRUE,TRUE,TRUE,TRUE,0.00754812057026728,0.935463647803381,0.992453031717634,0.992453031717634,"anchored independent signed-Poisson update approximation",0,945,2.94600000000003,"NA/NaN function evaluation"
"California",2025-03-29,"compressed","hurdle_ztnb",1333.16034171344,0,0.0010298186817872,"pass",TRUE,TRUE,TRUE,FALSE,0.0194699201603902,0.919784587444101,0.980536278955735,0.980536278955735,"anchored sequential hurdle updates",0,945,4.38599999999997,""
"California",2025-03-29,"compressed","hurdle_ztpoisson",2549.78814822193,0,0.0194070344081607,"pass",TRUE,TRUE,TRUE,FALSE,0.0382930402896492,0.943951116711918,0.995006626536127,0.961785535842618,"anchored sequential hurdle updates",1,945,4.12900000000002,""
"California",2025-04-26,"calendar","cumulative_poisson",20888.3086129905,0,0.0131330019429781,"pass",TRUE,TRUE,TRUE,TRUE,0.00225622189765936,0.785118764303566,0.997743779932845,0.997743779932845,"anchored independent signed-Poisson update approximation",0,1998,3.60199999999998,""
"California",2025-04-26,"calendar","cumulative_nb",11394.3339628662,0,0.000592001181244473,"pass",TRUE,TRUE,TRUE,TRUE,0.0506036914787759,0.41820239848161,0.949459031302642,0.949459031302642,"anchored independent signed-Poisson update approximation",0,1998,6.58300000000008,"NA/NaN function evaluation"
"California",2025-04-26,"calendar","hurdle_ztnb",1866.31879240213,0,0.00589059191022967,"pass",TRUE,TRUE,TRUE,FALSE,0.0267452964236467,0.858468522181059,0.973260211074019,0.973260211074019,"anchored sequential hurdle updates",5,1998,5.03300000000002,""
"California",2025-04-26,"calendar","hurdle_ztpoisson",5025.86103231753,0,0.0371276691312655,"pass",TRUE,TRUE,TRUE,FALSE,0.0486188988515106,0.941852146152306,0.975543845331461,0.951382565103945,"anchored sequential hurdle updates",0,1998,5.4849999999999,""
"California",2025-04-26,"compressed","cumulative_poisson",4552.96706217877,0,0.000917612769132603,"pass",TRUE,TRUE,TRUE,TRUE,0.00322543645061573,0.935331123343208,0.9967750492394,0.9967750492394,"anchored independent signed-Poisson update approximation",0,1053,2.23099999999999,""
"California",2025-04-26,"compressed","cumulative_nb",4846.05567454041,0,0.000834337824811349,"pass",TRUE,TRUE,TRUE,TRUE,0.00485846584647292,0.93567629281247,0.9951422618904,0.9951422618904,"anchored independent signed-Poisson update approximation",0,1053,3.03999999999996,""
"California",2025-04-26,"compressed","hurdle_ztnb",1414.46152679165,0,0.000562436557862256,"pass",TRUE,TRUE,TRUE,FALSE,0.0173415473795337,0.921679409852798,0.982663907615658,0.982663907615658,"anchored sequential hurdle updates",2,1053,4.16899999999998,""
"California",2025-04-26,"compressed","hurdle_ztpoisson",2658.9787678214,0,0.0332527290841172,"pass",TRUE,TRUE,TRUE,FALSE,0.0355598567217894,0.943779701126767,0.99541058519123,0.96450659705927,"anchored sequential hurdle updates",0,1053,4.42999999999995,""
"California",2025-05-31,"calendar","cumulative_poisson",21577.6438134649,0,0.00134931027845564,"pass",TRUE,TRUE,TRUE,TRUE,0.00183795589701969,0.788078009915603,0.998162045692273,0.998162045692273,"anchored independent signed-Poisson update approximation",0,2133,3.89800000000002,""
"California",2025-05-31,"calendar","cumulative_nb",12438.0254806652,0,0.00153361413496711,"pass",TRUE,TRUE,TRUE,TRUE,0.053466274013576,0.438535305131775,0.946598753283917,0.946598753283917,"anchored independent signed-Poisson update approximation",0,2133,5.101,""
"California",2025-05-31,"calendar","hurdle_ztnb",1977.09979334911,0,0.00372272911694216,"pass",TRUE,TRUE,TRUE,FALSE,0.0247692433946249,0.860152710459136,0.975235703108413,0.975235703108413,"anchored sequential hurdle updates",7,2133,5.37400000000002,""
"California",2025-05-31,"calendar","hurdle_ztpoisson",5225.69497814696,0,0.0103141630066542,"pass",TRUE,TRUE,TRUE,FALSE,0.049866804148694,0.939359642455815,0.972867165932618,0.950134941426899,"anchored sequential hurdle updates",0,2133,5.86099999999999,""
"California",2025-05-31,"compressed","cumulative_poisson",5146.34372947518,0,0.000286947900090984,"pass",TRUE,TRUE,TRUE,TRUE,0.00227982446764997,0.936049760911173,0.997720498730681,0.997720498730681,"anchored independent signed-Poisson update approximation",0,1188,2.245,""
"California",2025-05-31,"compressed","cumulative_nb",5454.96949723547,0,0.00137277096245625,"pass",TRUE,TRUE,TRUE,TRUE,0.00325157882099772,0.93661024689633,0.996748888493223,0.996748888493223,"anchored independent signed-Poisson update approximation",0,1188,3.36199999999997,""
"California",2025-05-31,"compressed","hurdle_ztnb",1514.72861463167,0,0.00118893075020576,"pass",TRUE,TRUE,TRUE,FALSE,0.0155397672615172,0.924287029601223,0.984464900393921,0.984464900393921,"anchored sequential hurdle updates",1,1188,6.18899999999996,""
"California",2025-05-31,"compressed","hurdle_ztpoisson",2750.98355328325,0,0.00578106998543754,"pass",TRUE,TRUE,TRUE,FALSE,0.0316042329427152,0.943722360802067,0.995433147363806,0.968449375519269,"anchored sequential hurdle updates",0,1188,5.82000000000005,""
"Colorado",2025-01-02,"calendar","cumulative_poisson",4101.04278577295,0,0.00162013276570244,"pass",TRUE,TRUE,TRUE,TRUE,0.0339923538640557,0.91680462096222,0.971337962526356,0.966011477185085,"anchored independent signed-Poisson update approximation",0,1539,2.803,""
"Colorado",2025-01-02,"calendar","cumulative_nb",4334.61307693383,0,0.000755433445645215,"pass",TRUE,TRUE,TRUE,TRUE,0.0217394349902281,0.932261032288314,0.986676649490072,0.978260569973035,"anchored independent signed-Poisson update approximation",0,1539,4.74600000000009,""
"Colorado",2025-01-02,"calendar","hurdle_ztnb",754.791323977311,0,0.000130405652900123,"pass",TRUE,TRUE,TRUE,FALSE,0.027547654547555,0.898775110076662,0.972457146557341,0.972457146557341,"anchored sequential hurdle updates",1,1539,4.18500000000006,""
"Colorado",2025-01-02,"calendar","hurdle_ztpoisson",834.534629220379,0,0.011830715521023,"pass",TRUE,TRUE,TRUE,FALSE,0.0191299539336634,0.926442244006319,0.980872926510167,0.980872926510167,"anchored sequential hurdle updates",6,1539,4.39999999999998,""
"Colorado",2025-01-02,"compressed","cumulative_poisson",2176.68718241356,0,0.000480001043065226,"pass",TRUE,TRUE,TRUE,TRUE,0.0647699902964466,0.91885731933978,0.937515547137807,0.935236122417239,"anchored independent signed-Poisson update approximation",0,648,2.23500000000001,""
"Colorado",2025-01-02,"compressed","cumulative_nb",2397.90705544603,0,0.000253813560235017,"pass",TRUE,TRUE,TRUE,TRUE,0.0716517468117506,0.910145936788911,0.930205538987566,0.928354820496839,"anchored independent signed-Poisson update approximation",0,648,2.53499999999997,""
"Colorado",2025-01-02,"compressed","hurdle_ztnb",489.554562892984,0,0.00103516120516978,"pass",TRUE,TRUE,TRUE,FALSE,0.0231389193692031,0.936849099606922,0.976863652247063,0.976863652247063,"anchored sequential hurdle updates",0,648,2.678,""
"Colorado",2025-01-02,"compressed","hurdle_ztpoisson",507.890628146812,0,0.000653261418301465,"pass",TRUE,TRUE,TRUE,FALSE,0.0145126282872388,0.961960545944091,0.985488371770264,0.985488371770264,"anchored sequential hurdle updates",0,648,2.83699999999999,""
"Colorado",2025-02-15,"calendar","cumulative_poisson",5538.8260281328,0,0.00394876800733091,"pass",TRUE,TRUE,TRUE,TRUE,0.0282496807756601,0.789670668655387,0.999079157876889,0.971750319262813,"anchored independent signed-Poisson update approximation",0,1728,2.697,""
"Colorado",2025-02-15,"calendar","cumulative_nb",5315.70410549335,0,0.000478480658209879,"pass",TRUE,TRUE,TRUE,TRUE,0.0533935473062596,0.790455905019694,0.946608725114117,0.946608725114117,"anchored independent signed-Poisson update approximation",0,1728,4.904,"NA/NaN function evaluation"
"Colorado",2025-02-15,"calendar","hurdle_ztnb",914.800952133582,0,0.000746719630470238,"pass",TRUE,TRUE,TRUE,FALSE,0.0447492545952767,0.858804522681912,0.955257586168375,0.955257586168375,"anchored sequential hurdle updates",1,1728,4.25800000000004,""
"Colorado",2025-02-15,"calendar","hurdle_ztpoisson",1175.33701938985,0,0.0111325127043612,"pass",TRUE,TRUE,TRUE,FALSE,0.0903159022235596,0.862991932494504,0.909696630308414,0.909696630308414,"anchored sequential hurdle updates",3,1728,4.14499999999998,""
"Colorado",2025-02-15,"compressed","cumulative_poisson",2651.49412809297,0,0.000779428401984222,"pass",TRUE,TRUE,TRUE,TRUE,0.0397129946713434,0.926385413468046,0.968005487697622,0.960292610184618,"anchored independent signed-Poisson update approximation",0,783,1.88900000000001,""
"Colorado",2025-02-15,"compressed","cumulative_nb",2885.795784207,0,0.000404535435944431,"pass",TRUE,TRUE,TRUE,TRUE,0.0434459592485433,0.921742440090753,0.963723614385519,0.956560157690709,"anchored independent signed-Poisson update approximation",0,783,2.70100000000002,"NA/NaN function evaluation"
"Colorado",2025-02-15,"compressed","hurdle_ztnb",594.372329698692,0,0.000166345161110332,"pass",TRUE,TRUE,TRUE,FALSE,0.0247088896783991,0.924883953167101,0.975293205392943,0.975293205392943,"anchored sequential hurdle updates",2,783,3.33000000000004,""
"Colorado",2025-02-15,"compressed","hurdle_ztpoisson",671.323342640658,0,0.00125454903129021,"pass",TRUE,TRUE,TRUE,FALSE,0.0152058581854339,0.955675975718585,0.984794798305741,0.984794312223657,"anchored sequential hurdle updates",0,783,2.85400000000004,""
"Colorado",2025-03-29,"calendar","cumulative_poisson",6097.58504153397,0,0.00216461799136591,"pass",TRUE,TRUE,TRUE,TRUE,0.0173498223375171,0.814507086520258,0.983077481136808,0.982650177802678,"anchored independent signed-Poisson update approximation",0,1890,3.17399999999998,""
"Colorado",2025-03-29,"calendar","cumulative_nb",5888.85470554261,0,0.000669502236416264,"pass",TRUE,TRUE,TRUE,TRUE,0.0371241710605183,0.815173807368727,0.962877866607812,0.962877866607812,"anchored independent signed-Poisson update approximation",0,1890,4.97299999999996,""
"Colorado",2025-03-29,"calendar","hurdle_ztnb",1022.37070019024,0,0.000401843388195711,"pass",TRUE,TRUE,TRUE,FALSE,0.0346436524300428,0.861643572940557,0.965361810868265,0.965361810868265,"anchored sequential hurdle updates",0,1890,3.73400000000004,""
"Colorado",2025-03-29,"calendar","hurdle_ztpoisson",1360.96688178234,0,0.0294572760085244,"pass",TRUE,TRUE,TRUE,FALSE,0.0673924116875985,0.868981419714772,0.932617404917546,0.932617404917546,"anchored sequential hurdle updates",0,1890,3.72799999999995,""
"Colorado",2025-04-26,"calendar","cumulative_poisson",6484.98811264304,0,0.00639959529680278,"pass",TRUE,TRUE,TRUE,TRUE,0.0121943887921558,0.822763862747,0.988333792082583,0.98780561124111,"anchored independent signed-Poisson update approximation",0,1998,2.84099999999989,""
"Colorado",2025-04-26,"calendar","cumulative_nb",6318.59658307837,0,0.0036674204276741,"pass",TRUE,TRUE,TRUE,TRUE,0.0305027856505695,0.828115690927766,0.969498699230598,0.969498699230598,"anchored independent signed-Poisson update approximation",0,1998,5.43299999999999,""
"Colorado",2025-04-26,"calendar","hurdle_ztnb",1069.87982360605,0,0.000156209512456429,"pass",TRUE,TRUE,TRUE,FALSE,0.0321564254389632,0.860438809404324,0.967848759040058,0.967848759040058,"anchored sequential hurdle updates",2,1998,4.26299999999992,""
"Colorado",2025-04-26,"calendar","hurdle_ztpoisson",1416.07102235677,0,0.0209348485988921,"pass",TRUE,TRUE,TRUE,FALSE,0.0655130167743194,0.869715488836787,0.934495288595826,0.934495288595826,"anchored sequential hurdle updates",0,1998,3.79899999999998,""
"Colorado",2025-05-31,"calendar","cumulative_poisson",6971.74520184171,0,0.0227294827767566,"pass",TRUE,TRUE,TRUE,TRUE,0.0089246192102545,0.827220672312462,0.991565737550567,0.991075380815194,"anchored independent signed-Poisson update approximation",0,2133,3.197,""
"Colorado",2025-05-31,"calendar","cumulative_nb",6860.87017817623,0,0.00124401931725698,"pass",TRUE,TRUE,TRUE,TRUE,0.0228296861219681,0.839951501708727,0.97717078356811,0.97717078356811,"anchored independent signed-Poisson update approximation",0,2133,5.41399999999999,""
"Colorado",2025-05-31,"calendar","hurdle_ztnb",1117.18057169262,0,0.00110150185847857,"pass",TRUE,TRUE,TRUE,FALSE,0.0309478996364853,0.857883237959631,0.969057326776596,0.969057326776596,"anchored sequential hurdle updates",10,2133,4.09100000000001,""
"Colorado",2025-05-31,"calendar","hurdle_ztpoisson",1465.56671823982,0,0.00652259564091495,"pass",TRUE,TRUE,TRUE,FALSE,0.0656383391612681,0.872091197859315,0.934368710369564,0.934368710369564,"anchored sequential hurdle updates",0,2133,4.08000000000004,""
"Connecticut",2025-01-02,"calendar","cumulative_poisson",3639.75757421794,0,0.000997052566738432,"pass",TRUE,TRUE,TRUE,TRUE,0.141764520003736,0.834353139908542,0.858242259111068,0.858242259111068,"anchored independent signed-Poisson update approximation",0,1539,2.28700000000003,""
"Connecticut",2025-01-02,"calendar","cumulative_nb",3868.28871774338,0,0.0114414394378004,"pass",TRUE,TRUE,TRUE,TRUE,0.13944492367623,0.83327159164939,0.860562090848741,0.860562090848741,"anchored independent signed-Poisson update approximation",0,1539,4.0100000000001,""
"Connecticut",2025-01-02,"calendar","hurdle_ztnb",576.984257512682,0,0.000202547627827565,"pass",TRUE,TRUE,TRUE,FALSE,0.00711189053138258,0.918337745305527,0.992889149137541,0.992889149137541,"anchored sequential hurdle updates",0,1539,3.01900000000001,""
"Connecticut",2025-01-02,"calendar","hurdle_ztpoisson",566.583778545566,0,0.00896270780085484,"pass",TRUE,TRUE,TRUE,FALSE,0.00569890968076298,0.935248327369715,0.994301748956295,0.994301748956295,"anchored sequential hurdle updates",0,1539,3.17700000000002,""
"Connecticut",2025-01-02,"compressed","cumulative_poisson",1939.35828791245,0,0.00337337785388338,"pass",TRUE,TRUE,TRUE,TRUE,0.157614744971366,0.836513340831657,0.84420677008196,0.842393228558258,"anchored independent signed-Poisson update approximation",0,648,1.65999999999997,""
"Connecticut",2025-01-02,"compressed","cumulative_nb",2149.73391450836,0,0.000653710594958667,"pass",TRUE,TRUE,TRUE,TRUE,0.156553785281392,0.836364599649768,0.845340748694877,0.843454520615697,"anchored independent signed-Poisson update approximation",0,648,2.01200000000006,""
"Connecticut",2025-01-02,"compressed","hurdle_ztnb",327.537530714742,0,0.000514033124567881,"pass",TRUE,TRUE,TRUE,FALSE,0.00302625505267608,0.995774678030732,0.99968851036193,0.996973747157529,"anchored sequential hurdle updates",0,648,2.40599999999995,""
"Connecticut",2025-01-02,"compressed","hurdle_ztpoisson",303.162005476348,0,0.00236916129575371,"pass",TRUE,TRUE,TRUE,FALSE,0.00260351695590887,0.996014381895762,0.999661944119761,0.997396484816179,"anchored sequential hurdle updates",0,648,2.26300000000003,""
"Connecticut",2025-02-15,"calendar","cumulative_poisson",4539.62645613564,0,0.00151206853217367,"pass",TRUE,TRUE,TRUE,TRUE,0.0161438193701862,0.884467933453702,0.996743038323582,0.983856180630309,"anchored independent signed-Poisson update approximation",0,1728,2.55700000000002,""
"Connecticut",2025-02-15,"calendar","cumulative_nb",4654.80045582353,0,0.000314465910504991,"pass",TRUE,TRUE,TRUE,TRUE,0.0436360069031006,0.854326704016759,0.958969042172474,0.956365079556945,"anchored independent signed-Poisson update approximation",0,1728,4.32399999999996,"NA/NaN function evaluation"
"Connecticut",2025-02-15,"calendar","hurdle_ztnb",730.10609846861,0,0.00079326509359065,"pass",TRUE,TRUE,TRUE,FALSE,0.0504877656640156,0.806361698048718,0.949525740577512,0.949525740577512,"anchored sequential hurdle updates",2,1728,3.20699999999999,""
"Connecticut",2025-02-15,"calendar","hurdle_ztpoisson",805.017347773004,0,0.0106298733348513,"pass",TRUE,TRUE,TRUE,FALSE,0.0606229118925241,0.859534678785136,0.939388464727794,0.939388464727794,"anchored sequential hurdle updates",1,1728,3.56600000000003,""
"Connecticut",2025-02-15,"compressed","cumulative_poisson",2401.87794072695,0,0.000873429972506612,"pass",TRUE,TRUE,TRUE,TRUE,0.0262866019793855,0.973713398066278,0.991053036677254,0.973713398066278,"anchored independent signed-Poisson update approximation",0,783,2.0809999999999,""
"Connecticut",2025-02-15,"compressed","cumulative_nb",2623.77809335419,0,0.000683192720312475,"pass",TRUE,TRUE,TRUE,TRUE,0.0296188476251055,0.970381152551542,0.987781695794907,0.970381152551542,"anchored independent signed-Poisson update approximation",0,783,3.08200000000011,"NA/NaN function evaluation"
"Connecticut",2025-02-15,"compressed","hurdle_ztnb",415.705202382228,0,4.15859890943171e-05,"pass",TRUE,TRUE,TRUE,FALSE,0.127898781495562,0.833721143800521,0.912937776489365,0.872130701237607,"anchored sequential hurdle updates",12,783,2.75099999999998,""
"Connecticut",2025-02-15,"compressed","hurdle_ztpoisson",394.008628372569,0,0.00341182338194912,"pass",TRUE,TRUE,TRUE,FALSE,0.0692139175769194,0.930786082457737,0.999066424440778,0.930786082457737,"anchored sequential hurdle updates",1,783,2.47000000000003,""
"Connecticut",2025-03-29,"calendar","cumulative_poisson",4997.53582662935,0,0.000323659035330159,"pass",TRUE,TRUE,TRUE,TRUE,0.00971061579982255,0.902361050896252,0.997101883636374,0.99028938423174,"anchored independent signed-Poisson update approximation",0,1890,2.94200000000001,""
"Connecticut",2025-03-29,"calendar","cumulative_nb",5131.89145580973,0,0.0164043819154773,"pass",TRUE,TRUE,TRUE,TRUE,0.0198291676777431,0.885024153515477,0.982646042952068,0.980170832866051,"anchored independent signed-Poisson update approximation",0,1890,4.80500000000006,""
"Connecticut",2025-03-29,"calendar","hurdle_ztnb",804.54429384961,0,9.67616776872404e-05,"pass",TRUE,TRUE,TRUE,FALSE,0.0432937499968248,0.813897446099093,0.956717688421303,0.956717688421303,"anchored sequential hurdle updates",2,1890,3.78500000000008,""
"Connecticut",2025-03-29,"calendar","hurdle_ztpoisson",877.523008800418,0,0.0196122054976612,"pass",TRUE,TRUE,TRUE,FALSE,0.0552575912792864,0.864002182054565,0.944752179892593,0.944752179892593,"anchored sequential hurdle updates",1,1890,4.58899999999994,""
"Connecticut",2025-03-29,"compressed","cumulative_poisson",2964.68624632145,0,0.000428400219545599,"pass",TRUE,TRUE,TRUE,TRUE,0.0108344784604154,0.989165521539611,0.999856992227673,0.989165521539611,"anchored independent signed-Poisson update approximation",0,945,2.30899999999997,""
"Connecticut",2025-03-29,"compressed","cumulative_nb",3199.87846676153,0,0.00166004315794993,"pass",TRUE,TRUE,TRUE,TRUE,0.0125162517596845,0.987483748240445,0.999631300593459,0.987483748240445,"anchored independent signed-Poisson update approximation",0,945,3.05400000000009,"NA/NaN function evaluation"
"Connecticut",2025-03-29,"compressed","hurdle_ztnb",488.881222337495,0,2.45632328158552e-05,"pass",TRUE,TRUE,TRUE,FALSE,0.0971837441172531,0.837636582096414,0.912700985195787,0.902842202515709,"anchored sequential hurdle updates",16,945,3.76800000000003,""
"Connecticut",2025-03-29,"compressed","hurdle_ztpoisson",456.544030278145,0,0.00636775943011013,"pass",TRUE,TRUE,TRUE,FALSE,0.0547346047098661,0.941337603282095,0.98438676504195,0.945271405741454,"anchored sequential hurdle updates",0,945,3.08300000000008,""
"Connecticut",2025-04-26,"calendar","cumulative_poisson",5333.93281041039,0,0.00138656197628961,"pass",TRUE,TRUE,TRUE,TRUE,0.00815215304569734,0.906737004474524,0.998067668969619,0.991847846967018,"anchored independent signed-Poisson update approximation",0,1998,3.93799999999987,""
"Connecticut",2025-04-26,"calendar","cumulative_nb",5488.93976111811,0,0.00133673764797748,"pass",TRUE,TRUE,TRUE,TRUE,0.0136246761494676,0.89910958583189,0.992266989659821,0.986375324465109,"anchored independent signed-Poisson update approximation",0,1998,5.827,""
"Connecticut",2025-04-26,"calendar","hurdle_ztnb",838.325824751107,0,0.000146344737864013,"pass",TRUE,TRUE,TRUE,FALSE,0.0444009774638926,0.814450206950899,0.955610552615502,0.955610552615502,"anchored sequential hurdle updates",3,1998,4.22800000000007,""
"Connecticut",2025-04-26,"calendar","hurdle_ztpoisson",902.931650928721,0,0.00986396240888443,"pass",TRUE,TRUE,TRUE,FALSE,0.0563129422689939,0.868124398642606,0.943696263938088,0.943696263938088,"anchored sequential hurdle updates",0,1998,4.07300000000009,""
"Connecticut",2025-04-26,"compressed","cumulative_poisson",3327.81267756139,0,0.00286357116785005,"pass",TRUE,TRUE,TRUE,TRUE,0.00828468201910102,0.991715317980944,0.999725320823853,0.991715317980944,"anchored independent signed-Poisson update approximation",0,1053,2.63000000000011,""
"Connecticut",2025-04-26,"compressed","cumulative_nb",3570.44608616866,0,0.000262328018782843,"pass",TRUE,TRUE,TRUE,TRUE,0.00964981170985006,0.990350188290297,0.999511941968339,0.990350188290297,"anchored independent signed-Poisson update approximation",0,1053,3.25999999999999,""
"Connecticut",2025-04-26,"compressed","hurdle_ztnb",518.076237530996,0,0.000298941832616029,"pass",TRUE,TRUE,TRUE,FALSE,0.0967597378923737,0.839640982296328,0.913985384308448,0.903267161283847,"anchored sequential hurdle updates",27,1053,3.35200000000009,""
"Connecticut",2025-04-26,"compressed","hurdle_ztpoisson",487.669616293938,0,0.00770163835913129,"pass",TRUE,TRUE,TRUE,FALSE,0.0411825441452681,0.958816186674407,0.995794932450933,0.95881746548846,"anchored sequential hurdle updates",0,1053,3.17399999999998,""
"Connecticut",2025-05-31,"calendar","cumulative_poisson",5767.95523205031,0,0.00795176161698163,"pass",TRUE,TRUE,TRUE,TRUE,0.00691374281852911,0.910250023722629,0.99864703127229,0.993086257187151,"anchored independent signed-Poisson update approximation",0,2133,3.90499999999997,""
"Connecticut",2025-05-31,"calendar","cumulative_nb",5946.24056628776,0,0.000542746769205849,"pass",TRUE,TRUE,TRUE,TRUE,0.0105965069597171,0.9064164883081,0.995478220443066,0.989403493260495,"anchored independent signed-Poisson update approximation",0,2133,7.7170000000001,""
"Connecticut",2025-05-31,"calendar","hurdle_ztnb",882.511841208962,0,0.000731375825729685,"pass",TRUE,TRUE,TRUE,FALSE,0.0543433074709999,0.829519367798667,0.945669006581694,0.945669006581694,"anchored sequential hurdle updates",20,2133,4.73799999999983,""
"Connecticut",2025-05-31,"calendar","hurdle_ztpoisson",937.225119176348,0,0.00791633134196079,"pass",TRUE,TRUE,TRUE,FALSE,0.0616598425216583,0.87512533279525,0.938349454011199,0.938349454011199,"anchored sequential hurdle updates",0,2133,4.92800000000011,""
"Connecticut",2025-05-31,"compressed","cumulative_poisson",3762.77696771698,0,0.000329202896814623,"pass",TRUE,TRUE,TRUE,TRUE,0.00678763617145225,0.993055525227676,0.999656107135313,0.993212363828601,"anchored independent signed-Poisson update approximation",0,1188,2.98099999999999,""
"Connecticut",2025-05-31,"compressed","cumulative_nb",4012.74963106715,0,0.02458099865506,"pass",TRUE,TRUE,TRUE,TRUE,0.00787970302672365,0.991980390887039,0.999484244866424,0.992120296973405,"anchored independent signed-Poisson update approximation",0,1188,4.36200000000008,""
"Connecticut",2025-05-31,"compressed","hurdle_ztnb",556.428819776359,0,0.000563858131831907,"pass",TRUE,TRUE,TRUE,FALSE,0.106659292251088,0.846349462942617,0.903058457146319,0.893368966481769,"anchored sequential hurdle updates",71,1188,4.18499999999995,""
"Connecticut",2025-05-31,"compressed","hurdle_ztpoisson",520.527692443703,0,0.00313436664518505,"pass",TRUE,TRUE,TRUE,FALSE,0.0355410887771701,0.964458674888519,0.994705495934264,0.964458922968461,"anchored sequential hurdle updates",0,1188,3.6110000000001,""
"Delaware",2025-01-02,"calendar","cumulative_poisson",2018.82292240916,0,0.000407166025067185,"pass",TRUE,TRUE,TRUE,TRUE,0.143669481279109,0.813238649456008,0.877479624650367,0.856339417657563,"anchored independent signed-Poisson update approximation",0,1539,2.90100000000007,""
"Delaware",2025-01-02,"calendar","cumulative_nb",2187.21186980261,0,0.000771498058198761,"pass",TRUE,TRUE,TRUE,TRUE,0.140754598244918,0.81198881887921,0.88227773614784,0.859254335684648,"anchored independent signed-Poisson update approximation",1,1539,5.66000000000008,"NA/NaN function evaluation"
"Delaware",2025-01-02,"calendar","hurdle_ztnb",404.544733962777,0,0.000234824908195819,"pass",TRUE,TRUE,TRUE,FALSE,0.0545204672782336,0.891571533389934,0.945489942963093,0.945489942963093,"anchored sequential hurdle updates",4,1539,3.35300000000007,""
"Delaware",2025-01-02,"calendar","hurdle_ztpoisson",407.912700583315,0,0.00383987178259335,"pass",TRUE,TRUE,TRUE,FALSE,0.0955474898249347,0.848844235841286,0.904468816604713,0.904468816604713,"anchored sequential hurdle updates",7,1539,3.66499999999996,""
"Delaware",2025-01-02,"compressed","cumulative_poisson",1294.52605227245,0,0.000453197964544572,"pass",TRUE,TRUE,TRUE,TRUE,0.159907206852983,0.825836245415088,0.843397943724242,0.840102721306235,"anchored independent signed-Poisson update approximation",0,648,2.13999999999987,""
"Delaware",2025-01-02,"compressed","cumulative_nb",1448.39667553055,0,0.000112790937734492,"pass",TRUE,TRUE,TRUE,TRUE,0.158009828071239,0.825345219366746,0.845831015670512,0.842000106191495,"anchored independent signed-Poisson update approximation",0,648,2.5780000000002,"NA/NaN function evaluation"
"Delaware",2025-01-02,"compressed","hurdle_ztnb",242.736350028774,0,0.000218741251511334,"pass",TRUE,TRUE,TRUE,FALSE,0.0366755954916259,0.963324406733086,0.980529645380847,0.963324406733086,"anchored sequential hurdle updates",4,648,3.34500000000003,""
"Delaware",2025-01-02,"compressed","hurdle_ztpoisson",236.985312618775,0,0.00097149749788428,"pass",TRUE,TRUE,TRUE,FALSE,0.0498386659880876,0.950161343252873,0.968850073705014,0.950161343252873,"anchored sequential hurdle updates",3,648,3.04099999999994,""
"Delaware",2025-02-15,"calendar","cumulative_poisson",2469.33288554023,0,0.00273379195222034,"pass",TRUE,TRUE,TRUE,TRUE,0.0949913223843305,0.708893821518506,0.940717595094066,0.905008959430696,"anchored independent signed-Poisson update approximation",0,1728,3.26600000000008,""
"Delaware",2025-02-15,"calendar","cumulative_nb",2587.56311965808,0,4.8533197546087e-05,"pass",TRUE,TRUE,TRUE,TRUE,0.102241237858972,0.747333928778312,0.932160973378696,0.897759665679597,"anchored independent signed-Poisson update approximation",2,1728,5.40200000000004,"NA/NaN function evaluation"
"Delaware",2025-02-15,"calendar","hurdle_ztnb",510.82270031459,0,0.000264474273043991,"pass",TRUE,TRUE,TRUE,FALSE,0.0922536126310618,0.803101992530443,0.907767010231784,0.907767010231784,"anchored sequential hurdle updates",1,1728,3.82899999999995,""
"Delaware",2025-02-15,"calendar","hurdle_ztpoisson",509.660238737601,0,0.00481949159324882,"pass",TRUE,TRUE,TRUE,FALSE,0.200327782684083,0.748165424587183,0.799693596480809,0.799693596480809,"anchored sequential hurdle updates",5,1728,3.8599999999999,""
"Delaware",2025-02-15,"compressed","cumulative_poisson",1653.9221653772,0,0.000111567882733907,"pass",TRUE,TRUE,TRUE,TRUE,0.145486331883282,0.819009852494545,0.869710186645798,0.854522055394557,"anchored independent signed-Poisson update approximation",0,783,2.173,""
"Delaware",2025-02-15,"compressed","cumulative_nb",1819.24471350049,0,0.000947369469926462,"pass",TRUE,TRUE,TRUE,TRUE,0.14819102545566,0.820430462019847,0.865232647739298,0.85181772459917,"anchored independent signed-Poisson update approximation",0,783,2.69600000000014,""
"Delaware",2025-02-15,"compressed","hurdle_ztnb",305.335357810575,0,0.000893671782332683,"pass",TRUE,TRUE,TRUE,FALSE,0.0551292938670292,0.943628777778079,0.961277550338857,0.944870727817735,"anchored sequential hurdle updates",0,783,3.08699999999999,""
"Delaware",2025-02-15,"compressed","hurdle_ztpoisson",278.086094985273,0,0.0051468116335982,"pass",TRUE,TRUE,TRUE,FALSE,0.0614029478935487,0.925412357474576,0.952605906587184,0.938597112888581,"anchored sequential hurdle updates",0,783,2.9860000000001,""
"Delaware",2025-03-29,"calendar","cumulative_poisson",2817.98505039294,0,0.000383548981067405,"pass",TRUE,TRUE,TRUE,TRUE,0.087257281879464,0.74036539856487,0.91274395440145,0.91274395440145,"anchored independent signed-Poisson update approximation",0,1890,3.29700000000003,""
"Delaware",2025-03-29,"calendar","cumulative_nb",2952.16441955329,0,0.000558922559017988,"pass",TRUE,TRUE,TRUE,TRUE,0.090626971195229,0.76502363397155,0.913020411840054,0.909374763216984,"anchored independent signed-Poisson update approximation",0,1890,5.44100000000003,"NA/NaN function evaluation"
"Delaware",2025-03-29,"calendar","hurdle_ztnb",582.388256552744,0,0.000181171922698731,"pass",TRUE,TRUE,TRUE,FALSE,0.0834604153136493,0.801153634717138,0.916558894771759,0.916558894771759,"anchored sequential hurdle updates",11,1890,4.18399999999997,""
"Delaware",2025-03-29,"calendar","hurdle_ztpoisson",576.788742545082,0,0.000854108036435264,"pass",TRUE,TRUE,TRUE,FALSE,0.16519812253247,0.745617489692847,0.834825515069896,0.834825515069896,"anchored sequential hurdle updates",3,1890,3.92900000000009,""
"Delaware",2025-03-29,"compressed","cumulative_poisson",2099.8739030499,0,0.00174715746742882,"pass",TRUE,TRUE,TRUE,TRUE,0.13515184924778,0.81574884263056,0.864855509341079,0.864855509341079,"anchored independent signed-Poisson update approximation",0,945,2.99599999999987,""
"Delaware",2025-03-29,"compressed","cumulative_nb",2279.31978175331,0,0.000893044569474519,"pass",TRUE,TRUE,TRUE,TRUE,0.137866191979131,0.816717696657943,0.862141416645942,0.862141416645942,"anchored independent signed-Poisson update approximation",0,945,3.10799999999995,""
"Delaware",2025-03-29,"compressed","hurdle_ztnb",380.179740469647,0,0.000138044267315091,"pass",TRUE,TRUE,TRUE,FALSE,0.0600326400119183,0.862775897654094,0.939974152212986,0.939974152212986,"anchored sequential hurdle updates",17,945,3.50599999999986,""
"Delaware",2025-03-29,"compressed","hurdle_ztpoisson",342.517417980924,0,0.00268284194382906,"pass",TRUE,TRUE,TRUE,FALSE,0.0656343931571048,0.873129519168783,0.934367483229764,0.934367483229764,"anchored sequential hurdle updates",3,945,2.98199999999997,""
"Delaware",2025-04-26,"calendar","cumulative_poisson",3084.11107853211,0,0.00211372650764385,"pass",TRUE,TRUE,TRUE,TRUE,0.0909188948222508,0.738980006004525,0.909083651886356,0.909083651886356,"anchored independent signed-Poisson update approximation",2,1998,3.28500000000008,""
"Delaware",2025-04-26,"calendar","cumulative_nb",3233.21401151869,0,0.000402083339391457,"pass",TRUE,TRUE,TRUE,TRUE,0.0908152212091011,0.762178146907419,0.909187519862263,0.909187519862263,"anchored independent signed-Poisson update approximation",2,1998,5.09699999999998,"NA/NaN function evaluation"
"Delaware",2025-04-26,"calendar","hurdle_ztnb",611.645687317954,0,0.000596385215374445,"pass",TRUE,TRUE,TRUE,FALSE,0.0795214137601243,0.796214778522338,0.920498063155934,0.920498063155934,"anchored sequential hurdle updates",23,1998,3.43100000000004,""
"Delaware",2025-04-26,"calendar","hurdle_ztpoisson",602.119773019994,0,0.00162181572485246,"pass",TRUE,TRUE,TRUE,FALSE,0.160226231145952,0.755671614992789,0.839790759032626,0.839790759032626,"anchored sequential hurdle updates",13,1998,3.40999999999985,"NA/NaN function evaluation"
"Delaware",2025-04-26,"compressed","cumulative_poisson",2388.94487242433,0,0.000719118353986692,"pass",TRUE,TRUE,TRUE,TRUE,0.131688946237296,0.814840501983425,0.868319271478085,0.868319271478085,"anchored independent signed-Poisson update approximation",2,1053,1.97900000000004,""
"Delaware",2025-04-26,"compressed","cumulative_nb",2576.32624297289,0,0.00381300824518888,"pass",TRUE,TRUE,TRUE,TRUE,0.133810516782078,0.815547607144826,0.866197658703862,0.866197658703862,"anchored independent signed-Poisson update approximation",1,1053,2.42200000000003,""
"Delaware",2025-04-26,"compressed","hurdle_ztnb",405.690259663457,0,0.000177174947182474,"pass",TRUE,TRUE,TRUE,FALSE,0.0566496937282455,0.861732381940926,0.943356839285042,0.943356839285042,"anchored sequential hurdle updates",27,1053,2.83600000000001,""
"Delaware",2025-04-26,"compressed","hurdle_ztpoisson",363.91567556404,0,0.0014952775670024,"pass",TRUE,TRUE,TRUE,FALSE,0.0589550556914304,0.875209588822026,0.941045398686265,0.941045398686265,"anchored sequential hurdle updates",10,1053,2.68200000000002,""
"Delaware",2025-05-31,"calendar","cumulative_poisson",3435.1189182474,0,0.000501064035393073,"pass",TRUE,TRUE,TRUE,TRUE,0.0931531818641264,0.738054243332445,0.906850383118174,0.906850383118174,"anchored independent signed-Poisson update approximation",33,2133,3.00699999999983,""
"Delaware",2025-05-31,"calendar","cumulative_nb",3600.32367957854,0,0.000677139012142252,"pass",TRUE,TRUE,TRUE,TRUE,0.0916420709535952,0.75837496952085,0.908361614336707,0.908361614336707,"anchored independent signed-Poisson update approximation",36,2133,6.80300000000011,"NA/NaN function evaluation"
"Delaware",2025-05-31,"calendar","hurdle_ztnb",631.668032711795,0,0.000161432051382526,"pass",TRUE,TRUE,TRUE,FALSE,0.0736265319667814,0.798562606410296,0.92639214988588,0.92639214988588,"anchored sequential hurdle updates",60,2133,3.60699999999997,""
"Delaware",2025-05-31,"calendar","hurdle_ztpoisson",620.122307206717,0,0.00272893736523701,"pass",TRUE,TRUE,TRUE,FALSE,0.152851427166903,0.757424435736941,0.847161374624321,0.847161374624321,"anchored sequential hurdle updates",29,2133,3.53400000000011,""
"Delaware",2025-05-31,"compressed","cumulative_poisson",2727.76561728508,0,0.00126784340672825,"pass",TRUE,TRUE,TRUE,TRUE,0.133080132716123,0.81291489358855,0.866928806916033,0.866928806916033,"anchored independent signed-Poisson update approximation",52,1188,2.34800000000018,""
"Delaware",2025-05-31,"compressed","cumulative_nb",2923.19638265252,0,0.00375159214970669,"pass",TRUE,TRUE,TRUE,TRUE,0.134825632793243,0.813533320580598,0.865183172367199,0.865183172367199,"anchored independent signed-Poisson update approximation",44,1188,2.62599999999998,""
"Delaware",2025-05-31,"compressed","hurdle_ztnb",427.11012615189,0,0.000217390739463807,"pass",TRUE,TRUE,TRUE,FALSE,0.050686483951271,0.866872058478773,0.949319372261668,0.949319372261668,"anchored sequential hurdle updates",42,1188,2.71100000000001,""
"Delaware",2025-05-31,"compressed","hurdle_ztpoisson",380.615581320439,0,0.00110798517801105,"pass",TRUE,TRUE,TRUE,FALSE,0.0545505357445175,0.875300679708835,0.945449721304498,0.945449721304498,"anchored sequential hurdle updates",13,1188,2.72900000000004,""
"District of Columbia",2025-01-02,"calendar","cumulative_poisson",2315.01264952495,0,0.000177084227978797,"pass",TRUE,TRUE,TRUE,TRUE,0.0878199102414676,0.822941095671965,0.912184139687229,0.912184139687229,"anchored independent signed-Poisson update approximation",1,1539,2.22199999999998,""
"District of Columbia",2025-01-02,"calendar","cumulative_nb",2485.34423286364,0,0.000484182682487538,"pass",TRUE,TRUE,TRUE,TRUE,0.0869626673494992,0.821320993355426,0.913041437907864,0.913041437907864,"anchored independent signed-Poisson update approximation",0,1539,3.79999999999995,""
"District of Columbia",2025-01-02,"calendar","hurdle_ztnb",469.247958629201,0,6.22306182922472e-05,"pass",TRUE,TRUE,TRUE,FALSE,0.0330453564632508,0.875670724990296,0.966959785853498,0.966959785853498,"anchored sequential hurdle updates",4,1539,3.18100000000004,""
"District of Columbia",2025-01-02,"calendar","hurdle_ztpoisson",468.280354891127,0,0.000743824207513288,"pass",TRUE,TRUE,TRUE,FALSE,0.0392302033380377,0.856308417390919,0.960776558993714,0.960776558993714,"anchored sequential hurdle updates",3,1539,3.41399999999999,""
"District of Columbia",2025-01-02,"compressed","cumulative_poisson",1389.66073200438,0,0.00169269888417611,"pass",TRUE,TRUE,TRUE,TRUE,0.120170381032937,0.80835559272822,0.879837040848599,0.879837040848599,"anchored independent signed-Poisson update approximation",0,648,1.81399999999985,""
"District of Columbia",2025-01-02,"compressed","cumulative_nb",1545.28154449003,0,0.000213346895249132,"pass",TRUE,TRUE,TRUE,TRUE,0.119358597458628,0.808013990497797,0.88064886974394,0.88064886974394,"anchored independent signed-Poisson update approximation",0,648,2.00299999999993,""
"District of Columbia",2025-01-02,"compressed","hurdle_ztnb",286.604007791379,0,0.000100114800300366,"pass",TRUE,TRUE,TRUE,FALSE,0.0425949136700345,0.882422775769522,0.957407926349631,0.957407926349631,"anchored sequential hurdle updates",4,648,2.53400000000011,""
"District of Columbia",2025-01-02,"compressed","hurdle_ztpoisson",280.046885385839,0,0.00097691199517369,"pass",TRUE,TRUE,TRUE,FALSE,0.0355860298928332,0.902796196425393,0.964414058824054,0.964414058824054,"anchored sequential hurdle updates",1,648,2.38299999999981,""
"District of Columbia",2025-02-15,"calendar","cumulative_poisson",2734.38548732359,0,0.00173820868980135,"pass",TRUE,TRUE,TRUE,TRUE,0.0622050636700318,0.746218608232177,0.937795820380829,0.937795820380829,"anchored independent signed-Poisson update approximation",0,1728,2.53099999999995,""
"District of Columbia",2025-02-15,"calendar","cumulative_nb",2890.17993135791,0,0.000899820948627283,"pass",TRUE,TRUE,TRUE,TRUE,0.0651189172441587,0.741050027774462,0.934882130539526,0.934882130539526,"anchored independent signed-Poisson update approximation",1,1728,3.55899999999997,""
"District of Columbia",2025-02-15,"calendar","hurdle_ztnb",602.531086769729,0,0.000141332924346038,"pass",TRUE,TRUE,TRUE,FALSE,0.0414263996366465,0.837979572589273,0.958579583433024,0.958579583433024,"anchored sequential hurdle updates",4,1728,3.24299999999994,""
"District of Columbia",2025-02-15,"calendar","hurdle_ztpoisson",619.217245813023,0,0.00367784578786079,"pass",TRUE,TRUE,TRUE,FALSE,0.0471799861767688,0.803306937021097,0.952829863011221,0.952829863011221,"anchored sequential hurdle updates",0,1728,3.21600000000012,""
"District of Columbia",2025-02-15,"compressed","cumulative_poisson",1755.56704784748,0,0.000342618806948636,"pass",TRUE,TRUE,TRUE,TRUE,0.0841214019594831,0.827710668530605,0.915883972073267,0.915883972073267,"anchored independent signed-Poisson update approximation",0,783,1.81600000000003,""
"District of Columbia",2025-02-15,"compressed","cumulative_nb",1922.13108115595,0,0.000351443395917445,"pass",TRUE,TRUE,TRUE,TRUE,0.0863059412605449,0.824532052029785,0.913699635570075,0.913699635570075,"anchored independent signed-Poisson update approximation",0,783,2.08400000000006,""
"District of Columbia",2025-02-15,"compressed","hurdle_ztnb",373.444915822979,0,0.000226931083710524,"pass",TRUE,TRUE,TRUE,FALSE,0.039543087602048,0.862009026738151,0.960458713509455,0.960458713509455,"anchored sequential hurdle updates",0,783,2.58600000000001,""
"District of Columbia",2025-02-15,"compressed","hurdle_ztpoisson",354.937908895775,0,0.000191044529832318,"pass",TRUE,TRUE,TRUE,FALSE,0.0285907147858342,0.898167842230976,0.971410607350796,0.971410607350796,"anchored sequential hurdle updates",0,783,2.52800000000002,""
"District of Columbia",2025-03-29,"calendar","cumulative_poisson",3090.1359878603,0,0.0012333891223073,"pass",TRUE,TRUE,TRUE,TRUE,0.0668632647346676,0.757592619697472,0.93313960916462,0.93313960916462,"anchored independent signed-Poisson update approximation",0,1890,2.84999999999991,""
"District of Columbia",2025-03-29,"calendar","cumulative_nb",3257.84576378356,0,0.000859049912331655,"pass",TRUE,TRUE,TRUE,TRUE,0.0655260722362247,0.751382724723475,0.934476502029482,0.934476502029482,"anchored independent signed-Poisson update approximation",0,1890,4.12699999999995,"NA/NaN function evaluation"
"District of Columbia",2025-03-29,"calendar","hurdle_ztnb",709.831181731842,0,0.000320818574022219,"pass",TRUE,TRUE,TRUE,FALSE,0.0322611083143437,0.831088429279943,0.967744248577183,0.967744248577183,"anchored sequential hurdle updates",0,1890,3.39600000000019,""
"District of Columbia",2025-03-29,"calendar","hurdle_ztpoisson",755.131532364141,0,0.00418890015900342,"pass",TRUE,TRUE,TRUE,FALSE,0.0418056754571061,0.791847466315851,0.958210952942178,0.958210952942178,"anchored sequential hurdle updates",0,1890,3.43700000000013,""
"District of Columbia",2025-03-29,"compressed","cumulative_poisson",2204.96206808082,0,0.00103276346126688,"pass",TRUE,TRUE,TRUE,TRUE,0.0725063632852326,0.825096094360328,0.927496937244834,0.927496937244834,"anchored independent signed-Poisson update approximation",0,945,1.82099999999991,""
"District of Columbia",2025-03-29,"compressed","cumulative_nb",2384.66789711109,0,0.00315147844797736,"pass",TRUE,TRUE,TRUE,TRUE,0.0728693801193738,0.823566888527194,0.927133901593332,0.927133901593332,"anchored independent signed-Poisson update approximation",0,945,2.29299999999989,""
"District of Columbia",2025-03-29,"compressed","hurdle_ztnb",476.113619883528,0,0.000472589711028926,"pass",TRUE,TRUE,TRUE,FALSE,0.0298033002821421,0.860654666964546,0.970199700230096,0.970199700230096,"anchored sequential hurdle updates",0,945,2.80200000000013,""
"District of Columbia",2025-03-29,"compressed","hurdle_ztpoisson",477.128806366421,0,0.000894928162623723,"pass",TRUE,TRUE,TRUE,FALSE,0.0901450844668509,0.872902356383147,0.933406112513009,0.909877810081915,"anchored sequential hurdle updates",0,945,2.70799999999986,""
"District of Columbia",2025-04-26,"calendar","cumulative_poisson",3365.16159718232,0,0.000417653661036743,"pass",TRUE,TRUE,TRUE,TRUE,0.0735638936959779,0.770775346037298,0.926440218490217,0.926440218490217,"anchored independent signed-Poisson update approximation",0,1998,2.75699999999983,""
"District of Columbia",2025-04-26,"calendar","cumulative_nb",3542.4146614734,0,0.00034248644106653,"pass",TRUE,TRUE,TRUE,TRUE,0.0715784192162365,0.767210085037241,0.928425310250335,0.928425310250335,"anchored independent signed-Poisson update approximation",1,1998,6.80400000000009,""
"District of Columbia",2025-04-26,"calendar","hurdle_ztnb",830.150931549197,0,0.000772157931280049,"pass",TRUE,TRUE,TRUE,FALSE,0.0632607502348702,0.810455421075624,0.936765447725407,0.936765447725407,"anchored sequential hurdle updates",30,1998,3.77800000000002,""
"District of Columbia",2025-04-26,"calendar","hurdle_ztpoisson",883.952595180795,0,0.00341960940716923,"pass",TRUE,TRUE,TRUE,FALSE,0.162646948284459,0.788408386017959,0.87705494319256,0.837482054345244,"anchored sequential hurdle updates",9,1998,3.548,""
"District of Columbia",2025-04-26,"compressed","cumulative_poisson",2508.73002398117,0,0.000693849465757068,"pass",TRUE,TRUE,TRUE,TRUE,0.0797708099522708,0.831032712487027,0.920233353699361,0.920233353699361,"anchored independent signed-Poisson update approximation",0,1053,2.02599999999984,""
"District of Columbia",2025-04-26,"compressed","cumulative_nb",2696.70582325495,0,0.000987141782835488,"pass",TRUE,TRUE,TRUE,TRUE,0.079958846101283,0.830124037674354,0.920045237377395,0.920045237377395,"anchored independent signed-Poisson update approximation",0,1053,2.42200000000003,""
"District of Columbia",2025-04-26,"compressed","hurdle_ztnb",583.574873907299,0,0.000241452818037224,"pass",TRUE,TRUE,TRUE,FALSE,0.0625167618518233,0.855259850928989,0.937505986909898,0.937505986909898,"anchored sequential hurdle updates",46,1053,3.01200000000017,""
"District of Columbia",2025-04-26,"compressed","hurdle_ztpoisson",591.489357547652,0,0.00406127350233154,"pass",TRUE,TRUE,TRUE,FALSE,0.146037904611519,0.852354510494901,0.927392155592038,0.854026494133448,"anchored sequential hurdle updates",13,1053,2.92099999999982,""
"District of Columbia",2025-05-31,"calendar","cumulative_poisson",3723.04254980023,0,0.000815675749057609,"pass",TRUE,TRUE,TRUE,TRUE,0.0747296397882822,0.776495970260936,0.925273074458252,0.925273074458252,"anchored independent signed-Poisson update approximation",1,2133,2.93000000000006,""
"District of Columbia",2025-05-31,"calendar","cumulative_nb",3911.78053704346,0,0.00223577044915979,"pass",TRUE,TRUE,TRUE,TRUE,0.0733982049169325,0.773497561506919,0.926604419285927,0.926604419285927,"anchored independent signed-Poisson update approximation",1,2133,7.11599999999999,""
"District of Columbia",2025-05-31,"calendar","hurdle_ztnb",865.442292498164,0,0.000316012282903344,"pass",TRUE,TRUE,TRUE,FALSE,0.0594079377830255,0.812437021773891,0.940617540854818,0.940617540854818,"anchored sequential hurdle updates",37,2133,4.01700000000005,""
"District of Columbia",2025-05-31,"calendar","hurdle_ztpoisson",915.944925705043,0,0.00513282475793791,"pass",TRUE,TRUE,TRUE,FALSE,0.146132986443436,0.793832111124285,0.881041644241622,0.853969189734918,"anchored sequential hurdle updates",21,2133,3.58699999999999,""
"District of Columbia",2025-05-31,"compressed","cumulative_poisson",2862.10888296545,0,0.00219019404725573,"pass",TRUE,TRUE,TRUE,TRUE,0.0829062360073334,0.833035404212793,0.91709691388932,0.91709691388932,"anchored independent signed-Poisson update approximation",0,1188,2.10900000000015,""
"District of Columbia",2025-05-31,"compressed","cumulative_nb",3059.09039958241,0,0.00397608052694393,"pass",TRUE,TRUE,TRUE,TRUE,0.0829342454195629,0.832355795610009,0.917068918616219,0.917068918616219,"anchored independent signed-Poisson update approximation",1,1188,2.61400000000003,""
"District of Columbia",2025-05-31,"compressed","hurdle_ztnb",615.604629404437,0,0.000113387929866704,"pass",TRUE,TRUE,TRUE,FALSE,0.0605247903279542,0.854884473323357,0.939497843121154,0.939497843121154,"anchored sequential hurdle updates",73,1188,3.08000000000015,""
"District of Columbia",2025-05-31,"compressed","hurdle_ztpoisson",618.557751589652,0,0.00239191863102439,"pass",TRUE,TRUE,TRUE,FALSE,0.144951298469892,0.850636882496125,0.927874283835366,0.855100536455187,"anchored sequential hurdle updates",37,1188,2.9849999999999,""
"Florida",2025-01-02,"compressed","cumulative_poisson",2841.93250046373,0,0.00057691755344802,"pass",TRUE,TRUE,TRUE,TRUE,0.0337200353105804,0.945747142836372,0.966282659488928,0.966282659488928,"anchored independent signed-Poisson update approximation",0,648,1.67499999999995,""
"Florida",2025-01-02,"compressed","cumulative_nb",3131.23618174399,0,0.000146977989350816,"pass",TRUE,TRUE,TRUE,TRUE,0.041901008907142,0.937184560686741,0.958102200613194,0.958102200613194,"anchored independent signed-Poisson update approximation",0,648,1.99900000000002,""
"Florida",2025-01-02,"compressed","hurdle_ztnb",877.252359334865,0,0.00160495728983445,"pass",TRUE,TRUE,TRUE,FALSE,0.0133442424188767,0.962744352606577,0.986658124436238,0.986658124436238,"anchored sequential hurdle updates",0,648,3.15699999999993,""
"Florida",2025-01-02,"compressed","hurdle_ztpoisson",1002.00396399154,0,0.0185750173173602,"pass",TRUE,TRUE,TRUE,FALSE,0.0102833905541117,0.971246987592235,0.989718785602074,0.989718785602074,"anchored sequential hurdle updates",0,648,3.00099999999998,""
"Florida",2025-02-15,"calendar","cumulative_poisson",22544.0245089856,0,0.0051109670552254,"pass",TRUE,TRUE,TRUE,TRUE,0.00203988662179208,0.777898551687861,0.997960113511522,0.997960113511522,"anchored independent signed-Poisson update approximation",0,1728,2.84400000000005,""
"Florida",2025-02-15,"calendar","cumulative_nb",10326.7916975305,0,0.000916147148102509,"pass",TRUE,TRUE,TRUE,TRUE,0.0595290952055539,0.381450913398428,0.940532135252766,0.940532135252766,"anchored independent signed-Poisson update approximation",0,1728,3.81700000000001,""
"Florida",2025-02-15,"calendar","hurdle_ztnb",1542.17946643259,0,0.00139609398076512,"pass",TRUE,TRUE,TRUE,FALSE,0.035040834257189,0.848211606212326,0.964971293755644,0.964971293755644,"anchored sequential hurdle updates",1,1728,4.30099999999993,""
"Florida",2025-02-15,"calendar","hurdle_ztpoisson",4287.08423808327,0,0.00980505472978166,"pass",TRUE,TRUE,TRUE,FALSE,0.0492872427963012,0.940717960408329,0.978156799275696,0.950714601305546,"anchored sequential hurdle updates",1,1728,4.75199999999995,""
"Florida",2025-02-15,"compressed","cumulative_poisson",3476.54005904746,0,0.00280465049640988,"pass",TRUE,TRUE,TRUE,TRUE,0.00701806275565315,0.952981192983555,0.999999252262655,0.992981937244347,"anchored independent signed-Poisson update approximation",0,783,1.79700000000003,""
"Florida",2025-02-15,"compressed","cumulative_nb",3760.89146901579,0,0.0070094933349325,"pass",TRUE,TRUE,TRUE,TRUE,0.00691588083457627,0.958415436618622,0.999999679519239,0.993084119165424,"anchored independent signed-Poisson update approximation",0,783,2.08600000000001,""
"Florida",2025-02-15,"compressed","hurdle_ztnb",1050.18985131797,0,0.00480200179107304,"pass",TRUE,TRUE,TRUE,FALSE,0.0190116519216963,0.942107339940275,0.981194130215492,0.980989058283732,"anchored sequential hurdle updates",0,783,3.39599999999996,""
"Florida",2025-02-15,"compressed","hurdle_ztpoisson",1874.21846178846,0,0.00241710279592633,"pass",TRUE,TRUE,TRUE,FALSE,0.0154068690761228,0.954554256338228,0.984730567736987,0.984593794274152,"anchored sequential hurdle updates",0,783,3.26900000000001,""
"Florida",2025-03-29,"calendar","cumulative_poisson",23701.5950015748,0,0.00263853415326742,"pass",TRUE,TRUE,TRUE,TRUE,0.00183016387802842,0.785914366068734,0.998169852994199,0.998169852994199,"anchored independent signed-Poisson update approximation",0,1890,2.96299999999997,""
"Florida",2025-03-29,"calendar","cumulative_nb",11519.7561601319,0,0.00204288358107718,"pass",TRUE,TRUE,TRUE,TRUE,0.063110516367237,0.373951822710884,0.936965957320952,0.936965957320952,"anchored independent signed-Poisson update approximation",0,1890,5.30299999999988,""
"Florida",2025-03-29,"calendar","hurdle_ztnb",1781.20074968821,0,0.00021066349571619,"pass",TRUE,TRUE,TRUE,FALSE,0.0315878189912193,0.836764151318439,0.968425602790799,0.968425602790799,"anchored sequential hurdle updates",1,1890,4.57400000000007,""
"Florida",2025-03-29,"calendar","hurdle_ztpoisson",5749.33158725529,0,0.00604348293289547,"pass",TRUE,TRUE,TRUE,FALSE,0.0504283197526565,0.936651214492894,0.972796864593914,0.949574231199885,"anchored sequential hurdle updates",0,1890,4.95900000000006,""
"Florida",2025-03-29,"compressed","cumulative_poisson",4312.42495483927,0,0.00132760257213249,"pass",TRUE,TRUE,TRUE,TRUE,0.00186129059352135,0.934125230062403,0.998209434088552,0.998138709516905,"anchored independent signed-Poisson update approximation",0,945,1.91099999999983,""
"Florida",2025-03-29,"compressed","cumulative_nb",4580.33644424457,0,0.0145844102733512,"pass",TRUE,TRUE,TRUE,TRUE,0.0051078300481071,0.943773490235779,1,0.994892169951893,"anchored independent signed-Poisson update approximation",0,945,2.60800000000017,"NA/NaN function evaluation"
"Florida",2025-03-29,"compressed","hurdle_ztnb",1276.94322405404,0,0.00122989979114596,"pass",TRUE,TRUE,TRUE,FALSE,0.0300811873044651,0.897438046520336,0.969935970938436,0.969935970938436,"anchored sequential hurdle updates",0,945,3.7349999999999,""
"Florida",2025-03-29,"compressed","hurdle_ztpoisson",3159.8117476169,0,0.01143081271199,"pass",TRUE,TRUE,TRUE,FALSE,0.0239511936590871,0.93687956343618,0.976055226420541,0.976055226420541,"anchored sequential hurdle updates",0,945,3.721,""
"Florida",2025-04-26,"calendar","cumulative_poisson",24312.6452250017,0,0.0039759270155934,"pass",TRUE,TRUE,TRUE,TRUE,0.00193310760634747,0.789833098714027,0.998066932987872,0.998066932987872,"anchored independent signed-Poisson update approximation",0,1998,3.25600000000009,""
"Florida",2025-04-26,"calendar","cumulative_nb",12359.9079188279,0,0.00128996630965428,"pass",TRUE,TRUE,TRUE,TRUE,0.0636487978797878,0.386183487326821,0.936429510283952,0.936429510283952,"anchored independent signed-Poisson update approximation",0,1998,4.74900000000002,""
"Florida",2025-04-26,"calendar","hurdle_ztnb",1858.77782741169,0,0.000643748458323046,"pass",TRUE,TRUE,TRUE,FALSE,0.0292890005567727,0.838918650785407,0.970723765729963,0.970723765729963,"anchored sequential hurdle updates",5,1998,5.00399999999991,""
"Florida",2025-04-26,"calendar","hurdle_ztpoisson",5878.43621447721,0,0.0104773352145556,"pass",TRUE,TRUE,TRUE,FALSE,0.0505478847549478,0.936272057627274,0.972306392789165,0.949454722598586,"anchored sequential hurdle updates",0,1998,5.07300000000009,""
"Florida",2025-04-26,"compressed","cumulative_poisson",4816.00337389941,0,0.00184024195083127,"pass",TRUE,TRUE,TRUE,TRUE,0.00156972870533763,0.928804201928787,0.998430271374437,0.998430271374437,"anchored independent signed-Poisson update approximation",0,1053,1.98000000000002,""
"Florida",2025-04-26,"compressed","cumulative_nb",5094.66367682363,0,0.027322861980377,"pass",TRUE,TRUE,TRUE,TRUE,0.0019433227544477,0.938871056499096,0.998994840017131,0.998056677417232,"anchored independent signed-Poisson update approximation",0,1053,2.80799999999999,""
"Florida",2025-04-26,"compressed","hurdle_ztnb",1352.22732497491,0,0.000104987832497017,"pass",TRUE,TRUE,TRUE,FALSE,0.0274556920841628,0.900836355261811,0.972559724066145,0.972559724066145,"anchored sequential hurdle updates",0,1053,3.82099999999991,""
"Florida",2025-04-26,"compressed","hurdle_ztpoisson",3287.59954962853,0,0.0306073894826066,"pass",TRUE,TRUE,TRUE,FALSE,0.024236211475637,0.937362557047113,0.975769491793557,0.975769491793557,"anchored sequential hurdle updates",0,1053,3.74300000000017,""
"Florida",2025-05-31,"calendar","cumulative_poisson",25000.7163489028,0,0.0245667215870986,"pass",TRUE,TRUE,TRUE,TRUE,0.00179723629984106,0.792569945970025,0.998202810798231,0.998202810798231,"anchored independent signed-Poisson update approximation",0,2133,3.50499999999988,""
"Florida",2025-05-31,"calendar","cumulative_nb",13417.7074238541,0,0.00063134642318019,"pass",TRUE,TRUE,TRUE,TRUE,0.0669183773733,0.404711773237398,0.933162825260879,0.933162825260879,"anchored independent signed-Poisson update approximation",0,2133,5.91100000000006,""
"Florida",2025-05-31,"calendar","hurdle_ztnb",1981.98180013245,0,0.000469739947624781,"pass",TRUE,TRUE,TRUE,FALSE,0.0257455779851486,0.844478490096108,0.974265111920615,0.974265111920615,"anchored sequential hurdle updates",6,2133,5.03199999999993,""
"Florida",2025-05-31,"calendar","hurdle_ztpoisson",6096.65623853298,0,0.0146932782380153,"pass",TRUE,TRUE,TRUE,FALSE,0.0511043178061613,0.934216897069855,0.969499584126954,0.948898662278835,"anchored sequential hurdle updates",0,2133,5.25700000000006,""
"Florida",2025-05-31,"compressed","cumulative_poisson",5418.94915384981,0,0.00789305340175023,"pass",TRUE,TRUE,TRUE,TRUE,0.00131747723426947,0.926139614032039,0.998682523274,0.998682523274,"anchored independent signed-Poisson update approximation",0,1188,2.17499999999995,""
"Florida",2025-05-31,"compressed","cumulative_nb",5711.77232989083,0,0.0014940333907979,"pass",TRUE,TRUE,TRUE,TRUE,0.00182761282731547,0.931769294210341,0.998172387262494,0.998172387262494,"anchored independent signed-Poisson update approximation",0,1188,2.96100000000001,""
"Florida",2025-05-31,"compressed","hurdle_ztnb",1465.43567301774,0,9.66960026358432e-05,"pass",TRUE,TRUE,TRUE,FALSE,0.0229442475082053,0.905074277014628,0.977067104229389,0.977067104229389,"anchored sequential hurdle updates",2,1188,4.10200000000009,""
"Florida",2025-05-31,"compressed","hurdle_ztpoisson",3399.66626736178,0,0.0349471964359767,"pass",TRUE,TRUE,TRUE,FALSE,0.0236981071887166,0.936730213379442,0.976306993748577,0.976306993748577,"anchored sequential hurdle updates",0,1188,4.10299999999984,""
"Georgia",2025-02-15,"calendar","cumulative_poisson",6645.44368634218,0,0.000875572828616278,"pass",TRUE,TRUE,TRUE,TRUE,0.00839461564668286,0.769666970015877,0.9994383422219,0.991605384398281,"anchored independent signed-Poisson update approximation",0,1728,2.70999999999981,""
"Georgia",2025-02-15,"calendar","cumulative_nb",5922.81961588039,0,0.00404024182348728,"pass",TRUE,TRUE,TRUE,TRUE,0.019203034076829,0.763341208862622,0.980797478459858,0.980797478459858,"anchored independent signed-Poisson update approximation",0,1728,4.28200000000015,"NA/NaN function evaluation"
"Georgia",2025-02-15,"calendar","hurdle_ztnb",1204.75067907181,0,0.000155875116611526,"pass",TRUE,TRUE,TRUE,FALSE,0.0190865700517496,0.84700334638485,0.980915542415811,0.980915542415811,"anchored sequential hurdle updates",1,1728,3.95100000000002,""
"Georgia",2025-02-15,"calendar","hurdle_ztpoisson",2472.21494846733,0,0.012659078141163,"pass",TRUE,TRUE,TRUE,FALSE,0.149099050422117,0.830910033330243,0.904743390213901,0.850913436542514,"anchored sequential hurdle updates",4,1728,4.11900000000014,""
"Georgia",2025-03-29,"calendar","cumulative_poisson",7280.71399526902,0,0.000943796221752002,"pass",TRUE,TRUE,TRUE,TRUE,0.00409445252537169,0.763917241813704,0.99590554785029,0.99590554785029,"anchored independent signed-Poisson update approximation",0,1890,3.54899999999998,""
"Georgia",2025-03-29,"calendar","cumulative_nb",6556.20750463673,0,0.0118691772355364,"pass",TRUE,TRUE,TRUE,TRUE,0.0147835956002503,0.766959897651925,0.985217035801348,0.985217035801348,"anchored independent signed-Poisson update approximation",0,1890,5.05199999999991,"NA/NaN function evaluation"
"Georgia",2025-03-29,"calendar","hurdle_ztnb",1428.51729671735,0,0.00239554641255513,"pass",TRUE,TRUE,TRUE,FALSE,0.015516792390224,0.827481134122436,0.984486346724363,0.984486346724363,"anchored sequential hurdle updates",1,1890,4.62000000000012,""
"Georgia",2025-03-29,"calendar","hurdle_ztpoisson",3246.1715105516,0,0.0370329408364061,"pass",TRUE,TRUE,TRUE,FALSE,0.0967680766615437,0.846042931734695,0.903251615177216,0.903251615177216,"anchored sequential hurdle updates",0,1890,4.92100000000005,""
"Georgia",2025-04-26,"calendar","cumulative_poisson",7708.69879630711,0,0.0174200182680697,"pass",TRUE,TRUE,TRUE,TRUE,0.00353832730803609,0.764939616639103,0.996461673475811,0.996461673475811,"anchored independent signed-Poisson update approximation",0,1998,3.14700000000016,""
"Georgia",2025-04-26,"calendar","cumulative_nb",7026.88377197001,0,0.00177418648562044,"pass",TRUE,TRUE,TRUE,TRUE,0.0129619646087588,0.773907536541742,0.987038662507351,0.987038662507351,"anchored independent signed-Poisson update approximation",0,1998,5.63099999999986,"NA/NaN function evaluation"
"Georgia",2025-04-26,"calendar","hurdle_ztnb",1515.55660927156,0,0.00174686625989073,"pass",TRUE,TRUE,TRUE,FALSE,0.0140284469107427,0.830795600990236,0.985974184003858,0.985974184003858,"anchored sequential hurdle updates",2,1998,4.84899999999993,""
"Georgia",2025-04-26,"calendar","hurdle_ztpoisson",3357.42676474761,0,0.023443245828644,"pass",TRUE,TRUE,TRUE,FALSE,0.0964067910302907,0.846100789056191,0.903612324520756,0.903612324520756,"anchored sequential hurdle updates",0,1998,4.87599999999998,""
"Georgia",2025-04-26,"compressed","cumulative_poisson",4103.62267435104,0,0.000884811476242864,"pass",TRUE,TRUE,TRUE,TRUE,0.00314770063942591,0.87327710839491,0.996852307373631,0.996852307373631,"anchored independent signed-Poisson update approximation",0,1053,2.16699999999992,""
"Georgia",2025-04-26,"compressed","cumulative_nb",4350.87045269138,0,0.00861902606385012,"pass",TRUE,TRUE,TRUE,TRUE,0.00415197311686852,0.875342635077486,0.995848038899496,0.995848038899496,"anchored independent signed-Poisson update approximation",0,1053,2.87800000000016,"NA/NaN function evaluation"
"Georgia",2025-04-26,"compressed","hurdle_ztnb",1151.42844806698,0,0.000259823395303949,"pass",TRUE,TRUE,TRUE,FALSE,0.0171203354331228,0.844497899399942,0.982887776424768,0.982887776424768,"anchored sequential hurdle updates",8,1053,4.02500000000009,""
"Georgia",2025-04-26,"compressed","hurdle_ztpoisson",2468.37255313098,0,0.0103212470216327,"pass",TRUE,TRUE,TRUE,FALSE,0.0233619725934937,0.875679866007992,0.976644524625162,0.976644524625162,"anchored sequential hurdle updates",0,1053,3.95499999999993,""
"Georgia",2025-05-31,"calendar","cumulative_poisson",8236.4035078686,0,0.0218630990095564,"pass",TRUE,TRUE,TRUE,TRUE,0.00306219224988421,0.765214254701003,0.996937809141683,0.996937809141683,"anchored independent signed-Poisson update approximation",0,2133,3.84199999999987,""
"Georgia",2025-05-31,"calendar","cumulative_nb",7625.84256839493,0,0.00120641982834258,"pass",TRUE,TRUE,TRUE,TRUE,0.010763278472313,0.781007655915361,0.989237244745195,0.989237244745195,"anchored independent signed-Poisson update approximation",0,2133,6.52199999999993,"NA/NaN function evaluation"
"Georgia",2025-05-31,"calendar","hurdle_ztnb",1619.72285934847,0,0.000477799532967893,"pass",TRUE,TRUE,TRUE,FALSE,0.0129611353270751,0.828193786235448,0.98704115643448,0.98704115643448,"anchored sequential hurdle updates",8,2133,5.16799999999989,""
"Georgia",2025-05-31,"calendar","hurdle_ztpoisson",3490.63613868524,0,0.0331571767801353,"pass",TRUE,TRUE,TRUE,FALSE,0.0962878567490355,0.840961389715779,0.903732629605295,0.903732629605295,"anchored sequential hurdle updates",0,2133,5.47900000000004,""
"Georgia",2025-05-31,"compressed","cumulative_poisson",4598.33759521961,0,0.00180289100355913,"pass",TRUE,TRUE,TRUE,TRUE,0.00261168545590937,0.871977356132532,0.997388328411364,0.997388328411364,"anchored independent signed-Poisson update approximation",0,1188,2.28700000000003,""
"Georgia",2025-05-31,"compressed","cumulative_nb",4856.50818112192,0,0.00181829978338438,"pass",TRUE,TRUE,TRUE,TRUE,0.00334923224279862,0.873768877427122,0.996650788120458,0.996650788120458,"anchored independent signed-Poisson update approximation",0,1188,2.779,""
"Georgia",2025-05-31,"compressed","hurdle_ztnb",1252.41057321463,0,0.000800011236313125,"pass",TRUE,TRUE,TRUE,FALSE,0.0156310413937762,0.841409201172142,0.98437544304491,0.98437544304491,"anchored sequential hurdle updates",11,1188,4.39700000000016,""
"Georgia",2025-05-31,"compressed","hurdle_ztpoisson",2557.42988647444,0,0.00515330182017382,"pass",TRUE,TRUE,TRUE,FALSE,0.0213976719191098,0.872667866538654,0.9786080997937,0.9786080997937,"anchored sequential hurdle updates",0,1188,4.11300000000006,""
"Hawaii",2025-01-02,"calendar","cumulative_poisson",3075.72765203084,0,0.000297577699869489,"pass",TRUE,TRUE,TRUE,TRUE,0.0691075060685894,0.798338163690006,0.930897916717419,0.930897916717419,"anchored independent signed-Poisson update approximation",0,1539,2.35100000000011,""
"Hawaii",2025-01-02,"calendar","cumulative_nb",3246.82407690275,0,0.000425990505359547,"pass",TRUE,TRUE,TRUE,TRUE,0.0685698965386963,0.792982502973146,0.931435708513205,0.931435708513205,"anchored independent signed-Poisson update approximation",0,1539,3.35399999999981,""
"Hawaii",2025-01-02,"calendar","hurdle_ztnb",557.254810596621,0,0.00102544758591261,"pass",TRUE,TRUE,TRUE,FALSE,0.0121073957130262,0.767175223214681,0.987899827174431,0.987899827174431,"anchored sequential hurdle updates",2,1539,3.25600000000009,""
"Hawaii",2025-01-02,"calendar","hurdle_ztpoisson",562.094512835843,0,0.000647026592218047,"pass",TRUE,TRUE,TRUE,FALSE,0.0123934472973117,0.764881568433208,0.987613244629925,0.987613244629925,"anchored sequential hurdle updates",4,1539,3.21199999999999,""
"Hawaii",2025-01-02,"compressed","cumulative_poisson",1645.02196490539,0,0.000247486641711703,"pass",TRUE,TRUE,TRUE,TRUE,0.131034118600959,0.822666004167138,0.875951297498834,0.868973268161764,"anchored independent signed-Poisson update approximation",0,648,1.77399999999989,""
"Hawaii",2025-01-02,"compressed","cumulative_nb",1808.28959841344,0,0.00044751367203294,"pass",TRUE,TRUE,TRUE,TRUE,0.129817547460536,0.822198910855114,0.877524157734796,0.870189939318233,"anchored independent signed-Poisson update approximation",0,648,1.99199999999996,""
"Hawaii",2025-01-02,"compressed","hurdle_ztnb",284.617524985583,0,0.000458938210258886,"pass",TRUE,TRUE,TRUE,FALSE,0.0155093611828572,0.930726349338645,0.991501795118477,0.984491050558103,"anchored sequential hurdle updates",1,648,2.4849999999999,""
"Hawaii",2025-01-02,"compressed","hurdle_ztpoisson",279.277021764927,0,0.000681177125252397,"pass",TRUE,TRUE,TRUE,FALSE,0.015787469714948,0.929846796663655,0.991021560829435,0.984212940514153,"anchored sequential hurdle updates",0,648,2.43100000000004,""
"Hawaii",2025-02-15,"calendar","cumulative_poisson",3655.55735960004,0,0.00222819454118328,"pass",TRUE,TRUE,TRUE,TRUE,0.0607145610391072,0.677461711481676,0.939287653569981,0.939287653569981,"anchored independent signed-Poisson update approximation",0,1728,2.62599999999998,""
"Hawaii",2025-02-15,"calendar","cumulative_nb",3794.72687945436,0,0.000713130977121029,"pass",TRUE,TRUE,TRUE,TRUE,0.0635175890465594,0.694920857822447,0.936486215589374,0.936486215589374,"anchored independent signed-Poisson update approximation",0,1728,3.77800000000002,""
"Hawaii",2025-02-15,"calendar","hurdle_ztnb",683.679212503255,0,0.000272134986906036,"pass",TRUE,TRUE,TRUE,FALSE,0.0168936978033288,0.637308994059607,0.983119779484886,0.983119779484886,"anchored sequential hurdle updates",1,1728,3.57200000000012,""
"Hawaii",2025-02-15,"calendar","hurdle_ztpoisson",704.428000789723,0,0.00165000489552725,"pass",TRUE,TRUE,TRUE,FALSE,0.118899771711921,0.629165117682896,0.881236382087538,0.881236382087538,"anchored sequential hurdle updates",4,1728,3.38799999999992,""
"Hawaii",2025-02-15,"compressed","cumulative_poisson",1996.27662248584,0,0.000881381576345319,"pass",TRUE,TRUE,TRUE,TRUE,0.119285142083063,0.813212110730205,0.88696414305901,0.880719835798347,"anchored independent signed-Poisson update approximation",0,783,1.83600000000001,""
"Hawaii",2025-02-15,"compressed","cumulative_nb",2166.20612134969,0,0.00389591329757265,"pass",TRUE,TRUE,TRUE,TRUE,0.120505492685568,0.81448127417403,0.886360599043209,0.879499959384905,"anchored independent signed-Poisson update approximation",0,783,2.49699999999984,""
"Hawaii",2025-02-15,"compressed","hurdle_ztnb",354.197560875299,0,0.000350471314733536,"pass",TRUE,TRUE,TRUE,FALSE,0.0201765088220346,0.867829873018604,0.983784708167676,0.979824071294899,"anchored sequential hurdle updates",0,783,2.58200000000011,""
"Hawaii",2025-02-15,"compressed","hurdle_ztpoisson",342.90542114131,0,0.00187113149993845,"pass",TRUE,TRUE,TRUE,FALSE,0.0207271395012568,0.85622262967776,0.982866331707584,0.979273442581141,"anchored sequential hurdle updates",0,783,2.51299999999992,""
"Hawaii",2025-03-29,"calendar","cumulative_poisson",4066.99291179016,0,0.000479024618436297,"pass",TRUE,TRUE,TRUE,TRUE,0.0689074621836171,0.684654582222989,0.931101381601548,0.931101381601548,"anchored independent signed-Poisson update approximation",0,1890,2.95399999999995,""
"Hawaii",2025-03-29,"calendar","cumulative_nb",4215.09397374625,0,0.00106329762420174,"pass",TRUE,TRUE,TRUE,TRUE,0.0705194548861661,0.69859550824165,0.929489963731021,0.929489963731021,"anchored independent signed-Poisson update approximation",0,1890,4.23000000000002,""
"Hawaii",2025-03-29,"calendar","hurdle_ztnb",785.427296578436,0,0.000474281728166659,"pass",TRUE,TRUE,TRUE,FALSE,0.0138306904534173,0.647605924199811,0.986180230298868,0.986180230298868,"anchored sequential hurdle updates",0,1890,3.69699999999989,""
"Hawaii",2025-03-29,"calendar","hurdle_ztpoisson",801.275061454633,0,0.00316991047998276,"pass",TRUE,TRUE,TRUE,FALSE,0.0948476116642386,0.673974272935959,0.905254061025335,0.905254061025335,"anchored sequential hurdle updates",1,1890,3.73900000000003,""
"Hawaii",2025-03-29,"compressed","cumulative_poisson",2425.13429351049,0,0.00395970164736781,"pass",TRUE,TRUE,TRUE,TRUE,0.103643225784536,0.809988890453989,0.896360864301017,0.896360864301017,"anchored independent signed-Poisson update approximation",0,945,1.96000000000004,""
"Hawaii",2025-03-29,"compressed","cumulative_nb",2604.69987471226,0,0.00109144921630827,"pass",TRUE,TRUE,TRUE,TRUE,0.105852637397182,0.811481388461923,0.894151558858255,0.894151558858255,"anchored independent signed-Poisson update approximation",0,945,2.49900000000002,"NA/NaN function evaluation"
"Hawaii",2025-03-29,"compressed","hurdle_ztnb",450.753834977836,0,0.000208290971674074,"pass",TRUE,TRUE,TRUE,FALSE,0.0215807214842962,0.841424969259697,0.978422060420453,0.978422060420453,"anchored sequential hurdle updates",2,945,2.92100000000005,""
"Hawaii",2025-03-29,"compressed","hurdle_ztpoisson",430.972201603132,0,0.00244521111802578,"pass",TRUE,TRUE,TRUE,FALSE,0.0202884002125664,0.844887161780534,0.979905399110509,0.979712735677342,"anchored sequential hurdle updates",1,945,2.79899999999998,""
"Hawaii",2025-04-26,"calendar","cumulative_poisson",4366.820636885,0,0.00250497989863052,"pass",TRUE,TRUE,TRUE,TRUE,0.0735715966363145,0.691294132320279,0.926441025194192,0.926441025194192,"anchored independent signed-Poisson update approximation",0,1998,3.01299999999992,""
"Hawaii",2025-04-26,"calendar","cumulative_nb",4525.13065499199,0,0.00730076360436294,"pass",TRUE,TRUE,TRUE,TRUE,0.0743914579610268,0.704119056901505,0.925620784485322,0.925620784485322,"anchored independent signed-Poisson update approximation",0,1998,4.81100000000015,""
"Hawaii",2025-04-26,"calendar","hurdle_ztnb",824.706674986956,0,0.00114197659928017,"pass",TRUE,TRUE,TRUE,FALSE,0.0123512760355581,0.669233859844074,0.987657824411988,0.987657824411988,"anchored sequential hurdle updates",1,1998,3.904,""
"Hawaii",2025-04-26,"calendar","hurdle_ztpoisson",840.473335675286,0,0.00143840108732007,"pass",TRUE,TRUE,TRUE,FALSE,0.0855970705509817,0.695367520898391,0.914484240993357,0.914484240993357,"anchored sequential hurdle updates",0,1998,3.8599999999999,""
"Hawaii",2025-04-26,"compressed","cumulative_poisson",2719.74393402457,0,0.00426583177357287,"pass",TRUE,TRUE,TRUE,TRUE,0.101550458742474,0.80868485536617,0.898454799874906,0.898454799874906,"anchored independent signed-Poisson update approximation",0,1053,2.01299999999992,""
"Hawaii",2025-04-26,"compressed","cumulative_nb",2905.85794283794,0,0.00261559055676108,"pass",TRUE,TRUE,TRUE,TRUE,0.103903222104349,0.810072416323981,0.896101859374428,0.896101859374428,"anchored independent signed-Poisson update approximation",0,1053,2.5440000000001,""
"Hawaii",2025-04-26,"compressed","hurdle_ztnb",483.702106159406,0,0.000955380236496328,"pass",TRUE,TRUE,TRUE,FALSE,0.0177988553609555,0.849585414060409,0.982324946923329,0.982202775011538,"anchored sequential hurdle updates",2,1053,3.01099999999997,""
"Hawaii",2025-04-26,"compressed","hurdle_ztpoisson",461.301702466527,0,0.00295334529189262,"pass",TRUE,TRUE,TRUE,FALSE,0.0167370336498723,0.853231680419115,0.983516308000698,0.983263735343595,"anchored sequential hurdle updates",0,1053,3.29399999999987,""
"Hawaii",2025-05-31,"calendar","cumulative_poisson",4762.69878402986,0,0.000500712506906309,"pass",TRUE,TRUE,TRUE,TRUE,0.0759997534458392,0.701260641216602,0.924014428509813,0.924014428509813,"anchored independent signed-Poisson update approximation",0,2133,3.25799999999981,""
"Hawaii",2025-05-31,"calendar","cumulative_nb",4933.84655772492,0,0.000402051047103669,"pass",TRUE,TRUE,TRUE,TRUE,0.076694152883631,0.712212574568157,0.923319385660693,0.923319385660693,"anchored independent signed-Poisson update approximation",0,2133,4.90300000000002,""
"Hawaii",2025-05-31,"calendar","hurdle_ztnb",867.363362082838,0,0.000432682788581218,"pass",TRUE,TRUE,TRUE,FALSE,0.0113801526492585,0.683620675924345,0.988627743826837,0.988627743826837,"anchored sequential hurdle updates",0,2133,4.03200000000015,""
"Hawaii",2025-05-31,"calendar","hurdle_ztpoisson",877.904937652003,0,0.00922977702210248,"pass",TRUE,TRUE,TRUE,FALSE,0.0776172941656676,0.7115343033083,0.92244936858416,0.92244936858416,"anchored sequential hurdle updates",0,2133,3.84500000000003,""
"Hawaii",2025-05-31,"compressed","cumulative_poisson",3095.33020090609,0,0.00327611412554774,"pass",TRUE,TRUE,TRUE,TRUE,0.102355127839126,0.808372553322109,0.897651304858992,0.897651304858992,"anchored independent signed-Poisson update approximation",0,1188,2.23400000000015,""
"Hawaii",2025-05-31,"compressed","cumulative_nb",3289.27229261741,0,0.00255556703873283,"pass",TRUE,TRUE,TRUE,TRUE,0.104424996696967,0.809569226143367,0.895581111909044,0.895581111909044,"anchored independent signed-Poisson update approximation",0,1188,2.73799999999983,""
"Hawaii",2025-05-31,"compressed","hurdle_ztnb",520.086603976688,0,0.000280568010163407,"pass",TRUE,TRUE,TRUE,FALSE,0.0158003418846905,0.854940260453247,0.984371461289649,0.984200980317138,"anchored sequential hurdle updates",0,1188,3.11599999999999,""
"Hawaii",2025-05-31,"compressed","hurdle_ztpoisson",491.533898792977,0,0.00158244214167565,"pass",TRUE,TRUE,TRUE,FALSE,0.0148487885806576,0.858701867920098,0.98539347767979,0.985151838124131,"anchored sequential hurdle updates",0,1188,2.9989999999998,""
"Idaho",2025-01-02,"calendar","cumulative_poisson",2818.90163601946,0,0.0044960262601127,"pass",TRUE,TRUE,TRUE,TRUE,0.0615583823327965,0.862417161737304,0.962254736977275,0.938454678522301,"anchored independent signed-Poisson update approximation",0,1539,2.36699999999996,""
"Idaho",2025-01-02,"calendar","cumulative_nb",3016.40609693027,0,0.00096852618207377,"pass",TRUE,TRUE,TRUE,TRUE,0.064746957247138,0.854038657030998,0.960396947118761,0.935266299210746,"anchored independent signed-Poisson update approximation",1,1539,3.62899999999991,""
"Idaho",2025-01-02,"calendar","hurdle_ztnb",469.922277920173,0,0.000145826504475366,"pass",TRUE,TRUE,TRUE,FALSE,0.0494337291309937,0.832290058150914,0.950569755016145,0.950569755016145,"anchored sequential hurdle updates",1,1539,3.04199999999992,""
"Idaho",2025-01-02,"calendar","hurdle_ztpoisson",539.644518705114,0,0.000805868715759696,"pass",TRUE,TRUE,TRUE,FALSE,0.1094470094462,0.861450551127972,0.921540197888489,0.890561647803086,"anchored sequential hurdle updates",1,1539,3.1110000000001,""
"Idaho",2025-01-02,"compressed","cumulative_poisson",1756.49121582611,0,0.000228383544704225,"pass",TRUE,TRUE,TRUE,TRUE,0.0392391719748832,0.952824957685068,0.980685300083417,0.960760829993714,"anchored independent signed-Poisson update approximation",0,648,1.73099999999999,""
"Idaho",2025-01-02,"compressed","cumulative_nb",1944.25745524814,0,0.00168402076222934,"pass",TRUE,TRUE,TRUE,TRUE,0.112717384999119,0.865623663931594,0.897880252176955,0.887291332852365,"anchored independent signed-Poisson update approximation",0,648,2.08100000000013,""
"Idaho",2025-01-02,"compressed","hurdle_ztnb",321.055731414443,0,0.000743107727078973,"pass",TRUE,TRUE,TRUE,FALSE,0.0429226373274478,0.926790145684111,0.970833851661546,0.957077378714616,"anchored sequential hurdle updates",0,648,2.59799999999996,""
"Idaho",2025-01-02,"compressed","hurdle_ztpoisson",373.150255101109,0,0.00270254639534537,"pass",TRUE,TRUE,TRUE,FALSE,0.0372100275072889,0.948650732789196,0.976098618272593,0.962789976003185,"anchored sequential hurdle updates",1,648,2.57799999999997,""
"Idaho",2025-02-15,"calendar","cumulative_poisson",3474.60492436042,0,0.00579896150750592,"pass",TRUE,TRUE,TRUE,TRUE,0.0510562632322609,0.776396373339734,0.966454549698986,0.948943790887357,"anchored independent signed-Poisson update approximation",0,1728,2.65699999999993,""
"Idaho",2025-02-15,"calendar","cumulative_nb",3606.78236181065,0,7.84625622216595e-05,"pass",TRUE,TRUE,TRUE,TRUE,0.0557337779367661,0.777216738612408,0.958270036603836,0.944266507236934,"anchored independent signed-Poisson update approximation",0,1728,5.15200000000004,""
"Idaho",2025-02-15,"calendar","hurdle_ztnb",573.66430228723,0,0.000631255336334124,"pass",TRUE,TRUE,TRUE,FALSE,0.0488107810954302,0.776538478926683,0.951189798372179,0.951189798372179,"anchored sequential hurdle updates",0,1728,3.64699999999993,""
"Idaho",2025-02-15,"calendar","hurdle_ztpoisson",715.701681852207,0,0.00438243245726534,"pass",TRUE,TRUE,TRUE,FALSE,0.0483368703666696,0.836920184422961,0.951663296062089,0.951663296062089,"anchored sequential hurdle updates",0,1728,3.10400000000004,""
"Idaho",2025-02-15,"compressed","cumulative_poisson",2202.4268202148,0,0.000223612213549496,"pass",TRUE,TRUE,TRUE,TRUE,0.0238398831775982,0.938681727515797,0.99641437249337,0.976160116863423,"anchored independent signed-Poisson update approximation",0,783,1.75999999999999,""
"Idaho",2025-02-15,"compressed","cumulative_nb",2401.35395004928,0,0.000524340809537449,"pass",TRUE,TRUE,TRUE,TRUE,0.0263244369000109,0.937387865176374,0.995491143935765,0.973675563165251,"anchored independent signed-Poisson update approximation",0,783,2.35900000000015,""
"Idaho",2025-02-15,"compressed","hurdle_ztnb",394.365654875882,0,3.59290747085073e-05,"pass",TRUE,TRUE,TRUE,FALSE,0.0339957053958455,0.893206132316023,0.971012160575567,0.966004319824839,"anchored sequential hurdle updates",0,783,2.56299999999987,""
"Idaho",2025-02-15,"compressed","hurdle_ztpoisson",507.135513555553,0,0.00139442717343063,"pass",TRUE,TRUE,TRUE,FALSE,0.0246212771479611,0.935728988012918,0.981784815536158,0.975378723019466,"anchored sequential hurdle updates",0,783,2.42900000000009,""
"Idaho",2025-03-29,"calendar","cumulative_poisson",3931.6003969042,0,0.00295368630021048,"pass",TRUE,TRUE,TRUE,TRUE,0.0528057499664965,0.780053704959388,0.952631448159616,0.947194366369162,"anchored independent signed-Poisson update approximation",0,1890,2.80300000000011,""
"Idaho",2025-03-29,"calendar","cumulative_nb",4078.26785445257,0,0.00118943184929432,"pass",TRUE,TRUE,TRUE,TRUE,0.0547706254941591,0.782272617105355,0.948044403751903,0.945229789751432,"anchored independent signed-Poisson update approximation",0,1890,6.00199999999995,"NA/NaN function evaluation"
"Idaho",2025-03-29,"calendar","hurdle_ztnb",738.802720829987,0,0.000936933851532373,"pass",TRUE,TRUE,TRUE,FALSE,0.0583434444098263,0.76784757739535,0.941660113584872,0.941660113584872,"anchored sequential hurdle updates",2,1890,3.48399999999992,""
"Idaho",2025-03-29,"calendar","hurdle_ztpoisson",947.743752565202,0,0.0104849701888193,"pass",TRUE,TRUE,TRUE,FALSE,0.0596439456110111,0.811877162638423,0.940359795157711,0.940359795157711,"anchored sequential hurdle updates",0,1890,3.45100000000002,""
"Idaho",2025-03-29,"compressed","cumulative_poisson",2739.26342536224,0,0.00139185868569136,"pass",TRUE,TRUE,TRUE,TRUE,0.0205784061338361,0.926270524574517,0.999136755350967,0.979421593867656,"anchored independent signed-Poisson update approximation",0,945,1.89799999999991,""
"Idaho",2025-03-29,"compressed","cumulative_nb",2948.14226919742,0,0.000314423682176046,"pass",TRUE,TRUE,TRUE,TRUE,0.0217332265139258,0.925630505077422,0.998892522883888,0.978266773488896,"anchored independent signed-Poisson update approximation",0,945,2.4079999999999,""
"Idaho",2025-03-29,"compressed","hurdle_ztnb",538.598968728131,0,0.000800360058829663,"pass",TRUE,TRUE,TRUE,FALSE,0.0645475918304067,0.836700519504408,0.935460444194532,0.935460444194532,"anchored sequential hurdle updates",7,945,2.81200000000013,""
"Idaho",2025-03-29,"compressed","hurdle_ztpoisson",718.174384879479,0,0.0140571371358097,"pass",TRUE,TRUE,TRUE,FALSE,0.0492547686983907,0.880397386608552,0.951727529147339,0.950746935432183,"anchored sequential hurdle updates",0,945,2.75199999999995,""
"Idaho",2025-04-26,"calendar","cumulative_poisson",4274.04579165833,0,0.00215308988152485,"pass",TRUE,TRUE,TRUE,TRUE,0.0557256982811453,0.776111256860551,0.951199727272489,0.944274435659574,"anchored independent signed-Poisson update approximation",0,1998,2.88799999999992,""
"Idaho",2025-04-26,"calendar","cumulative_nb",4435.95656486804,0,0.000306432240521126,"pass",TRUE,TRUE,TRUE,TRUE,0.0567486861119704,0.778389363351961,0.948517404010935,0.94325166143603,"anchored independent signed-Poisson update approximation",0,1998,4.50099999999998,""
"Idaho",2025-04-26,"calendar","hurdle_ztnb",778.821649500924,0,0.000515159420003464,"pass",TRUE,TRUE,TRUE,FALSE,0.0552418767892382,0.766634993137564,0.944761715874662,0.944761715874662,"anchored sequential hurdle updates",23,1998,3.68100000000004,""
"Idaho",2025-04-26,"calendar","hurdle_ztpoisson",1007.29843900259,0,0.00780327228039324,"pass",TRUE,TRUE,TRUE,FALSE,0.053465892958341,0.810739826059402,0.946536675315366,0.946536675315366,"anchored sequential hurdle updates",0,1998,3.4670000000001,""
"Idaho",2025-04-26,"compressed","cumulative_poisson",3091.3055322731,0,0.0138556393378448,"pass",TRUE,TRUE,TRUE,TRUE,0.019991615439012,0.918712903047956,0.999313101002221,0.980008384561907,"anchored independent signed-Poisson update approximation",0,1053,2.27800000000002,""
"Idaho",2025-04-26,"compressed","cumulative_nb",3306.71940742553,0,0.00266243797040028,"pass",TRUE,TRUE,TRUE,TRUE,0.0208471576401875,0.917354667906374,0.999229282443216,0.979152842361106,"anchored independent signed-Poisson update approximation",0,1053,2.63400000000001,""
"Idaho",2025-04-26,"compressed","hurdle_ztnb",575.16118102452,0,0.000692103467388905,"pass",TRUE,TRUE,TRUE,FALSE,0.0637351832669777,0.831099804016249,0.936272767350311,0.936272767350311,"anchored sequential hurdle updates",51,1053,2.83600000000001,""
"Idaho",2025-04-26,"compressed","hurdle_ztpoisson",789.077572949979,0,0.00911511945515067,"pass",TRUE,TRUE,TRUE,FALSE,0.0462894751297657,0.878109454821016,0.954860411887054,0.953711571174184,"anchored sequential hurdle updates",0,1053,2.83600000000001,""
"Idaho",2025-05-31,"calendar","cumulative_poisson",4699.86526838277,0,0.00439446191046666,"pass",TRUE,TRUE,TRUE,TRUE,0.0549170970187127,0.773459696029617,0.952089084603462,0.945083011597543,"anchored independent signed-Poisson update approximation",0,2133,3.07900000000018,""
"Idaho",2025-05-31,"calendar","cumulative_nb",4880.01077631589,0,0.00082799111236298,"pass",TRUE,TRUE,TRUE,TRUE,0.0553192591230174,0.775354445635893,0.95063520188376,0.944680960630731,"anchored independent signed-Poisson update approximation",0,2133,5.19399999999996,"NA/NaN function evaluation"
"Idaho",2025-05-31,"calendar","hurdle_ztnb",830.293693513001,0,0.000630029947788602,"pass",TRUE,TRUE,TRUE,FALSE,0.0496247995638793,0.768936943325654,0.950378552130407,0.950378552130407,"anchored sequential hurdle updates",31,2133,3.70799999999986,""
"Idaho",2025-05-31,"calendar","hurdle_ztpoisson",1056.59688894929,0,0.0209036596925558,"pass",TRUE,TRUE,TRUE,FALSE,0.0487595880515472,0.808181541580108,0.951242135172723,0.951242135172723,"anchored sequential hurdle updates",2,2133,3.66100000000006,""
"Idaho",2025-05-31,"compressed","cumulative_poisson",3501.8122514641,0,0.00255667571615081,"pass",TRUE,TRUE,TRUE,TRUE,0.0187584873097994,0.912697979373878,0.999008299642873,0.981241512692608,"anchored independent signed-Poisson update approximation",0,1188,2.04900000000021,""
"Idaho",2025-05-31,"compressed","cumulative_nb",3724.44515328513,0,0.00106399276011238,"pass",TRUE,TRUE,TRUE,TRUE,0.0193550653765187,0.910867792128785,0.998923316091406,0.980644934626562,"anchored independent signed-Poisson update approximation",0,1188,2.76599999999985,""
"Idaho",2025-05-31,"compressed","hurdle_ztnb",621.932033144788,0,0.000228703194179891,"pass",TRUE,TRUE,TRUE,FALSE,0.0554198977300665,0.830570309925165,0.94458702665178,0.94458702665178,"anchored sequential hurdle updates",66,1188,3.04600000000005,""
"Idaho",2025-05-31,"compressed","hurdle_ztpoisson",834.73485917619,0,0.00190585189581371,"pass",TRUE,TRUE,TRUE,FALSE,0.043754840211889,0.875833086322376,0.957102154237618,0.956245987466658,"anchored sequential hurdle updates",8,1188,2.99700000000007,""
"Illinois",2025-01-02,"calendar","cumulative_poisson",4923.682141383,0,0.00208149238233091,"pass",TRUE,TRUE,TRUE,TRUE,0.0177879172236611,0.924376338843943,0.982214192490936,0.982214192490936,"anchored independent signed-Poisson update approximation",0,1539,2.28199999999993,""
"Illinois",2025-01-02,"calendar","cumulative_nb",5178.06246119732,0,0.00209480644977211,"pass",TRUE,TRUE,TRUE,TRUE,0.0222394432636411,0.912550576302557,0.977763142169901,0.977763142169901,"anchored independent signed-Poisson update approximation",0,1539,3.55300000000011,""
"Illinois",2025-01-02,"calendar","hurdle_ztnb",934.243366365126,0,0.00228993352361773,"pass",TRUE,TRUE,TRUE,FALSE,0.0186447213033378,0.924368963926066,0.981357394617661,0.981357394617661,"anchored sequential hurdle updates",0,1539,3.6389999999999,""
"Illinois",2025-01-02,"calendar","hurdle_ztpoisson",1005.05094460382,0,0.00484073884184311,"pass",TRUE,TRUE,TRUE,FALSE,0.0119422165766455,0.953179666306742,0.988058595496783,0.988058595496783,"anchored sequential hurdle updates",0,1539,3.47900000000004,""
"Illinois",2025-01-02,"compressed","cumulative_poisson",2335.91822161582,0,0.00104083354593998,"pass",TRUE,TRUE,TRUE,TRUE,0.0436332584619286,0.931015991626256,0.956370440088425,0.956370440088425,"anchored independent signed-Poisson update approximation",0,648,1.68199999999979,""
"Illinois",2025-01-02,"compressed","cumulative_nb",2568.33835408663,0,0.00406011789472116,"pass",TRUE,TRUE,TRUE,TRUE,0.0151232480942098,0.973409100693691,0.991115751323661,0.984876752764606,"anchored independent signed-Poisson update approximation",0,648,2.06500000000005,"NA/NaN function evaluation"
"Illinois",2025-01-02,"compressed","hurdle_ztnb",635.634045339816,0,0.000355996931461933,"pass",TRUE,TRUE,TRUE,FALSE,0.0180801174543029,0.954981131367703,0.981921859143721,0.981921859143721,"anchored sequential hurdle updates",0,648,3.05299999999988,""
"Illinois",2025-01-02,"compressed","hurdle_ztpoisson",653.203948401816,0,0.00541707123365985,"pass",TRUE,TRUE,TRUE,FALSE,0.0137449263567216,0.964857377182749,0.986257077250641,0.986257077250641,"anchored sequential hurdle updates",0,648,2.75099999999998,""
"Illinois",2025-02-15,"calendar","cumulative_poisson",7827.14349735674,0,0.0231460230428917,"pass",TRUE,TRUE,TRUE,TRUE,0.0130234906750843,0.806092972533899,0.999975162310357,0.986976509324958,"anchored independent signed-Poisson update approximation",0,1728,2.673,""
"Illinois",2025-02-15,"calendar","cumulative_nb",6480.86009877554,0,0.0044869421106134,"pass",TRUE,TRUE,TRUE,TRUE,0.0291365556113931,0.791369777723957,0.970867973680541,0.970867973680541,"anchored independent signed-Poisson update approximation",0,1728,4.59400000000005,"NA/NaN function evaluation"
"Illinois",2025-02-15,"calendar","hurdle_ztnb",1160.29462445518,0,0.000477296633794255,"pass",TRUE,TRUE,TRUE,FALSE,0.0306696229617027,0.897245324779972,0.969332828526368,0.969332828526368,"anchored sequential hurdle updates",1,1728,3.81400000000008,""
"Illinois",2025-02-15,"calendar","hurdle_ztpoisson",1877.67931202159,0,0.0444257956448319,"pass",TRUE,TRUE,TRUE,FALSE,0.0756335985153897,0.912855859278037,0.968174366214519,0.924368301449358,"anchored sequential hurdle updates",0,1728,3.88199999999983,""
"Illinois",2025-03-29,"calendar","cumulative_poisson",8542.26538759303,0,0.020306154914369,"pass",TRUE,TRUE,TRUE,TRUE,0.00586328776081441,0.81757759622152,0.994136714679355,0.994136714679355,"anchored independent signed-Poisson update approximation",0,1890,2.88799999999992,""
"Illinois",2025-03-29,"calendar","cumulative_nb",7188.62729687548,0,0.00199329281438509,"pass",TRUE,TRUE,TRUE,TRUE,0.0246914779486033,0.798644414951832,0.975312771160357,0.975312771160357,"anchored independent signed-Poisson update approximation",0,1890,4.64200000000005,""
"Illinois",2025-03-29,"calendar","hurdle_ztnb",1416.39438331554,0,0.000737018323123451,"pass",TRUE,TRUE,TRUE,FALSE,0.0281492928383476,0.86984528541492,0.971854298721855,0.971854298721855,"anchored sequential hurdle updates",2,1890,4.24199999999996,""
"Illinois",2025-03-29,"calendar","hurdle_ztpoisson",2792.63146073815,0,0.0434601705811701,"pass",TRUE,TRUE,TRUE,FALSE,0.0635212789263714,0.9244068722031,0.970892483815295,0.93648093623078,"anchored sequential hurdle updates",0,1890,4.36300000000006,""
"Illinois",2025-03-29,"compressed","cumulative_poisson",3539.40133874596,0,0.0010854066027548,"pass",TRUE,TRUE,TRUE,TRUE,0.00424551312935588,0.942038174356921,0.997454129187155,0.995754487574266,"anchored independent signed-Poisson update approximation",0,945,2.02099999999996,""
"Illinois",2025-03-29,"compressed","cumulative_nb",3807.55628793471,0,0.00513801800759595,"pass",TRUE,TRUE,TRUE,TRUE,0.00577572524196748,0.94498093746122,0.996822520358916,0.994224275389786,"anchored independent signed-Poisson update approximation",0,945,2.62300000000005,"NA/NaN function evaluation"
"Illinois",2025-03-29,"compressed","hurdle_ztnb",989.773256266786,0,0.000100919987455761,"pass",TRUE,TRUE,TRUE,FALSE,0.0290201567298541,0.891456602450409,0.970989636993146,0.970989636993146,"anchored sequential hurdle updates",0,945,3.34899999999993,""
"Illinois",2025-03-29,"compressed","hurdle_ztpoisson",1399.82821808348,0,0.0053781673378851,"pass",TRUE,TRUE,TRUE,FALSE,0.0494460422516274,0.95055407166335,0.995836620471313,0.95055407166335,"anchored sequential hurdle updates",0,945,3.75300000000016,""
"Illinois",2025-04-26,"calendar","cumulative_poisson",9017.65324634332,0,0.0117012936801537,"pass",TRUE,TRUE,TRUE,TRUE,0.00204331997498474,0.825282357139602,0.997956680317123,0.997956680317123,"anchored independent signed-Poisson update approximation",0,1998,3.26600000000008,""
"Illinois",2025-04-26,"calendar","cumulative_nb",7715.91372805146,0,0.000263652559146621,"pass",TRUE,TRUE,TRUE,TRUE,0.0171795065393804,0.815332937947003,0.982823243047725,0.982823243047725,"anchored independent signed-Poisson update approximation",0,1998,5.98500000000013,"NA/NaN function evaluation"
"Illinois",2025-04-26,"calendar","hurdle_ztnb",1634.87962974358,0,0.00271093094793529,"pass",TRUE,TRUE,TRUE,FALSE,0.0349874408013538,0.848738147708927,0.965023312864617,0.965023312864617,"anchored sequential hurdle updates",5,1998,4.67699999999991,""
"Illinois",2025-04-26,"calendar","hurdle_ztpoisson",3253.51439335129,0,0.0269896049164306,"pass",TRUE,TRUE,TRUE,FALSE,0.0634202938561074,0.92352402220043,0.969008478243396,0.936582343574566,"anchored sequential hurdle updates",0,1998,4.74199999999996,""
"Illinois",2025-04-26,"compressed","cumulative_poisson",4002.97971152696,0,0.00122090844380396,"pass",TRUE,TRUE,TRUE,TRUE,0.00184215184672403,0.940538434285735,0.999092695909004,0.998157848257758,"anchored independent signed-Poisson update approximation",0,1053,2.15300000000002,""
"Illinois",2025-04-26,"compressed","cumulative_nb",4276.36409557726,0,0.000498923078587232,"pass",TRUE,TRUE,TRUE,TRUE,0.00279714026665327,0.943254520407054,0.998699622544379,0.997202859857842,"anchored independent signed-Poisson update approximation",0,1053,2.88300000000004,"NA/NaN function evaluation"
"Illinois",2025-04-26,"compressed","hurdle_ztnb",1183.61361059549,0,0.000946323032337659,"pass",TRUE,TRUE,TRUE,FALSE,0.0354260964426552,0.88375762928207,0.964599161126065,0.964599161126065,"anchored sequential hurdle updates",3,1053,3.76900000000001,""
"Illinois",2025-04-26,"compressed","hurdle_ztpoisson",1743.81209474537,0,0.0203780958940328,"pass",TRUE,TRUE,TRUE,FALSE,0.0438418469531613,0.948064852760048,0.993028504881919,0.956167027910659,"anchored sequential hurdle updates",0,1053,3.73299999999995,""
"Illinois",2025-05-31,"calendar","cumulative_poisson",9600.28920428049,0,0.00300091573371997,"pass",TRUE,TRUE,TRUE,TRUE,0.0018057569056831,0.826738043679849,0.998194243264987,0.998194243264987,"anchored independent signed-Poisson update approximation",0,2133,3.44800000000009,""
"Illinois",2025-05-31,"calendar","cumulative_nb",8391.85761717766,0,0.000506718609813439,"pass",TRUE,TRUE,TRUE,TRUE,0.0150624924332608,0.824635081236287,0.984939541692349,0.984939541692349,"anchored independent signed-Poisson update approximation",0,2133,7.17600000000016,"NA/NaN function evaluation"
"Illinois",2025-05-31,"calendar","hurdle_ztnb",1732.71575365342,0,4.28835637642511e-05,"pass",TRUE,TRUE,TRUE,FALSE,0.0321243706004004,0.845644612245535,0.967886261020839,0.967886261020839,"anchored sequential hurdle updates",12,2133,4.93599999999969,""
"Illinois",2025-05-31,"calendar","hurdle_ztpoisson",3467.9097522747,0,0.00594258092065303,"pass",TRUE,TRUE,TRUE,FALSE,0.0626269342586597,0.923958440876852,0.968200380726584,0.937375672564578,"anchored sequential hurdle updates",0,2133,5.19000000000005,""
"Illinois",2025-05-31,"compressed","cumulative_poisson",4553.52619867043,0,0.00162000943479157,"pass",TRUE,TRUE,TRUE,TRUE,0.00154243814167476,0.938757494361725,0.999263548891342,0.998457561932949,"anchored independent signed-Poisson update approximation",0,1188,2.20800000000008,""
"Illinois",2025-05-31,"compressed","cumulative_nb",4838.87318310585,0,0.000999331300196804,"pass",TRUE,TRUE,TRUE,TRUE,0.00219153297159942,0.94054729394686,0.998990560791341,0.997808467119921,"anchored independent signed-Poisson update approximation",0,1188,3.44300000000021,""
"Illinois",2025-05-31,"compressed","hurdle_ztnb",1274.73587708352,0,0.000255442551810314,"pass",TRUE,TRUE,TRUE,FALSE,0.0317534124049944,0.884637716777275,0.968270309129844,0.968270309129844,"anchored sequential hurdle updates",16,1188,4.47800000000007,""
"Illinois",2025-05-31,"compressed","hurdle_ztpoisson",2002.36349057873,0,0.0225191797139502,"pass",TRUE,TRUE,TRUE,FALSE,0.0173960766411691,0.94076880713534,0.982607894400229,0.982607894400229,"anchored sequential hurdle updates",0,1188,3.85899999999992,""
"Indiana",2025-01-02,"calendar","cumulative_poisson",4333.43692043685,0,0.00105321886409049,"pass",TRUE,TRUE,TRUE,TRUE,0.125235019298795,0.874802415022728,0.94447491825789,0.874802415022728,"anchored independent signed-Poisson update approximation",1,1539,2.49200000000019,""
"Indiana",2025-01-02,"calendar","cumulative_nb",4577.69246135802,0,0.000895730731811595,"pass",TRUE,TRUE,TRUE,TRUE,0.126626680213709,0.873409159144625,0.941883213789487,0.873409159144625,"anchored independent signed-Poisson update approximation",0,1539,3.93899999999985,"NA/NaN function evaluation"
"Indiana",2025-01-02,"calendar","hurdle_ztnb",1061.69800342682,0,0.00288988056322914,"pass",TRUE,TRUE,TRUE,FALSE,0.126066041718097,0.873922993391543,0.913882103646376,0.874043301536732,"anchored sequential hurdle updates",100,1539,3.56399999999985,""
"Indiana",2025-01-02,"calendar","hurdle_ztpoisson",1233.12785638412,0,0.0216859214960254,"pass",TRUE,TRUE,TRUE,FALSE,0.187924041886254,0.812280610692202,0.958123265095209,0.812280610692202,"anchored sequential hurdle updates",220,1539,3.53800000000001,""
"Indiana",2025-01-02,"compressed","cumulative_poisson",2732.38401244171,0,0.000238793842034513,"pass",TRUE,TRUE,TRUE,TRUE,0.0670413955510563,0.919847197343294,0.934353742918336,0.932963973180091,"anchored independent signed-Poisson update approximation",0,648,1.65299999999979,""
"Indiana",2025-01-02,"compressed","cumulative_nb",2763.27122548929,0,0.00138833246097625,"pass",TRUE,TRUE,TRUE,TRUE,0.0465137978621302,0.948595492602819,0.955621586010611,0.953488021526995,"anchored independent signed-Poisson update approximation",0,648,1.92100000000028,""
"Indiana",2025-01-02,"compressed","hurdle_ztnb",992.681467787512,0,0.000613126442987166,"pass",TRUE,TRUE,TRUE,FALSE,0.245550462819087,0.754877669448883,0.851004598316633,0.754882896761342,"anchored sequential hurdle updates",126,648,3.14599999999973,""
"Indiana",2025-01-02,"compressed","hurdle_ztpoisson",1407.64906036029,0,0.0311266724938051,"pass",TRUE,TRUE,TRUE,FALSE,0.458290834015269,0.544195315683691,0.969265089171296,0.544195315683691,"anchored sequential hurdle updates",144,648,3.05300000000034,""
"Indiana",2025-02-15,"calendar","cumulative_poisson",6011.08897178348,0,0.0107639245772773,"pass",TRUE,TRUE,TRUE,TRUE,0.057780305417398,0.902392443534503,0.99999979795947,0.942219694696794,"anchored independent signed-Poisson update approximation",0,1728,2.62099999999964,""
"Indiana",2025-02-15,"calendar","cumulative_nb",5676.8100115727,0,0.000832911253610291,"pass",TRUE,TRUE,TRUE,TRUE,0.0393026588057853,0.898132372453085,0.999998978506279,0.960697341194216,"anchored independent signed-Poisson update approximation",0,1728,4.17200000000003,"NA/NaN function evaluation"
"Indiana",2025-02-15,"calendar","hurdle_ztnb",1193.58676383875,0,4.22229492285098e-05,"pass",TRUE,TRUE,TRUE,FALSE,0.128089322903437,0.863723752382432,0.884506128801219,0.871990420168276,"anchored sequential hurdle updates",25,1728,3.79300000000012,""
"Indiana",2025-02-15,"calendar","hurdle_ztpoisson",1531.81787031663,0,0.0167443515193636,"pass",TRUE,TRUE,TRUE,FALSE,0.288720557537875,0.711898793461255,0.926059669897819,0.711898793461255,"anchored sequential hurdle updates",28,1728,3.84700000000021,""
"Indiana",2025-02-15,"compressed","cumulative_poisson",3424.77266704229,0,2.81109707369609e-05,"pass",TRUE,TRUE,TRUE,TRUE,0.0295825938573011,0.933343044752215,0.97042132676525,0.97042132676525,"anchored independent signed-Poisson update approximation",0,783,1.82999999999993,""
"Indiana",2025-02-15,"compressed","cumulative_nb",3400.6353540903,0,0.00142572734494817,"pass",TRUE,TRUE,TRUE,TRUE,0.0545650081583527,0.918377429935697,0.945440332460168,0.945440332460168,"anchored independent signed-Poisson update approximation",0,783,2.24000000000024,""
"Indiana",2025-02-15,"compressed","hurdle_ztnb",1078.55183553958,0,0.000320459007025597,"pass",TRUE,TRUE,TRUE,FALSE,0.174092221856564,0.826113549883328,0.902294713611512,0.826121769067405,"anchored sequential hurdle updates",43,783,3.25199999999995,""
"Indiana",2025-02-15,"compressed","hurdle_ztpoisson",1535.5430682807,0,0.0279750632588287,"pass",TRUE,TRUE,TRUE,FALSE,0.42763406159173,0.574842087700746,0.968452228750109,0.574842087700746,"anchored sequential hurdle updates",247,783,3.61999999999989,""
"Indiana",2025-03-29,"calendar","cumulative_poisson",6650.21796193082,0,0.00137844202695847,"pass",TRUE,TRUE,TRUE,TRUE,0.0359402240069244,0.909232652341494,0.99999999905772,0.964059775993099,"anchored independent signed-Poisson update approximation",0,1890,2.82900000000018,""
"Indiana",2025-03-29,"calendar","cumulative_nb",6315.41052331656,0,0.000561574623651362,"pass",TRUE,TRUE,TRUE,TRUE,0.0260797444563482,0.907635179404092,0.999999999833338,0.973920255543652,"anchored independent signed-Poisson update approximation",0,1890,4.8119999999999,"NA/NaN function evaluation"
"Indiana",2025-03-29,"calendar","hurdle_ztnb",1415.48742356946,0,0.000130426389095106,"pass",TRUE,TRUE,TRUE,FALSE,0.102437410070729,0.848585418804721,0.897637320502164,0.897637320502164,"anchored sequential hurdle updates",7,1890,4.18199999999979,""
"Indiana",2025-03-29,"calendar","hurdle_ztpoisson",2105.38403482517,0,0.0300308359062171,"pass",TRUE,TRUE,TRUE,FALSE,0.074386769669125,0.904797743296426,0.938321073126033,0.925654552171184,"anchored sequential hurdle updates",1,1890,4.23900000000003,""
"Indiana",2025-03-29,"compressed","cumulative_poisson",4147.78291929205,0,0.00011265123508708,"pass",TRUE,TRUE,TRUE,TRUE,0.0057861069438373,0.924429054053111,0.994214869830975,0.994214869830975,"anchored independent signed-Poisson update approximation",0,945,1.86899999999969,""
"Indiana",2025-03-29,"compressed","cumulative_nb",4157.77550586176,0,0.00282134506199583,"pass",TRUE,TRUE,TRUE,TRUE,0.0145309250177651,0.928041703695534,0.985470668451247,0.985470668451247,"anchored independent signed-Poisson update approximation",0,945,2.52600000000029,""
"Indiana",2025-03-29,"compressed","hurdle_ztnb",1265.56158349618,0,0.000983057556821265,"pass",TRUE,TRUE,TRUE,FALSE,0.126188359702342,0.850210840036181,0.897005158281691,0.873979876815179,"anchored sequential hurdle updates",11,945,3.54400000000032,""
"Indiana",2025-03-29,"compressed","hurdle_ztpoisson",1887.42957981514,0,0.0134064790124102,"pass",TRUE,TRUE,TRUE,FALSE,0.370497764982298,0.632336747547433,0.975955280025028,0.632336747547433,"anchored sequential hurdle updates",38,945,3.62300000000005,""
"Indiana",2025-04-26,"calendar","cumulative_poisson",7083.51060066728,0,0.000286530508921135,"pass",TRUE,TRUE,TRUE,TRUE,0.0262289099379162,0.910902324550915,0.999999999999555,0.973771090062322,"anchored independent signed-Poisson update approximation",0,1998,3.23500000000013,"NA/NaN function evaluation"
"Indiana",2025-04-26,"calendar","cumulative_nb",6784.41397216525,0,0.000433667222881962,"pass",TRUE,TRUE,TRUE,TRUE,0.01948804237563,0.914500800059358,0.999999999998527,0.98051195762437,"anchored independent signed-Poisson update approximation",0,1998,5.34500000000025,"NA/NaN function evaluation"
"Indiana",2025-04-26,"calendar","hurdle_ztnb",1470.94114079726,0,0.000811479638269219,"pass",TRUE,TRUE,TRUE,FALSE,0.0969229342821414,0.849432169460252,0.903152122283947,0.903152122283947,"anchored sequential hurdle updates",38,1998,4.26000000000022,""
"Indiana",2025-04-26,"calendar","hurdle_ztpoisson",2174.04939661014,0,0.0306411753997171,"pass",TRUE,TRUE,TRUE,FALSE,0.0722225991890726,0.905073543948853,0.939526473881656,0.927815660200469,"anchored sequential hurdle updates",0,1998,4.34299999999985,""
"Indiana",2025-04-26,"compressed","cumulative_poisson",4581.07277840741,0,0.00253932142582469,"pass",TRUE,TRUE,TRUE,TRUE,0.00401834906352981,0.923179673448331,0.995982386798073,0.995982386798073,"anchored independent signed-Poisson update approximation",0,1053,2.01200000000017,""
"Indiana",2025-04-26,"compressed","cumulative_nb",4629.793286823,0,0.00108177844326685,"pass",TRUE,TRUE,TRUE,TRUE,0.0102694717434185,0.926951216586591,0.989731782835815,0.989731782835815,"anchored independent signed-Poisson update approximation",0,1053,2.77700000000004,""
"Indiana",2025-04-26,"compressed","hurdle_ztnb",1319.15234979666,0,0.00122451337570695,"pass",TRUE,TRUE,TRUE,FALSE,0.119261999391129,0.859151240649694,0.905743490314405,0.880895737985782,"anchored sequential hurdle updates",106,1053,3.6579999999999,""
"Indiana",2025-04-26,"compressed","hurdle_ztpoisson",1938.82574914096,0,0.0239196963090474,"pass",TRUE,TRUE,TRUE,FALSE,0.356612283842581,0.646027257428345,0.976490781920233,0.646027257428345,"anchored sequential hurdle updates",59,1053,3.99300000000039,""
"Indiana",2025-05-31,"compressed","cumulative_poisson",5083.8934621207,0,0.000143619000240847,"pass",TRUE,TRUE,TRUE,TRUE,0.00301737923488294,0.924194685382503,0.996983193395547,0.996983193395547,"anchored independent signed-Poisson update approximation",0,1188,2.09000000000015,""
"Indiana",2025-05-31,"compressed","cumulative_nb",5175.53852069889,0,0.00118485689420567,"pass",TRUE,TRUE,TRUE,TRUE,0.00731853887650868,0.927575790923983,0.992682438882373,0.992682438882373,"anchored independent signed-Poisson update approximation",0,1188,2.6579999999999,""
"Indiana",2025-05-31,"compressed","hurdle_ztnb",1382.69422839582,0,0.000150511389195529,"pass",TRUE,TRUE,TRUE,FALSE,0.114083132023939,0.859314454610204,0.907603648608021,0.88607015432449,"anchored sequential hurdle updates",264,1188,3.80799999999999,""
"Indiana",2025-05-31,"compressed","hurdle_ztpoisson",1987.42556080133,0,0.0117394431383637,"pass",TRUE,TRUE,TRUE,FALSE,0.341606188151786,0.66089159306966,0.976624601671952,0.66089159306966,"anchored sequential hurdle updates",93,1188,3.78500000000031,""
"Iowa",2025-01-02,"calendar","cumulative_poisson",3045.58542125825,0,0.00119488291500502,"pass",TRUE,TRUE,TRUE,TRUE,0.132015912404621,0.795201506035017,0.867988604159622,0.867988604159622,"anchored independent signed-Poisson update approximation",1,1539,2.26699999999983,""
"Iowa",2025-01-02,"calendar","cumulative_nb",3262.48725659487,0,0.000469166795498014,"pass",TRUE,TRUE,TRUE,TRUE,0.12996709113061,0.794454265288659,0.870037546039832,0.870037546039832,"anchored independent signed-Poisson update approximation",0,1539,4.1840000000002,""
"Iowa",2025-01-02,"calendar","hurdle_ztnb",615.077879275643,0,0.000374068142052597,"pass",TRUE,TRUE,TRUE,FALSE,0.0211619735178948,0.880803436976456,0.978840866511739,0.978840866511739,"anchored sequential hurdle updates",4,1539,3.16199999999981,""
"Iowa",2025-01-02,"calendar","hurdle_ztpoisson",675.197173454325,0,0.00209051930792944,"pass",TRUE,TRUE,TRUE,FALSE,0.0231196966395211,0.866875273367269,0.976883691424263,0.976883691424263,"anchored sequential hurdle updates",4,1539,3.04100000000017,""
"Iowa",2025-01-02,"compressed","cumulative_poisson",1815.95471516377,0,0.00010226866525509,"pass",TRUE,TRUE,TRUE,TRUE,0.135413503304935,0.80370197715465,0.864592375149477,0.864592375149477,"anchored independent signed-Poisson update approximation",0,648,1.70499999999993,""
"Iowa",2025-01-02,"compressed","cumulative_nb",2011.40222018105,0,0.000907838630944735,"pass",TRUE,TRUE,TRUE,TRUE,0.134147280955538,0.803539916083874,0.865858789070281,0.865858789070281,"anchored independent signed-Poisson update approximation",0,648,1.94399999999996,""
"Iowa",2025-01-02,"compressed","hurdle_ztnb",396.237844812567,0,0.000503280449509313,"pass",TRUE,TRUE,TRUE,FALSE,0.0236371963537708,0.900018844259438,0.976837043868361,0.976362999638549,"anchored sequential hurdle updates",2,648,2.529,""
"Iowa",2025-01-02,"compressed","hurdle_ztpoisson",449.936425432373,0,0.00241395823926971,"pass",TRUE,TRUE,TRUE,FALSE,0.0182065641479421,0.924360440821467,0.982118301643985,0.981793557732171,"anchored sequential hurdle updates",0,648,2.42000000000007,""
"Iowa",2025-02-15,"calendar","cumulative_poisson",3751.49774058146,0,0.00714975573393195,"pass",TRUE,TRUE,TRUE,TRUE,0.0162136378899577,0.840786704704845,0.999213908612299,0.983786362116416,"anchored independent signed-Poisson update approximation",0,1728,2.80299999999988,""
"Iowa",2025-02-15,"calendar","cumulative_nb",3912.18364673056,0,0.00383255274586114,"pass",TRUE,TRUE,TRUE,TRUE,0.033225465046173,0.816539480671591,0.973516975710545,0.966774552876301,"anchored independent signed-Poisson update approximation",0,1728,3.83699999999999,"NA/NaN function evaluation"
"Iowa",2025-02-15,"calendar","hurdle_ztnb",752.253042268043,0,4.50219984178268e-05,"pass",TRUE,TRUE,TRUE,FALSE,0.024668614917429,0.858927254439337,0.975333948763175,0.975333948763175,"anchored sequential hurdle updates",0,1728,3.34700000000021,""
"Iowa",2025-02-15,"calendar","hurdle_ztpoisson",859.579425682671,0,0.00641444138191272,"pass",TRUE,TRUE,TRUE,FALSE,0.0417201863650931,0.835464351328676,0.95828373161299,0.95828373161299,"anchored sequential hurdle updates",1,1728,3.43100000000004,""
"Iowa",2025-02-15,"compressed","cumulative_poisson",2268.41023310677,0,0.00127131230503519,"pass",TRUE,TRUE,TRUE,TRUE,0.0188407418280325,0.927745629887411,0.99400807344077,0.981159258392894,"anchored independent signed-Poisson update approximation",0,783,1.85100000000011,""
"Iowa",2025-02-15,"compressed","cumulative_nb",2476.52409598982,0,0.00257018150851063,"pass",TRUE,TRUE,TRUE,TRUE,0.0522838831876198,0.881836632350837,0.947720714323386,0.947720714323386,"anchored independent signed-Poisson update approximation",0,783,2.16600000000017,""
"Iowa",2025-02-15,"compressed","hurdle_ztnb",473.933075663731,0,0.000834532086473772,"pass",TRUE,TRUE,TRUE,FALSE,0.0149273869036917,0.920927083468216,0.985479220156271,0.985072697482777,"anchored sequential hurdle updates",0,783,2.63500000000022,""
"Iowa",2025-02-15,"compressed","hurdle_ztpoisson",511.346166565416,0,0.0044362103586443,"pass",TRUE,TRUE,TRUE,FALSE,0.013241705270826,0.936764290559099,0.987061513338797,0.986758370773734,"anchored sequential hurdle updates",0,783,2.58699999999999,""
"Iowa",2025-03-29,"calendar","cumulative_poisson",4195.6716474369,0,0.00978499882069295,"pass",TRUE,TRUE,TRUE,TRUE,0.0121893307841715,0.848303064602537,0.987810694690196,0.987810694690196,"anchored independent signed-Poisson update approximation",0,1890,2.72600000000011,""
"Iowa",2025-03-29,"calendar","cumulative_nb",4372.97159400319,0,0.000129965287839588,"pass",TRUE,TRUE,TRUE,TRUE,0.0218972215692134,0.831791675127536,0.978102913939151,0.978102913939151,"anchored independent signed-Poisson update approximation",0,1890,4.77800000000025,"NA/NaN function evaluation"
"Iowa",2025-03-29,"calendar","hurdle_ztnb",960.461461646469,0,0.00051243297971304,"pass",TRUE,TRUE,TRUE,FALSE,0.0185075587036808,0.851901243874595,0.981495392937727,0.981495392937727,"anchored sequential hurdle updates",2,1890,3.85699999999997,""
"Iowa",2025-03-29,"calendar","hurdle_ztpoisson",1146.3778659841,0,0.0116984146510745,"pass",TRUE,TRUE,TRUE,FALSE,0.0252867686690716,0.843542584039596,0.974718646649595,0.974718646649595,"anchored sequential hurdle updates",0,1890,3.73099999999977,""
"Iowa",2025-03-29,"compressed","cumulative_poisson",2822.81168585349,0,0.0029531971725868,"pass",TRUE,TRUE,TRUE,TRUE,0.00871953869426144,0.926445649529722,0.995570508117225,0.991280462162069,"anchored independent signed-Poisson update approximation",0,945,1.87899999999991,""
"Iowa",2025-03-29,"compressed","cumulative_nb",3046.54925699229,0,0.000239975614782395,"pass",TRUE,TRUE,TRUE,TRUE,0.0115390687580233,0.923640059425141,0.994202528413702,0.988460932409618,"anchored independent signed-Poisson update approximation",0,945,2.71300000000019,"NA/NaN function evaluation"
"Iowa",2025-03-29,"compressed","hurdle_ztnb",677.523381086326,0,0.000281701559633363,"pass",TRUE,TRUE,TRUE,FALSE,0.0164354258069531,0.88914203558663,0.983566992196264,0.983566992196264,"anchored sequential hurdle updates",1,945,3.01499999999987,""
"Iowa",2025-03-29,"compressed","hurdle_ztpoisson",758.577135049892,0,0.00500747416476599,"pass",TRUE,TRUE,TRUE,FALSE,0.0123272253705072,0.916962930180185,0.987674603333831,0.987674603333831,"anchored sequential hurdle updates",0,945,2.96000000000004,""
"Iowa",2025-04-26,"calendar","cumulative_poisson",4520.1689822024,0,0.0112920597158894,"pass",TRUE,TRUE,TRUE,TRUE,0.00922201018940844,0.851801522359268,0.990778035564902,0.990778035564902,"anchored independent signed-Poisson update approximation",0,1998,2.76600000000008,""
"Iowa",2025-04-26,"calendar","cumulative_nb",4712.7938764983,0,0.0103967586703148,"pass",TRUE,TRUE,TRUE,TRUE,0.0155145353540751,0.841169622131139,0.984485590299171,0.984485590299171,"anchored independent signed-Poisson update approximation",0,1998,6.17899999999963,"NA/NaN function evaluation"
"Iowa",2025-04-26,"calendar","hurdle_ztnb",1029.72089305058,0,0.00175831507720361,"pass",TRUE,TRUE,TRUE,FALSE,0.0175449337461473,0.847076542493849,0.982458133218823,0.982458133218823,"anchored sequential hurdle updates",3,1998,4.19400000000041,""
"Iowa",2025-04-26,"calendar","hurdle_ztpoisson",1207.95011437098,0,0.00590311607354118,"pass",TRUE,TRUE,TRUE,FALSE,0.0239517184089438,0.842363003824094,0.976053410003256,0.976053410003256,"anchored sequential hurdle updates",0,1998,3.77999999999975,""
"Iowa",2025-04-26,"compressed","cumulative_poisson",3181.63274176324,0,0.00475394138799756,"pass",TRUE,TRUE,TRUE,TRUE,0.0061969345784895,0.925290868153267,0.996801047863866,0.993803065927693,"anchored independent signed-Poisson update approximation",0,1053,2.0300000000002,""
"Iowa",2025-04-26,"compressed","cumulative_nb",3413.74949980631,0,0.00308297313176509,"pass",TRUE,TRUE,TRUE,TRUE,0.00805167751403565,0.924173025828573,0.995933274066781,0.991948323122909,"anchored independent signed-Poisson update approximation",0,1053,2.73300000000017,"NA/NaN function evaluation"
"Iowa",2025-04-26,"compressed","hurdle_ztnb",748.632529637717,0,0.000417256780681274,"pass",TRUE,TRUE,TRUE,FALSE,0.0153425860948752,0.887378299380165,0.9846598986086,0.9846598986086,"anchored sequential hurdle updates",6,1053,3.14799999999968,""
"Iowa",2025-04-26,"compressed","hurdle_ztpoisson",815.777999407828,0,0.00590588284692684,"pass",TRUE,TRUE,TRUE,FALSE,0.0116676478357403,0.91465123693141,0.988334132944106,0.988334132944106,"anchored sequential hurdle updates",0,1053,3.13500000000022,""
"Iowa",2025-05-31,"calendar","cumulative_poisson",4928.23877799319,0,0.0124373101317572,"pass",TRUE,TRUE,TRUE,TRUE,0.00727116367577225,0.85295154666867,0.992728896975773,0.992728896975773,"anchored independent signed-Poisson update approximation",0,2133,3.21199999999999,""
"Iowa",2025-05-31,"calendar","cumulative_nb",5137.60815124828,0,0.00526604452006127,"pass",TRUE,TRUE,TRUE,TRUE,0.0111356179426308,0.845999323168624,0.988864480178863,0.988864480178863,"anchored independent signed-Poisson update approximation",0,2133,5.31700000000001,""
"Iowa",2025-05-31,"calendar","hurdle_ztnb",1066.11614317187,0,0.00143680624894049,"pass",TRUE,TRUE,TRUE,FALSE,0.0177150076321788,0.844721787256968,0.982288163516331,0.982288163516331,"anchored sequential hurdle updates",22,2133,4.15599999999995,""
"Iowa",2025-05-31,"calendar","hurdle_ztpoisson",1245.5631302394,0,0.0154450376443436,"pass",TRUE,TRUE,TRUE,FALSE,0.0251966649047675,0.849703867252453,0.974807998854322,0.974807998854322,"anchored sequential hurdle updates",1,2133,3.98000000000002,""
"Iowa",2025-05-31,"compressed","cumulative_poisson",3592.52912399687,0,0.00132514476278089,"pass",TRUE,TRUE,TRUE,TRUE,0.00733962026348358,0.908686553639917,0.992660561477678,0.992660561477678,"anchored independent signed-Poisson update approximation",0,1188,2.05799999999999,""
"Iowa",2025-05-31,"compressed","cumulative_nb",3832.68616568053,0,0.000353930971199123,"pass",TRUE,TRUE,TRUE,TRUE,0.00609029110905988,0.923518017370564,0.996981259471122,0.993909709270115,"anchored independent signed-Poisson update approximation",0,1188,2.86499999999978,""
"Iowa",2025-05-31,"compressed","hurdle_ztnb",785.412563130069,0,0.000129440750141763,"pass",TRUE,TRUE,TRUE,FALSE,0.0159344158644836,0.883089148110056,0.984068179774437,0.984068179774437,"anchored sequential hurdle updates",32,1188,3.29100000000017,""
"Iowa",2025-05-31,"compressed","hurdle_ztpoisson",840.787205087336,0,0.0017068257039452,"pass",TRUE,TRUE,TRUE,FALSE,0.0117476045367957,0.915958959921865,0.988254069217216,0.988254069217216,"anchored sequential hurdle updates",1,1188,3.25399999999991,""
"Kansas",2025-01-02,"calendar","cumulative_poisson",3287.91610128563,0,0.000242154943377787,"pass",TRUE,TRUE,TRUE,TRUE,0.0859554616576983,0.82121388395593,0.914047822837457,0.914047822837457,"anchored independent signed-Poisson update approximation",0,1539,2.24599999999964,""
"Kansas",2025-01-02,"calendar","cumulative_nb",3499.25158767616,0,0.000305330650011315,"pass",TRUE,TRUE,TRUE,TRUE,0.0844059148208905,0.818385607549797,0.915597462293149,0.915597462293149,"anchored independent signed-Poisson update approximation",1,1539,3.12700000000041,""
"Kansas",2025-01-02,"calendar","hurdle_ztnb",689.663019522295,0,0.000441992448486778,"pass",TRUE,TRUE,TRUE,FALSE,0.0224563745022732,0.882528245206556,0.977546819849609,0.977546819849609,"anchored sequential hurdle updates",4,1539,3.55800000000045,""
"Kansas",2025-01-02,"calendar","hurdle_ztpoisson",762.218207273124,0,0.00489615973766038,"pass",TRUE,TRUE,TRUE,FALSE,0.0214905847983919,0.881272673633962,0.978512739383163,0.978512739383163,"anchored sequential hurdle updates",0,1539,3.096,""
"Kansas",2025-01-02,"compressed","cumulative_poisson",1938.33699220492,0,0.000102002100252879,"pass",TRUE,TRUE,TRUE,TRUE,0.0842440831608185,0.90777539268258,0.995523478208484,0.915833621612421,"anchored independent signed-Poisson update approximation",1,648,1.64699999999993,""
"Kansas",2025-01-02,"compressed","cumulative_nb",2106.33441471229,0,0.00219714426593187,"pass",TRUE,TRUE,TRUE,TRUE,0.129567910357381,0.83718860132563,0.906865942040263,0.870437784614632,"anchored independent signed-Poisson update approximation",0,648,1.97899999999981,"NA/NaN function evaluation"
"Kansas",2025-01-02,"compressed","hurdle_ztnb",568.796739573399,0,7.94105658592503e-05,"pass",TRUE,TRUE,TRUE,FALSE,0.0612667014328664,0.882506738334508,0.939814362705684,0.938783646999142,"anchored sequential hurdle updates",6,648,2.72800000000007,""
"Kansas",2025-01-02,"compressed","hurdle_ztpoisson",735.360538248808,0,0.00313122954513401,"pass",TRUE,TRUE,TRUE,FALSE,0.406120118225398,0.59580479312377,0.964769215217118,0.59580479312377,"anchored sequential hurdle updates",91,648,2.69500000000016,""
"Kansas",2025-02-15,"calendar","cumulative_poisson",4126.8411354611,0,0.00114992264916403,"pass",TRUE,TRUE,TRUE,TRUE,0.0152491138332318,0.800399040554946,0.999750777278964,0.98475088616692,"anchored independent signed-Poisson update approximation",0,1728,2.56200000000035,""
"Kansas",2025-02-15,"calendar","cumulative_nb",4211.88656541852,0,0.000356401932729344,"pass",TRUE,TRUE,TRUE,TRUE,0.0273477866816337,0.79421093965325,0.977668557481411,0.972652219737215,"anchored independent signed-Poisson update approximation",0,1728,3.84299999999985,"NA/NaN function evaluation"
"Kansas",2025-02-15,"calendar","hurdle_ztnb",852.156469433695,0,0.000422055831372968,"pass",TRUE,TRUE,TRUE,FALSE,0.029423923911638,0.860785264994406,0.970579034358949,0.970579034358949,"anchored sequential hurdle updates",0,1728,3.52300000000014,""
"Kansas",2025-02-15,"calendar","hurdle_ztpoisson",1037.4194940748,0,0.00898399314842183,"pass",TRUE,TRUE,TRUE,FALSE,0.119343643120836,0.831013320351835,0.880669185317778,0.880669185317778,"anchored sequential hurdle updates",6,1728,3.66100000000006,""
"Kansas",2025-02-15,"compressed","cumulative_poisson",2423.96795544717,0,0.00135036712834991,"pass",TRUE,TRUE,TRUE,TRUE,0.0838426457177133,0.916157354282287,1,0.916157354282287,"anchored independent signed-Poisson update approximation",5,783,1.82099999999991,""
"Kansas",2025-02-15,"compressed","cumulative_nb",2595.79931225348,0,0.000783197945608452,"pass",TRUE,TRUE,TRUE,TRUE,0.071527852973313,0.928472147026687,1,0.928472147026687,"anchored independent signed-Poisson update approximation",0,783,2.12699999999995,""
"Kansas",2025-02-15,"compressed","hurdle_ztnb",670.238636532205,0,0.000766293463038803,"pass",TRUE,TRUE,TRUE,FALSE,0.0468725226739818,0.878486868605538,0.953155158191762,0.953155158191762,"anchored sequential hurdle updates",3,783,2.86000000000013,""
"Kansas",2025-02-15,"compressed","hurdle_ztpoisson",925.463958216376,0,0.00613711629510061,"pass",TRUE,TRUE,TRUE,FALSE,0.0396269103122972,0.904654728191702,0.960387970583472,0.960387970583472,"anchored sequential hurdle updates",0,783,2.80600000000004,""
"Kansas",2025-03-29,"calendar","cumulative_poisson",4583.41350200455,0,0.00703186490872354,"pass",TRUE,TRUE,TRUE,TRUE,0.0126016764523119,0.792848241767674,0.987398324426759,0.987398324426759,"anchored independent signed-Poisson update approximation",0,1890,2.63300000000027,""
"Kansas",2025-03-29,"calendar","cumulative_nb",4699.50609086894,0,0.0060483322971101,"pass",TRUE,TRUE,TRUE,TRUE,0.0239822316805981,0.791039081111822,0.976017835346016,0.976017835346016,"anchored independent signed-Poisson update approximation",0,1890,4.38699999999972,"NA/NaN function evaluation"
"Kansas",2025-03-29,"calendar","hurdle_ztnb",1051.88641843251,0,0.000571719774302704,"pass",TRUE,TRUE,TRUE,FALSE,0.023121758818512,0.839888751253285,0.976881193751107,0.976881193751107,"anchored sequential hurdle updates",1,1890,3.9380000000001,""
"Kansas",2025-03-29,"calendar","hurdle_ztpoisson",1283.4970906444,0,0.00369712590428994,"pass",TRUE,TRUE,TRUE,FALSE,0.0613526117586304,0.807526809336662,0.93865630847295,0.93865630847295,"anchored sequential hurdle updates",0,1890,3.875,""
"Kansas",2025-03-29,"compressed","cumulative_poisson",3001.04320888247,0,0.0029136908470031,"pass",TRUE,TRUE,TRUE,TRUE,0.0881337650759197,0.906476931781972,0.999999999996297,0.91186623492408,"anchored independent signed-Poisson update approximation",0,945,2.14499999999998,"NA/NaN function evaluation"
"Kansas",2025-03-29,"compressed","cumulative_nb",3191.84509556934,0,0.00406013041672937,"pass",TRUE,TRUE,TRUE,TRUE,0.0788079866863717,0.912820937264558,0.999999999999796,0.921192013313628,"anchored independent signed-Poisson update approximation",0,945,2.41200000000026,""
"Kansas",2025-03-29,"compressed","hurdle_ztnb",856.681887718525,0,0.000530488726104839,"pass",TRUE,TRUE,TRUE,FALSE,0.0406311978592447,0.848509445646555,0.959396969868757,0.959396969868757,"anchored sequential hurdle updates",0,945,3.2170000000001,""
"Kansas",2025-03-29,"compressed","hurdle_ztpoisson",1149.05651049615,0,0.00265362910128042,"pass",TRUE,TRUE,TRUE,FALSE,0.0338582467528483,0.898486258312365,0.966151667717945,0.966151667717945,"anchored sequential hurdle updates",0,945,3.15800000000036,""
"Kansas",2025-04-26,"calendar","cumulative_poisson",4927.47347701784,0,0.000938564639762385,"pass",TRUE,TRUE,TRUE,TRUE,0.00952810802688777,0.800193453243645,0.990471892364954,0.990471892364954,"anchored independent signed-Poisson update approximation",0,1998,2.83200000000033,""
"Kansas",2025-04-26,"calendar","cumulative_nb",5067.30770801877,0,0.0099646097312458,"pass",TRUE,TRUE,TRUE,TRUE,0.0181813751172285,0.801604810738147,0.981818659736569,0.981818659736569,"anchored independent signed-Poisson update approximation",0,1998,6.16899999999987,"NA/NaN function evaluation"
"Kansas",2025-04-26,"calendar","hurdle_ztnb",1098.30654058999,0,0.00049032769907803,"pass",TRUE,TRUE,TRUE,FALSE,0.0213329171886222,0.84075059675844,0.978669752719619,0.978669752719619,"anchored sequential hurdle updates",9,1998,4.1260000000002,""
"Kansas",2025-04-26,"calendar","hurdle_ztpoisson",1337.13006697265,0,0.0106337665560985,"pass",TRUE,TRUE,TRUE,FALSE,0.0562451229598789,0.810795643393016,0.943761126446869,0.943761126446869,"anchored sequential hurdle updates",0,1998,4.08100000000013,""
"Kansas",2025-04-26,"compressed","cumulative_poisson",3372.03302518392,0,0.00257744507234947,"pass",TRUE,TRUE,TRUE,TRUE,0.0734997092165494,0.907007077649538,0.999999999999852,0.926500290783451,"anchored independent signed-Poisson update approximation",0,1053,2.0930000000003,"NA/NaN function evaluation"
"Kansas",2025-04-26,"compressed","cumulative_nb",3573.79926978667,0,0.000293728590233355,"pass",TRUE,TRUE,TRUE,TRUE,0.0676909199563885,0.912734182881732,0.999999999999975,0.932309080043612,"anchored independent signed-Poisson update approximation",0,1053,2.96000000000004,"NA/NaN function evaluation"
"Kansas",2025-04-26,"compressed","hurdle_ztnb",900.460544989993,0,0.00138520790347751,"pass",TRUE,TRUE,TRUE,FALSE,0.0371609400353193,0.851409854680602,0.962864540214511,0.962864540214511,"anchored sequential hurdle updates",26,1053,3.36799999999994,""
"Kansas",2025-04-26,"compressed","hurdle_ztpoisson",1189.18482615211,0,0.0087617874209478,"pass",TRUE,TRUE,TRUE,FALSE,0.0313852289015351,0.8993002097636,0.968623259146251,0.968623259146251,"anchored sequential hurdle updates",0,1053,3.26999999999998,""
"Kansas",2025-05-31,"calendar","cumulative_poisson",5360.31128725634,0,0.006294548794085,"pass",TRUE,TRUE,TRUE,TRUE,0.00746657727865989,0.802985799436985,0.992533422913545,0.992533422913545,"anchored independent signed-Poisson update approximation",0,2133,3.09900000000016,""
"Kansas",2025-05-31,"calendar","cumulative_nb",5527.43746466403,0,0.00811567591174861,"pass",TRUE,TRUE,TRUE,TRUE,0.0131290565841096,0.806543819701377,0.986870951236792,0.986870951236792,"anchored independent signed-Poisson update approximation",0,2133,7.49000000000024,"NA/NaN function evaluation"
"Kansas",2025-05-31,"calendar","hurdle_ztnb",1142.42104784301,0,0.000280665023194071,"pass",TRUE,TRUE,TRUE,FALSE,0.020517449100512,0.839134069084751,0.979485195604968,0.979485195604968,"anchored sequential hurdle updates",11,2133,4.28800000000001,""
"Kansas",2025-05-31,"calendar","hurdle_ztpoisson",1380.34987221768,0,0.00932897592474172,"pass",TRUE,TRUE,TRUE,FALSE,0.0537461771790268,0.813284169346737,0.946258574200918,0.946258574200918,"anchored sequential hurdle updates",0,2133,4.04100000000017,""
"Kansas",2025-05-31,"compressed","cumulative_poisson",3811.08223177046,0,0.000312967360659888,"pass",TRUE,TRUE,TRUE,TRUE,0.0512269381106791,0.909620063024709,0.99999999999916,0.948773113724595,"anchored independent signed-Poisson update approximation",0,1188,2.56099999999969,"NA/NaN function evaluation"
"Kansas",2025-05-31,"compressed","cumulative_nb",4021.57796826888,0,0.000224834775046354,"pass",TRUE,TRUE,TRUE,TRUE,0.0474702599234742,0.914306701040866,0.99999999999989,0.952529740097074,"anchored independent signed-Poisson update approximation",0,1188,3.49800000000005,"NA/NaN function evaluation"
"Kansas",2025-05-31,"compressed","hurdle_ztnb",944.282115949592,0,0.00402983602793938,"pass",TRUE,TRUE,TRUE,FALSE,0.036033778235225,0.850347420761917,0.963990986031992,0.963990986031992,"anchored sequential hurdle updates",60,1188,3.50199999999995,""
"Kansas",2025-05-31,"compressed","hurdle_ztpoisson",1218.21128116458,0,0.0248782468931918,"pass",TRUE,TRUE,TRUE,FALSE,0.0301121802850465,0.898600341056672,0.969895621344984,0.969895621344984,"anchored sequential hurdle updates",1,1188,3.47399999999971,""
"Kentucky",2025-01-02,"calendar","cumulative_poisson",3769.41844639533,0,0.000384471751323556,"pass",TRUE,TRUE,TRUE,TRUE,0.073506890256012,0.900665602455405,0.926498036361371,0.926498036361371,"anchored independent signed-Poisson update approximation",0,1539,2.26499999999987,""
"Kentucky",2025-01-02,"calendar","cumulative_nb",4009.30544946792,0,0.00123865668864828,"pass",TRUE,TRUE,TRUE,TRUE,0.0800041357914965,0.890268976432248,0.920001006135513,0.920001006135513,"anchored independent signed-Poisson update approximation",0,1539,3.59500000000025,""
"Kentucky",2025-01-02,"calendar","hurdle_ztnb",670.472121277688,0,0.00065588826487506,"pass",TRUE,TRUE,TRUE,FALSE,0.0346093224265598,0.932183753723057,0.965393680928578,0.965393680928578,"anchored sequential hurdle updates",2,1539,3.10599999999977,""
"Kentucky",2025-01-02,"calendar","hurdle_ztpoisson",718.134108901153,0,0.0103545333300537,"pass",TRUE,TRUE,TRUE,FALSE,0.0182417123270564,0.951659070152228,0.981759534518251,0.981759534518251,"anchored sequential hurdle updates",1,1539,3.15300000000025,""
"Kentucky",2025-01-02,"compressed","cumulative_poisson",2128.12079405381,0,0.000478615972890228,"pass",TRUE,TRUE,TRUE,TRUE,0.0241339668697415,0.975866033542136,0.989076069658322,0.975866033542136,"anchored independent signed-Poisson update approximation",0,648,1.69300000000021,""
"Kentucky",2025-01-02,"compressed","cumulative_nb",2349.16105282294,0,0.000573943817579303,"pass",TRUE,TRUE,TRUE,TRUE,0.0281302398836724,0.971869760841318,0.985400890315018,0.971869760841318,"anchored independent signed-Poisson update approximation",0,648,1.91799999999967,""
"Kentucky",2025-01-02,"compressed","hurdle_ztnb",481.147563315481,0,0.000424470345416816,"pass",TRUE,TRUE,TRUE,FALSE,0.02952080145064,0.970479326153652,0.973849779999,0.970479326153652,"anchored sequential hurdle updates",0,648,2.57300000000032,""
"Kentucky",2025-01-02,"compressed","hurdle_ztpoisson",487.723444238884,0,0.000652240410848659,"pass",TRUE,TRUE,TRUE,FALSE,0.0209742277075752,0.972981256040147,0.979027812035362,0.979027812035362,"anchored sequential hurdle updates",0,648,2.52199999999993,""
"Kentucky",2025-02-15,"calendar","cumulative_poisson",5028.0614902277,0,0.0027540256931915,"pass",TRUE,TRUE,TRUE,TRUE,0.0192326763455969,0.844396443082927,0.999943233937874,0.980767323654436,"anchored independent signed-Poisson update approximation",0,1728,2.4699999999998,""
"Kentucky",2025-02-15,"calendar","cumulative_nb",4926.08450490987,0,0.00209725278466344,"pass",TRUE,TRUE,TRUE,TRUE,0.0438374880406995,0.82893542227416,0.961125464152354,0.956163405543572,"anchored independent signed-Poisson update approximation",0,1728,4.64300000000003,"NA/NaN function evaluation"
"Kentucky",2025-02-15,"calendar","hurdle_ztnb",843.028581643474,0,0.000120676373579376,"pass",TRUE,TRUE,TRUE,FALSE,0.0565808534089208,0.897444825568523,0.943424678614888,0.943424678614888,"anchored sequential hurdle updates",0,1728,3.36000000000013,""
"Kentucky",2025-02-15,"calendar","hurdle_ztpoisson",973.951802245793,0,0.00979917968058116,"pass",TRUE,TRUE,TRUE,FALSE,0.0952640717247766,0.885185457155257,0.916407591982843,0.904743937249531,"anchored sequential hurdle updates",3,1728,3.45699999999988,""
"Kentucky",2025-02-15,"compressed","cumulative_poisson",2618.80773048429,0,0.00309420733246091,"pass",TRUE,TRUE,TRUE,TRUE,0.0201722946946248,0.966329602150136,0.999854225201742,0.979827705306078,"anchored independent signed-Poisson update approximation",0,783,1.72700000000032,""
"Kentucky",2025-02-15,"compressed","cumulative_nb",2852.41717071425,0,0.00207823653942363,"pass",TRUE,TRUE,TRUE,TRUE,0.0209833791344994,0.970165164004139,0.999377875132194,0.979016620867707,"anchored independent signed-Poisson update approximation",0,783,2.25999999999976,"NA/NaN function evaluation"
"Kentucky",2025-02-15,"compressed","hurdle_ztnb",594.418451294298,0,0.000841436504366189,"pass",TRUE,TRUE,TRUE,FALSE,0.0365417675079262,0.958882511554659,0.964784960902246,0.963458404922678,"anchored sequential hurdle updates",0,783,2.72700000000032,""
"Kentucky",2025-02-15,"compressed","hurdle_ztpoisson",604.590923735372,0,0.00466969927980607,"pass",TRUE,TRUE,TRUE,FALSE,0.0285692656400529,0.963439897095057,0.973881505684432,0.971431028667443,"anchored sequential hurdle updates",0,783,2.96200000000044,""
"Kentucky",2025-03-29,"compressed","cumulative_poisson",3257.2898047298,0,0.000734365015533034,"pass",TRUE,TRUE,TRUE,TRUE,0.0143598838337935,0.939724708723788,1,0.985640116166207,"anchored independent signed-Poisson update approximation",0,945,1.9670000000001,""
"Kentucky",2025-03-29,"compressed","cumulative_nb",3502.72531843734,0,0.00154776964377246,"pass",TRUE,TRUE,TRUE,TRUE,0.0141444939764358,0.948263079131922,1,0.985855506023564,"anchored independent signed-Poisson update approximation",0,945,2.5949999999998,"NA/NaN function evaluation"
"Kentucky",2025-03-29,"compressed","hurdle_ztnb",816.221917495365,0,0.000190969426304477,"pass",TRUE,TRUE,TRUE,FALSE,0.0558259060240012,0.886109835229657,0.944190336400265,0.944190336400265,"anchored sequential hurdle updates",1,945,2.99400000000014,""
"Kentucky",2025-03-29,"compressed","hurdle_ztpoisson",877.470754913946,0,0.00520994304024143,"pass",TRUE,TRUE,TRUE,FALSE,0.0699388528059027,0.913669783159994,0.962143953047486,0.930155806071135,"anchored sequential hurdle updates",0,945,3.10899999999992,""
"Kentucky",2025-04-26,"calendar","cumulative_poisson",5963.97080101103,0,0.000703978250410797,"pass",TRUE,TRUE,TRUE,TRUE,0.00402916856015034,0.841396616311254,0.995970841986659,0.995970841986659,"anchored independent signed-Poisson update approximation",0,1998,2.81999999999971,""
"Kentucky",2025-04-26,"calendar","cumulative_nb",5919.25489409895,0,0.00305161431165113,"pass",TRUE,TRUE,TRUE,TRUE,0.0126784834925204,0.849651945820898,0.987321724199471,0.987321724199471,"anchored independent signed-Poisson update approximation",0,1998,6.19200000000001,"NA/NaN function evaluation"
"Kentucky",2025-04-26,"calendar","hurdle_ztnb",1185.40647940688,0,0.000565382540229642,"pass",TRUE,TRUE,TRUE,FALSE,0.0351164053831972,0.859377612657471,0.964889834335265,0.964889834335265,"anchored sequential hurdle updates",10,1998,4.00300000000016,""
"Kentucky",2025-04-26,"calendar","hurdle_ztpoisson",1493.23290545985,0,0.0218187823844129,"pass",TRUE,TRUE,TRUE,FALSE,0.0281489797000062,0.879143502246041,0.971857078559043,0.971857078559043,"anchored sequential hurdle updates",0,1998,3.92799999999988,""
"Kentucky",2025-04-26,"compressed","cumulative_poisson",3680.09018443156,0,0.00338151263605307,"pass",TRUE,TRUE,TRUE,TRUE,0.00319803624388105,0.924767336928318,0.996801963906297,0.996801963906297,"anchored independent signed-Poisson update approximation",0,1053,1.98199999999997,""
"Kentucky",2025-04-26,"compressed","cumulative_nb",3932.17588816318,0,0.0252266021638473,"pass",TRUE,TRUE,TRUE,TRUE,0.00359800220373006,0.938025566817913,0.998412679513612,0.996401997923146,"anchored independent signed-Poisson update approximation",0,1053,2.75,""
"Kentucky",2025-04-26,"compressed","hurdle_ztnb",898.056873959109,0,0.000270003090889759,"pass",TRUE,TRUE,TRUE,FALSE,0.0485221380215573,0.881992261795706,0.951492882920489,0.951492882920489,"anchored sequential hurdle updates",18,1053,3.24500000000035,""
"Kentucky",2025-04-26,"compressed","hurdle_ztpoisson",948.517953209371,0,0.0019755224945236,"pass",TRUE,TRUE,TRUE,FALSE,0.0736076193358775,0.911789624050063,0.963632519414679,0.926497789940218,"anchored sequential hurdle updates",0,1053,3.1579999999999,""
"Kentucky",2025-05-31,"calendar","cumulative_poisson",6463.28135167839,0,0.00155140065265524,"pass",TRUE,TRUE,TRUE,TRUE,0.00329874542193022,0.839926618516313,0.996701286959874,0.996701286959874,"anchored independent signed-Poisson update approximation",0,2133,3.0920000000001,""
"Kentucky",2025-05-31,"calendar","cumulative_nb",6470.88446836864,0,0.00138376016738356,"pass",TRUE,TRUE,TRUE,TRUE,0.00926275960187775,0.851304155423116,0.990737488316318,0.990737488316318,"anchored independent signed-Poisson update approximation",0,2133,5.50799999999981,""
"Kentucky",2025-05-31,"calendar","hurdle_ztnb",1246.53342046155,0,0.000356127171982301,"pass",TRUE,TRUE,TRUE,FALSE,0.0312493935211256,0.862381321613445,0.968756101851712,0.968756101851712,"anchored sequential hurdle updates",20,2133,4.11400000000003,""
"Kentucky",2025-05-31,"calendar","hurdle_ztpoisson",1562.92144612372,0,0.0192376297884391,"pass",TRUE,TRUE,TRUE,FALSE,0.0273713545551958,0.876528993523415,0.972634599293089,0.972634599293089,"anchored sequential hurdle updates",0,2133,4.18499999999995,""
"Kentucky",2025-05-31,"compressed","cumulative_poisson",4164.6884990963,0,0.000309854747691851,"pass",TRUE,TRUE,TRUE,TRUE,0.00263664922314146,0.917879416187985,0.997363386534316,0.997363386534316,"anchored independent signed-Poisson update approximation",0,1188,2.10599999999977,""
"Kentucky",2025-05-31,"compressed","cumulative_nb",4428.33063333802,0,0.000969415251372396,"pass",TRUE,TRUE,TRUE,TRUE,0.00337114168747859,0.922527013749763,0.996628875610671,0.996628875610671,"anchored independent signed-Poisson update approximation",0,1188,2.79800000000023,""
"Kentucky",2025-05-31,"compressed","hurdle_ztnb",955.096444185066,0,0.000583183780427099,"pass",TRUE,TRUE,TRUE,FALSE,0.0417293788582126,0.886706802175311,0.958282776768577,0.958282776768577,"anchored sequential hurdle updates",61,1188,3.37599999999975,""
"Kentucky",2025-05-31,"compressed","hurdle_ztpoisson",997.873441242581,0,0.00693085607019724,"pass",TRUE,TRUE,TRUE,FALSE,0.0656432238400034,0.911747161612309,0.963587089251452,0.934444126291064,"anchored sequential hurdle updates",7,1188,3.30799999999999,""
"Louisiana",2025-01-02,"compressed","cumulative_poisson",2177.75182586923,0,0.0037120092784749,"pass",TRUE,TRUE,TRUE,TRUE,0.0194624298850409,0.980537570275332,0.992013255541481,0.980537570275332,"anchored independent signed-Poisson update approximation",0,648,1.61200000000008,""
"Louisiana",2025-01-02,"compressed","cumulative_nb",2403.62355912823,0,0.000285261538118808,"pass",TRUE,TRUE,TRUE,TRUE,0.0755874873055814,0.907277389064203,0.929649608852101,0.924418711320441,"anchored independent signed-Poisson update approximation",0,648,1.91399999999976,"NA/NaN function evaluation"
"Louisiana",2025-01-02,"compressed","hurdle_ztnb",478.138874502281,0,0.000204112862210448,"pass",TRUE,TRUE,TRUE,FALSE,0.0246640063236313,0.957313946215253,0.979523366038541,0.975336316381407,"anchored sequential hurdle updates",0,648,2.60500000000002,""
"Louisiana",2025-01-02,"compressed","hurdle_ztpoisson",480.098091367455,0,0.00170945117800445,"pass",TRUE,TRUE,TRUE,FALSE,0.0190312718918242,0.968869999027176,0.986819334642857,0.980969024634949,"anchored sequential hurdle updates",0,648,2.48499999999967,""
"Louisiana",2025-02-15,"calendar","cumulative_poisson",6104.87272019965,0,0.00774614059632484,"pass",TRUE,TRUE,TRUE,TRUE,0.0118346800017127,0.774006581544672,0.999705923478516,0.988165319998411,"anchored independent signed-Poisson update approximation",0,1728,2.59400000000005,""
"Louisiana",2025-02-15,"calendar","cumulative_nb",5846.00783466821,0,0.00311926381307437,"pass",TRUE,TRUE,TRUE,TRUE,0.0273360906059546,0.75711855066341,0.972665945967275,0.972665945967275,"anchored independent signed-Poisson update approximation",0,1728,4.9409999999998,"NA/NaN function evaluation"
"Louisiana",2025-02-15,"calendar","hurdle_ztnb",878.967424403898,0,0.000112634784501076,"pass",TRUE,TRUE,TRUE,FALSE,0.0403402368197677,0.818060976606184,0.959666629309977,0.959666629309977,"anchored sequential hurdle updates",0,1728,3.67399999999998,""
"Louisiana",2025-02-15,"calendar","hurdle_ztpoisson",1184.69137515912,0,0.00770227880442498,"pass",TRUE,TRUE,TRUE,FALSE,0.111414151240188,0.862501077675127,0.921373474339171,0.888592993468731,"anchored sequential hurdle updates",2,1728,3.32499999999982,""
"Louisiana",2025-02-15,"compressed","cumulative_poisson",2685.024038322,0,0.00119689079990914,"pass",TRUE,TRUE,TRUE,TRUE,0.0138353960535896,0.955943653451587,0.999999930608714,0.98616460394641,"anchored independent signed-Poisson update approximation",0,783,1.85899999999992,""
"Louisiana",2025-02-15,"compressed","cumulative_nb",2907.31460137089,0,0.000579235901017938,"pass",TRUE,TRUE,TRUE,TRUE,0.0146836137451293,0.956630478583301,0.999999603121439,0.985316386254871,"anchored independent signed-Poisson update approximation",0,783,2.1550000000002,"NA/NaN function evaluation"
"Louisiana",2025-02-15,"compressed","hurdle_ztnb",572.951149538867,0,0.000155849767547234,"pass",TRUE,TRUE,TRUE,FALSE,0.0261382338677173,0.936067689636165,0.976226062998577,0.973862107501509,"anchored sequential hurdle updates",0,783,2.67399999999998,""
"Louisiana",2025-02-15,"compressed","hurdle_ztpoisson",780.089138702965,0,0.0109344782744222,"pass",TRUE,TRUE,TRUE,FALSE,0.0250212281434225,0.945894312468791,0.978540230382879,0.974979232164948,"anchored sequential hurdle updates",0,783,2.85399999999981,""
"Louisiana",2025-03-29,"calendar","cumulative_poisson",6744.51057974756,0,0.000973472435288336,"pass",TRUE,TRUE,TRUE,TRUE,0.0675149543061,0.72440474726744,0.932487752075255,0.932487752075255,"anchored independent signed-Poisson update approximation",0,1890,3.26800000000003,""
"Louisiana",2025-03-29,"calendar","cumulative_nb",6488.48083441332,0,0.000560180871221616,"pass",TRUE,TRUE,TRUE,TRUE,0.0560021027071783,0.73510986494379,0.94400907212627,0.94400907212627,"anchored independent signed-Poisson update approximation",0,1890,6.14800000000014,"NA/NaN function evaluation"
"Louisiana",2025-03-29,"calendar","hurdle_ztnb",1086.67003944804,0,0.000249605193527458,"pass",TRUE,TRUE,TRUE,FALSE,0.0275062639330066,0.776671534687712,0.972501777232859,0.972501777232859,"anchored sequential hurdle updates",1,1890,4.20100000000002,""
"Louisiana",2025-03-29,"calendar","hurdle_ztpoisson",1892.38595479455,0,0.0109714280211008,"pass",TRUE,TRUE,TRUE,FALSE,0.0714589775494843,0.87960028513499,0.92855371790343,0.92855371790343,"anchored sequential hurdle updates",0,1890,4.12899999999991,""
"Louisiana",2025-03-29,"compressed","cumulative_poisson",3280.29860449417,0,0.0051657076116145,"pass",TRUE,TRUE,TRUE,TRUE,0.00576281493000602,0.926823028384167,0.998186832861127,0.994237185157199,"anchored independent signed-Poisson update approximation",0,945,2.08600000000024,""
"Louisiana",2025-03-29,"compressed","cumulative_nb",3511.59292436726,0,0.00743241027206043,"pass",TRUE,TRUE,TRUE,TRUE,0.00710849750894685,0.930328955463911,0.998312168348638,0.992891502535706,"anchored independent signed-Poisson update approximation",0,945,2.63400000000001,"NA/NaN function evaluation"
"Louisiana",2025-03-29,"compressed","hurdle_ztnb",779.320671652103,0,0.000759034139788284,"pass",TRUE,TRUE,TRUE,FALSE,0.0525206985691447,0.86040360558455,0.947510878071687,0.947510878071687,"anchored sequential hurdle updates",2,945,3.33100000000013,""
"Louisiana",2025-03-29,"compressed","hurdle_ztpoisson",1259.29104733918,0,0.00512968923963075,"pass",TRUE,TRUE,TRUE,FALSE,0.101004392446863,0.894952196934196,0.974244528302571,0.89902115068646,"anchored sequential hurdle updates",0,945,3.34800000000041,""
"Louisiana",2025-04-26,"calendar","cumulative_poisson",7224.51192240126,0,0.000359702123371997,"pass",TRUE,TRUE,TRUE,TRUE,0.0747568095062093,0.726947270446117,0.9252523724587,0.9252523724587,"anchored independent signed-Poisson update approximation",0,1998,3.37899999999991,""
"Louisiana",2025-04-26,"calendar","cumulative_nb",6969.57740867281,0,0.00306147470276752,"pass",TRUE,TRUE,TRUE,TRUE,0.0521648213367477,0.752568889921816,0.947847640130353,0.947847640130353,"anchored independent signed-Poisson update approximation",0,1998,6.24499999999989,"NA/NaN function evaluation"
"Louisiana",2025-04-26,"calendar","hurdle_ztnb",1149.59738296485,0,0.000418868815589946,"pass",TRUE,TRUE,TRUE,FALSE,0.0283349841252515,0.777535923499731,0.971673295088328,0.971673295088328,"anchored sequential hurdle updates",7,1998,4.31100000000015,""
"Louisiana",2025-04-26,"calendar","hurdle_ztpoisson",2072.02707283764,0,0.0187483306506784,"pass",TRUE,TRUE,TRUE,FALSE,0.0489764493690695,0.851341522710815,0.95103688385204,0.95103688385204,"anchored sequential hurdle updates",0,1998,4.48700000000008,""
"Louisiana",2025-04-26,"compressed","cumulative_poisson",3697.89239257924,0,0.0253418148256734,"pass",TRUE,TRUE,TRUE,TRUE,0.0044771009767717,0.930080993977288,0.998318449905803,0.995522899076739,"anchored independent signed-Poisson update approximation",0,1053,2.22400000000016,""
"Louisiana",2025-04-26,"compressed","cumulative_nb",3931.9658021921,0,0.0011552213492978,"pass",TRUE,TRUE,TRUE,TRUE,0.0055116842267624,0.934159919905044,0.998247238261976,0.994488315807122,"anchored independent signed-Poisson update approximation",0,1053,2.97899999999981,"NA/NaN function evaluation"
"Louisiana",2025-04-26,"compressed","hurdle_ztnb",836.892895928898,0,0.000219997729001387,"pass",TRUE,TRUE,TRUE,FALSE,0.0595054061912479,0.850466420540744,0.94053799400368,0.94053799400368,"anchored sequential hurdle updates",7,1053,3.48700000000008,""
"Louisiana",2025-04-26,"compressed","hurdle_ztpoisson",1421.37269277082,0,0.00503494956778411,"pass",TRUE,TRUE,TRUE,FALSE,0.0899224210886859,0.882825815846392,0.95417332001984,0.91015755293455,"anchored sequential hurdle updates",0,1053,3.35899999999992,""
"Louisiana",2025-05-31,"calendar","cumulative_poisson",7779.82753793968,0,0.000425057742362345,"pass",TRUE,TRUE,TRUE,TRUE,0.0485582786041045,0.756584371616083,0.951444921768995,0.951444921768995,"anchored independent signed-Poisson update approximation",0,2133,3.62100000000009,""
"Louisiana",2025-05-31,"calendar","cumulative_nb",7565.61511125459,0,0.00289472815655811,"pass",TRUE,TRUE,TRUE,TRUE,0.0356896707694896,0.781469723944647,0.964317399388867,0.964317399388867,"anchored independent signed-Poisson update approximation",0,2133,7.37599999999975,"NA/NaN function evaluation"
"Louisiana",2025-05-31,"calendar","hurdle_ztnb",1479.07335138792,0,0.000509965825578718,"pass",TRUE,TRUE,TRUE,FALSE,0.0977469181196071,0.705204168485763,0.902495708733681,0.902495708733681,"anchored sequential hurdle updates",48,2133,4.67599999999993,""
"Louisiana",2025-05-31,"calendar","hurdle_ztpoisson",2467.44932824781,0,0.0199522752133983,"pass",TRUE,TRUE,TRUE,FALSE,0.0792876488387057,0.858413444115768,0.920775428282923,0.920775428282923,"anchored sequential hurdle updates",0,2133,4.7819999999997,""
"Louisiana",2025-05-31,"compressed","cumulative_poisson",4200.36630245382,0,0.0123528133484296,"pass",TRUE,TRUE,TRUE,TRUE,0.00272748791771096,0.932926081176309,0.999265974960924,0.997272512091967,"anchored independent signed-Poisson update approximation",0,1188,2.26600000000008,""
"Louisiana",2025-05-31,"compressed","cumulative_nb",4442.06469232897,0,0.00222579993125593,"pass",TRUE,TRUE,TRUE,TRUE,0.00342249903401407,0.936997669025274,0.999233407236837,0.996577500972497,"anchored independent signed-Poisson update approximation",0,1188,2.96000000000004,""
"Louisiana",2025-05-31,"compressed","hurdle_ztnb",1105.18781038802,0,3.34172547606926e-05,"pass",TRUE,TRUE,TRUE,FALSE,0.114895706129458,0.85371584491107,0.927376121636091,0.88533414753564,"anchored sequential hurdle updates",100,1188,3.89399999999978,""
"Louisiana",2025-05-31,"compressed","hurdle_ztpoisson",1659.76002042553,0,0.0121264133643922,"pass",TRUE,TRUE,TRUE,FALSE,0.106128654195724,0.886694568095665,0.952668074400981,0.894081253638859,"anchored sequential hurdle updates",0,1188,3.80000000000018,""
"Maine",2025-01-02,"calendar","cumulative_poisson",2728.62004946627,0,0.00039230736515572,"pass",TRUE,TRUE,TRUE,TRUE,0.120302230891196,0.86774640854475,0.880678951697141,0.879704658362016,"anchored independent signed-Poisson update approximation",1,1539,2.38900000000012,""
"Maine",2025-01-02,"calendar","cumulative_nb",2914.60254667304,0,0.000241417348292527,"pass",TRUE,TRUE,TRUE,TRUE,0.119073435537351,0.866301678958758,0.881120084646828,0.880933571140599,"anchored independent signed-Poisson update approximation",0,1539,3.24399999999969,""
"Maine",2025-01-02,"calendar","hurdle_ztnb",522.962547948385,0,0.00029128570488357,"pass",TRUE,TRUE,TRUE,FALSE,0.0367785555131004,0.911766690281711,0.963227449315928,0.963227449315928,"anchored sequential hurdle updates",5,1539,3.14600000000019,""
"Maine",2025-01-02,"calendar","hurdle_ztpoisson",515.832773888751,0,0.00111672017234832,"pass",TRUE,TRUE,TRUE,FALSE,0.0296035941648229,0.928168573262473,0.970400300349202,0.970400300349202,"anchored sequential hurdle updates",3,1539,3.40299999999979,""
"Maine",2025-01-02,"compressed","cumulative_poisson",1554.17517983333,0,0.000883678545720912,"pass",TRUE,TRUE,TRUE,TRUE,0.166250627271232,0.828354447885584,0.844589580233781,0.833758968807937,"anchored independent signed-Poisson update approximation",5,648,1.71599999999989,""
"Maine",2025-01-02,"compressed","cumulative_nb",1722.1628174873,0,0.00075995303349769,"pass",TRUE,TRUE,TRUE,TRUE,0.165466009124269,0.829077135634346,0.846915156468312,0.834543661423081,"anchored independent signed-Poisson update approximation",7,648,2.02999999999975,""
"Maine",2025-01-02,"compressed","hurdle_ztnb",304.415461929999,0,8.76214447576018e-06,"pass",TRUE,TRUE,TRUE,FALSE,0.0503469233066796,0.930337345015948,0.949657728670013,0.949657728670013,"anchored sequential hurdle updates",17,648,2.48300000000017,""
"Maine",2025-01-02,"compressed","hurdle_ztpoisson",300.041004691198,0,0.000694941523193974,"pass",TRUE,TRUE,TRUE,FALSE,0.0353372246267377,0.946179551186133,0.964665123927152,0.964665123927152,"anchored sequential hurdle updates",2,648,2.42599999999993,""
"Maine",2025-02-15,"calendar","cumulative_poisson",3193.04496617601,0,0.00114542350328883,"pass",TRUE,TRUE,TRUE,TRUE,0.0847440946727897,0.803086381798976,0.915260798190549,0.915260798190549,"anchored independent signed-Poisson update approximation",0,1728,2.63000000000011,""
"Maine",2025-02-15,"calendar","cumulative_nb",3362.92763089268,0,0.00178007148163357,"pass",TRUE,TRUE,TRUE,TRUE,0.0867162625254349,0.801251340584471,0.913289778759802,0.913289778759802,"anchored independent signed-Poisson update approximation",0,1728,3.69699999999966,""
"Maine",2025-02-15,"calendar","hurdle_ztnb",634.329281785793,0,0.000756198176212308,"pass",TRUE,TRUE,TRUE,FALSE,0.0592282540363738,0.868471874855413,0.940782173189843,0.940782173189843,"anchored sequential hurdle updates",7,1728,3.3720000000003,""
"Maine",2025-02-15,"calendar","hurdle_ztpoisson",647.82728968863,0,0.00930826940936533,"pass",TRUE,TRUE,TRUE,FALSE,0.0723836985311916,0.876996070881598,0.927627315797636,0.927627315797636,"anchored sequential hurdle updates",2,1728,3.3779999999997,""
"Maine",2025-02-15,"compressed","cumulative_poisson",1930.92158684034,0,0.00151587562278799,"pass",TRUE,TRUE,TRUE,TRUE,0.15653856141922,0.833298319906639,0.85431796115334,0.843471183536835,"anchored independent signed-Poisson update approximation",0,783,1.83599999999979,""
"Maine",2025-02-15,"compressed","cumulative_nb",2110.57920103562,0,0.0017849269140108,"pass",TRUE,TRUE,TRUE,TRUE,0.158199629557364,0.831478113679061,0.853265616516928,0.841810340056492,"anchored independent signed-Poisson update approximation",1,783,2.19799999999987,""
"Maine",2025-02-15,"compressed","hurdle_ztnb",374.784114527754,0,0.000199556590376293,"pass",TRUE,TRUE,TRUE,FALSE,0.0452088945517488,0.915873891282944,0.954796129055219,0.954796129055219,"anchored sequential hurdle updates",0,783,2.71199999999999,""
"Maine",2025-02-15,"compressed","hurdle_ztpoisson",356.563257286373,0,0.00195526888156028,"pass",TRUE,TRUE,TRUE,FALSE,0.0320201974744934,0.936180022698069,0.967982307089565,0.967982307089565,"anchored sequential hurdle updates",0,783,2.6840000000002,""
"Maine",2025-03-29,"calendar","cumulative_poisson",3528.4471640894,0,0.00276114372573177,"pass",TRUE,TRUE,TRUE,TRUE,0.122892975268474,0.780507416784095,0.877116852384275,0.877116852384275,"anchored independent signed-Poisson update approximation",0,1890,2.91800000000012,""
"Maine",2025-03-29,"calendar","cumulative_nb",3711.18689340981,0,0.00659053616181993,"pass",TRUE,TRUE,TRUE,TRUE,0.119904492371248,0.778405414715375,0.880105841290038,0.880105841290038,"anchored independent signed-Poisson update approximation",0,1890,4.40100000000029,""
"Maine",2025-03-29,"calendar","hurdle_ztnb",766.188840533719,0,0.000875004049729622,"pass",TRUE,TRUE,TRUE,FALSE,0.038547317044261,0.86879424190586,0.961459385217868,0.961459385217868,"anchored sequential hurdle updates",2,1890,3.721,""
"Maine",2025-03-29,"calendar","hurdle_ztpoisson",784.895288864715,0,0.0111557732065497,"pass",TRUE,TRUE,TRUE,FALSE,0.0320050969704066,0.891924272909515,0.968000056884228,0.968000056884228,"anchored sequential hurdle updates",0,1890,3.85699999999997,""
"Maine",2025-03-29,"compressed","cumulative_poisson",2395.49309483931,0,0.00275240226399831,"pass",TRUE,TRUE,TRUE,TRUE,0.145983754887881,0.823300067057125,0.854023290747608,0.854023290747608,"anchored independent signed-Poisson update approximation",0,945,2.05999999999995,""
"Maine",2025-03-29,"compressed","cumulative_nb",2591.17433187612,0,0.00203110733591798,"pass",TRUE,TRUE,TRUE,TRUE,0.146991724691645,0.824153362953981,0.853102280689382,0.853015833193692,"anchored independent signed-Poisson update approximation",0,945,2.58100000000013,""
"Maine",2025-03-29,"compressed","hurdle_ztnb",499.805597859575,0,0.000317326343007629,"pass",TRUE,TRUE,TRUE,FALSE,0.0279034019164678,0.911181304525976,0.972099583114736,0.972099583114736,"anchored sequential hurdle updates",1,945,2.97599999999966,""
"Maine",2025-03-29,"compressed","hurdle_ztpoisson",458.119916850813,0,0.00952385745580009,"pass",TRUE,TRUE,TRUE,FALSE,0.0163773693450384,0.944456838791343,0.983624092701858,0.983624092701858,"anchored sequential hurdle updates",1,945,3.13200000000006,""
"Maine",2025-04-26,"calendar","cumulative_poisson",3786.78289400647,0,0.00127296178041801,"pass",TRUE,TRUE,TRUE,TRUE,0.131305824498037,0.777265816448392,0.868706396443692,0.868706396443692,"anchored independent signed-Poisson update approximation",0,1998,3.02500000000009,""
"Maine",2025-04-26,"calendar","cumulative_nb",3980.2073928741,0,0.00323642544167707,"pass",TRUE,TRUE,TRUE,TRUE,0.129249924205168,0.775526823516378,0.870762634044783,0.870762634044783,"anchored independent signed-Poisson update approximation",0,1998,4.64300000000003,""
"Maine",2025-04-26,"calendar","hurdle_ztnb",800.353584623121,0,3.1891293065911e-05,"pass",TRUE,TRUE,TRUE,FALSE,0.0368079195831366,0.87112034101982,0.963198359583082,0.963198359583082,"anchored sequential hurdle updates",2,1998,3.86699999999973,""
"Maine",2025-04-26,"calendar","hurdle_ztpoisson",811.541281420795,0,0.00151455207102513,"pass",TRUE,TRUE,TRUE,FALSE,0.0317766201442519,0.896874347540523,0.968227976275937,0.968227976275937,"anchored sequential hurdle updates",0,1998,3.72499999999991,""
"Maine",2025-04-26,"compressed","cumulative_poisson",2702.32514612931,0,0.000590435071315995,"pass",TRUE,TRUE,TRUE,TRUE,0.14510806559545,0.821411797022276,0.854899481781612,0.854899481781612,"anchored independent signed-Poisson update approximation",0,1053,2.1579999999999,""
"Maine",2025-04-26,"compressed","cumulative_nb",2906.94255061844,0,0.00267754405942,"pass",TRUE,TRUE,TRUE,TRUE,0.145970333546449,0.822125855062159,0.854037497264939,0.854037497264939,"anchored independent signed-Poisson update approximation",0,1053,2.65499999999975,""
"Maine",2025-04-26,"compressed","hurdle_ztnb",530.253971947467,0,0.000820506913836283,"pass",TRUE,TRUE,TRUE,FALSE,0.0257071122573715,0.914366521896067,0.974295633623575,0.974295633623575,"anchored sequential hurdle updates",3,1053,3.0619999999999,""
"Maine",2025-04-26,"compressed","hurdle_ztpoisson",481.733483725114,0,0.00123453382286737,"pass",TRUE,TRUE,TRUE,FALSE,0.0153655778203026,0.946549954236527,0.984635678869631,0.984635678869631,"anchored sequential hurdle updates",0,1053,2.9670000000001,""
"Maine",2025-05-31,"calendar","cumulative_poisson",4142.57500867796,0,0.00141935423573719,"pass",TRUE,TRUE,TRUE,TRUE,0.13311170892402,0.77809228918157,0.866900763740301,0.866900763740301,"anchored independent signed-Poisson update approximation",11,2133,3.17099999999982,""
"Maine",2025-05-31,"calendar","cumulative_nb",4347.38252347334,0,0.000565683377682313,"pass",TRUE,TRUE,TRUE,TRUE,0.132066252200116,0.776147743310424,0.867946767044731,0.867946767044731,"anchored independent signed-Poisson update approximation",12,2133,5.39300000000003,""
"Maine",2025-05-31,"calendar","hurdle_ztnb",835.467753045473,0,0.000451062991911888,"pass",TRUE,TRUE,TRUE,FALSE,0.0327864831226791,0.874855247153489,0.967219087300486,0.967219087300486,"anchored sequential hurdle updates",21,2133,3.9699999999998,""
"Maine",2025-05-31,"calendar","hurdle_ztpoisson",844.466424805857,0,0.00448908446979631,"pass",TRUE,TRUE,TRUE,FALSE,0.0315594619153557,0.899949291225967,0.968444645621693,0.968444645621693,"anchored sequential hurdle updates",5,2133,3.80500000000029,""
"Maine",2025-05-31,"compressed","cumulative_poisson",3064.9015712646,0,0.000156317688729896,"pass",TRUE,TRUE,TRUE,TRUE,0.146943771778705,0.818965273324566,0.853064272253026,0.853064272253026,"anchored independent signed-Poisson update approximation",12,1188,2.2829999999999,""
"Maine",2025-05-31,"compressed","cumulative_nb",3278.38043694302,0,0.000823303814884824,"pass",TRUE,TRUE,TRUE,TRUE,0.147561877691554,0.819499038321875,0.852446372876437,0.852446372876437,"anchored independent signed-Poisson update approximation",10,1188,3.01000000000022,""
"Maine",2025-05-31,"compressed","hurdle_ztnb",561.467115212216,0,0.000354990077747086,"pass",TRUE,TRUE,TRUE,FALSE,0.0240201297819258,0.914304952866391,0.975982558032293,0.975982558032293,"anchored sequential hurdle updates",41,1188,3.19200000000001,""
"Maine",2025-05-31,"compressed","hurdle_ztpoisson",505.808398354957,0,0.00775457163803905,"pass",TRUE,TRUE,TRUE,FALSE,0.0147861063081174,0.946412733462543,0.985215028908217,0.985215028908217,"anchored sequential hurdle updates",6,1188,3.15200000000004,""
"Maryland",2025-01-02,"calendar","cumulative_poisson",3391.01975070245,0,0.00114834902591057,"pass",TRUE,TRUE,TRUE,TRUE,0.0950195294302065,0.861963150747022,0.904986019586301,0.904986019586301,"anchored independent signed-Poisson update approximation",0,1539,2.75,""
"Maryland",2025-01-02,"calendar","cumulative_nb",3623.34502129036,0,0.00317497678651069,"pass",TRUE,TRUE,TRUE,TRUE,0.0926055375646227,0.859160268025686,0.90740020530426,0.90740020530426,"anchored independent signed-Poisson update approximation",0,1539,3.8720000000003,""
"Maryland",2025-01-02,"calendar","hurdle_ztnb",607.905071463558,0,0.000702126232629663,"pass",TRUE,TRUE,TRUE,FALSE,0.020758324747482,0.904068977688335,0.979244291807687,0.979244291807687,"anchored sequential hurdle updates",3,1539,3.23199999999997,""
"Maryland",2025-01-02,"calendar","hurdle_ztpoisson",648.404896986024,0,0.00361407856739815,"pass",TRUE,TRUE,TRUE,FALSE,0.0147006321516058,0.923066423256338,0.985301342815482,0.985301342815482,"anchored sequential hurdle updates",3,1539,3.23399999999992,""
"Maryland",2025-01-02,"compressed","cumulative_poisson",1974.51267713283,0,0.00149993323235667,"pass",TRUE,TRUE,TRUE,TRUE,0.0231829631817612,0.961426178901362,0.987181446743552,0.976817038316906,"anchored independent signed-Poisson update approximation",0,648,1.74099999999999,""
"Maryland",2025-01-02,"compressed","cumulative_nb",2190.94476188295,0,0.000413495105040795,"pass",TRUE,TRUE,TRUE,TRUE,0.0239484426859117,0.959055460235387,0.987576185401027,0.976051558528619,"anchored independent signed-Poisson update approximation",0,648,2.11900000000014,""
"Maryland",2025-01-02,"compressed","hurdle_ztnb",383.286180985693,0,0.000705548801207323,"pass",TRUE,TRUE,TRUE,FALSE,0.0184006890879916,0.945452545998774,0.982816931306966,0.981599365024208,"anchored sequential hurdle updates",0,648,2.53600000000006,""
"Maryland",2025-01-02,"compressed","hurdle_ztpoisson",387.114573261549,0,0.00647104983183788,"pass",TRUE,TRUE,TRUE,FALSE,0.0116670712089804,0.973233749636035,0.991734838952297,0.988332937427591,"anchored sequential hurdle updates",0,648,2.49400000000014,""
"Maryland",2025-02-15,"calendar","cumulative_poisson",4539.73762688718,0,0.00767122895809225,"pass",TRUE,TRUE,TRUE,TRUE,0.0165719230908037,0.846702184678684,0.999952767846173,0.983428076909275,"anchored independent signed-Poisson update approximation",0,1728,2.68499999999995,""
"Maryland",2025-02-15,"calendar","cumulative_nb",4495.36482026848,0,0.000113254875960811,"pass",TRUE,TRUE,TRUE,TRUE,0.0364002552606335,0.821478303454583,0.969996905521754,0.963600001809418,"anchored independent signed-Poisson update approximation",0,1728,4.41000000000031,"NA/NaN function evaluation"
"Maryland",2025-02-15,"calendar","hurdle_ztnb",780.278557303554,0,0.000272734612951631,"pass",TRUE,TRUE,TRUE,FALSE,0.0313391170068436,0.83948043590839,0.96866493994205,0.96866493994205,"anchored sequential hurdle updates",0,1728,3.57200000000012,""
"Maryland",2025-02-15,"calendar","hurdle_ztpoisson",951.907343747332,0,0.0211233362831347,"pass",TRUE,TRUE,TRUE,FALSE,0.0961308101674338,0.843015446192894,0.905396213238724,0.903888746640514,"anchored sequential hurdle updates",1,1728,3.596,""
"Maryland",2025-03-29,"calendar","cumulative_poisson",5063.89483470437,0,0.000561588494145226,"pass",TRUE,TRUE,TRUE,TRUE,0.00628803122215161,0.831734856812279,0.993711970949618,0.993711970949618,"anchored independent signed-Poisson update approximation",0,1890,2.96000000000004,""
"Maryland",2025-03-29,"calendar","cumulative_nb",5040.338986464,0,0.00104172666037683,"pass",TRUE,TRUE,TRUE,TRUE,0.0203324285239905,0.826704512153336,0.97966775628495,0.97966775628495,"anchored independent signed-Poisson update approximation",0,1890,5.32099999999991,"NA/NaN function evaluation"
"Maryland",2025-03-29,"calendar","hurdle_ztnb",944.866736508797,0,0.000391561406058782,"pass",TRUE,TRUE,TRUE,FALSE,0.0234294565081676,0.825735346502254,0.976574968415204,0.976574968415204,"anchored sequential hurdle updates",0,1890,3.99800000000005,""
"Maryland",2025-03-29,"calendar","hurdle_ztpoisson",1257.06897008968,0,0.0230418196596197,"pass",TRUE,TRUE,TRUE,FALSE,0.225232331211629,0.774521665900871,0.937705737740851,0.775126598961778,"anchored sequential hurdle updates",0,1890,4.19100000000026,""
"Maryland",2025-03-29,"compressed","cumulative_poisson",3074.00683394178,0,0.00384119589049159,"pass",TRUE,TRUE,TRUE,TRUE,0.00453989199976016,0.926428967429258,0.998116146300305,0.995460108256533,"anchored independent signed-Poisson update approximation",0,945,2.01199999999972,""
"Maryland",2025-03-29,"compressed","cumulative_nb",3307.63053678594,0,0.00965180079554284,"pass",TRUE,TRUE,TRUE,TRUE,0.00632380093146784,0.930888032653422,0.997738152983245,0.993676199282627,"anchored independent signed-Poisson update approximation",0,945,2.87100000000009,"NA/NaN function evaluation"
"Maryland",2025-03-29,"compressed","hurdle_ztnb",642.830672606931,0,0.000754826400480191,"pass",TRUE,TRUE,TRUE,FALSE,0.0226293943334005,0.867194428174421,0.97737362753738,0.97737362753738,"anchored sequential hurdle updates",1,945,3.08300000000008,""
"Maryland",2025-03-29,"compressed","hurdle_ztpoisson",770.969612923753,0,0.00584200654571931,"pass",TRUE,TRUE,TRUE,FALSE,0.0590984938019123,0.915525759667188,0.977007019644599,0.940916476150833,"anchored sequential hurdle updates",1,945,2.97699999999986,""
"Maryland",2025-04-26,"calendar","cumulative_poisson",5444.73526805504,0,0.00946753420983226,"pass",TRUE,TRUE,TRUE,TRUE,0.00466520504949763,0.83116837328097,0.9953348038851,0.9953348038851,"anchored independent signed-Poisson update approximation",0,1998,3.14300000000003,""
"Maryland",2025-04-26,"calendar","cumulative_nb",5451.42670758708,0,0.000807217557188933,"pass",TRUE,TRUE,TRUE,TRUE,0.0139839170868932,0.832250370799114,0.986016279000295,0.986016279000295,"anchored independent signed-Poisson update approximation",0,1998,6.19900000000007,"NA/NaN function evaluation"
"Maryland",2025-04-26,"calendar","hurdle_ztnb",1012.60931705441,0,0.00023188450789835,"pass",TRUE,TRUE,TRUE,FALSE,0.0202025877065636,0.830641548814745,0.979801069454032,0.979801069454032,"anchored sequential hurdle updates",3,1998,3.97599999999966,""
"Maryland",2025-04-26,"calendar","hurdle_ztpoisson",1323.20910144895,0,0.0190459157689234,"pass",TRUE,TRUE,TRUE,FALSE,0.211151615095581,0.788439246709799,0.939262540111717,0.789173122144673,"anchored sequential hurdle updates",0,1998,4.09900000000016,""
"Maryland",2025-04-26,"compressed","cumulative_poisson",3471.32028725011,0,0.000861645524464549,"pass",TRUE,TRUE,TRUE,TRUE,0.00358734870316783,0.913042394362829,0.996412651488194,0.996412651488194,"anchored independent signed-Poisson update approximation",0,1053,2.0920000000001,""
"Maryland",2025-04-26,"compressed","cumulative_nb",3713.21408393587,0,0.00546820761610056,"pass",TRUE,TRUE,TRUE,TRUE,0.00408189249033902,0.924522726053963,0.998182086366223,0.995918107735347,"anchored independent signed-Poisson update approximation",0,1053,2.82499999999982,""
"Maryland",2025-04-26,"compressed","hurdle_ztnb",703.352117993913,0,6.39204503407598e-05,"pass",TRUE,TRUE,TRUE,FALSE,0.0185844750562337,0.872358350495271,0.981417827143413,0.981417827143413,"anchored sequential hurdle updates",9,1053,3.31899999999996,""
"Maryland",2025-04-26,"compressed","hurdle_ztpoisson",818.348385318062,0,0.00408154115048013,"pass",TRUE,TRUE,TRUE,FALSE,0.0545159616438062,0.913850414958432,0.976733642447065,0.945497768641235,"anchored sequential hurdle updates",1,1053,3.28499999999985,""
"Maryland",2025-05-31,"calendar","cumulative_poisson",5937.08830416775,0,0.000438450338214491,"pass",TRUE,TRUE,TRUE,TRUE,0.00374616851189479,0.831756761043861,0.996253847514775,0.996253847514775,"anchored independent signed-Poisson update approximation",0,2133,3.33300000000008,""
"Maryland",2025-05-31,"calendar","cumulative_nb",5989.00971044985,0,0.00139693461688423,"pass",TRUE,TRUE,TRUE,TRUE,0.0100181243300708,0.836800820864722,0.989982046968112,0.989982046968112,"anchored independent signed-Poisson update approximation",0,2133,6.51199999999972,"NA/NaN function evaluation"
"Maryland",2025-05-31,"calendar","hurdle_ztnb",1076.04233124202,0,0.000897743092824754,"pass",TRUE,TRUE,TRUE,FALSE,0.0176460059519767,0.833036471752847,0.982357196404777,0.982357196404777,"anchored sequential hurdle updates",13,2133,4.27799999999979,""
"Maryland",2025-05-31,"calendar","hurdle_ztpoisson",1404.39448527019,0,0.00970973137873493,"pass",TRUE,TRUE,TRUE,FALSE,0.191325387857593,0.808082756928966,0.941017252991771,0.808951651961063,"anchored sequential hurdle updates",1,2133,4.45499999999993,""
"Maryland",2025-05-31,"compressed","cumulative_poisson",3945.36266208356,0,0.0070040312215309,"pass",TRUE,TRUE,TRUE,TRUE,0.00289573335491951,0.909091351936001,0.997104271416738,0.997104271416738,"anchored independent signed-Poisson update approximation",0,1188,2.26999999999998,""
"Maryland",2025-05-31,"compressed","cumulative_nb",4198.43901406919,0,0.00237505823405237,"pass",TRUE,TRUE,TRUE,TRUE,0.00302907084296593,0.921637405838259,0.998590332113544,0.996970929312704,"anchored independent signed-Poisson update approximation",0,1188,3.05499999999984,""
"Maryland",2025-05-31,"compressed","hurdle_ztnb",762.049124454364,0,0.000254040944590361,"pass",TRUE,TRUE,TRUE,FALSE,0.0163166089054506,0.872308813936118,0.983685441331489,0.983685441331489,"anchored sequential hurdle updates",15,1188,3.33099999999968,""
"Maryland",2025-05-31,"compressed","hurdle_ztpoisson",870.284019732827,0,0.0204749408756599,"pass",TRUE,TRUE,TRUE,FALSE,0.0500676775348675,0.910842481856619,0.975459314069288,0.949946521522752,"anchored sequential hurdle updates",6,1188,3.44599999999991,""
"Massachusetts",2025-01-02,"calendar","cumulative_poisson",3865.45135508821,0,0.00615782269559545,"pass",TRUE,TRUE,TRUE,TRUE,0.0268961544451172,0.973103845554883,1,0.973103845554883,"anchored independent signed-Poisson update approximation",2,1539,2.50800000000027,""
"Massachusetts",2025-01-02,"calendar","cumulative_nb",4089.22965644883,0,0.00207437464650528,"pass",TRUE,TRUE,TRUE,TRUE,0.029230448285189,0.967846535449853,1,0.970769551714811,"anchored independent signed-Poisson update approximation",2,1539,3.44299999999976,""
"Massachusetts",2025-01-02,"calendar","hurdle_ztnb",771.211687081213,0,0.00115767841894054,"pass",TRUE,TRUE,TRUE,FALSE,0.177552668819821,0.822485997574199,0.925866100861253,0.822485997574199,"anchored sequential hurdle updates",139,1539,3.31600000000026,""
"Massachusetts",2025-01-02,"calendar","hurdle_ztpoisson",1268.58239561865,0,0.0160157700411898,"pass",TRUE,TRUE,TRUE,FALSE,0.155414549568899,0.844655259885598,0.982447777836118,0.844655259885598,"anchored sequential hurdle updates",96,1539,3.33399999999983,""
"Massachusetts",2025-01-02,"compressed","cumulative_poisson",2517.19266807049,0,0.000371852059155797,"pass",TRUE,TRUE,TRUE,TRUE,0.0118479932140858,0.985890396306084,0.999999998438291,0.988152006785914,"anchored independent signed-Poisson update approximation",0,648,1.83699999999999,""
"Massachusetts",2025-01-02,"compressed","cumulative_nb",2690.809787294,0,0.000391916407120108,"pass",TRUE,TRUE,TRUE,TRUE,0.0149680968991546,0.979474836013218,0.999999999879908,0.985031903100846,"anchored independent signed-Poisson update approximation",0,648,2.26499999999987,"NA/NaN function evaluation"
"Massachusetts",2025-01-02,"compressed","hurdle_ztnb",835.368483138062,0,0.000449987860444959,"pass",TRUE,TRUE,TRUE,FALSE,0.261318080028157,0.71836773143443,0.783466862121575,0.739084921971247,"anchored sequential hurdle updates",114,648,3.02599999999984,""
"Massachusetts",2025-01-02,"compressed","hurdle_ztpoisson",1437.48900723924,0,0.0094938173826951,"pass",TRUE,TRUE,TRUE,FALSE,0.22227937341161,0.780282280944586,0.958083190306025,0.780282280944586,"anchored sequential hurdle updates",15,648,3.01700000000028,""
"Massachusetts",2025-02-15,"calendar","cumulative_poisson",5239.6874121684,0,0.00195086270594391,"pass",TRUE,TRUE,TRUE,TRUE,0.053779200207361,0.878122597608718,0.999986564479393,0.946220800180192,"anchored independent signed-Poisson update approximation",0,1728,2.72900000000027,""
"Massachusetts",2025-02-15,"calendar","cumulative_nb",4941.28900421047,0,0.000309043965151523,"pass",TRUE,TRUE,TRUE,TRUE,0.0523258103484972,0.8534009447226,0.99999527455503,0.947674189651865,"anchored independent signed-Poisson update approximation",1,1728,4.4340000000002,""
"Massachusetts",2025-02-15,"calendar","hurdle_ztnb",908.854174441882,0,0.000592028699859526,"pass",TRUE,TRUE,TRUE,FALSE,0.123636536776705,0.841906141212164,0.928241676149778,0.876382306682622,"anchored sequential hurdle updates",15,1728,3.68700000000035,""
"Massachusetts",2025-02-15,"calendar","hurdle_ztpoisson",1716.90630380703,0,0.00276555908246934,"pass",TRUE,TRUE,TRUE,FALSE,0.363138998843589,0.63695984394018,0.997977534227043,0.63695984394018,"anchored sequential hurdle updates",63,1728,3.73799999999983,""
"Massachusetts",2025-02-15,"compressed","cumulative_poisson",3076.44437668104,0,0.000567111808650322,"pass",TRUE,TRUE,TRUE,TRUE,0.0286008650008828,0.953032177538541,0.979667640989801,0.971400996518193,"anchored independent signed-Poisson update approximation",0,783,1.84099999999989,""
"Massachusetts",2025-02-15,"compressed","cumulative_nb",3266.54342184616,0,0.00046012785505066,"pass",TRUE,TRUE,TRUE,TRUE,0.0416464717658674,0.933186528801357,0.969244700309757,0.958356463324148,"anchored independent signed-Poisson update approximation",0,783,2.48700000000008,"NA/NaN function evaluation"
"Massachusetts",2025-02-15,"compressed","hurdle_ztnb",934.314784984677,0,3.0289999127131e-05,"pass",TRUE,TRUE,TRUE,FALSE,0.179660086799111,0.807349746370972,0.863429219004605,0.820564213935829,"anchored sequential hurdle updates",24,783,3.52500000000009,""
"Massachusetts",2025-02-15,"compressed","hurdle_ztpoisson",1679.57550439492,0,0.0113628700669373,"pass",TRUE,TRUE,TRUE,FALSE,0.196061835254875,0.805339964772877,0.967480259411686,0.805339964772877,"anchored sequential hurdle updates",28,783,3.23399999999992,""
"Massachusetts",2025-03-29,"calendar","cumulative_poisson",5784.47621333154,0,0.0016257913119242,"pass",TRUE,TRUE,TRUE,TRUE,0.0386578725350678,0.885721366562948,0.999999996677386,0.961342127469928,"anchored independent signed-Poisson update approximation",0,1890,2.98300000000017,""
"Massachusetts",2025-03-29,"calendar","cumulative_nb",5492.84825219887,0,0.000200320298414935,"pass",TRUE,TRUE,TRUE,TRUE,0.0413016366798575,0.868050627750269,0.999999943047464,0.958698363320168,"anchored independent signed-Poisson update approximation",0,1890,4.73099999999977,""
"Massachusetts",2025-03-29,"calendar","hurdle_ztnb",1035.26580088854,0,0.00151840273317161,"pass",TRUE,TRUE,TRUE,FALSE,0.0995432993557173,0.846426404844146,0.931674445088167,0.900474518043767,"anchored sequential hurdle updates",5,1890,3.74600000000009,""
"Massachusetts",2025-03-29,"calendar","hurdle_ztpoisson",2164.43994576565,0,0.0193318140976886,"pass",TRUE,TRUE,TRUE,FALSE,0.0376442032638718,0.919308766484694,0.996357840176964,0.962365506492562,"anchored sequential hurdle updates",2,1890,3.94700000000012,""
"Massachusetts",2025-03-29,"compressed","cumulative_poisson",3761.34775457893,0,0.00343530626832655,"pass",TRUE,TRUE,TRUE,TRUE,0.00522658999171642,0.952855729286842,0.999929582841014,0.994773410008289,"anchored independent signed-Poisson update approximation",0,945,2.05599999999959,""
"Massachusetts",2025-03-29,"compressed","cumulative_nb",3970.75363153417,0,0.000153971929616858,"pass",TRUE,TRUE,TRUE,TRUE,0.0082917858956805,0.95379555758571,0.999349509663554,0.991708214105701,"anchored independent signed-Poisson update approximation",0,945,2.8420000000001,"NA/NaN function evaluation"
"Massachusetts",2025-03-29,"compressed","hurdle_ztnb",1051.29568332194,0,0.002665072280994,"pass",TRUE,TRUE,TRUE,FALSE,0.138584270943191,0.825849121696664,0.883073846738297,0.861577186776025,"anchored sequential hurdle updates",16,945,3.48300000000017,""
"Massachusetts",2025-03-29,"compressed","hurdle_ztpoisson",2086.59270075028,0,0.00160192867333811,"pass",TRUE,TRUE,TRUE,FALSE,0.180267424995304,0.821066860410487,0.974694429932072,0.821066860410487,"anchored sequential hurdle updates",5,945,3.48300000000017,""
"Massachusetts",2025-04-26,"calendar","cumulative_poisson",6186.11607721428,0,0.00735271888464761,"pass",TRUE,TRUE,TRUE,TRUE,0.0302496361889582,0.887927745139775,0.999999999939427,0.969750366891421,"anchored independent signed-Poisson update approximation",0,1998,3.01800000000003,""
"Massachusetts",2025-04-26,"calendar","cumulative_nb",5937.52541601543,0,0.00358397883800066,"pass",TRUE,TRUE,TRUE,TRUE,0.0336315169959477,0.874011133387992,0.999999998170877,0.966368483004054,"anchored independent signed-Poisson update approximation",0,1998,8.08899999999994,""
"Massachusetts",2025-04-26,"calendar","hurdle_ztnb",1098.77497249411,0,0.000554851616857754,"pass",TRUE,TRUE,TRUE,FALSE,0.0870076854172914,0.850816931479286,0.941285192921507,0.913008196504537,"anchored sequential hurdle updates",16,1998,4.08199999999988,""
"Massachusetts",2025-04-26,"calendar","hurdle_ztpoisson",2239.30077155666,0,0.0302395476448074,"pass",TRUE,TRUE,TRUE,FALSE,0.0349059346485063,0.920523688021639,0.996380102326361,0.965102627632521,"anchored sequential hurdle updates",0,1998,3.99400000000014,""
"Massachusetts",2025-05-31,"calendar","cumulative_poisson",6715.025553999,0,0.0195564895415677,"pass",TRUE,TRUE,TRUE,TRUE,0.0194359995760543,0.889473939378499,0.999999999999826,0.980564012171262,"anchored independent signed-Poisson update approximation",0,2133,3.49400000000014,""
"Massachusetts",2025-05-31,"calendar","cumulative_nb",6528.6954776663,0,0.00864088536175167,"pass",TRUE,TRUE,TRUE,TRUE,0.025271294072983,0.876688164628055,0.999999987187386,0.974728705927017,"anchored independent signed-Poisson update approximation",0,2133,6.53099999999995,""
"Massachusetts",2025-05-31,"calendar","hurdle_ztnb",1158.15022626078,0,0.000224663906236433,"pass",TRUE,TRUE,TRUE,FALSE,0.0873405924328847,0.850389783658048,0.943730949239332,0.91267762365382,"anchored sequential hurdle updates",123,2133,4.14499999999998,""
"Massachusetts",2025-05-31,"calendar","hurdle_ztpoisson",2303.0672670295,0,0.0203819031546271,"pass",TRUE,TRUE,TRUE,FALSE,0.0306595304063462,0.923231839898568,0.996198135972166,0.969346935053414,"anchored sequential hurdle updates",0,2133,4.27099999999973,""
"Massachusetts",2025-05-31,"compressed","cumulative_poisson",4695.52934385803,0,0.015983831037415,"pass",TRUE,TRUE,TRUE,TRUE,0.00265765216670689,0.94896648569159,0.999691453762435,0.997342347833684,"anchored independent signed-Poisson update approximation",0,1188,2.36100000000033,""
"Massachusetts",2025-05-31,"compressed","cumulative_nb",4940.90390407691,0,0.00155700630982525,"pass",TRUE,TRUE,TRUE,TRUE,0.00401502682637831,0.949831318234476,0.999371294857514,0.995984973175671,"anchored independent signed-Poisson update approximation",0,1188,3.42899999999963,""
"Massachusetts",2025-05-31,"compressed","hurdle_ztnb",1177.7304382907,0,0.0047599424462561,"pass",TRUE,TRUE,TRUE,FALSE,0.120525310401517,0.835199957003985,0.898705911894729,0.879624040733775,"anchored sequential hurdle updates",212,1188,3.69400000000041,""
"Massachusetts",2025-05-31,"compressed","hurdle_ztpoisson",2221.57595252399,0,0.0299626573761542,"pass",TRUE,TRUE,TRUE,FALSE,0.160981428786111,0.840147212113583,0.975172093394981,0.840147212113583,"anchored sequential hurdle updates",10,1188,3.85899999999992,""
"Michigan",2025-01-02,"calendar","cumulative_poisson",5766.36430332994,0,0.00254415058766317,"pass",TRUE,TRUE,TRUE,TRUE,0.0146175755999126,0.985382424400087,0.99999999999994,0.985382424400087,"anchored independent signed-Poisson update approximation",0,1539,2.51600000000008,""
"Michigan",2025-01-02,"calendar","cumulative_nb",6028.79081717612,0,0.00220181849731192,"pass",TRUE,TRUE,TRUE,TRUE,0.0137721362777971,0.986227863722203,0.999999999979778,0.986227863722203,"anchored independent signed-Poisson update approximation",0,1539,3.76700000000028,""
"Michigan",2025-01-02,"calendar","hurdle_ztnb",1062.96217690187,0,0.000358218742869454,"pass",TRUE,TRUE,TRUE,FALSE,0.0679950489899734,0.895724081044008,0.932034992318871,0.932034992318871,"anchored sequential hurdle updates",15,1539,3.73999999999978,""
"Michigan",2025-01-02,"calendar","hurdle_ztpoisson",1466.88080332479,0,0.00535904204057402,"pass",TRUE,TRUE,TRUE,FALSE,0.0297543286738665,0.95378779043856,0.970255051328796,0.970255051328796,"anchored sequential hurdle updates",36,1539,3.84999999999991,""
"Michigan",2025-01-02,"compressed","cumulative_poisson",2518.44662421951,0,0.000638251083405428,"pass",TRUE,TRUE,TRUE,TRUE,0.0338074312138395,0.957773930100026,0.96619402900277,0.96619402900277,"anchored independent signed-Poisson update approximation",0,648,1.8130000000001,""
"Michigan",2025-01-02,"compressed","cumulative_nb",2693.43759191077,0,0.000191757642443946,"pass",TRUE,TRUE,TRUE,TRUE,0.0295469509412778,0.959960904340139,0.970454172016545,0.970454172016545,"anchored independent signed-Poisson update approximation",0,648,2.13500000000022,""
"Michigan",2025-01-02,"compressed","hurdle_ztnb",884.687641129706,0,0.000316646507209528,"pass",TRUE,TRUE,TRUE,FALSE,0.12223877276631,0.851831854329099,0.89137871535584,0.877854048436953,"anchored sequential hurdle updates",32,648,3.18200000000024,""
"Michigan",2025-01-02,"compressed","hurdle_ztpoisson",1388.19066946552,0,0.00797466867280993,"pass",TRUE,TRUE,TRUE,FALSE,0.229303908435048,0.771439132478214,0.978982209301979,0.771439132478214,"anchored sequential hurdle updates",2,648,3.46100000000024,""
"Michigan",2025-02-15,"calendar","cumulative_poisson",7514.39727610341,0,0.00486293158556061,"pass",TRUE,TRUE,TRUE,TRUE,0.0225113218152388,0.949913171442282,0.999999994273424,0.977488678184761,"anchored independent signed-Poisson update approximation",0,1728,2.90599999999995,""
"Michigan",2025-02-15,"calendar","cumulative_nb",7294.4098469006,0,0.00195432569700449,"pass",TRUE,TRUE,TRUE,TRUE,0.0367402168458079,0.830320132413213,0.9632678229546,0.9632678229546,"anchored independent signed-Poisson update approximation",0,1728,4.55500000000029,"NA/NaN function evaluation"
"Michigan",2025-02-15,"calendar","hurdle_ztnb",1337.60170841863,0,0.000236698699039639,"pass",TRUE,TRUE,TRUE,FALSE,0.110101618601206,0.853675286448544,0.889967033924178,0.889967033924178,"anchored sequential hurdle updates",17,1728,4.26299999999992,""
"Michigan",2025-02-15,"calendar","hurdle_ztpoisson",2579.53784800961,0,0.011228600391497,"pass",TRUE,TRUE,TRUE,FALSE,0.0670061051339265,0.926061042085807,0.933014412315717,0.933014412315717,"anchored sequential hurdle updates",10,1728,4.18499999999995,"NA/NaN function evaluation"
"Michigan",2025-02-15,"compressed","cumulative_poisson",3221.95345504368,0,0.000321308259625397,"pass",TRUE,TRUE,TRUE,TRUE,0.0188162840580499,0.962861620876117,0.981184582171576,0.981184582171576,"anchored independent signed-Poisson update approximation",0,783,1.82400000000007,""
"Michigan",2025-02-15,"compressed","cumulative_nb",3343.40902192024,0,0.00240785722064862,"pass",TRUE,TRUE,TRUE,TRUE,0.0338000449814411,0.947925054489127,0.966201810121482,0.966201810121482,"anchored independent signed-Poisson update approximation",0,783,2.50099999999975,""
"Michigan",2025-02-15,"compressed","hurdle_ztnb",1036.21191908833,0,0.000513833379869877,"pass",TRUE,TRUE,TRUE,FALSE,0.123743695112654,0.860229669119623,0.896219452443162,0.87633908840572,"anchored sequential hurdle updates",12,783,3.45699999999988,""
"Michigan",2025-02-15,"compressed","hurdle_ztpoisson",2190.34854970677,0,0.0132228429732304,"pass",TRUE,TRUE,TRUE,FALSE,0.269618191547251,0.731948359788298,0.965317969978472,0.731948359788298,"anchored sequential hurdle updates",10,783,3.47499999999991,""
"Michigan",2025-03-29,"calendar","cumulative_poisson",8194.21545088614,0,0.000723429263774555,"pass",TRUE,TRUE,TRUE,TRUE,0.0118600055724117,0.951134519397822,0.999999999988999,0.988139994427588,"anchored independent signed-Poisson update approximation",0,1890,3.17700000000013,""
"Michigan",2025-03-29,"calendar","cumulative_nb",7980.26416045254,0,0.000280054072971936,"pass",TRUE,TRUE,TRUE,TRUE,0.034026416483046,0.847998446074883,0.965980008351346,0.965980008351346,"anchored independent signed-Poisson update approximation",0,1890,5.23099999999977,"NA/NaN function evaluation"
"Michigan",2025-03-29,"calendar","hurdle_ztnb",1511.1605042983,0,0.000373393256412502,"pass",TRUE,TRUE,TRUE,FALSE,0.0768972473150875,0.874270333786147,0.92314783757669,0.92314783757669,"anchored sequential hurdle updates",2,1890,4.61700000000019,""
"Michigan",2025-03-29,"calendar","hurdle_ztpoisson",3032.77926429288,0,0.0186151141489871,"pass",TRUE,TRUE,TRUE,FALSE,0.0454150232818043,0.94551596927288,0.954593825642364,0.954593825642364,"anchored sequential hurdle updates",3,1890,4.62599999999975,""
"Michigan",2025-03-29,"compressed","cumulative_poisson",3972.20997706716,0,0.000681447005873359,"pass",TRUE,TRUE,TRUE,TRUE,0.0161928893646165,0.94778853007512,0.983808386661826,0.983808386661826,"anchored independent signed-Poisson update approximation",0,945,2.01000000000022,""
"Michigan",2025-03-29,"compressed","cumulative_nb",4110.36382292811,0,0.0028326925498352,"pass",TRUE,TRUE,TRUE,TRUE,0.024972626508286,0.940060065126392,0.975029295402808,0.975029295402808,"anchored independent signed-Poisson update approximation",0,945,2.89599999999973,""
"Michigan",2025-03-29,"compressed","hurdle_ztnb",1200.58322813037,0,0.00275641047146835,"pass",TRUE,TRUE,TRUE,FALSE,0.0823369354375317,0.880471710303873,0.919063577905297,0.917715170233423,"anchored sequential hurdle updates",3,945,3.88099999999986,""
"Michigan",2025-03-29,"compressed","hurdle_ztpoisson",2772.24197249605,0,0.0346748610893025,"pass",TRUE,TRUE,TRUE,FALSE,0.192754344142964,0.808237627794972,0.97752130298903,0.808237627794972,"anchored sequential hurdle updates",7,945,3.92599999999993,""
"Michigan",2025-04-26,"calendar","cumulative_poisson",8630.62262203773,0,0.00520625880128323,"pass",TRUE,TRUE,TRUE,TRUE,0.00759178943908254,0.952124837924838,0.999999999990281,0.992408210560917,"anchored independent signed-Poisson update approximation",0,1998,3.71599999999989,""
"Michigan",2025-04-26,"calendar","cumulative_nb",8471.05950208898,0,0.00036124328414644,"pass",TRUE,TRUE,TRUE,TRUE,0.0284338581646132,0.869056893070503,0.97157057929531,0.97157057929531,"anchored independent signed-Poisson update approximation",0,1998,5.42099999999982,"NA/NaN function evaluation"
"Michigan",2025-04-26,"calendar","hurdle_ztnb",1579.22179016443,0,0.00415252457297777,"pass",TRUE,TRUE,TRUE,FALSE,0.069534391115946,0.876212687256826,0.930508256343423,0.930508256343423,"anchored sequential hurdle updates",12,1998,4.82699999999977,""
"Michigan",2025-04-26,"calendar","hurdle_ztpoisson",3135.30524742435,0,0.0320535013432522,"pass",TRUE,TRUE,TRUE,FALSE,0.0426726176400311,0.947195717072963,0.957335495634437,0.957335495634437,"anchored sequential hurdle updates",0,1998,5.0010000000002,""
"Michigan",2025-04-26,"compressed","cumulative_poisson",4439.73255176521,0,0.000702659406967232,"pass",TRUE,TRUE,TRUE,TRUE,0.00886710933705169,0.952785007831576,0.991133566640845,0.991133566640845,"anchored independent signed-Poisson update approximation",0,1053,2.221,""
"Michigan",2025-04-26,"compressed","cumulative_nb",4601.7805111192,0,0.00165725806599337,"pass",TRUE,TRUE,TRUE,TRUE,0.0160342625191602,0.945765194412491,0.983966941565974,0.983966941565974,"anchored independent signed-Poisson update approximation",0,1053,3.09900000000016,""
"Michigan",2025-04-26,"compressed","hurdle_ztnb",1265.14856263368,0,0.000202173581144827,"pass",TRUE,TRUE,TRUE,FALSE,0.0736902950826007,0.884275318422981,0.92646049888018,0.926358121352018,"anchored sequential hurdle updates",23,1053,4.02599999999984,""
"Michigan",2025-04-26,"compressed","hurdle_ztpoisson",2859.48333161365,0,0.0349889753347519,"pass",TRUE,TRUE,TRUE,FALSE,0.182487129213168,0.818366591504833,0.978583185867717,0.818366591504833,"anchored sequential hurdle updates",5,1053,4.13000000000011,""
"Michigan",2025-05-31,"calendar","cumulative_poisson",9181.2093429952,0,0.00700404526577003,"pass",TRUE,TRUE,TRUE,TRUE,0.00444157118381565,0.951839920715061,0.999999991740948,0.995558428816184,"anchored independent signed-Poisson update approximation",0,2133,3.77599999999984,""
"Michigan",2025-05-31,"calendar","cumulative_nb",9096.84507399989,0,0.00399796346978931,"pass",TRUE,TRUE,TRUE,TRUE,0.0222857377637009,0.888300035929461,0.977716949865749,0.977716949865749,"anchored independent signed-Poisson update approximation",0,2133,6.84500000000025,"NA/NaN function evaluation"
"Michigan",2025-05-31,"calendar","hurdle_ztnb",1661.57595209805,0,0.00133269410689874,"pass",TRUE,TRUE,TRUE,FALSE,0.0673188678205592,0.873020235662172,0.932726364901745,0.932726364901745,"anchored sequential hurdle updates",32,2133,5.07500000000027,""
"Michigan",2025-05-31,"calendar","hurdle_ztpoisson",3228.20703188797,0,0.0174398597921995,"pass",TRUE,TRUE,TRUE,FALSE,0.0418589617500363,0.945027515205343,0.958149702209171,0.958149702209171,"anchored sequential hurdle updates",0,2133,5.22700000000032,""
"Michigan",2025-05-31,"compressed","cumulative_poisson",4983.85338090064,0,5.4902091026543e-05,"pass",TRUE,TRUE,TRUE,TRUE,0.00526452420841506,0.956127696741788,0.994735874569478,0.994735874569478,"anchored independent signed-Poisson update approximation",0,1188,2.43199999999979,""
"Michigan",2025-05-31,"compressed","cumulative_nb",5171.2913822858,0,0.00134427892534958,"pass",TRUE,TRUE,TRUE,TRUE,0.00969811604769823,0.950751103608662,0.990302599841422,0.990302599841422,"anchored independent signed-Poisson update approximation",0,1188,3.51600000000008,""
"Michigan",2025-05-31,"compressed","hurdle_ztnb",1338.4831469083,0,0.0015366871769702,"pass",TRUE,TRUE,TRUE,FALSE,0.0715368870093095,0.882367705491456,0.928512678020852,0.928512678020852,"anchored sequential hurdle updates",73,1188,4.19599999999991,""
"Michigan",2025-05-31,"compressed","hurdle_ztpoisson",2946.39793638724,0,0.0130999079317285,"pass",TRUE,TRUE,TRUE,FALSE,0.18310951895526,0.817765751241061,0.978515234755854,0.817765751241061,"anchored sequential hurdle updates",2,1188,4.41800000000012,""
"Minnesota",2025-01-02,"calendar","cumulative_poisson",3327.26407808675,0,0.00041785659639787,"pass",TRUE,TRUE,TRUE,TRUE,0.0438090627037127,0.909477556956612,0.956193001740143,0.956193001740143,"anchored independent signed-Poisson update approximation",1,1539,2.30300000000034,""
"Minnesota",2025-01-02,"calendar","cumulative_nb",3537.85740616562,0,0.00031559059517372,"pass",TRUE,TRUE,TRUE,TRUE,0.0594248175540478,0.885811771978976,0.940577449481967,0.940577449481967,"anchored independent signed-Poisson update approximation",2,1539,3.16899999999987,""
"Minnesota",2025-01-02,"calendar","hurdle_ztnb",466.344644648651,0,0.000197644740876704,"pass",TRUE,TRUE,TRUE,FALSE,0.034031653422026,0.877677460680419,0.965971834416034,0.965971834416034,"anchored sequential hurdle updates",0,1539,3.01200000000017,""
"Minnesota",2025-01-02,"calendar","hurdle_ztpoisson",488.643355976601,0,0.0047043218035111,"pass",TRUE,TRUE,TRUE,FALSE,0.0674799019694055,0.914166349531245,0.967918099922561,0.932534378124268,"anchored sequential hurdle updates",27,1539,3.07799999999997,""
"Minnesota",2025-01-02,"compressed","cumulative_poisson",1928.97078101076,0,0.00216866365988291,"pass",TRUE,TRUE,TRUE,TRUE,0.021023207104085,0.978976793040966,0.993041981040233,0.978976793040966,"anchored independent signed-Poisson update approximation",0,648,1.73400000000038,""
"Minnesota",2025-01-02,"compressed","cumulative_nb",2132.71730663058,0,0.000231880691942368,"pass",TRUE,TRUE,TRUE,TRUE,0.0277808032340622,0.972219197428116,0.984953389462502,0.972219197428116,"anchored independent signed-Poisson update approximation",0,648,2.07900000000018,""
"Minnesota",2025-01-02,"compressed","hurdle_ztnb",338.842668151524,0,0.000693609799214734,"pass",TRUE,TRUE,TRUE,FALSE,0.0214438426150329,0.950458999940005,0.985341500844949,0.978556168077756,"anchored sequential hurdle updates",1,648,2.51199999999972,""
"Minnesota",2025-01-02,"compressed","hurdle_ztpoisson",306.046831206916,0,0.000924800294825357,"pass",TRUE,TRUE,TRUE,FALSE,0.0145154192838601,0.971205264442214,0.990726454414531,0.985484582266752,"anchored sequential hurdle updates",0,648,2.46000000000004,""
"Minnesota",2025-02-15,"calendar","cumulative_poisson",5827.66018017589,0,0.00997257996180423,"pass",TRUE,TRUE,TRUE,TRUE,0.0462162463639375,0.824183863722715,0.999999180026133,0.953783753636063,"anchored independent signed-Poisson update approximation",0,1728,2.69599999999991,""
"Minnesota",2025-02-15,"calendar","cumulative_nb",4406.80818355861,0,0.00295131085984214,"pass",TRUE,TRUE,TRUE,TRUE,0.0389981923881971,0.846425330830517,0.990844335866404,0.961001807628779,"anchored independent signed-Poisson update approximation",0,1728,4.18100000000004,"NA/NaN function evaluation"
"Minnesota",2025-02-15,"calendar","hurdle_ztnb",723.400976142393,0,0.000230738344315196,"pass",TRUE,TRUE,TRUE,FALSE,0.12452366708501,0.667164998155514,0.902715073931876,0.875486775200063,"anchored sequential hurdle updates",7,1728,3.33400000000029,""
"Minnesota",2025-02-15,"calendar","hurdle_ztpoisson",2315.17884351063,0,0.0473372365306419,"pass",TRUE,TRUE,TRUE,FALSE,0.172505885372344,0.827597631743314,0.862623047890193,0.827597631743314,"anchored sequential hurdle updates",17,1728,3.40299999999979,"NA/NaN function evaluation"
"Minnesota",2025-02-15,"compressed","cumulative_poisson",2629.50222554781,0,0.000138411911873068,"pass",TRUE,TRUE,TRUE,TRUE,0.0321743595718623,0.967825640428138,0.999855676099751,0.967825640428138,"anchored independent signed-Poisson update approximation",0,783,1.846,""
"Minnesota",2025-02-15,"compressed","cumulative_nb",2736.66552859699,0,0.00119029747757708,"pass",TRUE,TRUE,TRUE,TRUE,0.0299106524012903,0.97008934759871,0.999982241162957,0.97008934759871,"anchored independent signed-Poisson update approximation",0,783,2.31899999999996,""
"Minnesota",2025-02-15,"compressed","hurdle_ztnb",497.057771811276,0,9.10131721999496e-05,"pass",TRUE,TRUE,TRUE,FALSE,0.0892267638348827,0.816805063310899,0.923766142388354,0.910773536786544,"anchored sequential hurdle updates",2,783,2.69700000000012,""
"Minnesota",2025-02-15,"compressed","hurdle_ztpoisson",1116.03782699808,0,0.0328461906507625,"pass",TRUE,TRUE,TRUE,FALSE,0.0504470982229731,0.939584839050402,0.975591266509036,0.949552911886781,"anchored sequential hurdle updates",0,783,2.79300000000012,""
"Minnesota",2025-03-29,"calendar","cumulative_poisson",6432.99438677585,0,0.00115998339489476,"pass",TRUE,TRUE,TRUE,TRUE,0.0299252420309979,0.844352876785989,0.999873056220759,0.970074757969149,"anchored independent signed-Poisson update approximation",0,1890,2.90499999999975,""
"Minnesota",2025-03-29,"calendar","cumulative_nb",5001.09387250097,0,0.0004356580545406,"pass",TRUE,TRUE,TRUE,TRUE,0.039369417109362,0.880679832612112,0.999999863114439,0.960630582890638,"anchored independent signed-Poisson update approximation",0,1890,4.43899999999985,""
"Minnesota",2025-03-29,"calendar","hurdle_ztnb",895.64941089759,0,0.000328546336277435,"pass",TRUE,TRUE,TRUE,FALSE,0.0915617108240231,0.65024332639215,0.908455415803294,0.908455415803294,"anchored sequential hurdle updates",18,1890,3.96900000000005,""
"Minnesota",2025-03-29,"calendar","hurdle_ztpoisson",2655.23142964846,0,0.00605229881445906,"pass",TRUE,TRUE,TRUE,FALSE,0.16407884388444,0.745688292112086,0.946498939584429,0.835955057267573,"anchored sequential hurdle updates",0,1890,3.71199999999999,""
"Minnesota",2025-03-29,"compressed","cumulative_poisson",3241.38613875622,0,0.000462279796179958,"pass",TRUE,TRUE,TRUE,TRUE,0.0228230447302549,0.977176955269749,0.999641165375786,0.977176955269749,"anchored independent signed-Poisson update approximation",0,945,1.99299999999994,""
"Minnesota",2025-03-29,"compressed","cumulative_nb",3406.35616129663,0,0.00204509739716563,"pass",TRUE,TRUE,TRUE,TRUE,0.0363464275987717,0.95906302648297,0.983581557027278,0.963658542261041,"anchored independent signed-Poisson update approximation",0,945,2.61300000000028,""
"Minnesota",2025-03-29,"compressed","hurdle_ztnb",648.408510787943,0,0.00205841669708207,"pass",TRUE,TRUE,TRUE,FALSE,0.0647071788925794,0.813151664734424,0.935300921205669,0.935300921205669,"anchored sequential hurdle updates",9,945,3.0010000000002,""
"Minnesota",2025-03-29,"compressed","hurdle_ztpoisson",1399.25406684351,0,0.031288620992792,"pass",TRUE,TRUE,TRUE,FALSE,0.042887374868903,0.917504083445256,0.957114686762008,0.957114686762008,"anchored sequential hurdle updates",1,945,2.93499999999995,""
"Minnesota",2025-04-26,"calendar","cumulative_poisson",6837.8835627278,0,0.00359900951639069,"pass",TRUE,TRUE,TRUE,TRUE,0.0270637973054444,0.846601970218518,0.999872979652547,0.972936202694555,"anchored independent signed-Poisson update approximation",0,1998,3.05600000000004,""
"Minnesota",2025-04-26,"calendar","cumulative_nb",5455.57155572136,0,0.00266846993829195,"pass",TRUE,TRUE,TRUE,TRUE,0.0373110498321291,0.891853210309028,0.999999987093472,0.962688950167871,"anchored independent signed-Poisson update approximation",0,1998,4.49299999999994,"NA/NaN function evaluation"
"Minnesota",2025-04-26,"calendar","hurdle_ztnb",932.759591808619,0,0.000953007705160047,"pass",TRUE,TRUE,TRUE,FALSE,0.0902615256274892,0.645503113052331,0.909756475753329,0.909756475753329,"anchored sequential hurdle updates",52,1998,3.80299999999988,""
"Minnesota",2025-04-26,"calendar","hurdle_ztpoisson",2692.55772032201,0,0.0235637919706306,"pass",TRUE,TRUE,TRUE,FALSE,0.16180464060618,0.747266780412702,0.94744212305434,0.838225915447109,"anchored sequential hurdle updates",0,1998,3.90900000000011,""
"Minnesota",2025-04-26,"compressed","cumulative_poisson",3640.35304519506,0,0.00299586473422941,"pass",TRUE,TRUE,TRUE,TRUE,0.0174358619266564,0.982564138073344,0.999646403288305,0.982564138073344,"anchored independent signed-Poisson update approximation",0,1053,2.18899999999985,""
"Minnesota",2025-04-26,"compressed","cumulative_nb",3823.15469358819,0,0.00105095040616043,"pass",TRUE,TRUE,TRUE,TRUE,0.0275905885439428,0.962661065784284,0.985513251183068,0.972412769466191,"anchored independent signed-Poisson update approximation",0,1053,2.70800000000008,""
"Minnesota",2025-04-26,"compressed","hurdle_ztnb",684.432820315041,0,0.00114655504901862,"pass",TRUE,TRUE,TRUE,FALSE,0.0613490438289505,0.811254824777735,0.938658761656243,0.938658761656243,"anchored sequential hurdle updates",49,1053,3.16300000000001,""
"Minnesota",2025-04-26,"compressed","hurdle_ztpoisson",1428.26799844943,0,0.00974941135315562,"pass",TRUE,TRUE,TRUE,FALSE,0.0409638576894463,0.91826102954346,0.959037817495116,0.959037817495116,"anchored sequential hurdle updates",1,1053,2.99600000000009,""
"Minnesota",2025-05-31,"calendar","cumulative_poisson",7332.62737736127,0,0.0378086934503572,"pass",TRUE,TRUE,TRUE,TRUE,0.0264544613179855,0.847397603916596,0.999873189010213,0.973545538682014,"anchored independent signed-Poisson update approximation",0,2133,3.55000000000018,""
"Minnesota",2025-05-31,"calendar","cumulative_nb",6029.04260119028,0,0.00927833811331658,"pass",TRUE,TRUE,TRUE,TRUE,0.0332561564774772,0.899211100233381,0.999999996216791,0.966743843522523,"anchored independent signed-Poisson update approximation",0,2133,6.82299999999987,""
"Minnesota",2025-05-31,"calendar","hurdle_ztnb",971.337180676744,0,0.0013342951145292,"pass",TRUE,TRUE,TRUE,FALSE,0.0914435013538217,0.640072579203427,0.908576813502722,0.908576813502722,"anchored sequential hurdle updates",97,2133,3.9670000000001,""
"Minnesota",2025-05-31,"calendar","hurdle_ztpoisson",2739.9562756985,0,0.022663979292965,"pass",TRUE,TRUE,TRUE,FALSE,0.156782767742043,0.749528035378163,0.948915335057135,0.843242861018398,"anchored sequential hurdle updates",5,2133,4.404,"NA/NaN function evaluation"
"Minnesota",2025-05-31,"compressed","cumulative_poisson",4107.60146240554,0,0.000882682274950142,"pass",TRUE,TRUE,TRUE,TRUE,0.0145059120706045,0.985494087929396,0.999653454044657,0.985494087929396,"anchored independent signed-Poisson update approximation",0,1188,2.23199999999997,""
"Minnesota",2025-05-31,"compressed","cumulative_nb",4309.01155725971,0,0.00107064186647321,"pass",TRUE,TRUE,TRUE,TRUE,0.0223641969815346,0.965449578355484,0.986881035167744,0.977638313808421,"anchored independent signed-Poisson update approximation",0,1188,2.87899999999991,""
"Minnesota",2025-05-31,"compressed","hurdle_ztnb",722.042246900957,0,0.000375725673350091,"pass",TRUE,TRUE,TRUE,FALSE,0.0615504312207611,0.806832629691689,0.93845831280179,0.93845831280179,"anchored sequential hurdle updates",79,1188,3.19999999999982,""
"Minnesota",2025-05-31,"compressed","hurdle_ztpoisson",1456.46899519383,0,0.0234679058829215,"pass",TRUE,TRUE,TRUE,FALSE,0.0396627661227775,0.919168949000794,0.960338579942961,0.960338579942961,"anchored sequential hurdle updates",1,1188,3.1840000000002,""
"Mississippi",2025-01-02,"calendar","cumulative_poisson",5356.33009119045,0,0.00329569593406492,"pass",TRUE,TRUE,TRUE,TRUE,0.073929658413572,0.822854641151378,0.926081824820637,0.926081824820637,"anchored independent signed-Poisson update approximation",0,1539,2.36400000000003,""
"Mississippi",2025-01-02,"calendar","cumulative_nb",5565.82046345157,0,0.0041977109385381,"pass",TRUE,TRUE,TRUE,TRUE,0.0757840036661634,0.803283184226802,0.92422998223824,0.92422998223824,"anchored independent signed-Poisson update approximation",0,1539,3.34999999999991,""
"Mississippi",2025-01-02,"calendar","hurdle_ztnb",832.036701009071,0,0.0032446163741815,"pass",TRUE,TRUE,TRUE,FALSE,0.0422176946415751,0.846884189138467,0.957795987165228,0.957795987165228,"anchored sequential hurdle updates",3,1539,3.51899999999978,""
"Mississippi",2025-01-02,"calendar","hurdle_ztpoisson",940.733878150179,0,0.0068724453414859,"pass",TRUE,TRUE,TRUE,FALSE,0.0312550364841721,0.900332359912922,0.968754312989802,0.968754312989802,"anchored sequential hurdle updates",12,1539,3.48600000000033,""
"Mississippi",2025-01-02,"compressed","cumulative_poisson",2089.04302741314,0,0.000561795287006617,"pass",TRUE,TRUE,TRUE,TRUE,0.032590576294465,0.961810398106865,0.993241021121777,0.96740942404182,"anchored independent signed-Poisson update approximation",0,648,1.79399999999987,""
"Mississippi",2025-01-02,"compressed","cumulative_nb",2300.00292250056,0,0.00256099669711496,"pass",TRUE,TRUE,TRUE,TRUE,0.0333268187529673,0.960784544324123,0.993779894242752,0.966673181447945,"anchored independent signed-Poisson update approximation",0,648,1.99200000000019,""
"Mississippi",2025-01-02,"compressed","hurdle_ztnb",582.131629108004,0,0.000111210600314715,"pass",TRUE,TRUE,TRUE,FALSE,0.0561706448774496,0.918579094163003,0.967040860883337,0.943836104698994,"anchored sequential hurdle updates",0,648,2.97699999999986,""
"Mississippi",2025-01-02,"compressed","hurdle_ztpoisson",630.103875301389,0,0.00542196328819378,"pass",TRUE,TRUE,TRUE,FALSE,0.0477546277318825,0.936977179717168,0.975578856741246,0.952250725973087,"anchored sequential hurdle updates",0,648,2.79199999999992,""
"Mississippi",2025-02-15,"calendar","cumulative_poisson",6471.72084253174,0,0.00124513675977855,"pass",TRUE,TRUE,TRUE,TRUE,0.0106251328796711,0.815761182089151,0.989374877754879,0.989374877754879,"anchored independent signed-Poisson update approximation",0,1728,2.64699999999993,""
"Mississippi",2025-02-15,"calendar","cumulative_nb",6521.56315102238,0,0.000434269649071672,"pass",TRUE,TRUE,TRUE,TRUE,0.0488301315250872,0.705370796554748,0.951200162988421,0.951200162988421,"anchored independent signed-Poisson update approximation",0,1728,4.42100000000028,""
"Mississippi",2025-02-15,"calendar","hurdle_ztnb",953.414033359435,0,0.000515542578853889,"pass",TRUE,TRUE,TRUE,FALSE,0.0473856471369763,0.829509680578288,0.952626488581716,0.952626488581716,"anchored sequential hurdle updates",3,1728,3.74099999999999,""
"Mississippi",2025-02-15,"calendar","hurdle_ztpoisson",1207.23839547589,0,0.00772672429265953,"pass",TRUE,TRUE,TRUE,FALSE,0.0630832093887573,0.906159943084442,0.936922881153037,0.936922881153037,"anchored sequential hurdle updates",3,1728,3.68600000000015,""
"Mississippi",2025-02-15,"compressed","cumulative_poisson",2566.22035242146,0,0.000769347713790669,"pass",TRUE,TRUE,TRUE,TRUE,0.0264855931619527,0.96464883522212,0.999999999970628,0.973514406838047,"anchored independent signed-Poisson update approximation",0,783,1.88999999999987,""
"Mississippi",2025-02-15,"compressed","cumulative_nb",2781.5654377532,0,0.00100552436256285,"pass",TRUE,TRUE,TRUE,TRUE,0.0279358273470111,0.963079826255557,0.999999997036351,0.972064172652989,"anchored independent signed-Poisson update approximation",0,783,2.51499999999987,""
"Mississippi",2025-02-15,"compressed","hurdle_ztnb",663.595767152138,0,0.000952256617571479,"pass",TRUE,TRUE,TRUE,FALSE,0.0425805335276312,0.920177841065932,0.971253594394284,0.957422725028573,"anchored sequential hurdle updates",0,783,3.02300000000014,""
"Mississippi",2025-02-15,"compressed","hurdle_ztpoisson",742.983268791751,0,0.00248036001756646,"pass",TRUE,TRUE,TRUE,FALSE,0.0466271783120126,0.92952707678907,0.974410077355625,0.953377633865867,"anchored sequential hurdle updates",0,783,2.85899999999992,""
"Mississippi",2025-03-29,"calendar","cumulative_poisson",6999.13499434203,0,0.00161511409847925,"pass",TRUE,TRUE,TRUE,TRUE,0.00721856141385133,0.825094716466943,0.9927816687542,0.9927816687542,"anchored independent signed-Poisson update approximation",0,1890,2.97199999999975,""
"Mississippi",2025-03-29,"calendar","cumulative_nb",7093.65945015724,0,0.00045882584640404,"pass",TRUE,TRUE,TRUE,TRUE,0.0191348966289015,0.765918587217012,0.980874151801798,0.980874151801798,"anchored independent signed-Poisson update approximation",0,1890,5.32300000000032,""
"Mississippi",2025-03-29,"calendar","hurdle_ztnb",1075.14634366673,0,0.000376815846956813,"pass",TRUE,TRUE,TRUE,FALSE,0.0380459931586455,0.835395340115038,0.961963405728645,0.961963405728645,"anchored sequential hurdle updates",1,1890,4.03499999999985,""
"Mississippi",2025-03-29,"calendar","hurdle_ztpoisson",1365.75557115421,0,0.00677253436449021,"pass",TRUE,TRUE,TRUE,FALSE,0.056370507147796,0.910928495390477,0.943634786020258,0.943634786020258,"anchored sequential hurdle updates",0,1890,3.98500000000013,""
"Mississippi",2025-03-29,"compressed","cumulative_poisson",3117.23345287499,0,0.00283097089075995,"pass",TRUE,TRUE,TRUE,TRUE,0.025790818896063,0.95237685284963,1,0.974209181103937,"anchored independent signed-Poisson update approximation",0,945,2.06100000000015,""
"Mississippi",2025-03-29,"compressed","cumulative_nb",3344.72632431716,0,0.000349092638163073,"pass",TRUE,TRUE,TRUE,TRUE,0.0260081665621434,0.953764204683914,0.999999999999999,0.973991833437857,"anchored independent signed-Poisson update approximation",0,945,2.69399999999996,""
"Mississippi",2025-03-29,"compressed","hurdle_ztnb",765.579730521862,0,0.000492176773794539,"pass",TRUE,TRUE,TRUE,FALSE,0.0366076350509882,0.916667633468486,0.970777484218508,0.963395737555796,"anchored sequential hurdle updates",1,945,3.33100000000013,""
"Mississippi",2025-03-29,"compressed","hurdle_ztpoisson",849.635578499819,0,0.00549720558956834,"pass",TRUE,TRUE,TRUE,FALSE,0.0345289311392793,0.928051256695699,0.973390084379048,0.965474510961038,"anchored sequential hurdle updates",0,945,3.23599999999988,""
"Mississippi",2025-04-26,"calendar","cumulative_poisson",7343.7127110226,0,0.0112956045156898,"pass",TRUE,TRUE,TRUE,TRUE,0.00630147395139191,0.829768671061174,0.993698731591174,0.993698731591174,"anchored independent signed-Poisson update approximation",0,1998,3.01499999999987,""
"Mississippi",2025-04-26,"calendar","cumulative_nb",7471.87616856497,0,0.00213291537887261,"pass",TRUE,TRUE,TRUE,TRUE,0.0147751382659181,0.790804879208871,0.985230702619005,0.985230702619005,"anchored independent signed-Poisson update approximation",0,1998,5.66000000000031,"NA/NaN function evaluation"
"Mississippi",2025-04-26,"calendar","hurdle_ztnb",1130.09355333641,0,0.000248174906168686,"pass",TRUE,TRUE,TRUE,FALSE,0.0340942317199893,0.838319960936939,0.965914118752717,0.965914118752717,"anchored sequential hurdle updates",4,1998,4.1560000000004,""
"Mississippi",2025-04-26,"calendar","hurdle_ztpoisson",1422.25314561204,0,0.00346654812257496,"pass",TRUE,TRUE,TRUE,FALSE,0.0545839073104706,0.911582025013524,0.945421117980765,0.945421117980765,"anchored sequential hurdle updates",0,1998,4.22299999999996,""
"Mississippi",2025-04-26,"compressed","cumulative_poisson",3472.58116755521,0,0.000739445498689761,"pass",TRUE,TRUE,TRUE,TRUE,0.0245286945894454,0.951302001897633,1,0.975471305410555,"anchored independent signed-Poisson update approximation",0,1053,2.12800000000016,""
"Mississippi",2025-04-26,"compressed","cumulative_nb",3707.17684735611,0,0.00202816669170419,"pass",TRUE,TRUE,TRUE,TRUE,0.0244712963660117,0.952814052249194,1,0.975528703633988,"anchored independent signed-Poisson update approximation",0,1053,2.67600000000039,"NA/NaN function evaluation"
"Mississippi",2025-04-26,"compressed","hurdle_ztnb",815.845014396983,0,0.000102812547424946,"pass",TRUE,TRUE,TRUE,FALSE,0.0324157742206368,0.917128030197787,0.973686795473455,0.967587353215522,"anchored sequential hurdle updates",3,1053,3.73199999999997,""
"Mississippi",2025-04-26,"compressed","hurdle_ztpoisson",890.631655728267,0,0.00530501868965483,"pass",TRUE,TRUE,TRUE,FALSE,0.0300855913587809,0.927602359738382,0.975757171134028,0.969917153042607,"anchored sequential hurdle updates",0,1053,3.19000000000005,""
"Mississippi",2025-05-31,"calendar","cumulative_poisson",7786.44332863907,0,0.00124487931365785,"pass",TRUE,TRUE,TRUE,TRUE,0.00532495159656973,0.832210383277137,0.994675172883175,0.994675172883175,"anchored independent signed-Poisson update approximation",0,2133,3.27599999999984,""
"Mississippi",2025-05-31,"calendar","cumulative_nb",7948.17381477766,0,0.000363960951936859,"pass",TRUE,TRUE,TRUE,TRUE,0.0110616561643929,0.810085777822886,0.988941621048385,0.988941621048385,"anchored independent signed-Poisson update approximation",0,2133,6.50900000000001,"NA/NaN function evaluation"
"Mississippi",2025-05-31,"calendar","hurdle_ztnb",1188.18404852797,0,0.000672545950804793,"pass",TRUE,TRUE,TRUE,FALSE,0.0344595376724106,0.837236563683328,0.965549258228017,0.965549258228017,"anchored sequential hurdle updates",13,2133,4.37199999999984,""
"Mississippi",2025-05-31,"calendar","hurdle_ztpoisson",1479.57778137157,0,0.0153937087458442,"pass",TRUE,TRUE,TRUE,FALSE,0.054382816815148,0.911151152894054,0.945622192797894,0.945622192797894,"anchored sequential hurdle updates",0,2133,4.35300000000007,""
"Mississippi",2025-05-31,"compressed","cumulative_poisson",3903.66396380454,0,0.000168861795199329,"pass",TRUE,TRUE,TRUE,TRUE,0.0211765943883389,0.951089158002253,1,0.978823405611814,"anchored independent signed-Poisson update approximation",0,1188,2.3430000000003,"NA/NaN function evaluation"
"Mississippi",2025-05-31,"compressed","cumulative_nb",4145.47281175803,0,0.000184688960378987,"pass",TRUE,TRUE,TRUE,TRUE,0.0211084846025133,0.95248732373422,1,0.978891515397585,"anchored independent signed-Poisson update approximation",0,1188,2.94500000000016,"NA/NaN function evaluation"
"Mississippi",2025-05-31,"compressed","hurdle_ztnb",869.69745656639,0,0.000893548821411239,"pass",TRUE,TRUE,TRUE,FALSE,0.0311462076951671,0.914374953377253,0.974697199816327,0.968856855252527,"anchored sequential hurdle updates",5,1188,3.67599999999993,""
"Mississippi",2025-05-31,"compressed","hurdle_ztpoisson",936.818204868623,0,0.00386342238635295,"pass",TRUE,TRUE,TRUE,FALSE,0.0291145440188929,0.925915693523859,0.976290395577042,0.970888148098919,"anchored sequential hurdle updates",0,1188,3.41300000000001,""
"Missouri",2025-01-02,"calendar","cumulative_poisson",4270.32272214384,0,0.00102455908504512,"pass",TRUE,TRUE,TRUE,TRUE,0.0422019221155263,0.915768286719982,0.957801132248136,0.957801132248136,"anchored independent signed-Poisson update approximation",0,1539,2.4970000000003,""
"Missouri",2025-01-02,"calendar","cumulative_nb",4523.70876456792,0,0.00204578455322563,"pass",TRUE,TRUE,TRUE,TRUE,0.0480903882571168,0.906682974188775,0.951912992710679,0.951912992710679,"anchored independent signed-Poisson update approximation",0,1539,4.02199999999993,""
"Missouri",2025-01-02,"calendar","hurdle_ztnb",918.279579495578,0,0.000130074997388485,"pass",TRUE,TRUE,TRUE,FALSE,0.0262624893419157,0.919745100722072,0.973741236961663,0.973741236961663,"anchored sequential hurdle updates",4,1539,3.74900000000025,""
"Missouri",2025-01-02,"calendar","hurdle_ztpoisson",1000.40654825975,0,0.00511332634011896,"pass",TRUE,TRUE,TRUE,FALSE,0.0227509927827587,0.946619720172061,0.977250996417839,0.977250996417839,"anchored sequential hurdle updates",7,1539,3.70200000000023,""
"Missouri",2025-01-02,"compressed","cumulative_poisson",2255.41433771231,0,0.000166485863292376,"pass",TRUE,TRUE,TRUE,TRUE,0.0567016995030364,0.921237234062169,0.943303378215525,0.943303378215525,"anchored independent signed-Poisson update approximation",0,648,1.75599999999986,""
"Missouri",2025-01-02,"compressed","cumulative_nb",2486.73295846553,0,0.00311200311644066,"pass",TRUE,TRUE,TRUE,TRUE,0.0659238884361689,0.9122021469297,0.934081886996784,0.934081886996784,"anchored independent signed-Poisson update approximation",0,648,2.17399999999998,"NA/NaN function evaluation"
"Missouri",2025-01-02,"compressed","hurdle_ztnb",595.843687062124,0,0.00036328456276391,"pass",TRUE,TRUE,TRUE,FALSE,0.0246795549860347,0.939990452539498,0.975321714831312,0.975321714831312,"anchored sequential hurdle updates",0,648,2.92200000000003,""
"Missouri",2025-01-02,"compressed","hurdle_ztpoisson",620.079603874475,0,0.0134740115317272,"pass",TRUE,TRUE,TRUE,FALSE,0.0173350669793429,0.959958432932403,0.982665116438358,0.982665116438358,"anchored sequential hurdle updates",0,648,3.14899999999989,""
"Missouri",2025-02-15,"calendar","cumulative_poisson",5881.55127319968,0,0.0138660413491429,"pass",TRUE,TRUE,TRUE,TRUE,0.0341259134597046,0.785227931234856,0.996418110582136,0.965874092959129,"anchored independent signed-Poisson update approximation",0,1728,2.85799999999972,""
"Missouri",2025-02-15,"calendar","cumulative_nb",5629.72222980842,0,0.00145645248752624,"pass",TRUE,TRUE,TRUE,TRUE,0.0557265055007133,0.790768977854276,0.946802477095948,0.944276643368414,"anchored independent signed-Poisson update approximation",0,1728,4.74200000000019,"NA/NaN function evaluation"
"Missouri",2025-02-15,"calendar","hurdle_ztnb",1162.07388779777,0,0.000222963793996112,"pass",TRUE,TRUE,TRUE,FALSE,0.0494864907908486,0.848862953362387,0.950522975195827,0.950522975195827,"anchored sequential hurdle updates",2,1728,4.12899999999991,""
"Missouri",2025-02-15,"calendar","hurdle_ztpoisson",2449.48961359999,0,0.024569688085006,"pass",TRUE,TRUE,TRUE,FALSE,0.0787536305837553,0.834243820111779,0.921259593575319,0.921259593575319,"anchored sequential hurdle updates",4,1728,4.03400000000011,""
"Missouri",2025-02-15,"compressed","cumulative_poisson",2817.89099508791,0,0.000125603097376192,"pass",TRUE,TRUE,TRUE,TRUE,0.0620494504943647,0.869263030077522,0.952578047189766,0.93795345354101,"anchored independent signed-Poisson update approximation",0,783,1.90300000000025,""
"Missouri",2025-02-15,"compressed","cumulative_nb",3039.12334334587,0,0.00466729663567222,"pass",TRUE,TRUE,TRUE,TRUE,0.0633041837033848,0.877484754092036,0.947791158745097,0.936703105578811,"anchored independent signed-Poisson update approximation",0,783,2.35599999999977,"NA/NaN function evaluation"
"Missouri",2025-02-15,"compressed","hurdle_ztnb",807.855956952637,0,0.000119677315868927,"pass",TRUE,TRUE,TRUE,FALSE,0.0626476569798177,0.864480460167445,0.937366033469119,0.937366033469119,"anchored sequential hurdle updates",1,783,3.25,""
"Missouri",2025-02-15,"compressed","hurdle_ztpoisson",1655.25115298172,0,0.0484799766406954,"pass",TRUE,TRUE,TRUE,FALSE,0.0483214257596731,0.890897168182737,0.95168865980427,0.95168865980427,"anchored sequential hurdle updates",0,783,3.2489999999998,""
"Missouri",2025-03-29,"calendar","cumulative_poisson",6604.74991144965,0,0.00221945887393815,"pass",TRUE,TRUE,TRUE,TRUE,0.0211885137412604,0.751915391035914,0.998858343661601,0.978812274406383,"anchored independent signed-Poisson update approximation",0,1890,3.16800000000012,""
"Missouri",2025-03-29,"calendar","cumulative_nb",6258.75592454024,0,0.00324758504200462,"pass",TRUE,TRUE,TRUE,TRUE,0.0286315801524766,0.785890026625024,0.971369007438584,0.971369007438584,"anchored independent signed-Poisson update approximation",0,1890,5.08300000000008,"NA/NaN function evaluation"
"Missouri",2025-03-29,"calendar","hurdle_ztnb",1420.63631912447,0,0.00133046231424228,"pass",TRUE,TRUE,TRUE,FALSE,0.0469416296426103,0.823538372463229,0.9530683484654,0.9530683484654,"anchored sequential hurdle updates",4,1890,4.72700000000032,""
"Missouri",2025-03-29,"calendar","hurdle_ztpoisson",3884.9298860107,0,0.00607169409841132,"pass",TRUE,TRUE,TRUE,FALSE,0.108319774446207,0.834682817576084,0.891693425790325,0.891693425790325,"anchored sequential hurdle updates",0,1890,4.69599999999991,""
"Missouri",2025-03-29,"compressed","cumulative_poisson",3665.56642459547,0,0.00184022187477306,"pass",TRUE,TRUE,TRUE,TRUE,0.0263608174383527,0.829065051823625,0.996789202178452,0.973640336845726,"anchored independent signed-Poisson update approximation",0,945,2.07499999999982,""
"Missouri",2025-03-29,"compressed","cumulative_nb",3815.99756723736,0,0.000712134285520055,"pass",TRUE,TRUE,TRUE,TRUE,0.0208235294680378,0.866382571379764,0.997867608826831,0.979176852867324,"anchored independent signed-Poisson update approximation",0,945,2.78500000000031,"NA/NaN function evaluation"
"Missouri",2025-03-29,"compressed","hurdle_ztnb",1044.34679046644,0,0.00123219429392574,"pass",TRUE,TRUE,TRUE,FALSE,0.0644484109448516,0.816104449168592,0.935567766810594,0.935567766810594,"anchored sequential hurdle updates",8,945,3.75399999999991,""
"Missouri",2025-03-29,"compressed","hurdle_ztpoisson",3129.34954977711,0,0.0162668753032207,"pass",TRUE,TRUE,TRUE,FALSE,0.0614111686093692,0.855977874193658,0.938595171834242,0.938595171834242,"anchored sequential hurdle updates",0,945,4.13000000000011,""
"Missouri",2025-04-26,"calendar","cumulative_poisson",7044.36642430154,0,0.00226756021434138,"pass",TRUE,TRUE,TRUE,TRUE,0.010290933200124,0.744187335811549,0.989709169597841,0.989709169597841,"anchored independent signed-Poisson update approximation",0,1998,3.24799999999959,""
"Missouri",2025-04-26,"calendar","cumulative_nb",6724.9622472212,0,0.00374371874260959,"pass",TRUE,TRUE,TRUE,TRUE,0.0196745578060254,0.784514739830621,0.980325922204811,0.980325922204811,"anchored independent signed-Poisson update approximation",0,1998,5.72000000000025,""
"Missouri",2025-04-26,"calendar","hurdle_ztnb",1502.59480225032,0,0.00624697690410692,"pass",TRUE,TRUE,TRUE,FALSE,0.0441913331108499,0.818944087718129,0.95581774024605,0.95581774024605,"anchored sequential hurdle updates",10,1998,4.86299999999983,""
"Missouri",2025-04-26,"calendar","hurdle_ztpoisson",4121.83408449258,0,0.0138493893819738,"pass",TRUE,TRUE,TRUE,FALSE,0.115283497692042,0.836848081936331,0.88472788995773,0.88472788995773,"anchored sequential hurdle updates",0,1998,4.67299999999977,""
"Missouri",2025-04-26,"compressed","cumulative_poisson",4132.82713718951,0,0.00982838751231663,"pass",TRUE,TRUE,TRUE,TRUE,0.0197118811063017,0.821314211834107,0.999216958181734,0.980291507626529,"anchored independent signed-Poisson update approximation",0,1053,2.14799999999968,""
"Missouri",2025-04-26,"compressed","cumulative_nb",4291.67277619002,0,0.0041161291449503,"pass",TRUE,TRUE,TRUE,TRUE,0.0165187353867512,0.854291292601973,0.999371244722962,0.983482761341729,"anchored independent signed-Poisson update approximation",0,1053,2.87800000000016,"NA/NaN function evaluation"
"Missouri",2025-04-26,"compressed","hurdle_ztnb",1122.08896549366,0,0.00154705664293142,"pass",TRUE,TRUE,TRUE,FALSE,0.0602403913233986,0.808381843844696,0.939773895212147,0.939773895212147,"anchored sequential hurdle updates",21,1053,3.83500000000004,""
"Missouri",2025-04-26,"compressed","hurdle_ztpoisson",3362.29476359549,0,0.0130862266428252,"pass",TRUE,TRUE,TRUE,FALSE,0.0629925693321017,0.853143797460431,0.937012603683006,0.937012603683006,"anchored sequential hurdle updates",0,1053,3.82200000000012,""
"Missouri",2025-05-31,"calendar","cumulative_poisson",7580.03698792438,0,0.00979416169359038,"pass",TRUE,TRUE,TRUE,TRUE,0.00745185462888772,0.741769341617763,0.992548206394552,0.992548206394552,"anchored independent signed-Poisson update approximation",0,2133,3.67599999999993,""
"Missouri",2025-05-31,"calendar","cumulative_nb",7326.14076103672,0,0.0187880896450654,"pass",TRUE,TRUE,TRUE,TRUE,0.0151663499242008,0.778694459507272,0.984833978252918,0.984833978252918,"anchored independent signed-Poisson update approximation",0,2133,6.36999999999989,""
"Missouri",2025-05-31,"calendar","hurdle_ztnb",1577.63541468641,0,0.000287423029928013,"pass",TRUE,TRUE,TRUE,FALSE,0.0425543766091868,0.812924571436834,0.957454833881177,0.957454833881177,"anchored sequential hurdle updates",24,2133,4.96299999999974,""
"Missouri",2025-05-31,"calendar","hurdle_ztpoisson",4252.69936858559,0,0.0320475158628196,"pass",TRUE,TRUE,TRUE,FALSE,0.105301827027809,0.830339319255044,0.894705950693257,0.894705950693257,"anchored sequential hurdle updates",0,2133,5.15200000000004,""
"Montana",2025-01-02,"calendar","cumulative_poisson",2421.87633208617,0,0.000429692957888195,"pass",TRUE,TRUE,TRUE,TRUE,0.118111863141319,0.819988676679091,0.881893749611889,0.881893749611889,"anchored independent signed-Poisson update approximation",0,1539,2.26999999999998,""
"Montana",2025-01-02,"calendar","cumulative_nb",2614.8369622529,0,0.000270315823801718,"pass",TRUE,TRUE,TRUE,TRUE,0.117475488536375,0.819576353492214,0.882530269224622,0.882530269224622,"anchored independent signed-Poisson update approximation",1,1539,3.78099999999995,""
"Montana",2025-01-02,"calendar","hurdle_ztnb",498.04884501789,0,0.000642111976246973,"pass",TRUE,TRUE,TRUE,FALSE,0.0292669912332609,0.890864722649108,0.970737606190619,0.970737606190619,"anchored sequential hurdle updates",8,1539,3.14100000000008,""
"Montana",2025-01-02,"calendar","hurdle_ztpoisson",490.43830305972,0,0.00128883654492605,"pass",TRUE,TRUE,TRUE,FALSE,0.0448782276554706,0.87158520844325,0.955127745471374,0.955127745471374,"anchored sequential hurdle updates",3,1539,3.03699999999981,""
"Montana",2025-01-02,"compressed","cumulative_poisson",1516.13324356791,0,6.64078857904662e-05,"pass",TRUE,TRUE,TRUE,TRUE,0.12413629813109,0.817061271289231,0.875871171916281,0.875871171916281,"anchored independent signed-Poisson update approximation",0,648,1.76099999999997,""
"Montana",2025-01-02,"compressed","cumulative_nb",1694.76242165579,0,0.00352512468597016,"pass",TRUE,TRUE,TRUE,TRUE,0.124712831984751,0.817068431907146,0.875294538717271,0.875294538717271,"anchored independent signed-Poisson update approximation",0,648,2.07799999999997,""
"Montana",2025-01-02,"compressed","hurdle_ztnb",361.939608261417,0,0.000218986560211576,"pass",TRUE,TRUE,TRUE,FALSE,0.0606255031388913,0.873771520786711,0.939383178093698,0.939383178093698,"anchored sequential hurdle updates",8,648,2.55000000000018,""
"Montana",2025-01-02,"compressed","hurdle_ztpoisson",352.011360731436,0,0.00204389008224333,"pass",TRUE,TRUE,TRUE,FALSE,0.047945309175513,0.907735326922852,0.952058225945823,0.952058225945823,"anchored sequential hurdle updates",2,648,2.48999999999978,""
"Montana",2025-02-15,"calendar","cumulative_poisson",2792.25574694713,0,0.000556651578185297,"pass",TRUE,TRUE,TRUE,TRUE,0.0827016239270847,0.771811476563015,0.930806527888503,0.917302466951538,"anchored independent signed-Poisson update approximation",0,1728,2.61700000000019,""
"Montana",2025-02-15,"calendar","cumulative_nb",2976.45493309507,0,0.00148988613437762,"pass",TRUE,TRUE,TRUE,TRUE,0.0873536918206137,0.765122829001154,0.924995256477139,0.912649701339212,"anchored independent signed-Poisson update approximation",0,1728,3.85999999999967,""
"Montana",2025-02-15,"calendar","hurdle_ztnb",620.35624907698,0,0.000108722557786933,"pass",TRUE,TRUE,TRUE,FALSE,0.0418685138086205,0.83378297770828,0.958137121358428,0.958137121358428,"anchored sequential hurdle updates",1,1728,3.40599999999995,""
"Montana",2025-02-15,"calendar","hurdle_ztpoisson",635.218441419331,0,0.000822021283420238,"pass",TRUE,TRUE,TRUE,FALSE,0.0760429277424205,0.827563450422303,0.923963517379973,0.923963517379973,"anchored sequential hurdle updates",0,1728,3.38999999999987,""
"Montana",2025-02-15,"compressed","cumulative_poisson",1890.37023498392,0,0.00104247074717166,"pass",TRUE,TRUE,TRUE,TRUE,0.116957929261163,0.80560438222507,0.883049071645851,0.883049071645851,"anchored independent signed-Poisson update approximation",0,783,1.85200000000032,""
"Montana",2025-02-15,"compressed","cumulative_nb",2078.60368858012,0,0.000276956058475442,"pass",TRUE,TRUE,TRUE,TRUE,0.117574945142527,0.805459228855577,0.882431931307697,0.882431931307697,"anchored independent signed-Poisson update approximation",0,783,2.31799999999976,"NA/NaN function evaluation"
"Montana",2025-02-15,"compressed","hurdle_ztnb",437.236349025302,0,0.00123663363452131,"pass",TRUE,TRUE,TRUE,FALSE,0.0507292871415955,0.856132926733244,0.949274495571281,0.949274495571281,"anchored sequential hurdle updates",2,783,2.77800000000025,""
"Montana",2025-02-15,"compressed","hurdle_ztpoisson",427.515527506922,0,0.00410797214884213,"pass",TRUE,TRUE,TRUE,FALSE,0.0373384814023591,0.890669042875883,0.962662348088225,0.962662348088225,"anchored sequential hurdle updates",2,783,2.68600000000015,""
"Montana",2025-03-29,"calendar","cumulative_poisson",3134.17193863955,0,0.000417931694499565,"pass",TRUE,TRUE,TRUE,TRUE,0.119042116362897,0.75494080968018,0.880960982984812,0.880960982984812,"anchored independent signed-Poisson update approximation",0,1890,2.81700000000001,""
"Montana",2025-03-29,"calendar","cumulative_nb",3325.91516680185,0,0.00660072562112224,"pass",TRUE,TRUE,TRUE,TRUE,0.117197605258168,0.75203958188013,0.882805502704058,0.882805502704058,"anchored independent signed-Poisson update approximation",0,1890,4.83799999999974,"NA/NaN function evaluation"
"Montana",2025-03-29,"calendar","hurdle_ztnb",756.834654306283,0,0.000391398910215557,"pass",TRUE,TRUE,TRUE,FALSE,0.0489246230766484,0.840162948572232,0.951080899400438,0.951080899400438,"anchored sequential hurdle updates",0,1890,3.64600000000019,""
"Montana",2025-03-29,"calendar","hurdle_ztpoisson",749.130558366047,0,0.00481820803013499,"pass",TRUE,TRUE,TRUE,FALSE,0.0615980336039903,0.850613606530492,0.938407627506839,0.938407627506839,"anchored sequential hurdle updates",0,1890,3.59100000000035,""
"Montana",2025-03-29,"compressed","cumulative_poisson",2344.55887666349,0,0.00032459406420908,"pass",TRUE,TRUE,TRUE,TRUE,0.122868554022762,0.798645344729034,0.877137423749814,0.877137423749814,"anchored independent signed-Poisson update approximation",0,945,1.9989999999998,""
"Montana",2025-03-29,"compressed","cumulative_nb",2543.10244991146,0,0.000665768862433275,"pass",TRUE,TRUE,TRUE,TRUE,0.122990396167156,0.798359682195424,0.87701542834008,0.87701542834008,"anchored independent signed-Poisson update approximation",0,945,2.64699999999993,"NA/NaN function evaluation"
"Montana",2025-03-29,"compressed","hurdle_ztnb",564.619737767152,0,4.93110963038917e-05,"pass",TRUE,TRUE,TRUE,FALSE,0.0489518862062348,0.857368800089167,0.951050278532025,0.951050278532025,"anchored sequential hurdle updates",1,945,2.9670000000001,""
"Montana",2025-03-29,"compressed","hurdle_ztpoisson",529.344611010704,0,0.00510204548344759,"pass",TRUE,TRUE,TRUE,FALSE,0.0352716792777286,0.897707604062233,0.964729398773189,0.964729398773189,"anchored sequential hurdle updates",0,945,2.92599999999993,""
"Montana",2025-04-26,"calendar","cumulative_poisson",3399.32363065463,0,0.000601206904444429,"pass",TRUE,TRUE,TRUE,TRUE,0.121925353237582,0.756074384837235,0.878078883173552,0.878078883173552,"anchored independent signed-Poisson update approximation",0,1998,2.87899999999991,""
"Montana",2025-04-26,"calendar","cumulative_nb",3598.51310069704,0,0.000866288180655816,"pass",TRUE,TRUE,TRUE,TRUE,0.120260078968047,0.753825023887872,0.879744114723668,0.879744114723668,"anchored independent signed-Poisson update approximation",0,1998,5.7489999999998,"NA/NaN function evaluation"
"Montana",2025-04-26,"calendar","hurdle_ztnb",796.507970038268,0,0.00149388071374923,"pass",TRUE,TRUE,TRUE,FALSE,0.044121055759039,0.83967828542636,0.95588382951003,0.95588382951003,"anchored sequential hurdle updates",5,1998,3.85300000000007,""
"Montana",2025-04-26,"calendar","hurdle_ztpoisson",787.386421093841,0,0.00403250852166126,"pass",TRUE,TRUE,TRUE,FALSE,0.0552614865603095,0.853977201780305,0.944742116455187,0.944742116455187,"anchored sequential hurdle updates",0,1998,3.70800000000008,""
"Montana",2025-04-26,"compressed","cumulative_poisson",2643.29111151705,0,0.000646717063268687,"pass",TRUE,TRUE,TRUE,TRUE,0.123869258216695,0.798250025209593,0.8761370170929,0.8761370170929,"anchored independent signed-Poisson update approximation",0,1053,2.16599999999971,""
"Montana",2025-04-26,"compressed","cumulative_nb",2848.49736389159,0,0.00338009850499585,"pass",TRUE,TRUE,TRUE,TRUE,0.123740561558436,0.797867695912432,0.87626549799002,0.87626549799002,"anchored independent signed-Poisson update approximation",0,1053,2.68199999999979,""
"Montana",2025-04-26,"compressed","hurdle_ztnb",600.830395730877,0,0.000115203908277905,"pass",TRUE,TRUE,TRUE,FALSE,0.0434058704036031,0.858354522294747,0.956595899941644,0.956595899941644,"anchored sequential hurdle updates",7,1053,3.16899999999987,""
"Montana",2025-04-26,"compressed","hurdle_ztpoisson",563.476688624278,0,0.00362279731821442,"pass",TRUE,TRUE,TRUE,FALSE,0.0305957502314148,0.898234758695551,0.969410120693174,0.969404899969923,"anchored sequential hurdle updates",0,1053,3.05700000000024,""
"Montana",2025-05-31,"calendar","cumulative_poisson",3762.26656558085,0,0.00248920874318559,"pass",TRUE,TRUE,TRUE,TRUE,0.119783889811155,0.766154670980554,0.880217669391387,0.880217669391387,"anchored independent signed-Poisson update approximation",9,2133,3.19200000000001,""
"Montana",2025-05-31,"calendar","cumulative_nb",3967.71178941459,0,0.004503217000281,"pass",TRUE,TRUE,TRUE,TRUE,0.118042522884766,0.764426376716667,0.881959126651651,0.881959126651651,"anchored independent signed-Poisson update approximation",11,2133,5.72600000000011,"NA/NaN function evaluation"
"Montana",2025-05-31,"calendar","hurdle_ztnb",1068.94579046121,0,0.000421473661846861,"pass",TRUE,TRUE,TRUE,FALSE,0.0818633732088444,0.798709970617803,0.918253757334806,0.918253757334806,"anchored sequential hurdle updates",172,2133,4.55099999999993,""
"Montana",2025-05-31,"calendar","hurdle_ztpoisson",1098.36687805735,0,0.00455177479760787,"pass",TRUE,TRUE,TRUE,FALSE,0.0739275723406406,0.855402154344008,0.926129315049784,0.926129315049784,"anchored sequential hurdle updates",26,2133,4.05099999999993,""
"Montana",2025-05-31,"compressed","cumulative_poisson",3008.79140706094,0,0.000559622569618057,"pass",TRUE,TRUE,TRUE,TRUE,0.112390017324844,0.816990938347407,0.887611976751757,0.887611976751757,"anchored independent signed-Poisson update approximation",16,1188,2.17099999999982,""
"Montana",2025-05-31,"compressed","cumulative_nb",3219.13181821635,0,0.00104793908224042,"pass",TRUE,TRUE,TRUE,TRUE,0.111863356499486,0.81694590225899,0.888138731537599,0.888138731537599,"anchored independent signed-Poisson update approximation",13,1188,2.86400000000003,""
"Montana",2025-05-31,"compressed","hurdle_ztnb",837.626761777242,0,0.00101745933350017,"pass",TRUE,TRUE,TRUE,FALSE,0.0820616262166757,0.844270996624968,0.928247264016315,0.918033827236856,"anchored sequential hurdle updates",269,1188,3.54300000000012,""
"Montana",2025-05-31,"compressed","hurdle_ztpoisson",820.242124879779,0,0.0106859842874155,"pass",TRUE,TRUE,TRUE,FALSE,0.0643393569827755,0.869792014850195,0.960624257172252,0.935759023729911,"anchored sequential hurdle updates",74,1188,3.29099999999971,""
"Nebraska",2025-01-02,"calendar","cumulative_poisson",2652.75393108131,0,0.000405679325359287,"pass",TRUE,TRUE,TRUE,TRUE,0.148477574368782,0.810638892313998,0.85539376030064,0.851529277226309,"anchored independent signed-Poisson update approximation",0,1539,2.41700000000037,""
"Nebraska",2025-01-02,"calendar","cumulative_nb",2848.70203115386,0,0.00136755276163764,"pass",TRUE,TRUE,TRUE,TRUE,0.146386875840457,0.810202904942175,0.857095679641264,0.85362002510377,"anchored independent signed-Poisson update approximation",0,1539,3.38200000000006,""
"Nebraska",2025-01-02,"calendar","hurdle_ztnb",502.088843943146,0,0.000311046579123619,"pass",TRUE,TRUE,TRUE,FALSE,0.0310002694797237,0.915659137545052,0.969002021071396,0.969002021071396,"anchored sequential hurdle updates",1,1539,3.27300000000014,""
"Nebraska",2025-01-02,"calendar","hurdle_ztpoisson",490.261571991546,0,0.00471298340047888,"pass",TRUE,TRUE,TRUE,FALSE,0.0336037879709574,0.911009946956804,0.966398574558773,0.966398574558773,"anchored sequential hurdle updates",0,1539,3.12100000000009,""
"Nebraska",2025-01-02,"compressed","cumulative_poisson",1667.66494280977,0,0.000478288463286736,"pass",TRUE,TRUE,TRUE,TRUE,0.148323322391473,0.82819178774498,0.861741334049721,0.851685263861823,"anchored independent signed-Poisson update approximation",0,648,1.72500000000036,""
"Nebraska",2025-01-02,"compressed","cumulative_nb",1842.24300066611,0,0.000975468983314706,"pass",TRUE,TRUE,TRUE,TRUE,0.147159421020728,0.827883218713444,0.862567250590642,0.852849366061819,"anchored independent signed-Poisson update approximation",0,648,2.01199999999972,""
"Nebraska",2025-01-02,"compressed","hurdle_ztnb",412.217019334628,0,6.57614421237795e-05,"pass",TRUE,TRUE,TRUE,FALSE,0.0453572562104439,0.943224628749625,0.972452318218853,0.954644093315799,"anchored sequential hurdle updates",2,648,2.72299999999996,""
"Nebraska",2025-01-02,"compressed","hurdle_ztpoisson",394.271140410267,0,0.00156397497613977,"pass",TRUE,TRUE,TRUE,FALSE,0.0378046376168614,0.952047581408728,0.977285788512137,0.962196263757515,"anchored sequential hurdle updates",0,648,2.61400000000003,""
"Nebraska",2025-02-15,"calendar","cumulative_poisson",3215.34031881937,0,0.000970500784980288,"pass",TRUE,TRUE,TRUE,TRUE,0.0726716051335823,0.786945457259183,0.941688063231769,0.927331334127742,"anchored independent signed-Poisson update approximation",0,1728,2.69100000000026,""
"Nebraska",2025-02-15,"calendar","cumulative_nb",3366.84315582012,0,0.00193648739756758,"pass",TRUE,TRUE,TRUE,TRUE,0.0801963113016759,0.787011855760717,0.931309802106343,0.919805989926379,"anchored independent signed-Poisson update approximation",0,1728,5.05999999999995,""
"Nebraska",2025-02-15,"calendar","hurdle_ztnb",668.845905708538,0,0.000149718189260017,"pass",TRUE,TRUE,TRUE,FALSE,0.0460745085581018,0.858369679890708,0.953927731881484,0.953927731881484,"anchored sequential hurdle updates",1,1728,3.42500000000018,""
"Nebraska",2025-02-15,"calendar","hurdle_ztpoisson",707.065083965161,0,0.00171796866357043,"pass",TRUE,TRUE,TRUE,FALSE,0.0928893585497781,0.856217227287288,0.90711328126282,0.90711328126282,"anchored sequential hurdle updates",0,1728,3.44599999999991,""
"Nebraska",2025-02-15,"compressed","cumulative_poisson",2082.74217325184,0,0.000429795451443837,"pass",TRUE,TRUE,TRUE,TRUE,0.105239547794823,0.864252099857448,0.906729731801488,0.894767697174405,"anchored independent signed-Poisson update approximation",0,783,1.83399999999983,""
"Nebraska",2025-02-15,"compressed","cumulative_nb",2271.42992454257,0,0.000744402458263238,"pass",TRUE,TRUE,TRUE,TRUE,0.107337698300359,0.861280357261514,0.905586869268299,0.89266995332495,"anchored independent signed-Poisson update approximation",0,783,2.29300000000012,""
"Nebraska",2025-02-15,"compressed","hurdle_ztnb",501.993331798403,0,0.000813226840773784,"pass",TRUE,TRUE,TRUE,FALSE,0.0288958615846296,0.944050296255559,0.976897340729902,0.971104857992635,"anchored sequential hurdle updates",0,783,2.85699999999997,""
"Nebraska",2025-02-15,"compressed","hurdle_ztpoisson",458.939259366879,0,0.00429989859047244,"pass",TRUE,TRUE,TRUE,FALSE,0.0226200079676483,0.958654965031326,0.984442176950605,0.977380539915118,"anchored sequential hurdle updates",0,783,2.90999999999985,""
"Nebraska",2025-03-29,"calendar","cumulative_poisson",3626.89876482723,0,0.000895441206589798,"pass",TRUE,TRUE,TRUE,TRUE,0.0930146176165135,0.775390148253688,0.906988038529856,0.906988038529856,"anchored independent signed-Poisson update approximation",0,1890,2.77100000000019,""
"Nebraska",2025-03-29,"calendar","cumulative_nb",3792.53048059492,0,0.000378930405436684,"pass",TRUE,TRUE,TRUE,TRUE,0.089992204080104,0.780375272807436,0.910010205288387,0.910010205288387,"anchored independent signed-Poisson update approximation",0,1890,5.02300000000014,"NA/NaN function evaluation"
"Nebraska",2025-03-29,"calendar","hurdle_ztnb",821.841159907692,0,0.000139166770633414,"pass",TRUE,TRUE,TRUE,FALSE,0.0320034531890677,0.860587853892594,0.967998798043259,0.967998798043259,"anchored sequential hurdle updates",3,1890,3.87599999999975,""
"Nebraska",2025-03-29,"calendar","hurdle_ztpoisson",925.286186342311,0,0.00969649015778229,"pass",TRUE,TRUE,TRUE,FALSE,0.0622545437156178,0.870109649711555,0.937751593621159,0.937751593621159,"anchored sequential hurdle updates",0,1890,3.85000000000036,""
"Nebraska",2025-03-29,"compressed","cumulative_poisson",2601.41026003328,0,0.000321705267937844,"pass",TRUE,TRUE,TRUE,TRUE,0.0812506826103077,0.866495486943248,0.920361436089106,0.918751644840446,"anchored independent signed-Poisson update approximation",0,945,2.02700000000004,""
"Nebraska",2025-03-29,"compressed","cumulative_nb",2807.31929391297,0,0.00022185105089445,"pass",TRUE,TRUE,TRUE,TRUE,0.0811201451564958,0.866528508503886,0.922879432583655,0.918883358522502,"anchored independent signed-Poisson update approximation",0,945,2.56800000000021,""
"Nebraska",2025-03-29,"compressed","hurdle_ztnb",640.254429095481,0,0.000290187418547472,"pass",TRUE,TRUE,TRUE,FALSE,0.0322811877546723,0.912832757752267,0.967721657995073,0.967721657995073,"anchored sequential hurdle updates",1,945,3.26200000000017,""
"Nebraska",2025-03-29,"compressed","hurdle_ztpoisson",612.831745067747,0,0.00426153980732458,"pass",TRUE,TRUE,TRUE,FALSE,0.0207868609459741,0.942656575810303,0.979229658061473,0.979214328224244,"anchored sequential hurdle updates",0,945,3.10199999999986,""
"Nebraska",2025-04-26,"calendar","cumulative_poisson",3932.46580534052,0,0.000189375632675959,"pass",TRUE,TRUE,TRUE,TRUE,0.0935236109204092,0.775166427874883,0.906481272031413,0.906481272031413,"anchored independent signed-Poisson update approximation",0,1998,2.92799999999988,""
"Nebraska",2025-04-26,"calendar","cumulative_nb",4111.21491677233,0,0.000803156593164656,"pass",TRUE,TRUE,TRUE,TRUE,0.0916475852961748,0.779773274459318,0.908356546383257,0.908356546383257,"anchored independent signed-Poisson update approximation",0,1998,4.57300000000032,""
"Nebraska",2025-04-26,"calendar","hurdle_ztnb",857.759139103545,0,0.000114901524031819,"pass",TRUE,TRUE,TRUE,FALSE,0.0303004757195313,0.859295523382575,0.969701615136747,0.969701615136747,"anchored sequential hurdle updates",6,1998,4.13700000000017,""
"Nebraska",2025-04-26,"calendar","hurdle_ztpoisson",960.683146143165,0,0.0122188986839162,"pass",TRUE,TRUE,TRUE,FALSE,0.0575310628487071,0.873657011732192,0.942472822848244,0.942472822848244,"anchored sequential hurdle updates",0,1998,3.88899999999967,""
"Nebraska",2025-04-26,"compressed","cumulative_poisson",2936.54698914062,0,0.00294296404042765,"pass",TRUE,TRUE,TRUE,TRUE,0.0785158830276985,0.866192579731435,0.921486746199171,0.921486746199171,"anchored independent signed-Poisson update approximation",0,1053,2.12699999999995,""
"Nebraska",2025-04-26,"compressed","cumulative_nb",3151.79019541908,0,0.0005466955069513,"pass",TRUE,TRUE,TRUE,TRUE,0.0787655907786058,0.866394358281456,0.921237557623915,0.921237557623915,"anchored independent signed-Poisson update approximation",0,1053,2.91600000000017,""
"Nebraska",2025-04-26,"compressed","hurdle_ztnb",673.943237141822,0,0.00213718317518069,"pass",TRUE,TRUE,TRUE,FALSE,0.0297655759787733,0.913726953618526,0.970252684272342,0.970236767224397,"anchored sequential hurdle updates",2,1053,3.29300000000012,""
"Nebraska",2025-04-26,"compressed","hurdle_ztpoisson",640.219012358229,0,0.0027340529701054,"pass",TRUE,TRUE,TRUE,FALSE,0.0187601734383211,0.943651527029288,0.981408603401017,0.981240594342463,"anchored sequential hurdle updates",0,1053,3.14199999999983,""
"Nebraska",2025-05-31,"calendar","cumulative_poisson",4328.134930024,0,0.00380674985168733,"pass",TRUE,TRUE,TRUE,TRUE,0.0952060557005533,0.773760514909621,0.904800287415629,0.904800287415629,"anchored independent signed-Poisson update approximation",0,2133,3.33000000000038,""
"Nebraska",2025-05-31,"calendar","cumulative_nb",4521.91624944625,0,0.00135407896854234,"pass",TRUE,TRUE,TRUE,TRUE,0.0941010846824946,0.777116689612029,0.905904402876139,0.905904402876139,"anchored independent signed-Poisson update approximation",2,2133,4.85699999999997,""
"Nebraska",2025-05-31,"calendar","hurdle_ztnb",896.93356173042,0,0.00024047610242639,"pass",TRUE,TRUE,TRUE,FALSE,0.0284136740527665,0.857317272307308,0.971588301675883,0.971588301675883,"anchored sequential hurdle updates",28,2133,4.1579999999999,""
"Nebraska",2025-05-31,"calendar","hurdle_ztpoisson",1006.69559834739,0,0.00338548151015011,"pass",TRUE,TRUE,TRUE,FALSE,0.052737433329352,0.875383181524495,0.947264964674237,0.947264964674237,"anchored sequential hurdle updates",2,2133,4.0590000000002,""
"Nebraska",2025-05-31,"compressed","cumulative_poisson",3329.17299295276,0,0.000235686171311755,"pass",TRUE,TRUE,TRUE,TRUE,0.0794622334180239,0.863992855965812,0.92054099597771,0.92054099597771,"anchored independent signed-Poisson update approximation",1,1188,2.26900000000023,""
"Nebraska",2025-05-31,"compressed","cumulative_nb",3553.15656873794,0,0.00176080190814076,"pass",TRUE,TRUE,TRUE,TRUE,0.0796399041378218,0.864237562702947,0.920363648757656,0.920363648757656,"anchored independent signed-Poisson update approximation",5,1188,2.84299999999985,""
"Nebraska",2025-05-31,"compressed","hurdle_ztnb",712.504408154611,0,0.000718226140450362,"pass",TRUE,TRUE,TRUE,FALSE,0.0282035635133012,0.911965221746707,0.971808294260665,0.971798739806745,"anchored sequential hurdle updates",47,1188,3.5659999999998,""
"Nebraska",2025-05-31,"compressed","hurdle_ztpoisson",671.023394744058,0,0.000768979990210195,"pass",TRUE,TRUE,TRUE,FALSE,0.0176478146509682,0.942592259656042,0.982509856781998,0.982352873042099,"anchored sequential hurdle updates",2,1188,3.45100000000002,""
"Nevada",2025-01-02,"calendar","cumulative_poisson",3096.05673054923,0,0.00133979716984145,"pass",TRUE,TRUE,TRUE,TRUE,0.142422106088206,0.794181119468482,0.872132302263435,0.85758075261248,"anchored independent signed-Poisson update approximation",0,1539,2.38900000000012,""
"Nevada",2025-01-02,"calendar","cumulative_nb",3298.53923262883,0,0.00307951588656741,"pass",TRUE,TRUE,TRUE,TRUE,0.136168088508847,0.792384223571327,0.876424998668966,0.863834546696564,"anchored independent signed-Poisson update approximation",1,1539,3.71000000000004,""
"Nevada",2025-01-02,"calendar","hurdle_ztnb",702.92287278306,0,0.00148113881083362,"pass",TRUE,TRUE,TRUE,FALSE,0.0772530754412218,0.876578049436056,0.922760012769899,0.922760012769899,"anchored sequential hurdle updates",12,1539,3.46900000000005,""
"Nevada",2025-01-02,"calendar","hurdle_ztpoisson",721.107198867316,0,0.00232221815717882,"pass",TRUE,TRUE,TRUE,FALSE,0.0617987326625239,0.906380181576379,0.93821078225082,0.93821078225082,"anchored sequential hurdle updates",2,1539,3.45599999999968,""
"Nevada",2025-01-02,"compressed","cumulative_poisson",1871.62526346614,0,0.000116208646357308,"pass",TRUE,TRUE,TRUE,TRUE,0.134743592736901,0.862219433513945,0.887417817966175,0.86526255251053,"anchored independent signed-Poisson update approximation",0,648,1.77600000000029,""
"Nevada",2025-01-02,"compressed","cumulative_nb",2065.49814253009,0,0.00129104808769991,"pass",TRUE,TRUE,TRUE,TRUE,0.133858822272715,0.861129258252383,0.888813788957581,0.866147242209826,"anchored independent signed-Poisson update approximation",0,648,2.09000000000015,"NA/NaN function evaluation"
"Nevada",2025-01-02,"compressed","hurdle_ztnb",558.885444314841,0,0.000445505006214986,"pass",TRUE,TRUE,TRUE,FALSE,0.0709367503881005,0.927433715494233,0.941195462995079,0.92908946877317,"anchored sequential hurdle updates",1,648,3.17700000000013,""
"Nevada",2025-01-02,"compressed","hurdle_ztpoisson",547.458508082732,0,0.00142744184827226,"pass",TRUE,TRUE,TRUE,FALSE,0.05621174397879,0.941756152060395,0.954689453254126,0.943808264047946,"anchored sequential hurdle updates",0,648,2.75799999999981,""
"Nevada",2025-02-15,"calendar","cumulative_poisson",3914.78935157545,0,0.0023156540253173,"pass",TRUE,TRUE,TRUE,TRUE,0.0384970401801318,0.754731743638009,0.997357879982589,0.961503061027819,"anchored independent signed-Poisson update approximation",0,1728,2.55699999999979,""
"Nevada",2025-02-15,"calendar","cumulative_nb",3973.10832877793,0,0.00179822204621694,"pass",TRUE,TRUE,TRUE,TRUE,0.069618663482213,0.749253083814747,0.933628798063494,0.930381749022216,"anchored independent signed-Poisson update approximation",0,1728,4.46300000000019,"NA/NaN function evaluation"
"Nevada",2025-02-15,"calendar","hurdle_ztnb",893.022017556118,0,3.2137087133139e-05,"pass",TRUE,TRUE,TRUE,FALSE,0.0885747301441677,0.818474104431749,0.911441524954778,0.911441524954778,"anchored sequential hurdle updates",0,1728,3.83099999999968,""
"Nevada",2025-02-15,"calendar","hurdle_ztpoisson",1035.4182448671,0,0.00480703429407092,"pass",TRUE,TRUE,TRUE,FALSE,0.132559556282147,0.784722506561203,0.867483892920375,0.867483892920375,"anchored sequential hurdle updates",2,1728,3.8130000000001,""
"Nevada",2025-02-15,"compressed","cumulative_poisson",2314.43176781736,0,0.00175898790690288,"pass",TRUE,TRUE,TRUE,TRUE,0.0903484158103945,0.864161060423175,0.9212562428838,0.909652206386423,"anchored independent signed-Poisson update approximation",0,783,1.8739999999998,""
"Nevada",2025-02-15,"compressed","cumulative_nb",2517.30643779858,0,0.000960906790894112,"pass",TRUE,TRUE,TRUE,TRUE,0.0942365981559557,0.863226766739813,0.919545889265795,0.905764276285767,"anchored independent signed-Poisson update approximation",0,783,2.31100000000015,"NA/NaN function evaluation"
"Nevada",2025-02-15,"compressed","hurdle_ztnb",673.314990233125,0,8.05310250922009e-05,"pass",TRUE,TRUE,TRUE,FALSE,0.0713024633720067,0.902846367988097,0.930776547515283,0.928722680216405,"anchored sequential hurdle updates",0,783,3.05499999999984,""
"Nevada",2025-02-15,"compressed","hurdle_ztpoisson",661.904786190328,0,0.00347656220514181,"pass",TRUE,TRUE,TRUE,FALSE,0.0641503505910709,0.917253826613743,0.943406507668238,0.935881377653599,"anchored sequential hurdle updates",0,783,3.0659999999998,""
"Nevada",2025-03-29,"calendar","cumulative_poisson",4389.75360210812,0,0.00311327968011343,"pass",TRUE,TRUE,TRUE,TRUE,0.0291965308260236,0.759412279824793,0.97080353641133,0.97080353641133,"anchored independent signed-Poisson update approximation",0,1890,2.82000000000016,""
"Nevada",2025-03-29,"calendar","cumulative_nb",4469.24534082846,0,0.00529217078874145,"pass",TRUE,TRUE,TRUE,TRUE,0.0404626258980305,0.779062397385499,0.959537812205576,0.959537812205576,"anchored independent signed-Poisson update approximation",0,1890,5.32799999999997,""
"Nevada",2025-03-29,"calendar","hurdle_ztnb",995.751577052884,0,0.000276788375060733,"pass",TRUE,TRUE,TRUE,FALSE,0.0725203933779843,0.816841073570908,0.927493487331223,0.927493487331223,"anchored sequential hurdle updates",0,1890,4.09899999999971,""
"Nevada",2025-03-29,"calendar","hurdle_ztpoisson",1179.09832001623,0,0.00662301148444555,"pass",TRUE,TRUE,TRUE,FALSE,0.10636088002059,0.79559449458947,0.893669701480686,0.893669701480686,"anchored sequential hurdle updates",0,1890,4.03499999999985,""
"Nevada",2025-03-29,"compressed","cumulative_poisson",2830.62539569331,0,0.000867426640774965,"pass",TRUE,TRUE,TRUE,TRUE,0.0775464860774053,0.865409129715551,0.922454231438753,0.922454231438753,"anchored independent signed-Poisson update approximation",0,945,1.99499999999989,""
"Nevada",2025-03-29,"compressed","cumulative_nb",3045.52297340542,0,0.000695175458601149,"pass",TRUE,TRUE,TRUE,TRUE,0.079731156647323,0.865973301479133,0.920269613800757,0.920269613800757,"anchored independent signed-Poisson update approximation",0,945,2.904,"NA/NaN function evaluation"
"Nevada",2025-03-29,"compressed","hurdle_ztnb",770.321899537225,0,0.0008473631965078,"pass",TRUE,TRUE,TRUE,FALSE,0.0573865144011112,0.901322184729093,0.942636016772784,0.942636016772784,"anchored sequential hurdle updates",1,945,3.44500000000016,""
"Nevada",2025-03-29,"compressed","hurdle_ztpoisson",774.564638283907,0,0.00294861775017344,"pass",TRUE,TRUE,TRUE,FALSE,0.0523447332553739,0.914418462876904,0.949401064065126,0.947683526286192,"anchored sequential hurdle updates",0,945,3.23300000000017,""
"Nevada",2025-04-26,"calendar","cumulative_poisson",4739.37174424633,0,0.00798643636677931,"pass",TRUE,TRUE,TRUE,TRUE,0.0250242347454086,0.768099072361361,0.974975882542219,0.974975882542219,"anchored independent signed-Poisson update approximation",0,1998,2.98900000000003,""
"Nevada",2025-04-26,"calendar","cumulative_nb",4842.76013151898,0,0.000920548775888985,"pass",TRUE,TRUE,TRUE,TRUE,0.0329451323232804,0.789489315052016,0.967055453116609,0.967055453116609,"anchored independent signed-Poisson update approximation",0,1998,5.90000000000009,""
"Nevada",2025-04-26,"calendar","hurdle_ztnb",1039.73932999216,0,0.00171933004847169,"pass",TRUE,TRUE,TRUE,FALSE,0.0674933462237782,0.817175308754434,0.93251987143349,0.93251987143349,"anchored sequential hurdle updates",4,1998,4.2199999999998,""
"Nevada",2025-04-26,"calendar","hurdle_ztpoisson",1224.82095540748,0,0.00671975465820651,"pass",TRUE,TRUE,TRUE,FALSE,0.10053899209232,0.800656980017911,0.899485464971395,0.899485464971395,"anchored sequential hurdle updates",0,1998,4.08699999999999,""
"Nevada",2025-04-26,"compressed","cumulative_poisson",3173.4805135671,0,0.000924098376853682,"pass",TRUE,TRUE,TRUE,TRUE,0.0759887095158394,0.86403877538647,0.924012543340339,0.924012543340339,"anchored independent signed-Poisson update approximation",0,1053,2.11999999999989,""
"Nevada",2025-04-26,"compressed","cumulative_nb",3395.43244112182,0,0.000702600960949464,"pass",TRUE,TRUE,TRUE,TRUE,0.077684826623354,0.864675750323091,0.922316467193172,0.922316467193172,"anchored independent signed-Poisson update approximation",0,1053,2.71500000000015,""
"Nevada",2025-04-26,"compressed","hurdle_ztnb",810.478712396573,0,0.00032856579958418,"pass",TRUE,TRUE,TRUE,FALSE,0.0530523318438248,0.902857310593464,0.946967672171106,0.946967672171106,"anchored sequential hurdle updates",2,1053,3.44899999999961,""
"Nevada",2025-04-26,"compressed","hurdle_ztpoisson",810.164924696556,0,0.00595196207255877,"pass",TRUE,TRUE,TRUE,FALSE,0.0475372114063764,0.916211695873958,0.952923977062851,0.95248498278258,"anchored sequential hurdle updates",0,1053,3.34100000000035,""
"Nevada",2025-05-31,"calendar","cumulative_poisson",5182.89599178168,0,0.000921759585470028,"pass",TRUE,TRUE,TRUE,TRUE,0.0210680635130088,0.774222970507481,0.978932040269213,0.978932040269213,"anchored independent signed-Poisson update approximation",0,2133,3.23700000000008,""
"Nevada",2025-05-31,"calendar","cumulative_nb",5314.48689939576,0,0.000243453354352621,"pass",TRUE,TRUE,TRUE,TRUE,0.0268847073941603,0.795545494296949,0.973115747716199,0.973115747716199,"anchored independent signed-Poisson update approximation",0,2133,5.971,"NA/NaN function evaluation"
"Nevada",2025-05-31,"calendar","hurdle_ztnb",1090.91241922237,0,0.00119290871483141,"pass",TRUE,TRUE,TRUE,FALSE,0.0617143192782534,0.817085518586939,0.938298362593766,0.938298362593766,"anchored sequential hurdle updates",9,2133,4.35399999999981,""
"Nevada",2025-05-31,"calendar","hurdle_ztpoisson",1274.51549861001,0,0.00494920740955925,"pass",TRUE,TRUE,TRUE,FALSE,0.0958708094170471,0.802057504948178,0.904148706542652,0.904148706542652,"anchored sequential hurdle updates",0,2133,4.20200000000023,""
"Nevada",2025-05-31,"compressed","cumulative_poisson",3594.58517610371,0,0.00149884062541955,"pass",TRUE,TRUE,TRUE,TRUE,0.0744483987262316,0.863575553116666,0.925553470110682,0.925553470110682,"anchored independent signed-Poisson update approximation",0,1188,2.23399999999947,""
"Nevada",2025-05-31,"compressed","cumulative_nb",3824.11070176856,0,0.0032558191989267,"pass",TRUE,TRUE,TRUE,TRUE,0.0757703148614364,0.86417010971665,0.924231575021823,0.924231575021823,"anchored independent signed-Poisson update approximation",0,1188,2.79899999999998,""
"Nevada",2025-05-31,"compressed","hurdle_ztnb",857.218150983481,0,0.00158191035183997,"pass",TRUE,TRUE,TRUE,FALSE,0.048584361029623,0.904164204717279,0.951496453403891,0.951433191036656,"anchored sequential hurdle updates",7,1188,3.70300000000043,""
"Nevada",2025-05-31,"compressed","hurdle_ztpoisson",844.520798351579,0,0.00984487910634346,"pass",TRUE,TRUE,TRUE,FALSE,0.0435298735918662,0.916696355491711,0.956671523284952,0.956487645157195,"anchored sequential hurdle updates",0,1188,3.44200000000001,""
"New Hampshire",2025-01-02,"calendar","cumulative_poisson",2236.04242414608,0,6.55329617679223e-05,"pass",TRUE,TRUE,TRUE,TRUE,0.127912689052907,0.79926446296087,0.876937097637129,0.872091963444565,"anchored independent signed-Poisson update approximation",0,1539,2.60500000000047,""
"New Hampshire",2025-01-02,"calendar","cumulative_nb",2413.11786906746,0,0.000695084171076638,"pass",TRUE,TRUE,TRUE,TRUE,0.124086148812373,0.797152495728555,0.880223316042055,0.875918380228066,"anchored independent signed-Poisson update approximation",0,1539,3.09500000000025,""
"New Hampshire",2025-01-02,"calendar","hurdle_ztnb",344.454236183951,0,5.60990426023977e-05,"pass",TRUE,TRUE,TRUE,FALSE,0.025897788336986,0.834549372272647,0.974104193379775,0.974104193379775,"anchored sequential hurdle updates",2,1539,2.84900000000016,""
"New Hampshire",2025-01-02,"calendar","hurdle_ztpoisson",333.164001718935,0,0.000190669336856963,"pass",TRUE,TRUE,TRUE,FALSE,0.0184547540071011,0.797479812431708,0.982167324241637,0.981545254946246,"anchored sequential hurdle updates",1,1539,2.9399999999996,""
"New Hampshire",2025-01-02,"compressed","cumulative_poisson",1406.92855648799,0,0.000221668799675001,"pass",TRUE,TRUE,TRUE,TRUE,0.156829412671325,0.81901350279661,0.852080449350463,0.843178053384923,"anchored independent signed-Poisson update approximation",0,648,1.77400000000034,""
"New Hampshire",2025-01-02,"compressed","cumulative_nb",1568.30637087399,0,0.000784188082354476,"pass",TRUE,TRUE,TRUE,TRUE,0.153412382533974,0.818521162858131,0.8550459553488,0.846595366744227,"anchored independent signed-Poisson update approximation",0,648,1.95499999999993,""
"New Hampshire",2025-01-02,"compressed","hurdle_ztnb",273.18124753482,0,0.000513718684432285,"pass",TRUE,TRUE,TRUE,FALSE,0.0217433575925817,0.977342659950908,0.99978120185977,0.97825707360373,"anchored sequential hurdle updates",6,648,2.40799999999945,""
"New Hampshire",2025-01-02,"compressed","hurdle_ztpoisson",258.507687937925,0,0.000492341317348009,"pass",TRUE,TRUE,TRUE,FALSE,0.0198237313204257,0.968531560119578,0.999590585308681,0.980176816704501,"anchored sequential hurdle updates",3,648,2.42399999999998,""
"New Hampshire",2025-02-15,"calendar","cumulative_poisson",2934.54308449483,0,0.00140692841593859,"pass",TRUE,TRUE,TRUE,TRUE,0.178783178405936,0.670557894235282,0.975671402690712,0.821216821594083,"anchored independent signed-Poisson update approximation",0,1728,2.52199999999993,""
"New Hampshire",2025-02-15,"calendar","cumulative_nb",2909.77516172394,0,0.00112697617614987,"pass",TRUE,TRUE,TRUE,TRUE,0.135053467778023,0.716525174603264,0.949592684222058,0.864946548364603,"anchored independent signed-Poisson update approximation",0,1728,4.60999999999967,"NA/NaN function evaluation"
"New Hampshire",2025-02-15,"calendar","hurdle_ztnb",540.377713152018,0,0.000306528898248892,"pass",TRUE,TRUE,TRUE,FALSE,0.149129756249157,0.597599332468508,0.972335570167802,0.850878734185981,"anchored sequential hurdle updates",11,1728,3.32499999999982,""
"New Hampshire",2025-02-15,"calendar","hurdle_ztpoisson",623.586464836236,0,0.00560875071001998,"pass",TRUE,TRUE,TRUE,FALSE,0.25482849658926,0.703980807503412,0.959656102151004,0.745173110201917,"anchored sequential hurdle updates",0,1728,3.22500000000036,""
"New Hampshire",2025-02-15,"compressed","cumulative_poisson",1789.31857157049,0,0.000713503323040238,"pass",TRUE,TRUE,TRUE,TRUE,0.145331340150775,0.815005939966015,0.886198779144742,0.854675073718152,"anchored independent signed-Poisson update approximation",0,783,1.86999999999989,""
"New Hampshire",2025-02-15,"compressed","cumulative_nb",1960.71207260316,0,0.000803056615936271,"pass",TRUE,TRUE,TRUE,TRUE,0.146322940942677,0.815437669461557,0.884881025107985,0.853683956441584,"anchored independent signed-Poisson update approximation",0,783,2.29500000000007,""
"New Hampshire",2025-02-15,"compressed","hurdle_ztnb",386.789880552475,0,0.000611262563642745,"pass",TRUE,TRUE,TRUE,FALSE,0.0641118920440702,0.795461171208697,0.993970130997165,0.935897159268088,"anchored sequential hurdle updates",17,783,2.71999999999935,""
"New Hampshire",2025-02-15,"compressed","hurdle_ztpoisson",379.842850421397,0,0.00461426404415945,"pass",TRUE,TRUE,TRUE,FALSE,0.0521393493036164,0.883962173500129,0.987075346942398,0.94786393895082,"anchored sequential hurdle updates",6,783,2.61599999999999,""
"New Hampshire",2025-03-29,"calendar","cumulative_poisson",3403.53983504683,0,0.00126331033565473,"pass",TRUE,TRUE,TRUE,TRUE,0.134804057190187,0.666370251210321,0.935258408557086,0.865195968973628,"anchored independent signed-Poisson update approximation",0,1890,2.85400000000027,""
"New Hampshire",2025-03-29,"calendar","cumulative_nb",3343.99445670921,0,0.000883646228839421,"pass",TRUE,TRUE,TRUE,TRUE,0.11802748576213,0.70235124214228,0.931306836707219,0.881972664869927,"anchored independent signed-Poisson update approximation",0,1890,5.32400000000052,"NA/NaN function evaluation"
"New Hampshire",2025-03-29,"calendar","hurdle_ztnb",773.196658701457,0,0.000505410578541809,"pass",TRUE,TRUE,TRUE,FALSE,0.0828659266182844,0.486463045112524,0.917202429288886,0.917202429288886,"anchored sequential hurdle updates",10,1890,3.7489999999998,""
"New Hampshire",2025-03-29,"calendar","hurdle_ztpoisson",901.122595683031,0,0.0025435581292339,"pass",TRUE,TRUE,TRUE,FALSE,0.192753302023003,0.633958121058347,0.900641148292881,0.807289827742051,"anchored sequential hurdle updates",0,1890,3.88299999999981,""
"New Hampshire",2025-03-29,"compressed","cumulative_poisson",2307.66280879681,0,0.000244790416745744,"pass",TRUE,TRUE,TRUE,TRUE,0.0709415654285306,0.775519006445435,0.929059723748992,0.929059723748992,"anchored independent signed-Poisson update approximation",0,945,1.95800000000054,""
"New Hampshire",2025-03-29,"compressed","cumulative_nb",2483.2043887605,0,0.000225206124338295,"pass",TRUE,TRUE,TRUE,TRUE,0.0771616093533613,0.791598781438275,0.922839719466415,0.922839719466415,"anchored independent signed-Poisson update approximation",0,945,2.43399999999929,""
"New Hampshire",2025-03-29,"compressed","hurdle_ztnb",570.207751861356,0,0.000694191172545544,"pass",TRUE,TRUE,TRUE,FALSE,0.0677921445573315,0.687921459118917,0.932253920447049,0.932253920447049,"anchored sequential hurdle updates",6,945,2.96700000000055,""
"New Hampshire",2025-03-29,"compressed","hurdle_ztpoisson",625.78530443798,0,0.00099059107811561,"pass",TRUE,TRUE,TRUE,FALSE,0.0741396334142951,0.739984418430974,0.925913953448353,0.925913953448353,"anchored sequential hurdle updates",0,945,2.91399999999976,""
"New Hampshire",2025-04-26,"calendar","cumulative_poisson",3785.52047253219,0,0.0045184501570924,"pass",TRUE,TRUE,TRUE,TRUE,0.145531647184261,0.678318844784766,0.901246539381963,0.85447088452235,"anchored independent signed-Poisson update approximation",0,1998,3.00900000000001,""
"New Hampshire",2025-04-26,"calendar","cumulative_nb",3707.63570534207,0,0.000366292459987927,"pass",TRUE,TRUE,TRUE,TRUE,0.113532187124267,0.735586527752489,0.91765117548666,0.886469199860821,"anchored independent signed-Poisson update approximation",0,1998,5.6220000000003,"NA/NaN function evaluation"
"New Hampshire",2025-04-26,"calendar","hurdle_ztnb",820.253404466078,0,0.00058093853874297,"pass",TRUE,TRUE,TRUE,FALSE,0.0969041223186487,0.487049910045288,0.903160881158362,0.903160881158362,"anchored sequential hurdle updates",42,1998,3.75600000000031,""
"New Hampshire",2025-04-26,"calendar","hurdle_ztpoisson",975.90385141704,0,0.00630836699693171,"pass",TRUE,TRUE,TRUE,FALSE,0.222283699479075,0.637645390929759,0.891281007989769,0.777744512137777,"anchored sequential hurdle updates",2,1998,3.74499999999989,""
"New Hampshire",2025-04-26,"compressed","cumulative_poisson",2679.89873335919,0,0.00216218748947494,"pass",TRUE,TRUE,TRUE,TRUE,0.082902174862322,0.786221062687424,0.917102324166649,0.917102324166649,"anchored independent signed-Poisson update approximation",0,1053,2.09499999999935,""
"New Hampshire",2025-04-26,"compressed","cumulative_nb",2853.38174766728,0,0.00228554803114172,"pass",TRUE,TRUE,TRUE,TRUE,0.0895496625680316,0.804344997456875,0.910454907483312,0.910454907483312,"anchored independent signed-Poisson update approximation",0,1053,2.60000000000036,""
"New Hampshire",2025-04-26,"compressed","hurdle_ztnb",614.005645324038,0,0.000319543497583119,"pass",TRUE,TRUE,TRUE,FALSE,0.0801318698538604,0.676992216530941,0.919907338804378,0.919907338804378,"anchored sequential hurdle updates",42,1053,3.11999999999989,""
"New Hampshire",2025-04-26,"compressed","hurdle_ztpoisson",703.698922129999,0,0.00564333322610213,"pass",TRUE,TRUE,TRUE,FALSE,0.0692959938932319,0.725892937030466,0.930737355533497,0.930737355533497,"anchored sequential hurdle updates",1,1053,3.03800000000047,""
"New Hampshire",2025-05-31,"calendar","cumulative_poisson",4192.17781816082,0,0.00310772842659102,"pass",TRUE,TRUE,TRUE,TRUE,0.158267903915219,0.669116348012182,0.885557257068996,0.841739857548859,"anchored independent signed-Poisson update approximation",8,2133,3.20599999999922,""
"New Hampshire",2025-05-31,"calendar","cumulative_nb",4144.2268732307,0,0.00145314049379952,"pass",TRUE,TRUE,TRUE,TRUE,0.121264179010153,0.734117180299375,0.912835382592985,0.878738802622185,"anchored independent signed-Poisson update approximation",3,2133,5.13600000000042,""
"New Hampshire",2025-05-31,"calendar","hurdle_ztnb",852.347819720282,0,0.00135596820986317,"pass",TRUE,TRUE,TRUE,FALSE,0.0988797448630523,0.478883867573878,0.901194348728655,0.901194348728655,"anchored sequential hurdle updates",87,2133,3.98700000000008,""
"New Hampshire",2025-05-31,"calendar","hurdle_ztpoisson",1009.27012418194,0,0.00490306721348049,"pass",TRUE,TRUE,TRUE,FALSE,0.217138734606898,0.645826152335575,0.898117575579234,0.78288249154825,"anchored sequential hurdle updates",33,2133,3.84400000000005,""
"New Hampshire",2025-05-31,"compressed","cumulative_poisson",3062.75322254998,0,0.000472745640752892,"pass",TRUE,TRUE,TRUE,TRUE,0.0849097378564707,0.788076528305353,0.91509566935783,0.91509566935783,"anchored independent signed-Poisson update approximation",2,1188,2.61700000000019,""
"New Hampshire",2025-05-31,"compressed","cumulative_nb",3247.90402080732,0,0.000608463874560372,"pass",TRUE,TRUE,TRUE,TRUE,0.0916568187382143,0.802907076219225,0.908348829256411,0.908348829256411,"anchored independent signed-Poisson update approximation",0,1188,2.81400000000031,""
"New Hampshire",2025-05-31,"compressed","hurdle_ztnb",645.73832020698,0,0.000247837588137401,"pass",TRUE,TRUE,TRUE,FALSE,0.0808393317708306,0.673726091848808,0.919206398610534,0.919206398610534,"anchored sequential hurdle updates",98,1188,3.26099999999951,""
"New Hampshire",2025-05-31,"compressed","hurdle_ztpoisson",728.800942785708,0,0.00631922736547835,"pass",TRUE,TRUE,TRUE,FALSE,0.0652153331029201,0.733076098782783,0.934809754883534,0.934809754883534,"anchored sequential hurdle updates",21,1188,3.13299999999981,""
"New Jersey",2025-01-02,"calendar","cumulative_poisson",6854.72490303744,0,0.00505178667468087,"pass",TRUE,TRUE,TRUE,TRUE,0.00371032102484385,0.951435042585528,0.996289939039323,0.996289939039323,"anchored independent signed-Poisson update approximation",0,1539,2.47100000000046,""
"New Jersey",2025-01-02,"calendar","cumulative_nb",6955.69518632698,0,0.00793819523321915,"pass",TRUE,TRUE,TRUE,TRUE,0.0478397223956777,0.470520323084278,0.952208158985448,0.952208158985448,"anchored independent signed-Poisson update approximation",1,1539,3.65799999999945,""
"New Jersey",2025-01-02,"calendar","hurdle_ztnb",836.710581017037,0,0.00121559453361186,"pass",TRUE,TRUE,TRUE,FALSE,0.0263457106382044,0.933976059763657,0.973656954329552,0.973656954329552,"anchored sequential hurdle updates",0,1539,3.63100000000031,""
"New Jersey",2025-01-02,"calendar","hurdle_ztpoisson",890.586502020094,0,0.00456998261200036,"pass",TRUE,TRUE,TRUE,FALSE,0.0137771662555707,0.963238104115213,0.986223727995234,0.986223727995234,"anchored sequential hurdle updates",0,1539,3.40499999999975,""
"New Jersey",2025-01-02,"compressed","cumulative_poisson",2344.48653326742,0,0.000172747870293838,"pass",TRUE,TRUE,TRUE,TRUE,0.00331231680896471,0.996687683191115,0.999613054486633,0.996687683191115,"anchored independent signed-Poisson update approximation",0,648,1.75900000000001,""
"New Jersey",2025-01-02,"compressed","cumulative_nb",2588.76097710134,0,0.00057388486384502,"pass",TRUE,TRUE,TRUE,TRUE,0.00433565090751346,0.995664349092718,0.999391454951465,0.995664349092718,"anchored independent signed-Poisson update approximation",0,648,2.1239999999998,""
"New Jersey",2025-01-02,"compressed","hurdle_ztnb",516.860678396923,0,0.000708503868568577,"pass",TRUE,TRUE,TRUE,FALSE,0.0229151306385395,0.973115720548643,0.980432309255793,0.97708497268535,"anchored sequential hurdle updates",0,648,2.69400000000041,""
"New Jersey",2025-01-02,"compressed","hurdle_ztpoisson",495.836134874752,0,0.00290146889326051,"pass",TRUE,TRUE,TRUE,FALSE,0.0169789745455685,0.983021107874521,0.989293316367414,0.983021107874521,"anchored sequential hurdle updates",0,648,2.6260000000002,""
"New Jersey",2025-02-15,"calendar","cumulative_poisson",9820.74694461849,0,0.00446032939346175,"pass",TRUE,TRUE,TRUE,TRUE,0.00530359346898033,0.83658831620785,0.999891598600342,0.99469640653102,"anchored independent signed-Poisson update approximation",0,1728,2.92100000000028,""
"New Jersey",2025-02-15,"calendar","cumulative_nb",7842.56998960474,0,0.00444587694963161,"pass",TRUE,TRUE,TRUE,TRUE,0.0683315549051386,0.470715404951567,0.931739471338851,0.931739471338851,"anchored independent signed-Poisson update approximation",0,1728,4.61999999999989,""
"New Jersey",2025-02-15,"calendar","hurdle_ztnb",972.903251065282,0,0.000657684824845295,"pass",TRUE,TRUE,TRUE,FALSE,0.0549832584036798,0.892083050959495,0.945023659521545,0.945023659521545,"anchored sequential hurdle updates",0,1728,3.79100000000017,""
"New Jersey",2025-02-15,"calendar","hurdle_ztpoisson",1363.43753150519,0,0.032522421966064,"pass",TRUE,TRUE,TRUE,FALSE,0.0532782196904948,0.939163081833949,0.973415970539206,0.946723530959719,"anchored sequential hurdle updates",0,1728,3.78899999999976,""
"New Jersey",2025-02-15,"compressed","cumulative_poisson",2850.28808235529,0,0.00381814279365056,"pass",TRUE,TRUE,TRUE,TRUE,0.0097479499005225,0.99025205009966,0.999231396622166,0.99025205009966,"anchored independent signed-Poisson update approximation",0,783,1.84599999999955,""
"New Jersey",2025-02-15,"compressed","cumulative_nb",3110.96679477997,0,0.00172009307914966,"pass",TRUE,TRUE,TRUE,TRUE,0.0123294578019422,0.987670542202311,0.997635126907106,0.987670542202311,"anchored independent signed-Poisson update approximation",0,783,2.50500000000011,""
"New Jersey",2025-02-15,"compressed","hurdle_ztnb",588.944937831182,0,0.000220541645554739,"pass",TRUE,TRUE,TRUE,FALSE,0.0141656779231993,0.982012684214567,0.987672616120331,0.9858343593504,"anchored sequential hurdle updates",0,783,3.13799999999992,""
"New Jersey",2025-02-15,"compressed","hurdle_ztpoisson",558.441778984313,0,0.0194590961615173,"pass",TRUE,TRUE,TRUE,FALSE,0.0124850103276683,0.987334626192187,0.992311269592707,0.987515037956341,"anchored sequential hurdle updates",0,783,2.89400000000023,""
"New Jersey",2025-03-29,"calendar","cumulative_poisson",10686.2714565146,0,0.00530855741052871,"pass",TRUE,TRUE,TRUE,TRUE,0.00233550264724677,0.860855116107803,0.9979119470817,0.997664497362771,"anchored independent signed-Poisson update approximation",0,1890,3.23199999999997,""
"New Jersey",2025-03-29,"calendar","cumulative_nb",8704.5079940139,0,0.000237041532781035,"pass",TRUE,TRUE,TRUE,TRUE,0.0574505083719664,0.502419893831532,0.942608711940246,0.942608711940246,"anchored independent signed-Poisson update approximation",0,1890,5.42299999999977,""
"New Jersey",2025-03-29,"calendar","hurdle_ztnb",1107.3825635851,0,0.000500908450459803,"pass",TRUE,TRUE,TRUE,FALSE,0.0686473750307629,0.883846625937127,0.931364753433205,0.931364753433205,"anchored sequential hurdle updates",2,1890,3.84099999999944,""
"New Jersey",2025-03-29,"calendar","hurdle_ztpoisson",2197.39889449669,0,0.0279891341239214,"pass",TRUE,TRUE,TRUE,FALSE,0.0447901226728784,0.945542947237254,0.973841609418788,0.955211477828257,"anchored sequential hurdle updates",0,1890,3.89499999999953,""
"New Jersey",2025-04-26,"calendar","cumulative_poisson",11159.8616208228,0,0.00288325637737352,"pass",TRUE,TRUE,TRUE,TRUE,0.00222399753793809,0.862311932844351,0.997879899993552,0.997776002466867,"anchored independent signed-Poisson update approximation",0,1998,3.27599999999984,""
"New Jersey",2025-04-26,"calendar","cumulative_nb",9328.59148670182,0,0.0050316235825445,"pass",TRUE,TRUE,TRUE,TRUE,0.0578951475032941,0.52947561622857,0.942162089037501,0.942162089037501,"anchored independent signed-Poisson update approximation",0,1998,6.57999999999993,"NA/NaN function evaluation"
"New Jersey",2025-04-26,"calendar","hurdle_ztnb",1150.31872278174,0,0.000305446391197248,"pass",TRUE,TRUE,TRUE,FALSE,0.0708326221771698,0.88719204900829,0.929179326814862,0.929179326814862,"anchored sequential hurdle updates",17,1998,4.05200000000059,""
"New Jersey",2025-04-26,"calendar","hurdle_ztpoisson",2243.64434638719,0,0.0381827732394997,"pass",TRUE,TRUE,TRUE,FALSE,0.0452192623531877,0.94518743722522,0.973973625886832,0.954782346070313,"anchored sequential hurdle updates",0,1998,4.20799999999963,""
"New Jersey",2025-04-26,"compressed","cumulative_poisson",4142.88911612839,0,0.000398167962387674,"pass",TRUE,TRUE,TRUE,TRUE,0.00588790189296303,0.988906656762508,1,0.994112098107037,"anchored independent signed-Poisson update approximation",0,1053,2.17000000000007,""
"New Jersey",2025-04-26,"compressed","cumulative_nb",4413.41086983262,0,0.000465136310598607,"pass",TRUE,TRUE,TRUE,TRUE,0.00522963439272252,0.98376711627288,0.999999999820799,0.994770365607277,"anchored independent signed-Poisson update approximation",0,1053,3.13199999999961,""
"New Jersey",2025-04-26,"compressed","hurdle_ztnb",747.699241349003,0,0.000109233637785588,"pass",TRUE,TRUE,TRUE,FALSE,0.0258143179267395,0.97073307370939,0.97769615094258,0.974185792030339,"anchored sequential hurdle updates",7,1053,3.21799999999985,""
"New Jersey",2025-04-26,"compressed","hurdle_ztpoisson",1613.81068855956,0,0.0468383719308947,"pass",TRUE,TRUE,TRUE,FALSE,0.0310506941832952,0.968949644450119,0.980113353967224,0.968949644450119,"anchored sequential hurdle updates",0,1053,3.47000000000025,""
"New Jersey",2025-05-31,"calendar","cumulative_poisson",11706.2221977928,0,0.00773967373513884,"pass",TRUE,TRUE,TRUE,TRUE,0.00324144229502595,0.861439567053592,0.996770978599904,0.996758557710866,"anchored independent signed-Poisson update approximation",0,2133,3.41799999999967,""
"New Jersey",2025-05-31,"calendar","cumulative_nb",10137.760750236,0,0.000875558591928893,"pass",TRUE,TRUE,TRUE,TRUE,0.0592466398338049,0.576176212513894,0.94080694784612,0.94080694784612,"anchored independent signed-Poisson update approximation",0,2133,7.1880000000001,"NA/NaN function evaluation"
"New Jersey",2025-05-31,"calendar","hurdle_ztnb",1282.26193603529,0,0.00360492386763936,"pass",TRUE,TRUE,TRUE,FALSE,0.0682994283376267,0.871880897314585,0.931713910277294,0.931713910277294,"anchored sequential hurdle updates",40,2133,4.22099999999955,""
"New Jersey",2025-05-31,"calendar","hurdle_ztpoisson",2441.18184355683,0,0.0146021315805453,"pass",TRUE,TRUE,TRUE,FALSE,0.0602939943533608,0.926354841580208,0.965676067536328,0.93970898374885,"anchored sequential hurdle updates",0,2133,4.42799999999988,""
"New Mexico",2025-01-02,"calendar","cumulative_poisson",3335.21689406104,0,0.000835440057972758,"pass",TRUE,TRUE,TRUE,TRUE,0.105568996270069,0.810257483467925,0.894433590343076,0.894433590343076,"anchored independent signed-Poisson update approximation",0,1539,2.42299999999977,""
"New Mexico",2025-01-02,"calendar","cumulative_nb",3545.13575314169,0,0.000556155980124116,"pass",TRUE,TRUE,TRUE,TRUE,0.101848357036293,0.805895877114297,0.898154121083003,0.898154121083003,"anchored independent signed-Poisson update approximation",0,1539,3.69000000000051,""
"New Mexico",2025-01-02,"calendar","hurdle_ztnb",625.276984462329,0,0.000117372657575388,"pass",TRUE,TRUE,TRUE,FALSE,0.0254079307311921,0.866057683767701,0.974595433249034,0.974595433249034,"anchored sequential hurdle updates",1,1539,3.42299999999977,""
"New Mexico",2025-01-02,"calendar","hurdle_ztpoisson",744.669737792953,0,0.00518592005259498,"pass",TRUE,TRUE,TRUE,FALSE,0.0290262730620706,0.907983186770571,0.970976544004856,0.970976544004856,"anchored sequential hurdle updates",2,1539,3.3139999999994,""
"New Mexico",2025-01-02,"compressed","cumulative_poisson",1857.45482825679,0,0.00031972457448913,"pass",TRUE,TRUE,TRUE,TRUE,0.113279407372373,0.850514934212195,0.888227855323688,0.886728070106247,"anchored independent signed-Poisson update approximation",0,648,1.86300000000028,""
"New Mexico",2025-01-02,"compressed","cumulative_nb",2060.89593937697,0,0.00150373525485836,"pass",TRUE,TRUE,TRUE,TRUE,0.111511561998302,0.849650774481759,0.889342796506679,0.888496018736167,"anchored independent signed-Poisson update approximation",0,648,2.15199999999913,""
"New Mexico",2025-01-02,"compressed","hurdle_ztnb",414.617070863438,0,0.000143119243337431,"pass",TRUE,TRUE,TRUE,FALSE,0.0252636406573868,0.90685670048522,0.974738498757373,0.974738498757373,"anchored sequential hurdle updates",0,648,2.91100000000006,""
"New Mexico",2025-01-02,"compressed","hurdle_ztpoisson",447.323472076747,0,0.00314103624906736,"pass",TRUE,TRUE,TRUE,FALSE,0.0157708312476926,0.936745554372225,0.984230121026058,0.984230121026058,"anchored sequential hurdle updates",0,648,2.6840000000002,""
"New Mexico",2025-02-15,"calendar","cumulative_poisson",4146.64343713453,0,0.000567574472726928,"pass",TRUE,TRUE,TRUE,TRUE,0.160914793369534,0.645382373172829,0.847944921266776,0.839088732821712,"anchored independent signed-Poisson update approximation",0,1728,2.78400000000056,""
"New Mexico",2025-02-15,"calendar","cumulative_nb",4233.61923900096,0,0.00413626967024072,"pass",TRUE,TRUE,TRUE,TRUE,0.138750302955874,0.673450043911764,0.861251065898132,0.861251065898132,"anchored independent signed-Poisson update approximation",0,1728,5.68000000000029,""
"New Mexico",2025-02-15,"calendar","hurdle_ztnb",827.936314326983,0,0.000386362199239265,"pass",TRUE,TRUE,TRUE,FALSE,0.0303083343215375,0.791434011703841,0.969695070644595,0.969695070644595,"anchored sequential hurdle updates",0,1728,3.78499999999985,""
"New Mexico",2025-02-15,"calendar","hurdle_ztpoisson",1134.77012544483,0,0.00748903883848584,"pass",TRUE,TRUE,TRUE,FALSE,0.1450196337333,0.823496119037066,0.897991687443088,0.854991738837353,"anchored sequential hurdle updates",6,1728,3.70200000000023,""
"New Mexico",2025-02-15,"compressed","cumulative_poisson",2311.0194220901,0,0.000681219048050963,"pass",TRUE,TRUE,TRUE,TRUE,0.0901574982681073,0.834676793644198,0.913307627629518,0.909845263535546,"anchored independent signed-Poisson update approximation",0,783,1.92900000000009,""
"New Mexico",2025-02-15,"compressed","cumulative_nb",2522.31404183512,0,0.00155770995823445,"pass",TRUE,TRUE,TRUE,TRUE,0.0900018489621803,0.835263860710074,0.913155536015324,0.910001542133779,"anchored independent signed-Poisson update approximation",0,783,2.27399999999943,""
"New Mexico",2025-02-15,"compressed","hurdle_ztnb",594.581880438124,0,0.00157991256044232,"pass",TRUE,TRUE,TRUE,FALSE,0.0347587718824359,0.863834074117488,0.965578578554183,0.965243235350686,"anchored sequential hurdle updates",0,783,3.02900000000045,""
"New Mexico",2025-02-15,"compressed","hurdle_ztpoisson",702.78932658675,0,0.00184974518118614,"pass",TRUE,TRUE,TRUE,FALSE,0.0287387285892102,0.894439107962734,0.971427649318063,0.971262833614147,"anchored sequential hurdle updates",0,783,3.05999999999949,""
"New Mexico",2025-03-29,"calendar","cumulative_poisson",4631.44391578818,0,0.00184864456769773,"pass",TRUE,TRUE,TRUE,TRUE,0.148984701305974,0.641313176532839,0.851016377133835,0.851016377133835,"anchored independent signed-Poisson update approximation",0,1890,3.17199999999957,""
"New Mexico",2025-03-29,"calendar","cumulative_nb",4735.86263569248,0,0.0129087491165931,"pass",TRUE,TRUE,TRUE,TRUE,0.153284885894024,0.651536529663443,0.846717421731952,0.846717421731952,"anchored independent signed-Poisson update approximation",0,1890,5.08799999999974,"NA/NaN function evaluation"
"New Mexico",2025-03-29,"calendar","hurdle_ztnb",953.122416887446,0,0.00134281395073543,"pass",TRUE,TRUE,TRUE,FALSE,0.0242090174929762,0.793225027907541,0.975793142545169,0.975793142545169,"anchored sequential hurdle updates",3,1890,4.22699999999986,""
"New Mexico",2025-03-29,"calendar","hurdle_ztpoisson",1357.74696132321,0,0.0107870978845551,"pass",TRUE,TRUE,TRUE,FALSE,0.155121764850836,0.815044645176276,0.899499107023685,0.844889431498444,"anchored sequential hurdle updates",1,1890,4.13299999999981,""
"New Mexico",2025-03-29,"compressed","cumulative_poisson",2869.80574241462,0,0.00646516729252478,"pass",TRUE,TRUE,TRUE,TRUE,0.0768140674334244,0.810029088918166,0.92372736992519,0.923186710998377,"anchored independent signed-Poisson update approximation",0,945,2.02900000000045,""
"New Mexico",2025-03-29,"compressed","cumulative_nb",3087.16084272854,0,0.00239804360722096,"pass",TRUE,TRUE,TRUE,TRUE,0.0774034149699458,0.812043223108264,0.922782062911635,0.922597568089896,"anchored independent signed-Poisson update approximation",0,945,2.58800000000065,""
"New Mexico",2025-03-29,"compressed","hurdle_ztnb",706.478078685154,0,0.0010768251023463,"pass",TRUE,TRUE,TRUE,FALSE,0.0280030027257563,0.844408965799043,0.972328438628558,0.971998642488509,"anchored sequential hurdle updates",2,945,3.22299999999996,""
"New Mexico",2025-03-29,"compressed","hurdle_ztpoisson",931.473207235642,0,0.00974553217861762,"pass",TRUE,TRUE,TRUE,FALSE,0.025751965149005,0.870166695775201,0.974552107762999,0.974249096258948,"anchored sequential hurdle updates",0,945,3.16299999999956,""
"New Mexico",2025-04-26,"calendar","cumulative_poisson",4989.72893743709,0,0.0108302524051087,"pass",TRUE,TRUE,TRUE,TRUE,0.127617181234702,0.65035971069503,0.872384419530241,0.872384419530241,"anchored independent signed-Poisson update approximation",0,1998,3.25500000000011,""
"New Mexico",2025-04-26,"calendar","cumulative_nb",5118.53646251443,0,0.000907662100573414,"pass",TRUE,TRUE,TRUE,TRUE,0.134780970116153,0.657090962432944,0.865221673813744,0.865221673813744,"anchored independent signed-Poisson update approximation",0,1998,5.66299999999956,""
"New Mexico",2025-04-26,"calendar","hurdle_ztnb",1071.80759774527,0,0.000757347254801033,"pass",TRUE,TRUE,TRUE,FALSE,0.028192813924012,0.781245677214289,0.971810545146512,0.971810545146512,"anchored sequential hurdle updates",1,1998,4.58600000000024,""
"New Mexico",2025-04-26,"calendar","hurdle_ztpoisson",1494.96984918493,0,0.0124539430748988,"pass",TRUE,TRUE,TRUE,FALSE,0.167629700632317,0.798971827775552,0.886616570038239,0.83238493008239,"anchored sequential hurdle updates",0,1998,4.16200000000026,""
"New Mexico",2025-04-26,"compressed","cumulative_poisson",3233.01081767215,0,0.000525471965731883,"pass",TRUE,TRUE,TRUE,TRUE,0.0708196155188487,0.801833000809569,0.929181049765765,0.929181049765765,"anchored independent signed-Poisson update approximation",0,1053,2.09599999999955,""
"New Mexico",2025-04-26,"compressed","cumulative_nb",3457.15585644854,0,0.00373175747003174,"pass",TRUE,TRUE,TRUE,TRUE,0.0712709719868136,0.803087241233301,0.928729833038456,0.928729833038456,"anchored independent signed-Poisson update approximation",0,1053,2.79799999999977,""
"New Mexico",2025-04-26,"compressed","hurdle_ztnb",812.994363490257,0,0.000578513310828699,"pass",TRUE,TRUE,TRUE,FALSE,0.0283776648673199,0.835736764063088,0.97176768708482,0.971625294660312,"anchored sequential hurdle updates",2,1053,3.42000000000007,""
"New Mexico",2025-04-26,"compressed","hurdle_ztpoisson",1072.68954476291,0,0.00345755459181957,"pass",TRUE,TRUE,TRUE,FALSE,0.0284211568346437,0.85217691934164,0.971795745136161,0.971580481210813,"anchored sequential hurdle updates",0,1053,3.29899999999998,""
"New Mexico",2025-05-31,"calendar","cumulative_poisson",5441.44444310795,0,0.0131847690576883,"pass",TRUE,TRUE,TRUE,TRUE,0.115612088654489,0.659282889927256,0.884390593890171,0.884390593890171,"anchored independent signed-Poisson update approximation",0,2133,3.51099999999951,""
"New Mexico",2025-05-31,"calendar","cumulative_nb",5598.83828692474,0,0.0213172011270362,"pass",TRUE,TRUE,TRUE,TRUE,0.118466581124989,0.668305230905481,0.88153673725498,0.88153673725498,"anchored independent signed-Poisson update approximation",1,2133,6.11399999999958,""
"New Mexico",2025-05-31,"calendar","hurdle_ztnb",1150.25027716415,0,0.000116696686051743,"pass",TRUE,TRUE,TRUE,FALSE,0.0255153858790259,0.784696941630815,0.974488354574026,0.974488354574026,"anchored sequential hurdle updates",15,2133,4.61700000000019,""
"New Mexico",2025-05-31,"calendar","hurdle_ztpoisson",1572.75949699965,0,0.0123604861542203,"pass",TRUE,TRUE,TRUE,FALSE,0.164544540747785,0.799478534827781,0.880037037792013,0.835470481998569,"anchored sequential hurdle updates",6,2133,4.34599999999955,""
"New Mexico",2025-05-31,"compressed","cumulative_poisson",3665.44304539393,0,9.51461648231455e-05,"pass",TRUE,TRUE,TRUE,TRUE,0.0681850293243101,0.799972611118322,0.931815959757283,0.931815959757283,"anchored independent signed-Poisson update approximation",0,1188,2.19400000000041,""
"New Mexico",2025-05-31,"compressed","cumulative_nb",3897.7046334532,0,0.00123076479574016,"pass",TRUE,TRUE,TRUE,TRUE,0.068536882449295,0.800985509174307,0.931464200237472,0.931464200237472,"anchored independent signed-Poisson update approximation",0,1188,2.95300000000043,""
"New Mexico",2025-05-31,"compressed","hurdle_ztnb",890.902942529065,0,0.00062999614625564,"pass",TRUE,TRUE,TRUE,FALSE,0.0274976001589982,0.84632934971023,0.972505953448663,0.972505953448663,"anchored sequential hurdle updates",17,1188,3.73100000000068,""
"New Mexico",2025-05-31,"compressed","hurdle_ztpoisson",1136.70866512073,0,0.00373970566340082,"pass",TRUE,TRUE,TRUE,FALSE,0.0319123921174461,0.853325010929753,0.968137591906357,0.968089282025478,"anchored sequential hurdle updates",3,1188,3.58399999999983,""
"New York",2025-01-02,"calendar","cumulative_poisson",5585.75755540725,0,0.000566955188762652,"pass",TRUE,TRUE,TRUE,TRUE,0.0231823498896715,0.932371839136689,0.976818757190422,0.976818757190422,"anchored independent signed-Poisson update approximation",0,1539,2.48999999999978,""
"New York",2025-01-02,"calendar","cumulative_nb",5867.63051666042,0,0.000348734034608555,"pass",TRUE,TRUE,TRUE,TRUE,0.0271005676583323,0.922708153060927,0.972900808342542,0.972900808342542,"anchored independent signed-Poisson update approximation",0,1539,3.94700000000012,"NA/NaN function evaluation"
"New York",2025-01-02,"calendar","hurdle_ztnb",948.381505901756,0,0.00204474464861359,"pass",TRUE,TRUE,TRUE,FALSE,0.0212374843539085,0.908046347124886,0.978765778489269,0.978765778489269,"anchored sequential hurdle updates",3,1539,3.92299999999977,""
"New York",2025-01-02,"calendar","hurdle_ztpoisson",1323.25720666626,0,0.0131585601738569,"pass",TRUE,TRUE,TRUE,FALSE,0.00913099258813593,0.947557458977734,0.99087068866101,0.99087068866101,"anchored sequential hurdle updates",4,1539,3.4980000000005,""
"New York",2025-01-02,"compressed","cumulative_poisson",2609.88070593157,0,0.00122857423967637,"pass",TRUE,TRUE,TRUE,TRUE,0.0285067491307057,0.945878916871607,0.971495227656935,0.971495227656935,"anchored independent signed-Poisson update approximation",0,648,1.82200000000012,""
"New York",2025-01-02,"compressed","cumulative_nb",2879.69843124765,0,0.000507738858402718,"pass",TRUE,TRUE,TRUE,TRUE,0.0318528575880854,0.940945692146027,0.968149512538607,0.968149512538607,"anchored independent signed-Poisson update approximation",0,648,2.14099999999962,"NA/NaN function evaluation"
"New York",2025-01-02,"compressed","hurdle_ztnb",690.085031100812,0,0.00155678514443913,"pass",TRUE,TRUE,TRUE,FALSE,0.0304053754798552,0.920392714755616,0.96960417429307,0.96960417429307,"anchored sequential hurdle updates",2,648,2.92000000000007,""
"New York",2025-01-02,"compressed","hurdle_ztpoisson",1008.33729147944,0,0.00289092297797122,"pass",TRUE,TRUE,TRUE,FALSE,0.0232668577513625,0.962282242380723,0.983891935323279,0.976746208247403,"anchored sequential hurdle updates",0,648,2.8720000000003,""
"New York",2025-02-15,"calendar","cumulative_poisson",10240.471117347,0,0.0154865619658047,"pass",TRUE,TRUE,TRUE,TRUE,0.0181808075408988,0.806155357885437,0.99995225595378,0.981819192459151,"anchored independent signed-Poisson update approximation",0,1728,2.87899999999991,""
"New York",2025-02-15,"calendar","cumulative_nb",7232.57035223969,0,0.00671920773760126,"pass",TRUE,TRUE,TRUE,TRUE,0.0375108028552708,0.783151524132732,0.96249518448266,0.96249518448266,"anchored independent signed-Poisson update approximation",0,1728,4.88299999999981,"NA/NaN function evaluation"
"New York",2025-02-15,"calendar","hurdle_ztnb",1150.31332484116,0,0.000434120122696585,"pass",TRUE,TRUE,TRUE,FALSE,0.0312441052874422,0.873448208117501,0.96875976771113,0.96875976771113,"anchored sequential hurdle updates",0,1728,3.98800000000028,""
"New York",2025-02-15,"calendar","hurdle_ztpoisson",2296.60809527876,0,0.0254399423068463,"pass",TRUE,TRUE,TRUE,FALSE,0.0681394567096722,0.925550079840013,0.984326365939905,0.931861857058198,"anchored sequential hurdle updates",0,1728,4.13299999999981,""
"New York",2025-02-15,"compressed","cumulative_poisson",3192.54812342566,0,0.00590862874083697,"pass",TRUE,TRUE,TRUE,TRUE,0.00444194452902095,0.962007373070691,0.998615056234289,0.995558055486542,"anchored independent signed-Poisson update approximation",0,783,1.95200000000023,""
"New York",2025-02-15,"compressed","cumulative_nb",3482.21129114799,0,0.000305066608101201,"pass",TRUE,TRUE,TRUE,TRUE,0.0184684155918767,0.942462994196779,0.981533764915122,0.981533764915122,"anchored independent signed-Poisson update approximation",0,783,2.39699999999993,""
"New York",2025-02-15,"compressed","hurdle_ztnb",821.537612951543,0,0.00163628509269653,"pass",TRUE,TRUE,TRUE,FALSE,0.0272556938650736,0.909542069074095,0.972749744442831,0.972749744442831,"anchored sequential hurdle updates",0,783,3.07999999999993,""
"New York",2025-02-15,"compressed","hurdle_ztpoisson",1403.333557484,0,0.0233779247437558,"pass",TRUE,TRUE,TRUE,FALSE,0.0181556000272716,0.960927721602899,0.98184576746966,0.98184576746966,"anchored sequential hurdle updates",0,783,3.09400000000005,""
"New York",2025-03-29,"calendar","cumulative_poisson",11080.8550237447,0,0.00172529202332328,"pass",TRUE,TRUE,TRUE,TRUE,0.00347457637363208,0.816160841437611,0.996525423650181,0.996525423650181,"anchored independent signed-Poisson update approximation",0,1890,3.05299999999988,""
"New York",2025-03-29,"calendar","cumulative_nb",7983.64687379534,0,0.00530251120157921,"pass",TRUE,TRUE,TRUE,TRUE,0.0273818868466312,0.797079817275344,0.972622321756233,0.972622321756233,"anchored independent signed-Poisson update approximation",0,1890,6.56999999999971,"NA/NaN function evaluation"
"New York",2025-03-29,"calendar","hurdle_ztnb",1459.97451955693,0,0.00117401039619924,"pass",TRUE,TRUE,TRUE,FALSE,0.0228759976201331,0.866487834888565,0.977127305074251,0.977127305074251,"anchored sequential hurdle updates",4,1890,4.47500000000036,""
"New York",2025-03-29,"calendar","hurdle_ztpoisson",3128.68660374953,0,0.0148202174115681,"pass",TRUE,TRUE,TRUE,FALSE,0.0698759649592004,0.9188415244463,0.974341272928173,0.930126850266612,"anchored sequential hurdle updates",0,1890,5.08799999999974,""
"New York",2025-03-29,"compressed","cumulative_poisson",3930.87018636984,0,0.00205152128244102,"pass",TRUE,TRUE,TRUE,TRUE,0.00270267683572188,0.941153706329938,0.998440090772585,0.997297323493728,"anchored independent signed-Poisson update approximation",0,945,2.07800000000043,""
"New York",2025-03-29,"compressed","cumulative_nb",4225.50483785322,0,0.00226502300943787,"pass",TRUE,TRUE,TRUE,TRUE,0.00352180665010184,0.945489938180846,0.998025048309553,0.996478193692367,"anchored independent signed-Poisson update approximation",0,945,2.84099999999944,"NA/NaN function evaluation"
"New York",2025-03-29,"compressed","hurdle_ztnb",1073.63292603949,0,0.0017292517126215,"pass",TRUE,TRUE,TRUE,FALSE,0.0224534441168647,0.894195560831067,0.977550958459306,0.977550958459306,"anchored sequential hurdle updates",1,945,3.5619999999999,""
"New York",2025-03-29,"compressed","hurdle_ztpoisson",2046.38123351315,0,0.0112172149985454,"pass",TRUE,TRUE,TRUE,FALSE,0.0313824364232407,0.951289255324175,0.968619417605105,0.968619417605105,"anchored sequential hurdle updates",0,945,3.60400000000027,""
"New York",2025-04-26,"calendar","cumulative_poisson",11602.0059536714,0,0.0376961171565817,"pass",TRUE,TRUE,TRUE,TRUE,0.00302785568227403,0.818665203075511,0.996972144358906,0.996972144358906,"anchored independent signed-Poisson update approximation",0,1998,3.24699999999939,""
"New York",2025-04-26,"calendar","cumulative_nb",8558.36206022854,0,0.00165420953331019,"pass",TRUE,TRUE,TRUE,TRUE,0.0228653902146517,0.810382772226788,0.977138213472887,0.977138213472887,"anchored independent signed-Poisson update approximation",0,1998,5.29700000000048,"NA/NaN function evaluation"
"New York",2025-04-26,"calendar","hurdle_ztnb",1606.42461985572,0,0.000347733415715146,"pass",TRUE,TRUE,TRUE,FALSE,0.019632784077064,0.872745866483318,0.980369732271329,0.980369732271329,"anchored sequential hurdle updates",2,1998,4.79299999999967,""
"New York",2025-04-26,"calendar","hurdle_ztpoisson",3353.92290447211,0,0.0260414076423388,"pass",TRUE,TRUE,TRUE,FALSE,0.0711490623198091,0.915016859188308,0.968972801160091,0.92885452957751,"anchored sequential hurdle updates",0,1998,5.01000000000022,""
"New York",2025-04-26,"compressed","cumulative_poisson",4409.2663060568,0,0.00322905444558241,"pass",TRUE,TRUE,TRUE,TRUE,0.0027570233023279,0.93296498748762,0.997242977328488,0.997242977328488,"anchored independent signed-Poisson update approximation",0,1053,2.21600000000035,""
"New York",2025-04-26,"compressed","cumulative_nb",4713.72621635392,0,0.00474266404289292,"pass",TRUE,TRUE,TRUE,TRUE,0.00255970681276868,0.941525632262593,0.998499626922196,0.997440293480408,"anchored independent signed-Poisson update approximation",0,1053,3.11800000000039,"NA/NaN function evaluation"
"New York",2025-04-26,"compressed","hurdle_ztnb",1208.77720939006,0,0.000120166617283868,"pass",TRUE,TRUE,TRUE,FALSE,0.0186021783512378,0.89865667588643,0.981401063400432,0.981401063400432,"anchored sequential hurdle updates",1,1053,3.88200000000052,""
"New York",2025-04-26,"compressed","hurdle_ztpoisson",2181.88302292832,0,0.0160282704143105,"pass",TRUE,TRUE,TRUE,FALSE,0.0326221660967355,0.949717521619354,0.967379765169326,0.967379765169326,"anchored sequential hurdle updates",0,1053,3.86400000000049,""
"New York",2025-05-31,"calendar","cumulative_poisson",12231.8852659205,0,0.0306430229096799,"pass",TRUE,TRUE,TRUE,TRUE,0.00219711854894303,0.819762455813558,0.997802881494207,0.997802881494207,"anchored independent signed-Poisson update approximation",0,2133,3.67100000000028,""
"New York",2025-05-31,"calendar","cumulative_nb",9305.30965297883,0,0.00572036732947456,"pass",TRUE,TRUE,TRUE,TRUE,0.0189221420875729,0.823926008125819,0.981080568510301,0.981080568510301,"anchored independent signed-Poisson update approximation",0,2133,4.88699999999972,""
"New York",2025-05-31,"calendar","hurdle_ztnb",1809.92438973559,0,0.000272632093273883,"pass",TRUE,TRUE,TRUE,FALSE,0.0276996802913027,0.854690171263573,0.972309701729951,0.972309701729951,"anchored sequential hurdle updates",12,2133,5.17299999999977,""
"New York",2025-05-31,"calendar","hurdle_ztpoisson",3583.02074704989,0,0.0354917093140159,"pass",TRUE,TRUE,TRUE,FALSE,0.0718123243309818,0.912831914455772,0.965806714915739,0.928191861618821,"anchored sequential hurdle updates",0,2133,5.7489999999998,""
"New York",2025-05-31,"compressed","cumulative_poisson",4985.50582450121,0,0.00714351676346209,"pass",TRUE,TRUE,TRUE,TRUE,0.00208067698118848,0.931089010333162,0.997919327487344,0.997919327487344,"anchored independent signed-Poisson update approximation",0,1188,2.33899999999994,""
"New York",2025-05-31,"compressed","cumulative_nb",5301.33713098824,0,0.00139239305967226,"pass",TRUE,TRUE,TRUE,TRUE,0.0025512249106896,0.9335741365413,0.997448776418102,0.997448776418102,"anchored independent signed-Poisson update approximation",0,1188,3.05299999999988,""
"New York",2025-05-31,"compressed","hurdle_ztnb",1391.84276908892,0,0.00136737956887778,"pass",TRUE,TRUE,TRUE,FALSE,0.0217138078480068,0.891832932655712,0.978297978331822,0.978297978331822,"anchored sequential hurdle updates",18,1188,4.2470000000003,""
"New York",2025-05-31,"compressed","hurdle_ztpoisson",2382.78426300176,0,0.0272988568626893,"pass",TRUE,TRUE,TRUE,FALSE,0.0327883522180136,0.948783790291645,0.967213972085266,0.967213972085266,"anchored sequential hurdle updates",0,1188,4.16100000000006,""
"North Carolina",2025-01-02,"calendar","cumulative_poisson",4305.74951975124,0,0.00427232493345342,"pass",TRUE,TRUE,TRUE,TRUE,0.00246667881890364,0.957502711432959,0.999018502335478,0.997533321217927,"anchored independent signed-Poisson update approximation",0,1539,2.45699999999943,""
"North Carolina",2025-01-02,"calendar","cumulative_nb",4552.87917859475,0,0.000884986892654677,"pass",TRUE,TRUE,TRUE,TRUE,0.00341300517738068,0.944056936575458,0.998410823483737,0.996586994958475,"anchored independent signed-Poisson update approximation",0,1539,4.19100000000071,"NA/NaN function evaluation"
"North Carolina",2025-01-02,"calendar","hurdle_ztnb",539.072791685113,0,0.000345957645917494,"pass",TRUE,TRUE,TRUE,FALSE,0.00780767120386136,0.860033689979746,0.992194052881353,0.992194052881353,"anchored sequential hurdle updates",5,1539,3.03099999999995,""
"North Carolina",2025-01-02,"calendar","hurdle_ztpoisson",587.501211678643,0,0.0087327610410739,"pass",TRUE,TRUE,TRUE,FALSE,0.0506283517902235,0.927833421961598,0.977815527503176,0.949389541046397,"anchored sequential hurdle updates",16,1539,3.11999999999989,""
"North Carolina",2025-01-02,"compressed","cumulative_poisson",2324.51640546673,0,0.000411627182584695,"pass",TRUE,TRUE,TRUE,TRUE,0.00273543584379009,0.991732193548015,0.999885448501309,0.997264564156231,"anchored independent signed-Poisson update approximation",0,648,1.73599999999988,""
"North Carolina",2025-01-02,"compressed","cumulative_nb",2569.20590357941,0,0.000745070049020136,"pass",TRUE,TRUE,TRUE,TRUE,0.00389292916225623,0.989326530084272,0.999795062448013,0.996107070837803,"anchored independent signed-Poisson update approximation",0,648,1.98799999999937,""
"North Carolina",2025-01-02,"compressed","hurdle_ztnb",364.94345717016,0,0.000124385971348007,"pass",TRUE,TRUE,TRUE,FALSE,0.00613442088860887,0.949946103454739,0.994909337554685,0.993865604277432,"anchored sequential hurdle updates",0,648,2.45799999999963,""
"North Carolina",2025-01-02,"compressed","hurdle_ztpoisson",349.588444756189,0,0.00351203438895942,"pass",TRUE,TRUE,TRUE,FALSE,0.00298960804847998,0.979887388960791,0.997535802806306,0.997010396539691,"anchored sequential hurdle updates",0,648,2.42100000000028,""
"North Carolina",2025-02-15,"calendar","cumulative_poisson",6471.28015414013,0,0.00562241360101545,"pass",TRUE,TRUE,TRUE,TRUE,0.0129395356848106,0.839189030828207,0.999850107364839,0.987060464594366,"anchored independent signed-Poisson update approximation",0,1728,2.77400000000034,""
"North Carolina",2025-02-15,"calendar","cumulative_nb",5522.05155117691,0,0.001888355066193,"pass",TRUE,TRUE,TRUE,TRUE,0.0378446100477174,0.768659465148554,0.962157560406254,0.962157560406254,"anchored independent signed-Poisson update approximation",0,1728,4.78699999999935,""
"North Carolina",2025-02-15,"calendar","hurdle_ztnb",712.587128658572,0,0.000115998993604371,"pass",TRUE,TRUE,TRUE,FALSE,0.00766266166474324,0.795904864920784,0.992338005245497,0.992338005245497,"anchored sequential hurdle updates",0,1728,3.54300000000057,""
"North Carolina",2025-02-15,"calendar","hurdle_ztpoisson",1197.81963706236,0,0.0194598631808844,"pass",TRUE,TRUE,TRUE,FALSE,0.010011522335765,0.953738410826898,0.999881914998781,0.989988477667324,"anchored sequential hurdle updates",0,1728,3.51599999999962,""
"North Carolina",2025-02-15,"compressed","cumulative_poisson",2818.7263412885,0,0.000610149800383653,"pass",TRUE,TRUE,TRUE,TRUE,0.00943670022963551,0.976960738860529,0.999948682947445,0.990563299770419,"anchored independent signed-Poisson update approximation",0,783,2.16300000000047,""
"North Carolina",2025-02-15,"compressed","cumulative_nb",3073.22834834799,0,0.00155176152663827,"pass",TRUE,TRUE,TRUE,TRUE,0.0123545045059801,0.971544075414103,0.999151230175806,0.987645495496399,"anchored independent signed-Poisson update approximation",0,783,2.39400000000023,""
"North Carolina",2025-02-15,"compressed","hurdle_ztnb",484.670333657493,0,6.22254277697909e-05,"pass",TRUE,TRUE,TRUE,FALSE,0.00693034807779915,0.909018175559525,0.993351319913337,0.993069709992721,"anchored sequential hurdle updates",0,783,2.65899999999965,""
"North Carolina",2025-02-15,"compressed","hurdle_ztpoisson",569.020361197968,0,0.00650467989996758,"pass",TRUE,TRUE,TRUE,FALSE,0.00293208418073737,0.968321624048469,0.997208503425516,0.997067926039687,"anchored sequential hurdle updates",0,783,2.59500000000025,""
"North Carolina",2025-03-29,"calendar","cumulative_poisson",7122.08087713163,0,0.00330397555831219,"pass",TRUE,TRUE,TRUE,TRUE,0.00310572818817004,0.852340778539715,0.996894274387086,0.996894274387086,"anchored independent signed-Poisson update approximation",0,1890,2.8720000000003,""
"North Carolina",2025-03-29,"calendar","cumulative_nb",6201.2778602535,0,0.00539578939784341,"pass",TRUE,TRUE,TRUE,TRUE,0.0282095476566131,0.786983533781258,0.971792967378094,0.971792967378094,"anchored independent signed-Poisson update approximation",0,1890,4.79600000000028,""
"North Carolina",2025-03-29,"calendar","hurdle_ztnb",887.569161864702,0,0.000706397969574724,"pass",TRUE,TRUE,TRUE,FALSE,0.00540122160211944,0.806426453858901,0.99459941962184,0.99459941962184,"anchored sequential hurdle updates",0,1890,3.59799999999996,""
"North Carolina",2025-03-29,"calendar","hurdle_ztpoisson",1525.30116836431,0,0.00875544848363319,"pass",TRUE,TRUE,TRUE,FALSE,0.065496330166526,0.934503668966126,0.999911072003427,0.934503670372614,"anchored sequential hurdle updates",0,1890,3.86400000000049,""
"North Carolina",2025-03-29,"compressed","cumulative_poisson",3450.13392975711,0,0.00414392587972956,"pass",TRUE,TRUE,TRUE,TRUE,0.00309410370927637,0.96131666552958,0.999050121286889,0.996905896314821,"anchored independent signed-Poisson update approximation",0,945,2.02300000000014,""
"North Carolina",2025-03-29,"compressed","cumulative_nb",3717.95785581086,0,0.00217677486857681,"pass",TRUE,TRUE,TRUE,TRUE,0.00469483185243342,0.9608821693223,0.998707096228664,0.995305168177107,"anchored independent signed-Poisson update approximation",0,945,2.83100000000013,""
"North Carolina",2025-03-29,"compressed","hurdle_ztnb",647.17809943058,0,0.000138905740527218,"pass",TRUE,TRUE,TRUE,FALSE,0.00946683814474305,0.866676449562306,0.990535295103278,0.990535295103278,"anchored sequential hurdle updates",2,945,3.04100000000017,""
"North Carolina",2025-03-29,"compressed","hurdle_ztpoisson",808.021975156563,0,0.00713944323362407,"pass",TRUE,TRUE,TRUE,FALSE,0.0254380192853162,0.946027309929478,0.992041716627588,0.974565631576605,"anchored sequential hurdle updates",0,945,2.89300000000003,""
"North Carolina",2025-04-26,"calendar","cumulative_poisson",7565.88807124146,0,0.0012384165756395,"pass",TRUE,TRUE,TRUE,TRUE,0.00274076161071892,0.854241435723904,0.99725924273113,0.99725924273113,"anchored independent signed-Poisson update approximation",0,1998,2.95899999999983,""
"North Carolina",2025-04-26,"calendar","cumulative_nb",6722.70274051209,0,0.000153331631928211,"pass",TRUE,TRUE,TRUE,TRUE,0.0227998565382608,0.802115808247237,0.9772025517761,0.9772025517761,"anchored independent signed-Poisson update approximation",0,1998,5.21900000000005,"NA/NaN function evaluation"
"North Carolina",2025-04-26,"calendar","hurdle_ztnb",973.526169320987,0,0.00110999689148361,"pass",TRUE,TRUE,TRUE,FALSE,0.00475954824332644,0.805116471704507,0.995241323092524,0.995241323092524,"anchored sequential hurdle updates",5,1998,3.80400000000009,""
"North Carolina",2025-04-26,"calendar","hurdle_ztpoisson",1645.22506773039,0,0.0177545849397462,"pass",TRUE,TRUE,TRUE,FALSE,0.133346554488481,0.866653453245274,0.999356593954386,0.866653453245274,"anchored sequential hurdle updates",0,1998,3.98199999999997,""
"North Carolina",2025-04-26,"compressed","cumulative_poisson",3867.08384107472,0,0.0248286544891148,"pass",TRUE,TRUE,TRUE,TRUE,0.00228075111206413,0.95710669347354,0.999067391178315,0.99771924892672,"anchored independent signed-Poisson update approximation",0,1053,2.15800000000036,""
"North Carolina",2025-04-26,"compressed","cumulative_nb",4143.77038473138,0,0.00112928950555435,"pass",TRUE,TRUE,TRUE,TRUE,0.0033144467968641,0.956956419106899,0.998752674644808,0.996685553247787,"anchored independent signed-Poisson update approximation",0,1053,2.75900000000001,""
"North Carolina",2025-04-26,"compressed","hurdle_ztnb",731.343465979207,0,0.000980267214321207,"pass",TRUE,TRUE,TRUE,FALSE,0.0202575583199632,0.870031690922833,0.979752063064021,0.979752063064021,"anchored sequential hurdle updates",29,1053,3.55099999999948,""
"North Carolina",2025-04-26,"compressed","hurdle_ztpoisson",902.698469144364,0,0.00160189593394644,"pass",TRUE,TRUE,TRUE,FALSE,0.0304983794056799,0.941484082150153,0.991471404986256,0.969506117688338,"anchored sequential hurdle updates",0,1053,3.12800000000061,""
"North Carolina",2025-05-31,"calendar","cumulative_poisson",8096.84554063162,0,0.00379483069657718,"pass",TRUE,TRUE,TRUE,TRUE,0.00234404446640072,0.855034873333932,0.997655960119365,0.997655960119365,"anchored independent signed-Poisson update approximation",0,2133,3.23199999999997,""
"North Carolina",2025-05-31,"calendar","cumulative_nb",7360.38125529541,0,0.00198812977998708,"pass",TRUE,TRUE,TRUE,TRUE,0.0178060380834424,0.817763586662526,0.98219587323588,0.98219587323588,"anchored independent signed-Poisson update approximation",0,2133,6.32000000000062,"NA/NaN function evaluation"
"North Carolina",2025-05-31,"calendar","hurdle_ztnb",1025.37916589905,0,0.000173352556924411,"pass",TRUE,TRUE,TRUE,FALSE,0.00450913776549032,0.804752336881099,0.995491786575171,0.995491786575171,"anchored sequential hurdle updates",4,2133,3.97299999999996,""
"North Carolina",2025-05-31,"calendar","hurdle_ztpoisson",1708.91746209721,0,0.0463215315143581,"pass",TRUE,TRUE,TRUE,FALSE,0.120845606687191,0.879154400676142,0.999318456126977,0.879154400676142,"anchored sequential hurdle updates",0,2133,4.06899999999951,""
"North Carolina",2025-05-31,"compressed","cumulative_poisson",4367.00806670691,0,0.0056436091356776,"pass",TRUE,TRUE,TRUE,TRUE,0.00179732477363438,0.955348310505432,0.999243413426731,0.998202675257119,"anchored independent signed-Poisson update approximation",0,1188,2.39600000000064,""
"North Carolina",2025-05-31,"compressed","cumulative_nb",4653.90301483794,0,0.000460239110378069,"pass",TRUE,TRUE,TRUE,TRUE,0.00247666914378667,0.955453676372124,0.999019237794219,0.997523330891373,"anchored independent signed-Poisson update approximation",0,1188,3.01399999999921,""
"North Carolina",2025-05-31,"compressed","hurdle_ztnb",779.956613490216,0,0.00101205039272689,"pass",TRUE,TRUE,TRUE,FALSE,0.0205366262963881,0.870661912406519,0.979473333394681,0.979473333394681,"anchored sequential hurdle updates",52,1188,3.2440000000006,""
"North Carolina",2025-05-31,"compressed","hurdle_ztpoisson",938.798693799384,0,0.0223334812510686,"pass",TRUE,TRUE,TRUE,FALSE,0.0284917322916326,0.943889688530036,0.992760026049514,0.971511125621929,"anchored sequential hurdle updates",0,1188,3.35999999999967,""
"North Dakota",2025-01-02,"calendar","cumulative_poisson",2179.01475256656,0,0.000575776545886017,"pass",TRUE,TRUE,TRUE,TRUE,0.0872032909522365,0.807723408994293,0.912801600391095,0.912801600391095,"anchored independent signed-Poisson update approximation",13,1539,2.28499999999985,""
"North Dakota",2025-01-02,"calendar","cumulative_nb",2352.71248993641,0,0.000812413467672684,"pass",TRUE,TRUE,TRUE,TRUE,0.0869672374504416,0.807519844168247,0.913037501071229,0.913037501071229,"anchored independent signed-Poisson update approximation",10,1539,3.16100000000006,""
"North Dakota",2025-01-02,"calendar","hurdle_ztnb",477.662124511639,0,0.000334599696900639,"pass",TRUE,TRUE,TRUE,FALSE,0.0316527977618639,0.85596443469323,0.96835188728532,0.96835188728532,"anchored sequential hurdle updates",12,1539,3.2529999999997,""
"North Dakota",2025-01-02,"calendar","hurdle_ztpoisson",447.599267072457,0,0.00133225522414016,"pass",TRUE,TRUE,TRUE,FALSE,0.0359780521894052,0.843243381412199,0.964028007370754,0.964028007370754,"anchored sequential hurdle updates",10,1539,3.12700000000041,""
"North Dakota",2025-01-02,"compressed","cumulative_poisson",1417.04473384781,0,0.000583545301490851,"pass",TRUE,TRUE,TRUE,TRUE,0.0916178156945607,0.808415293414462,0.908388297216584,0.908388297216584,"anchored independent signed-Poisson update approximation",11,648,1.71800000000076,""
"North Dakota",2025-01-02,"compressed","cumulative_nb",1574.40460639302,0,0.00166135562798764,"pass",TRUE,TRUE,TRUE,TRUE,0.0916294913069145,0.808967338735759,0.908376326085011,0.908376326085011,"anchored independent signed-Poisson update approximation",18,648,2.04600000000028,""
"North Dakota",2025-01-02,"compressed","hurdle_ztnb",351.872382067085,0,0.000464492942842565,"pass",TRUE,TRUE,TRUE,FALSE,0.0364272489869767,0.852774465882897,0.963577095320915,0.963577095320915,"anchored sequential hurdle updates",15,648,2.6899999999996,""
"North Dakota",2025-01-02,"compressed","hurdle_ztpoisson",336.59861388004,0,0.000735661309913659,"pass",TRUE,TRUE,TRUE,FALSE,0.0345392701866429,0.868686267436242,0.965464568884601,0.965464568884601,"anchored sequential hurdle updates",7,648,2.65999999999985,""
"North Dakota",2025-02-15,"calendar","cumulative_poisson",2490.00218944445,0,0.00150937504866289,"pass",TRUE,TRUE,TRUE,TRUE,0.0800255032530545,0.750495248913909,0.919976719220823,0.919976719220823,"anchored independent signed-Poisson update approximation",0,1728,2.83500000000004,""
"North Dakota",2025-02-15,"calendar","cumulative_nb",2656.52954686917,0,0.000471932734485508,"pass",TRUE,TRUE,TRUE,TRUE,0.0805035743116234,0.749252228896813,0.919498657983817,0.919498657983817,"anchored independent signed-Poisson update approximation",0,1728,4.8130000000001,"NA/NaN function evaluation"
"North Dakota",2025-02-15,"calendar","hurdle_ztnb",566.918188772008,0,0.000284682424585014,"pass",TRUE,TRUE,TRUE,FALSE,0.0366287850477411,0.830549216544082,0.963375479259351,0.963375479259351,"anchored sequential hurdle updates",1,1728,3.57099999999991,""
"North Dakota",2025-02-15,"calendar","hurdle_ztpoisson",557.316244458049,0,0.00338672555954639,"pass",TRUE,TRUE,TRUE,FALSE,0.0460514702037914,0.799094069000674,0.953954124079244,0.953954124079244,"anchored sequential hurdle updates",3,1728,3.42799999999988,""
"North Dakota",2025-02-15,"compressed","cumulative_poisson",1763.5736150559,0,0.000915279269986302,"pass",TRUE,TRUE,TRUE,TRUE,0.109291702845741,0.804520467895641,0.890716785414131,0.890716785414131,"anchored independent signed-Poisson update approximation",0,783,1.83300000000054,""
"North Dakota",2025-02-15,"compressed","cumulative_nb",1931.67972358089,0,0.00121334690441893,"pass",TRUE,TRUE,TRUE,TRUE,0.107504017694362,0.803836359830375,0.892503969361539,0.892503969361539,"anchored independent signed-Poisson update approximation",1,783,2.15500000000065,""
"North Dakota",2025-02-15,"compressed","hurdle_ztnb",404.098949169846,0,7.19990994899611e-05,"pass",TRUE,TRUE,TRUE,FALSE,0.0254345797523145,0.882952569731989,0.974568372751789,0.974568372751789,"anchored sequential hurdle updates",1,783,2.78099999999995,""
"North Dakota",2025-02-15,"compressed","hurdle_ztpoisson",381.934540542229,0,0.000224067298735198,"pass",TRUE,TRUE,TRUE,FALSE,0.0271555466235144,0.883328063002069,0.972847926823497,0.972847926823497,"anchored sequential hurdle updates",1,783,2.75200000000041,""
"North Dakota",2025-03-29,"calendar","cumulative_poisson",2806.2946989433,0,0.000224379603776859,"pass",TRUE,TRUE,TRUE,TRUE,0.0858131911642618,0.764814478546122,0.914191580503281,0.914191580503281,"anchored independent signed-Poisson update approximation",0,1890,2.78399999999965,""
"North Dakota",2025-03-29,"calendar","cumulative_nb",2980.96902504329,0,0.00165495059323539,"pass",TRUE,TRUE,TRUE,TRUE,0.0850737846388424,0.76316662330888,0.91493065368154,0.91493065368154,"anchored independent signed-Poisson update approximation",0,1890,4.56900000000041,""
"North Dakota",2025-03-29,"calendar","hurdle_ztnb",644.592326542468,0,0.000468235399933459,"pass",TRUE,TRUE,TRUE,FALSE,0.0300850255674936,0.834467861006792,0.96991863879353,0.96991863879353,"anchored sequential hurdle updates",0,1890,3.67999999999938,""
"North Dakota",2025-03-29,"calendar","hurdle_ztpoisson",627.925933099156,0,0.00900993685276541,"pass",TRUE,TRUE,TRUE,FALSE,0.0341921584518196,0.825190369028676,0.96581168999697,0.96581168999697,"anchored sequential hurdle updates",0,1890,3.51900000000023,""
"North Dakota",2025-03-29,"compressed","cumulative_poisson",2191.50231193694,0,0.00127099958266408,"pass",TRUE,TRUE,TRUE,TRUE,0.109757229593588,0.811990678094968,0.890250789239605,0.890250789239605,"anchored independent signed-Poisson update approximation",0,945,1.94700000000012,""
"North Dakota",2025-03-29,"compressed","cumulative_nb",2371.25634542892,0,0.000428935917431816,"pass",TRUE,TRUE,TRUE,TRUE,0.107901666557178,0.811017495477564,0.892105960932024,0.892105960932024,"anchored independent signed-Poisson update approximation",0,945,2.44499999999971,""
"North Dakota",2025-03-29,"compressed","hurdle_ztnb",474.16205951142,0,0.000982958247378152,"pass",TRUE,TRUE,TRUE,FALSE,0.0209405035295824,0.886618253464636,0.979061835697621,0.979061835697621,"anchored sequential hurdle updates",0,945,3.01900000000023,""
"North Dakota",2025-03-29,"compressed","hurdle_ztpoisson",441.238278261585,0,0.00122893382952893,"pass",TRUE,TRUE,TRUE,FALSE,0.0208698893321884,0.890791550291871,0.979132576875263,0.979132576875263,"anchored sequential hurdle updates",0,945,2.92399999999998,""
"North Dakota",2025-04-26,"calendar","cumulative_poisson",3055.37598529159,0,0.000613168590982482,"pass",TRUE,TRUE,TRUE,TRUE,0.0881411550686314,0.76812136958058,0.911864413414623,0.911864413414623,"anchored independent signed-Poisson update approximation",0,1998,2.92999999999938,""
"North Dakota",2025-04-26,"calendar","cumulative_nb",3236.27222005566,0,0.00289811047818656,"pass",TRUE,TRUE,TRUE,TRUE,0.0874629928459511,0.767039701337982,0.912542345034302,0.912542345034302,"anchored independent signed-Poisson update approximation",0,1998,4.30100000000039,""
"North Dakota",2025-04-26,"calendar","hurdle_ztnb",673.646400544056,0,0.00056144338827302,"pass",TRUE,TRUE,TRUE,FALSE,0.0291054252707988,0.83539898393198,0.970898107626257,0.970898107626257,"anchored sequential hurdle updates",2,1998,4.07999999999993,""
"North Dakota",2025-04-26,"calendar","hurdle_ztpoisson",650.152003873722,0,0.00256788113517929,"pass",TRUE,TRUE,TRUE,FALSE,0.0326195438401704,0.832479887157764,0.967383391097908,0.967383391097908,"anchored sequential hurdle updates",0,1998,3.63499999999931,""
"North Dakota",2025-04-26,"compressed","cumulative_poisson",2472.94748848173,0,0.000303180362902,"pass",TRUE,TRUE,TRUE,TRUE,0.111669727321054,0.812428938688933,0.88833842739664,0.88833842739664,"anchored independent signed-Poisson update approximation",0,1053,2.05699999999979,""
"North Dakota",2025-04-26,"compressed","cumulative_nb",2658.84990280302,0,0.000675634157887295,"pass",TRUE,TRUE,TRUE,TRUE,0.11009246570692,0.81152204744874,0.889915433683184,0.889915433683184,"anchored independent signed-Poisson update approximation",0,1053,2.58699999999953,""
"North Dakota",2025-04-26,"compressed","hurdle_ztnb",500.960218693795,0,0.000554179084990558,"pass",TRUE,TRUE,TRUE,FALSE,0.0198980411466092,0.888663397993929,0.980104167425953,0.980104167425953,"anchored sequential hurdle updates",2,1053,3.04200000000037,""
"North Dakota",2025-04-26,"compressed","hurdle_ztpoisson",461.723324235796,0,0.00325876626854872,"pass",TRUE,TRUE,TRUE,FALSE,0.0195481714108955,0.89454469744928,0.980453900170578,0.980453900170578,"anchored sequential hurdle updates",0,1053,2.94800000000032,""
"North Dakota",2025-05-31,"calendar","cumulative_poisson",3388.38822195852,0,0.00120555796306285,"pass",TRUE,TRUE,TRUE,TRUE,0.0898011475616744,0.770988968904378,0.910204657950019,0.910204657950019,"anchored independent signed-Poisson update approximation",5,2133,3.1889999999994,""
"North Dakota",2025-05-31,"calendar","cumulative_nb",3576.46179154852,0,0.00136856792504238,"pass",TRUE,TRUE,TRUE,TRUE,0.0893094287444963,0.770294532346163,0.910696283269886,0.910696283269886,"anchored independent signed-Poisson update approximation",4,2133,7.40400000000045,"NA/NaN function evaluation"
"North Dakota",2025-05-31,"calendar","hurdle_ztnb",701.636903660883,0,0.000186619602715155,"pass",TRUE,TRUE,TRUE,FALSE,0.0285648901656326,0.836815553678539,0.971438752228019,0.971438752228019,"anchored sequential hurdle updates",17,2133,3.94200000000001,""
"North Dakota",2025-05-31,"calendar","hurdle_ztpoisson",670.867530644734,0,0.00167784436801344,"pass",TRUE,TRUE,TRUE,FALSE,0.0318468896622315,0.838873700739307,0.968155547527543,0.968155547527543,"anchored sequential hurdle updates",5,2133,3.76299999999992,""
"North Dakota",2025-05-31,"compressed","cumulative_poisson",2807.03878875911,0,0.00280846451980721,"pass",TRUE,TRUE,TRUE,TRUE,0.113497208802061,0.813008292197259,0.886510892874381,0.886510892874381,"anchored independent signed-Poisson update approximation",15,1188,2.19700000000012,""
"North Dakota",2025-05-31,"compressed","cumulative_nb",2999.11847144193,0,0.00725605934535378,"pass",TRUE,TRUE,TRUE,TRUE,0.11217413004664,0.812195308257438,0.887833845993575,0.887833845993575,"anchored independent signed-Poisson update approximation",10,1188,2.73999999999978,""
"North Dakota",2025-05-31,"compressed","hurdle_ztnb",528.69936792075,0,0.00067222312826809,"pass",TRUE,TRUE,TRUE,FALSE,0.0193804231415125,0.890480726267796,0.980621791107745,0.980621791107745,"anchored sequential hurdle updates",20,1188,3.23499999999967,""
"North Dakota",2025-05-31,"compressed","hurdle_ztpoisson",481.195122781926,0,0.00611787086168769,"pass",TRUE,TRUE,TRUE,FALSE,0.0187994305011422,0.898113213690423,0.981202430134623,0.981202430134623,"anchored sequential hurdle updates",6,1188,3.05600000000049,""
"Ohio",2025-01-02,"calendar","cumulative_poisson",8594.79880536129,0,0.0068820703596808,"pass",TRUE,TRUE,TRUE,TRUE,0.0176897869116862,0.930132907104448,0.999988217285073,0.982310213088314,"anchored independent signed-Poisson update approximation",0,1539,2.57400000000052,""
"Ohio",2025-01-02,"calendar","cumulative_nb",6101.67582235022,0,0.00454096820941219,"pass",TRUE,TRUE,TRUE,TRUE,0.0272057761002835,0.797489076991842,0.972798219182546,0.972798219182546,"anchored independent signed-Poisson update approximation",0,1539,4.16300000000047,"NA/NaN function evaluation"
"Ohio",2025-01-02,"calendar","hurdle_ztnb",1017.88499193101,0,0.000842607752344016,"pass",TRUE,TRUE,TRUE,FALSE,0.053120030216994,0.732161863479982,0.946903275534923,0.946903275534923,"anchored sequential hurdle updates",23,1539,3.72999999999956,""
"Ohio",2025-01-02,"calendar","hurdle_ztpoisson",2337.48499887052,0,0.0045966716887251,"pass",TRUE,TRUE,TRUE,FALSE,0.406833700012649,0.592349319914805,0.908183467806818,0.593460548537535,"anchored sequential hurdle updates",129,1539,3.95300000000043,""
"Ohio",2025-01-02,"compressed","cumulative_poisson",2970.61819423101,0,0.00252260778180702,"pass",TRUE,TRUE,TRUE,TRUE,0.00812152088354649,0.958888025045474,0.99187897517579,0.99187897517579,"anchored independent signed-Poisson update approximation",0,648,1.73900000000049,""
"Ohio",2025-01-02,"compressed","cumulative_nb",2985.68536747569,0,0.000366931463637143,"pass",TRUE,TRUE,TRUE,TRUE,0.0222743233877167,0.938984352783697,0.977727363207343,0.977727363207343,"anchored independent signed-Poisson update approximation",0,648,2.17399999999998,""
"Ohio",2025-01-02,"compressed","hurdle_ztnb",675.767942645622,0,5.32158910329095e-05,"pass",TRUE,TRUE,TRUE,FALSE,0.0388920211203041,0.876531697169576,0.961110494017691,0.961110494017691,"anchored sequential hurdle updates",0,648,3.04899999999998,""
"Ohio",2025-01-02,"compressed","hurdle_ztpoisson",1570.62966961495,0,0.0114058810363768,"pass",TRUE,TRUE,TRUE,FALSE,0.0442064710617819,0.930242382329329,0.955796784688645,0.955796784688645,"anchored sequential hurdle updates",0,648,2.8720000000003,""
"Ohio",2025-02-15,"calendar","cumulative_poisson",12358.1653212642,0,0.00349504353766505,"pass",TRUE,TRUE,TRUE,TRUE,0.040005715939661,0.854323928315971,0.999951510863556,0.959994284060339,"anchored independent signed-Poisson update approximation",0,1728,2.88299999999981,""
"Ohio",2025-02-15,"calendar","cumulative_nb",7003.82766821395,0,0.000538795840403061,"pass",TRUE,TRUE,TRUE,TRUE,0.112043760857774,0.737913569852469,0.921743422881105,0.887980451088729,"anchored independent signed-Poisson update approximation",0,1728,5.05099999999948,""
"Ohio",2025-02-15,"calendar","hurdle_ztnb",1191.18332320299,0,0.000192252385729397,"pass",TRUE,TRUE,TRUE,FALSE,0.0335697383771318,0.798804582906643,0.966439520817281,0.966439520817281,"anchored sequential hurdle updates",0,1728,4.00799999999981,""
"Ohio",2025-02-15,"calendar","hurdle_ztpoisson",4205.22976317671,0,0.00615704887670177,"pass",TRUE,TRUE,TRUE,FALSE,0.00876118332222062,0.818214696925587,0.999115641206945,0.992615209379141,"anchored sequential hurdle updates",306,1728,4.25,"NA/NaN function evaluation"
"Ohio",2025-02-15,"compressed","cumulative_poisson",3667.26927796218,0,0.000321115369636749,"pass",TRUE,TRUE,TRUE,TRUE,0.0311935864533749,0.951982943843103,0.968808605812676,0.968808605812676,"anchored independent signed-Poisson update approximation",0,783,1.85599999999977,""
"Ohio",2025-02-15,"compressed","cumulative_nb",3699.11553640968,0,0.000583813939334654,"pass",TRUE,TRUE,TRUE,TRUE,0.137892768484394,0.851954670097796,0.901758466404526,0.862118185644275,"anchored independent signed-Poisson update approximation",0,783,2.22499999999945,""
"Ohio",2025-02-15,"compressed","hurdle_ztnb",790.92189930967,0,0.00233658006295767,"pass",TRUE,TRUE,TRUE,FALSE,0.0226633856662507,0.910745634968569,0.977374803799413,0.977337181305468,"anchored sequential hurdle updates",0,783,3.14099999999962,""
"Ohio",2025-02-15,"compressed","hurdle_ztpoisson",1764.22951672595,0,0.0434873077372844,"pass",TRUE,TRUE,TRUE,FALSE,0.0336288399822298,0.94754307199358,0.966372755027604,0.966372755027604,"anchored sequential hurdle updates",0,783,3.19900000000052,""
"Ohio",2025-03-29,"calendar","cumulative_poisson",13575.5307403052,0,0.0158017611197336,"pass",TRUE,TRUE,TRUE,TRUE,0.0144547580860134,0.87639359312505,0.999999999990874,0.985545241913987,"anchored independent signed-Poisson update approximation",0,1890,3.31800000000021,""
"Ohio",2025-03-29,"calendar","cumulative_nb",7869.88323689179,0,0.00168358349164288,"pass",TRUE,TRUE,TRUE,TRUE,0.104286596069157,0.758666130138375,0.984289485558891,0.895713404783906,"anchored independent signed-Poisson update approximation",0,1890,5.05600000000049,""
"Ohio",2025-03-29,"calendar","hurdle_ztnb",1417.03479732711,0,0.000241800267065884,"pass",TRUE,TRUE,TRUE,FALSE,0.0290944332006796,0.812390490524763,0.97091340996375,0.97091340996375,"anchored sequential hurdle updates",3,1890,4.40700000000015,""
"Ohio",2025-03-29,"calendar","hurdle_ztpoisson",4436.72024975732,0,0.00558862817199213,"pass",TRUE,TRUE,TRUE,FALSE,0.0405244429646482,0.864452512797817,0.964490516828199,0.959482340320305,"anchored sequential hurdle updates",0,1890,4.66399999999976,"NA/NaN function evaluation"
"Ohio",2025-03-29,"compressed","cumulative_poisson",4457.32756438186,0,0.00193245359574123,"pass",TRUE,TRUE,TRUE,TRUE,0.00270311427393168,0.963341874841153,0.998554166238018,0.997296885888187,"anchored independent signed-Poisson update approximation",0,945,2.4350000000004,""
"Ohio",2025-03-29,"compressed","cumulative_nb",4585.22414652689,0,0.00103986377680521,"pass",TRUE,TRUE,TRUE,TRUE,0.059838502269168,0.93297824827238,0.94016578163338,0.94016578163338,"anchored independent signed-Poisson update approximation",0,945,2.62100000000009,""
"Ohio",2025-03-29,"compressed","hurdle_ztnb",1063.83856676833,0,0.000177498333699511,"pass",TRUE,TRUE,TRUE,FALSE,0.0304017590911615,0.882474661810759,0.969608661788016,0.969608661788016,"anchored sequential hurdle updates",2,945,3.53799999999956,""
"Ohio",2025-03-29,"compressed","hurdle_ztpoisson",2312.8261280739,0,0.0200091817708184,"pass",TRUE,TRUE,TRUE,FALSE,0.0250606443191956,0.93660526000477,0.974943459345518,0.974943459345518,"anchored sequential hurdle updates",0,945,3.66200000000026,""
"Ohio",2025-04-26,"calendar","cumulative_poisson",14272.7740601288,0,0.00527498954632377,"pass",TRUE,TRUE,TRUE,TRUE,0.00676726792446171,0.876966399402339,0.999934829579435,0.993232732075538,"anchored independent signed-Poisson update approximation",0,1998,3.37199999999939,""
"Ohio",2025-04-26,"calendar","cumulative_nb",8528.899505083,0,0.000371928064684113,"pass",TRUE,TRUE,TRUE,TRUE,0.110227267842219,0.773885389287817,0.992166766349927,0.889772732175033,"anchored independent signed-Poisson update approximation",0,1998,5.23800000000028,""
"Ohio",2025-04-26,"calendar","hurdle_ztnb",1480.03797816515,0,0.000431101663325606,"pass",TRUE,TRUE,TRUE,FALSE,0.0273862510666476,0.812525466450595,0.972621620398438,0.972621620398438,"anchored sequential hurdle updates",14,1998,4.51000000000022,""
"Ohio",2025-04-26,"calendar","hurdle_ztpoisson",4515.93789501982,0,0.0397835290663632,"pass",TRUE,TRUE,TRUE,FALSE,0.0402613466079855,0.867291939358311,0.965654421787518,0.959744777709149,"anchored sequential hurdle updates",0,1998,4.65599999999995,""
"Ohio",2025-04-26,"compressed","cumulative_poisson",4947.24214344647,0,0.00164500533952072,"pass",TRUE,TRUE,TRUE,TRUE,0.00190595050504801,0.96066220081007,0.998960764028438,0.998094049608201,"anchored independent signed-Poisson update approximation",0,1053,2.21200000000044,""
"Ohio",2025-04-26,"compressed","cumulative_nb",5135.41825035336,0,0.000910890809965537,"pass",TRUE,TRUE,TRUE,TRUE,0.0346469071983387,0.946281366109247,0.965355451603467,0.965355451603467,"anchored independent signed-Poisson update approximation",0,1053,2.73300000000017,""
"Ohio",2025-04-26,"compressed","hurdle_ztnb",1123.54847801496,0,0.000430373390270411,"pass",TRUE,TRUE,TRUE,FALSE,0.0281648431658357,0.88516361144913,0.971845533599613,0.971845533599613,"anchored sequential hurdle updates",14,1053,3.75600000000031,""
"Ohio",2025-04-26,"compressed","hurdle_ztpoisson",2342.38525766603,0,0.0196847445867416,"pass",TRUE,TRUE,TRUE,FALSE,0.0337539477857075,0.936324723156345,0.993070737155481,0.966247340483595,"anchored sequential hurdle updates",0,1053,3.90499999999975,""
"Ohio",2025-05-31,"calendar","cumulative_poisson",14971.5394162097,0,0.0108885051878317,"pass",TRUE,TRUE,TRUE,TRUE,0.00386937529785466,0.880718980623425,0.999959190237035,0.996130624702145,"anchored independent signed-Poisson update approximation",0,2133,3.85599999999977,""
"Ohio",2025-05-31,"calendar","cumulative_nb",9346.14180215528,0,0.002054798305964,"pass",TRUE,TRUE,TRUE,TRUE,0.103218656133576,0.802280911251913,0.995580068192991,0.89678134386822,"anchored independent signed-Poisson update approximation",2,2133,6.58399999999983,""
"Ohio",2025-05-31,"calendar","hurdle_ztnb",1740.67845391098,0,0.00118653738206564,"pass",TRUE,TRUE,TRUE,FALSE,0.0552009358563974,0.790891157542684,0.944871740778347,0.944871740778347,"anchored sequential hurdle updates",110,2133,4.99299999999948,""
"Ohio",2025-05-31,"calendar","hurdle_ztpoisson",4991.1283039553,0,0.0308578765925489,"pass",TRUE,TRUE,TRUE,FALSE,0.03488753010463,0.868872239443009,0.965120802317969,0.965120802317969,"anchored sequential hurdle updates",0,2133,5.40200000000004,""
"Ohio",2025-05-31,"compressed","cumulative_poisson",5560.29670204249,0,0.00059130912559574,"pass",TRUE,TRUE,TRUE,TRUE,0.00132923729074842,0.961762602882213,0.999322819926199,0.998670762761644,"anchored independent signed-Poisson update approximation",0,1188,2.35599999999977,""
"Ohio",2025-05-31,"compressed","cumulative_nb",5796.53813519337,0,0.000925986971459736,"pass",TRUE,TRUE,TRUE,TRUE,0.0148337912983499,0.954566650025309,0.985167168853134,0.985167168853134,"anchored independent signed-Poisson update approximation",0,1188,2.77500000000055,""
"Ohio",2025-05-31,"compressed","hurdle_ztnb",1351.78687262901,0,0.00611848205216425,"pass",TRUE,TRUE,TRUE,FALSE,0.0480811811867941,0.879468442337864,0.961479584568866,0.951972224912036,"anchored sequential hurdle updates",159,1188,4.1299999999992,""
"Ohio",2025-05-31,"compressed","hurdle_ztpoisson",2657.67924902448,0,0.0496415718640688,"pass",TRUE,TRUE,TRUE,FALSE,0.0521758322325436,0.934071775425563,0.992790124856704,0.947843051404837,"anchored sequential hurdle updates",14,1188,4.31099999999969,""
"Oklahoma",2025-02-15,"calendar","cumulative_poisson",4929.40513462501,0,0.00270585468333451,"pass",TRUE,TRUE,TRUE,TRUE,0.0278084652941032,0.80633826499079,0.99967664204402,0.972191534707405,"anchored independent signed-Poisson update approximation",0,1728,2.6840000000002,""
"Oklahoma",2025-02-15,"calendar","cumulative_nb",4924.38356682145,0,0.000935782859991185,"pass",TRUE,TRUE,TRUE,TRUE,0.0399266216545269,0.800657605689239,0.981887296994406,0.960073833267396,"anchored independent signed-Poisson update approximation",0,1728,4.6840000000002,"NA/NaN function evaluation"
"Oklahoma",2025-02-15,"calendar","hurdle_ztnb",1088.49919404385,0,0.000143945965679126,"pass",TRUE,TRUE,TRUE,FALSE,0.0820625862784646,0.862192100330435,0.917951473758719,0.917951473758719,"anchored sequential hurdle updates",6,1728,4.14599999999973,""
"Oklahoma",2025-02-15,"calendar","hurdle_ztpoisson",1964.06651172139,0,0.013968460290631,"pass",TRUE,TRUE,TRUE,FALSE,0.108123014596494,0.860601239008374,0.891893319494902,0.891893319494902,"anchored sequential hurdle updates",4,1728,4.0619999999999,""
"Oklahoma",2025-02-15,"compressed","cumulative_poisson",2709.56103192652,0,0.00177171990148906,"pass",TRUE,TRUE,TRUE,TRUE,0.0321096813810254,0.905041796127445,0.999888032873951,0.967890318619148,"anchored independent signed-Poisson update approximation",0,783,2.1929999999993,""
"Oklahoma",2025-02-15,"compressed","cumulative_nb",2917.08608950605,0,0.00275010959328767,"pass",TRUE,TRUE,TRUE,TRUE,0.0308004538564115,0.916951679581696,0.999941104771282,0.969199546143725,"anchored independent signed-Poisson update approximation",0,783,2.31200000000081,"NA/NaN function evaluation"
"Oklahoma",2025-02-15,"compressed","hurdle_ztnb",817.3724247988,0,0.00165805257505225,"pass",TRUE,TRUE,TRUE,FALSE,0.0741847417275854,0.891948473429821,0.933562852995073,0.925819497276631,"anchored sequential hurdle updates",1,783,3.31999999999971,""
"Oklahoma",2025-02-15,"compressed","hurdle_ztpoisson",1365.41175994215,0,0.0106931737073788,"pass",TRUE,TRUE,TRUE,FALSE,0.0748501742671012,0.909327034498688,0.932586443078577,0.925153781077022,"anchored sequential hurdle updates",0,783,3.32900000000063,""
"Oklahoma",2025-03-29,"calendar","cumulative_poisson",5501.91374714052,0,0.000722847494216694,"pass",TRUE,TRUE,TRUE,TRUE,0.0216288718892117,0.77096257193581,0.999690322237341,0.978371339992948,"anchored independent signed-Poisson update approximation",0,1890,3.05099999999948,""
"Oklahoma",2025-03-29,"calendar","cumulative_nb",5468.42368629319,0,0.00167386369777778,"pass",TRUE,TRUE,TRUE,TRUE,0.0200582388207105,0.79076235493194,0.987354780292203,0.979942057205499,"anchored independent signed-Poisson update approximation",0,1890,5.22000000000025,"NA/NaN function evaluation"
"Oklahoma",2025-03-29,"calendar","hurdle_ztnb",1295.47712177515,0,0.000672703056549651,"pass",TRUE,TRUE,TRUE,FALSE,0.0801161975591342,0.823081758693632,0.919902012313472,0.919902012313472,"anchored sequential hurdle updates",12,1890,4.4380000000001,""
"Oklahoma",2025-03-29,"calendar","hurdle_ztpoisson",2473.51621090906,0,0.0386071843178196,"pass",TRUE,TRUE,TRUE,FALSE,0.0914598821620341,0.7946615143512,0.90855669572636,0.90855669572636,"anchored sequential hurdle updates",0,1890,4.42799999999988,""
"Oklahoma",2025-03-29,"compressed","cumulative_poisson",3401.21437841635,0,8.76473915992215e-05,"pass",TRUE,TRUE,TRUE,TRUE,0.0270563346060425,0.849229390216263,0.999741058269394,0.972943691608386,"anchored independent signed-Poisson update approximation",0,945,2.09599999999955,""
"Oklahoma",2025-03-29,"compressed","cumulative_nb",3588.88838078715,0,0.00123605459298159,"pass",TRUE,TRUE,TRUE,TRUE,0.0240164219906505,0.872076167836244,0.999883851942565,0.975983579909521,"anchored independent signed-Poisson update approximation",0,945,2.52000000000044,""
"Oklahoma",2025-03-29,"compressed","hurdle_ztnb",1021.63309937697,0,0.000248969260743692,"pass",TRUE,TRUE,TRUE,FALSE,0.104260639024744,0.8276237171446,0.901887138804074,0.895763330257951,"anchored sequential hurdle updates",21,945,3.66700000000037,""
"Oklahoma",2025-03-29,"compressed","hurdle_ztpoisson",1869.59957833603,0,0.0184268095699547,"pass",TRUE,TRUE,TRUE,FALSE,0.0997649331747198,0.851584116260021,0.918367534268995,0.900247604190161,"anchored sequential hurdle updates",0,945,3.62299999999959,""
"Oklahoma",2025-04-26,"compressed","cumulative_poisson",3796.47603909705,0,0.000693244778188884,"pass",TRUE,TRUE,TRUE,TRUE,0.0223865592578555,0.842265345413256,0.999926342984969,0.977613743366462,"anchored independent signed-Poisson update approximation",0,1053,2.19700000000012,"NA/NaN function evaluation"
"Oklahoma",2025-04-26,"compressed","cumulative_nb",3992.46533203911,0,0.0028205815115043,"pass",TRUE,TRUE,TRUE,TRUE,0.0206330573511249,0.862057287633368,0.999969731753882,0.979367021214034,"anchored independent signed-Poisson update approximation",0,1053,2.61499999999978,""
"Oklahoma",2025-04-26,"compressed","hurdle_ztnb",1080.9199301367,0,0.00182612267048798,"pass",TRUE,TRUE,TRUE,FALSE,0.0976889230426645,0.823472360976247,0.907551786187142,0.902334699684793,"anchored sequential hurdle updates",91,1053,3.79799999999977,""
"Oklahoma",2025-04-26,"compressed","hurdle_ztpoisson",1937.13549898498,0,0.0237345088373817,"pass",TRUE,TRUE,TRUE,FALSE,0.0940159553053352,0.850207104807477,0.921673048059581,0.90599291095988,"anchored sequential hurdle updates",1,1053,3.77999999999975,""
"Oklahoma",2025-05-31,"compressed","cumulative_poisson",4252.65522782198,0,0.00613398450521009,"pass",TRUE,TRUE,TRUE,TRUE,0.0189484250783447,0.838922993193662,0.999986362502211,0.981054772698365,"anchored independent signed-Poisson update approximation",0,1188,2.39900000000034,""
"Oklahoma",2025-05-31,"compressed","cumulative_nb",4460.64594412053,0,0.000569329323556009,"pass",TRUE,TRUE,TRUE,TRUE,0.0181090807193537,0.855956993709827,0.999993696072559,0.981892254606926,"anchored independent signed-Poisson update approximation",0,1188,3.03099999999995,""
"Oklahoma",2025-05-31,"compressed","hurdle_ztnb",1146.33466653903,0,0.00125907570320916,"pass",TRUE,TRUE,TRUE,FALSE,0.0917722314986896,0.821037499390547,0.913215724111186,0.908254257686603,"anchored sequential hurdle updates",175,1188,4.0610000000006,""
"Oklahoma",2025-05-31,"compressed","hurdle_ztpoisson",2002.28117464856,0,0.00521608000889226,"pass",TRUE,TRUE,TRUE,FALSE,0.0895445910609246,0.847458477699181,0.925734500771474,0.910461812211272,"anchored sequential hurdle updates",5,1188,3.90099999999984,""
"Oregon",2025-01-02,"calendar","cumulative_poisson",4143.33885767586,0,0.000547957418923772,"pass",TRUE,TRUE,TRUE,TRUE,0.0199269965963051,0.869958224590052,0.984926610072152,0.980073475443247,"anchored independent signed-Poisson update approximation",0,1539,2.4340000000002,""
"Oregon",2025-01-02,"calendar","cumulative_nb",4327.42328543505,0,0.00080239899410306,"pass",TRUE,TRUE,TRUE,TRUE,0.0291666842109301,0.843427040880979,0.970836448958988,0.970836448958988,"anchored independent signed-Poisson update approximation",0,1539,3.33799999999974,""
"Oregon",2025-01-02,"calendar","hurdle_ztnb",746.443432123457,0,0.000845287820524065,"pass",TRUE,TRUE,TRUE,FALSE,0.0369757828790316,0.842566883824127,0.963031997934434,0.963031997934434,"anchored sequential hurdle updates",2,1539,3.36100000000079,""
"Oregon",2025-01-02,"calendar","hurdle_ztpoisson",907.305718704764,0,0.00687371926946934,"pass",TRUE,TRUE,TRUE,FALSE,0.0804565578007697,0.834369880517404,0.91956567381836,0.91956567381836,"anchored sequential hurdle updates",14,1539,3.64000000000033,""
"Oregon",2025-01-02,"compressed","cumulative_poisson",1887.20868468693,0,0.000116305638520831,"pass",TRUE,TRUE,TRUE,TRUE,0.0222707747949027,0.950670298776439,0.998360687466643,0.97772922520731,"anchored independent signed-Poisson update approximation",0,648,1.72000000000025,""
"Oregon",2025-01-02,"compressed","cumulative_nb",2070.69822484157,0,0.000366917690060475,"pass",TRUE,TRUE,TRUE,TRUE,0.0294933500106618,0.940108103122227,0.992977883077251,0.970506650104071,"anchored independent signed-Poisson update approximation",0,648,2.04500000000007,""
"Oregon",2025-01-02,"compressed","hurdle_ztnb",375.234425526885,0,0.000758500028986919,"pass",TRUE,TRUE,TRUE,FALSE,0.0312174451566312,0.930838173577417,0.972181037199571,0.968782597343221,"anchored sequential hurdle updates",0,648,2.54899999999998,""
"Oregon",2025-01-02,"compressed","hurdle_ztpoisson",477.983236521312,0,0.00375202146380538,"pass",TRUE,TRUE,TRUE,FALSE,0.0390372454703528,0.919782107182917,0.965255409259526,0.960962809661343,"anchored sequential hurdle updates",0,648,2.58500000000004,""
"Oregon",2025-02-15,"calendar","cumulative_poisson",5302.73838897338,0,0.00206051667566243,"pass",TRUE,TRUE,TRUE,TRUE,0.00825076432345532,0.760765746342333,0.999890543907907,0.991749235678255,"anchored independent signed-Poisson update approximation",0,1728,2.69800000000032,""
"Oregon",2025-02-15,"calendar","cumulative_nb",5161.22860800997,0,0.00531274907954149,"pass",TRUE,TRUE,TRUE,TRUE,0.0174655263891612,0.766243907981557,0.982534939961045,0.982534939961045,"anchored independent signed-Poisson update approximation",0,1728,4.82399999999961,"NA/NaN function evaluation"
"Oregon",2025-02-15,"calendar","hurdle_ztnb",916.933129041547,0,0.000175989229841855,"pass",TRUE,TRUE,TRUE,FALSE,0.0376337937077845,0.828136788403194,0.962372763795106,0.962372763795106,"anchored sequential hurdle updates",0,1728,3.79299999999967,""
"Oregon",2025-02-15,"calendar","hurdle_ztpoisson",1226.50509550869,0,0.0276999357408006,"pass",TRUE,TRUE,TRUE,FALSE,0.143606094098098,0.826385707133036,0.906471722111892,0.856406773795744,"anchored sequential hurdle updates",6,1728,3.67100000000028,""
"Oregon",2025-02-15,"compressed","cumulative_poisson",2381.13491893212,0,0.00304964411527031,"pass",TRUE,TRUE,TRUE,TRUE,0.0149917877616237,0.928242122979332,0.999999998036547,0.985008212238376,"anchored independent signed-Poisson update approximation",0,783,1.84199999999964,""
"Oregon",2025-02-15,"compressed","cumulative_nb",2575.56443156562,0,0.000611877367724389,"pass",TRUE,TRUE,TRUE,TRUE,0.0159529594643603,0.931395387986128,0.999999996446481,0.98404704053564,"anchored independent signed-Poisson update approximation",0,783,2.23999999999978,""
"Oregon",2025-02-15,"compressed","hurdle_ztnb",500.560262149789,0,0.000349936145907392,"pass",TRUE,TRUE,TRUE,FALSE,0.0341486794742924,0.883387928462607,0.965853604215041,0.965853604215041,"anchored sequential hurdle updates",0,783,2.82099999999991,""
"Oregon",2025-02-15,"compressed","hurdle_ztpoisson",650.88667773626,0,0.00183804715316666,"pass",TRUE,TRUE,TRUE,FALSE,0.0285469888761871,0.922118069864627,0.971490643496998,0.97145305221001,"anchored sequential hurdle updates",0,783,2.75500000000011,""
"Oregon",2025-03-29,"calendar","cumulative_poisson",5868.00468744325,0,0.00947521499337878,"pass",TRUE,TRUE,TRUE,TRUE,0.00387738157628513,0.76915365032935,0.996122618460165,0.996122618460165,"anchored independent signed-Poisson update approximation",0,1890,2.94200000000001,""
"Oregon",2025-03-29,"calendar","cumulative_nb",5764.32406424511,0,3.97824518654707e-05,"pass",TRUE,TRUE,TRUE,TRUE,0.0156013006885351,0.777025807263334,0.999976173215877,0.987716465190032,"anchored independent signed-Poisson update approximation",1,1890,6.27899999999954,"NA/NaN function evaluation"
"Oregon",2025-03-29,"calendar","hurdle_ztnb",1050.19428482162,0,6.03017327591715e-05,"pass",TRUE,TRUE,TRUE,FALSE,0.034273215926943,0.823076269738701,0.965733451271961,0.965733451271961,"anchored sequential hurdle updates",0,1890,4.03400000000056,""
"Oregon",2025-03-29,"calendar","hurdle_ztpoisson",1462.3570788463,0,0.0193627831376171,"pass",TRUE,TRUE,TRUE,FALSE,0.149817270345151,0.823819205210125,0.916211415838283,0.850194658075963,"anchored sequential hurdle updates",1,1890,4.08799999999974,""
"Oregon",2025-04-26,"calendar","cumulative_poisson",6254.93115836876,0,0.00379665565776488,"pass",TRUE,TRUE,TRUE,TRUE,0.00338449040002836,0.768699664852945,0.996615509641334,0.996615509641334,"anchored independent signed-Poisson update approximation",0,1998,3.08399999999983,""
"Oregon",2025-04-26,"calendar","cumulative_nb",6194.7471676835,0,0.00396627408133421,"pass",TRUE,TRUE,TRUE,TRUE,0.00936665036690861,0.770260441843636,0.990633560257169,0.990633560257169,"anchored independent signed-Poisson update approximation",0,1998,6.57200000000012,"NA/NaN function evaluation"
"Oregon",2025-04-26,"calendar","hurdle_ztnb",1134.25315942505,0,0.00493289723437806,"pass",TRUE,TRUE,TRUE,FALSE,0.0332295601374731,0.819714614443153,0.966776937065876,0.966776937065876,"anchored sequential hurdle updates",2,1998,4.28700000000026,""
"Oregon",2025-04-26,"calendar","hurdle_ztpoisson",1563.36642657319,0,0.00691079797416454,"pass",TRUE,TRUE,TRUE,FALSE,0.145155240166102,0.825297192431037,0.905983835662453,0.854856206090414,"anchored sequential hurdle updates",0,1998,4.13599999999951,""
"Oregon",2025-05-31,"calendar","cumulative_poisson",6735.08955117672,0,0.00482044229931589,"pass",TRUE,TRUE,TRUE,TRUE,0.00384679151428574,0.767308310082784,0.996153208615811,0.996153208615811,"anchored independent signed-Poisson update approximation",0,2133,3.39099999999962,""
"Oregon",2025-05-31,"calendar","cumulative_nb",6736.61864935958,0,0.00240996456946174,"pass",TRUE,TRUE,TRUE,TRUE,0.00876821253591338,0.771164986278899,0.99123193874205,0.99123193874205,"anchored independent signed-Poisson update approximation",0,2133,7.19100000000071,"NA/NaN function evaluation"
"Oregon",2025-05-31,"calendar","hurdle_ztnb",1245.12437668614,0,0.00064995632518805,"pass",TRUE,TRUE,TRUE,FALSE,0.0295373717920025,0.81575287084816,0.970469177844924,0.970469177844924,"anchored sequential hurdle updates",13,2133,4.48899999999958,""
"Oregon",2025-05-31,"calendar","hurdle_ztpoisson",1685.34740492533,0,0.0219604280763915,"pass",TRUE,TRUE,TRUE,FALSE,0.143612762222324,0.821631260838932,0.895173065542875,0.856401500517818,"anchored sequential hurdle updates",0,2133,4.37700000000041,""
"Oregon",2025-05-31,"compressed","cumulative_poisson",3835.90509404227,0,0.00687135683747481,"pass",TRUE,TRUE,TRUE,TRUE,0.00297690170606393,0.890507474321957,0.997372056655049,0.997023098301394,"anchored independent signed-Poisson update approximation",0,1188,2.1899999999996,""
"Oregon",2025-05-31,"compressed","cumulative_nb",4070.00010079388,0,0.00753688278027975,"pass",TRUE,TRUE,TRUE,TRUE,0.00359534709056475,0.888973655843613,0.997119389312846,0.996404652919491,"anchored independent signed-Poisson update approximation",0,1188,2.83500000000004,""
"Oregon",2025-05-31,"compressed","hurdle_ztnb",834.115725526791,0,0.000139658522537278,"pass",TRUE,TRUE,TRUE,FALSE,0.0264786123945943,0.881668428117491,0.973523754548699,0.973523754548699,"anchored sequential hurdle updates",16,1188,3.88199999999961,""
"Oregon",2025-05-31,"compressed","hurdle_ztpoisson",1096.76220704112,0,0.00808692966036362,"pass",TRUE,TRUE,TRUE,FALSE,0.0432472649503192,0.901939099029287,0.956753073890035,0.956753073890035,"anchored sequential hurdle updates",0,1188,3.47700000000077,""
"Pennsylvania",2025-01-02,"calendar","cumulative_poisson",13832.6520933785,0,0.00802904852248854,"pass",TRUE,TRUE,TRUE,TRUE,0.00236130788733262,0.896513062795119,0.997639266560158,0.997639266560158,"anchored independent signed-Poisson update approximation",0,1539,2.46199999999953,""
"Pennsylvania",2025-01-02,"calendar","cumulative_nb",8103.19514633105,0,0.000561041809881146,"pass",TRUE,TRUE,TRUE,TRUE,0.0573857369346036,0.371027907336687,0.9426734456336,0.9426734456336,"anchored independent signed-Poisson update approximation",0,1539,3.50600000000031,"NA/NaN function evaluation"
"Pennsylvania",2025-01-02,"calendar","hurdle_ztnb",968.479285494927,0,0.000720173969669169,"pass",TRUE,TRUE,TRUE,FALSE,0.0509854154581343,0.845936830930087,0.949032903331463,0.949032903331463,"anchored sequential hurdle updates",0,1539,3.53099999999995,""
"Pennsylvania",2025-01-02,"calendar","hurdle_ztpoisson",1301.0558419876,0,0.0133461555176794,"pass",TRUE,TRUE,TRUE,FALSE,0.0272072839512201,0.954489952687036,0.981634265910571,0.972823693373959,"anchored sequential hurdle updates",45,1539,3.47400000000016,""
"Pennsylvania",2025-01-02,"compressed","cumulative_poisson",2554.14007590724,0,0.000474090625660693,"pass",TRUE,TRUE,TRUE,TRUE,0.0202676484708483,0.979732351529206,1,0.979732351529206,"anchored independent signed-Poisson update approximation",0,648,1.86300000000028,"NA/NaN function evaluation"
"Pennsylvania",2025-01-02,"compressed","cumulative_nb",2801.13074639355,0,0.000866682214172854,"pass",TRUE,TRUE,TRUE,TRUE,0.00329925101781347,0.996700748982187,0.999970094195655,0.996700748982187,"anchored independent signed-Poisson update approximation",0,648,2.17299999999977,"NA/NaN function evaluation"
"Pennsylvania",2025-01-02,"compressed","hurdle_ztnb",709.161114008996,0,0.00102422766010246,"pass",TRUE,TRUE,TRUE,FALSE,0.0400393803081298,0.957945229980308,0.979309991134634,0.959965130444474,"anchored sequential hurdle updates",0,648,2.99799999999959,""
"Pennsylvania",2025-01-02,"compressed","hurdle_ztpoisson",891.085923783234,0,0.0073480606342271,"pass",TRUE,TRUE,TRUE,FALSE,0.0266356361755235,0.972658546908692,0.985646583786564,0.973377259749857,"anchored sequential hurdle updates",0,648,2.90599999999995,""
"Pennsylvania",2025-02-15,"calendar","cumulative_poisson",19049.719372363,0,0.0456496404753945,"pass",TRUE,TRUE,TRUE,TRUE,0.00122543517736385,0.838721311972097,0.998774566794691,0.998774566794691,"anchored independent signed-Poisson update approximation",0,1728,2.83500000000004,""
"Pennsylvania",2025-02-15,"calendar","cumulative_nb",9274.81250526678,0,0.00147329406682928,"pass",TRUE,TRUE,TRUE,TRUE,0.05549460433273,0.39568117795931,0.944563049165185,0.944563049165185,"anchored independent signed-Poisson update approximation",0,1728,3.88400000000001,""
"Pennsylvania",2025-02-15,"calendar","hurdle_ztnb",1146.49370992255,0,0.00237815909519057,"pass",TRUE,TRUE,TRUE,FALSE,0.0611314116408283,0.802824208441404,0.938891709719665,0.938891709719665,"anchored sequential hurdle updates",3,1728,3.85499999999956,""
"Pennsylvania",2025-02-15,"calendar","hurdle_ztpoisson",2364.10999279132,0,0.00352925064470355,"pass",TRUE,TRUE,TRUE,FALSE,0.024065063487134,0.967592899275022,0.981627486770685,0.975935709930861,"anchored sequential hurdle updates",0,1728,4.03200000000015,""
"Pennsylvania",2025-03-29,"calendar","cumulative_poisson",20178.8126450644,0,0.00507573812650008,"pass",TRUE,TRUE,TRUE,TRUE,0.00115107914368588,0.860417623138771,0.998849099713851,0.998849099713851,"anchored independent signed-Poisson update approximation",0,1890,3.40500000000065,""
"Pennsylvania",2025-03-29,"calendar","cumulative_nb",10409.9233396035,0,0.00169176354238865,"pass",TRUE,TRUE,TRUE,TRUE,0.0476290963007207,0.409707521423839,0.952423286565675,0.952423286565675,"anchored independent signed-Poisson update approximation",0,1890,4.33799999999974,"NA/NaN function evaluation"
"Pennsylvania",2025-03-29,"calendar","hurdle_ztnb",1343.62896791486,0,0.000316365396286322,"pass",TRUE,TRUE,TRUE,FALSE,0.0437189766117195,0.823927926465245,0.956296441781571,0.956296441781571,"anchored sequential hurdle updates",2,1890,4.17900000000009,""
"Pennsylvania",2025-03-29,"calendar","hurdle_ztpoisson",3179.31819475015,0,0.00576129031915651,"pass",TRUE,TRUE,TRUE,FALSE,0.0194293456358272,0.972228844102061,0.982030089786747,0.980571265423246,"anchored sequential hurdle updates",0,1890,4.2470000000003,""
"Pennsylvania",2025-03-29,"compressed","cumulative_poisson",3841.0643378914,0,0.00221452933735677,"pass",TRUE,TRUE,TRUE,TRUE,0.0181884716437568,0.981811528356584,1,0.981811528356584,"anchored independent signed-Poisson update approximation",0,945,2.24600000000009,""
"Pennsylvania",2025-03-29,"compressed","cumulative_nb",4120.27597698651,0,0.00308378078934812,"pass",TRUE,TRUE,TRUE,TRUE,0.0170419979150993,0.982958002085309,1,0.982958002085309,"anchored independent signed-Poisson update approximation",0,945,2.85199999999986,"NA/NaN function evaluation"
"Pennsylvania",2025-03-29,"compressed","hurdle_ztnb",1009.99051214219,0,0.00110580209306388,"pass",TRUE,TRUE,TRUE,FALSE,0.0660683560638331,0.91959582408678,0.952917371176144,0.933987570638814,"anchored sequential hurdle updates",4,945,3.53999999999996,""
"Pennsylvania",2025-03-29,"compressed","hurdle_ztpoisson",1842.79991382344,0,0.00543030187606175,"pass",TRUE,TRUE,TRUE,FALSE,0.0313890385864195,0.968637195497894,0.990166223320972,0.968637195497894,"anchored sequential hurdle updates",0,945,3.59299999999985,""
"Pennsylvania",2025-04-26,"calendar","cumulative_poisson",20759.3476512415,0,0.00839390331801648,"pass",TRUE,TRUE,TRUE,TRUE,0.00119626436957005,0.86945511518781,0.998803973712418,0.998803973712418,"anchored independent signed-Poisson update approximation",0,1998,3.57899999999972,""
"Pennsylvania",2025-04-26,"calendar","cumulative_nb",11213.9756194854,0,0.00118311159639894,"pass",TRUE,TRUE,TRUE,TRUE,0.0459287305651394,0.420073617930854,0.954123297468592,0.954123297468592,"anchored independent signed-Poisson update approximation",0,1998,4.33700000000044,"NA/NaN function evaluation"
"Pennsylvania",2025-04-26,"calendar","hurdle_ztnb",1416.38438787778,0,0.00103949843012341,"pass",TRUE,TRUE,TRUE,FALSE,0.0387059872948956,0.833501210226331,0.961306769311934,0.961306769311934,"anchored sequential hurdle updates",6,1998,4.38699999999972,""
"Pennsylvania",2025-04-26,"calendar","hurdle_ztpoisson",3332.64632897227,0,0.0149787334070766,"pass",TRUE,TRUE,TRUE,FALSE,0.0192185242726177,0.971687666594796,0.980782137078973,0.980782137078973,"anchored sequential hurdle updates",0,1998,4.67100000000028,""
"Pennsylvania",2025-05-31,"calendar","cumulative_poisson",21465.4271885217,0,0.00854412181647501,"pass",TRUE,TRUE,TRUE,TRUE,0.0012854491350087,0.871384053227074,0.998714704564042,0.998714704564042,"anchored independent signed-Poisson update approximation",0,2133,4.07899999999972,""
"Pennsylvania",2025-05-31,"calendar","cumulative_nb",12247.9029689985,0,0.00622887296727004,"pass",TRUE,TRUE,TRUE,TRUE,0.0459466387332339,0.437092798514324,0.954105686448811,0.954105686448811,"anchored independent signed-Poisson update approximation",0,2133,5.02400000000034,"NA/NaN function evaluation"
"Pennsylvania",2025-05-31,"calendar","hurdle_ztnb",1510.58452225189,0,0.00190381721367328,"pass",TRUE,TRUE,TRUE,FALSE,0.03307612440714,0.839725714175795,0.966934304628657,0.966934304628657,"anchored sequential hurdle updates",7,2133,4.51699999999983,""
"Pennsylvania",2025-05-31,"calendar","hurdle_ztpoisson",3719.69708841891,0,0.00715717889409459,"pass",TRUE,TRUE,TRUE,FALSE,0.0186277322480442,0.971596191841962,0.981372953258238,0.981372953258238,"anchored sequential hurdle updates",0,2133,4.9369999999999,""
"Pennsylvania",2025-05-31,"compressed","cumulative_poisson",5034.47918155467,0,0.00176660107674109,"pass",TRUE,TRUE,TRUE,TRUE,0.00112058311291376,0.980999060100916,0.999638329062886,0.998879416890344,"anchored independent signed-Poisson update approximation",0,1188,2.35099999999966,""
"Pennsylvania",2025-05-31,"compressed","cumulative_nb",5332.11760608186,0,0.000695114552295095,"pass",TRUE,TRUE,TRUE,TRUE,0.00164953667201491,0.979379174992314,0.999504582474382,0.998350463332434,"anchored independent signed-Poisson update approximation",0,1188,3.52500000000055,""
"Pennsylvania",2025-05-31,"compressed","hurdle_ztnb",1171.97144383119,0,0.00143890552379844,"pass",TRUE,TRUE,TRUE,FALSE,0.0437894314701748,0.927412998856571,0.962573630633813,0.95624464745285,"anchored sequential hurdle updates",14,1188,3.77900000000045,""
"Pennsylvania",2025-05-31,"compressed","hurdle_ztpoisson",2485.35374832174,0,0.00385816015086911,"pass",TRUE,TRUE,TRUE,FALSE,0.0247251229143715,0.972994713290601,0.986629211823561,0.975290531599683,"anchored sequential hurdle updates",0,1188,4.01699999999983,""
"Puerto Rico",2025-01-02,"calendar","cumulative_poisson",5164.3377147435,0,0.00219881180986192,"pass",TRUE,TRUE,TRUE,TRUE,0.0229566101021685,0.809265190662648,0.977043438787828,0.977043438787828,"anchored independent signed-Poisson update approximation",0,1539,2.39199999999983,""
"Puerto Rico",2025-01-02,"calendar","cumulative_nb",5239.71356744653,0,0.000602158666184627,"pass",TRUE,TRUE,TRUE,TRUE,0.0262199526861857,0.812550016080281,0.973782593192668,0.973782593192668,"anchored independent signed-Poisson update approximation",0,1539,3.53300000000036,""
"Puerto Rico",2025-01-02,"calendar","hurdle_ztnb",740.236258797344,0,0.000100042228488029,"pass",TRUE,TRUE,TRUE,FALSE,0.0909063579556413,0.675671907826642,0.909132811499999,0.909132811499999,"anchored sequential hurdle updates",31,1539,3.34000000000015,""
"Puerto Rico",2025-01-02,"calendar","hurdle_ztpoisson",816.323639731212,0,0.00346910886578122,"pass",TRUE,TRUE,TRUE,FALSE,0.105832671334128,0.818988461957145,0.894192918263941,0.894192918263941,"anchored sequential hurdle updates",21,1539,3.30000000000018,""
"Puerto Rico",2025-01-02,"compressed","cumulative_poisson",2217.40350597204,0,0.000656365124772407,"pass",TRUE,TRUE,TRUE,TRUE,0.0581556007560638,0.924023816437802,0.957059563309709,0.941851021358182,"anchored independent signed-Poisson update approximation",0,648,1.69899999999961,""
"Puerto Rico",2025-01-02,"compressed","cumulative_nb",2430.1947476915,0,0.0026264861536667,"pass",TRUE,TRUE,TRUE,TRUE,0.0632788916627511,0.916825889871825,0.95264738508395,0.936728174698213,"anchored independent signed-Poisson update approximation",0,648,2.01000000000022,""
"Puerto Rico",2025-01-02,"compressed","hurdle_ztnb",430.721424546147,0,0.000118401347485309,"pass",TRUE,TRUE,TRUE,FALSE,0.0385237032327593,0.952994251382353,0.961483424160215,0.961483424160215,"anchored sequential hurdle updates",4,648,2.67799999999988,""
"Puerto Rico",2025-01-02,"compressed","hurdle_ztpoisson",432.361803529593,0,0.0125811703576956,"pass",TRUE,TRUE,TRUE,FALSE,0.02993692688198,0.961295342319449,0.970853068307534,0.970070070349459,"anchored sequential hurdle updates",0,648,2.55699999999979,""
"Puerto Rico",2025-02-15,"calendar","cumulative_poisson",7698.08107003496,0,0.00439349940258324,"pass",TRUE,TRUE,TRUE,TRUE,0.00681438643835542,0.672267151674197,0.999999794162396,0.993185613561645,"anchored independent signed-Poisson update approximation",0,1728,2.76000000000022,""
"Puerto Rico",2025-02-15,"calendar","cumulative_nb",6311.55681226309,0,0.000931319948000997,"pass",TRUE,TRUE,TRUE,TRUE,0.0221599710491203,0.693812953316809,0.977846103055009,0.977846103055009,"anchored independent signed-Poisson update approximation",0,1728,5.19999999999982,"NA/NaN function evaluation"
"Puerto Rico",2025-02-15,"calendar","hurdle_ztnb",1121.3801110083,0,0.000241463024125199,"pass",TRUE,TRUE,TRUE,FALSE,0.144970281204231,0.422115869502941,0.85514647250343,0.85514647250343,"anchored sequential hurdle updates",30,1728,3.86499999999978,""
"Puerto Rico",2025-02-15,"calendar","hurdle_ztpoisson",2626.34788087324,0,0.0148026207347383,"pass",TRUE,TRUE,TRUE,FALSE,0.223471912330723,0.608620708050211,0.776748070402503,0.776748070402503,"anchored sequential hurdle updates",12,1728,3.85400000000027,""
"Puerto Rico",2025-02-15,"compressed","cumulative_poisson",3351.3792489945,0,0.000434779547432318,"pass",TRUE,TRUE,TRUE,TRUE,0.0205765148766618,0.928937462567945,0.999428095049742,0.979423556826918,"anchored independent signed-Poisson update approximation",0,783,1.90599999999995,""
"Puerto Rico",2025-02-15,"compressed","cumulative_nb",3268.98313194207,0,0.00170521657403355,"pass",TRUE,TRUE,TRUE,TRUE,0.0354614213959149,0.894508775203535,0.993688315653043,0.964539512665134,"anchored independent signed-Poisson update approximation",0,783,2.24200000000019,""
"Puerto Rico",2025-02-15,"compressed","hurdle_ztnb",657.286537560567,0,0.00237149177863605,"pass",TRUE,TRUE,TRUE,FALSE,0.211019517908501,0.708332050612482,0.792304317656603,0.789117688038155,"anchored sequential hurdle updates",44,783,2.82700000000023,""
"Puerto Rico",2025-02-15,"compressed","hurdle_ztpoisson",1812.78982240249,0,0.0244214736378346,"pass",TRUE,TRUE,TRUE,FALSE,0.410768100675084,0.589713266649895,0.835733429223951,0.589713266649895,"anchored sequential hurdle updates",0,783,2.84900000000016,""
"Puerto Rico",2025-03-29,"calendar","cumulative_poisson",11647.3993417408,0,0.00277340472172408,"pass",TRUE,TRUE,TRUE,TRUE,0.00110671524872331,0.626337490532189,0.998893465127193,0.998893465127193,"anchored independent signed-Poisson update approximation",0,1890,3.00699999999961,""
"Puerto Rico",2025-03-29,"calendar","cumulative_nb",7282.76781378958,0,0.00147937549540345,"pass",TRUE,TRUE,TRUE,TRUE,0.0309170851116369,0.586161325211861,0.969106282488236,0.969106282488236,"anchored independent signed-Poisson update approximation",0,1890,4.36499999999978,""
"Puerto Rico",2025-03-29,"calendar","hurdle_ztnb",1495.79052135051,0,0.000526893043058863,"pass",TRUE,TRUE,TRUE,FALSE,0.106027017150998,0.354336011398843,0.894127576417097,0.894127576417097,"anchored sequential hurdle updates",12,1890,4.63500000000022,""
"Puerto Rico",2025-03-29,"calendar","hurdle_ztpoisson",5779.65917259892,0,0.00490657256224125,"pass",TRUE,TRUE,TRUE,FALSE,0.116818269688044,0.720487532328591,0.883241974708148,0.883241974708148,"anchored sequential hurdle updates",0,1890,4.38500000000022,""
"Puerto Rico",2025-03-29,"compressed","cumulative_poisson",6828.26472642179,0,0.00172599679269494,"pass",TRUE,TRUE,TRUE,TRUE,0.00152575515481827,0.79415452416252,0.99847459079741,0.99847459079741,"anchored independent signed-Poisson update approximation",0,945,2.00500000000011,""
"Puerto Rico",2025-03-29,"compressed","cumulative_nb",4424.03605492422,0,0.000424240016427198,"pass",TRUE,TRUE,TRUE,TRUE,0.0190556179809951,0.841271746474204,0.980945538864502,0.980945538864502,"anchored independent signed-Poisson update approximation",0,945,2.39799999999923,""
"Puerto Rico",2025-03-29,"compressed","hurdle_ztnb",944.958889375235,0,0.000254441213824563,"pass",TRUE,TRUE,TRUE,FALSE,0.157575288976331,0.521784683046574,0.842631758601571,0.842631758601571,"anchored sequential hurdle updates",26,945,3.30799999999999,""
"Puerto Rico",2025-03-29,"compressed","hurdle_ztpoisson",4475.63398720027,0,0.00458093827053574,"pass",TRUE,TRUE,TRUE,FALSE,0.0962773686469496,0.798019332302162,0.92125461020641,0.904052239287417,"anchored sequential hurdle updates",0,945,3.35500000000047,""
"Puerto Rico",2025-04-26,"calendar","cumulative_poisson",13650.9660975089,0,0.00868707866498397,"pass",TRUE,TRUE,TRUE,TRUE,0.000847808823942837,0.611436453417084,0.999153165190174,0.999153165190174,"anchored independent signed-Poisson update approximation",0,1998,3.19500000000062,""
"Puerto Rico",2025-04-26,"calendar","cumulative_nb",7915.57085980605,0,0.000874406208267453,"pass",TRUE,TRUE,TRUE,TRUE,0.0346090641332206,0.573419727450697,0.965421613968778,0.965421613968778,"anchored independent signed-Poisson update approximation",0,1998,6.04699999999957,"NA/NaN function evaluation"
"Puerto Rico",2025-04-26,"calendar","hurdle_ztnb",1565.14209576606,0,0.00323844797759687,"pass",TRUE,TRUE,TRUE,FALSE,0.0992785870157258,0.37476132412284,0.900869435145064,0.900869435145064,"anchored sequential hurdle updates",9,1998,4.95499999999993,""
"Puerto Rico",2025-04-26,"calendar","hurdle_ztpoisson",5597.26695816196,0,0.022467985939258,"pass",TRUE,TRUE,TRUE,FALSE,0.827747197096844,0.199534817558681,0.921778283186619,0.199534817558681,"anchored sequential hurdle updates",89,1998,4.57300000000032,""
"Puerto Rico",2025-04-26,"compressed","cumulative_poisson",8457.33131854998,0,0.00130303735467674,"pass",TRUE,TRUE,TRUE,TRUE,0.00116914908814636,0.740626903409936,0.998831622109476,0.998831622109476,"anchored independent signed-Poisson update approximation",0,1053,2.13799999999992,""
"Puerto Rico",2025-04-26,"compressed","cumulative_nb",5011.88822200857,0,0.00081957626221113,"pass",TRUE,TRUE,TRUE,TRUE,0.0179680687267423,0.828064858120995,0.98203372412937,0.98203372412937,"anchored independent signed-Poisson update approximation",0,1053,2.55400000000009,""
"Puerto Rico",2025-04-26,"compressed","hurdle_ztnb",1009.69407997219,0,0.000773465525417572,"pass",TRUE,TRUE,TRUE,FALSE,0.138687075570079,0.551871965729207,0.861512094228333,0.861512094228333,"anchored sequential hurdle updates",20,1053,3.48199999999997,""
"Puerto Rico",2025-04-26,"compressed","hurdle_ztpoisson",3909.50527380996,0,0.0496290201163667,"pass",TRUE,TRUE,TRUE,FALSE,0.793527774977413,0.214096213950292,0.911575818703806,0.214096213950292,"anchored sequential hurdle updates",217,1053,3.54699999999957,""
"Puerto Rico",2025-05-31,"calendar","cumulative_poisson",15067.1573572255,0,0.0229876907817883,"pass",TRUE,TRUE,TRUE,TRUE,0.000755023193223547,0.608923980391136,0.999246542599332,0.999246542599332,"anchored independent signed-Poisson update approximation",0,2133,3.52100000000064,""
"Puerto Rico",2025-05-31,"calendar","cumulative_nb",8703.61082080152,0,0.00262485555033809,"pass",TRUE,TRUE,TRUE,TRUE,0.0347626640377717,0.583501952254772,0.965269294960116,0.965269294960116,"anchored independent signed-Poisson update approximation",0,2133,7.6880000000001,"NA/NaN function evaluation"
"Puerto Rico",2025-05-31,"calendar","hurdle_ztnb",1669.84042607332,0,0.00327445840602003,"pass",TRUE,TRUE,TRUE,FALSE,0.10023580291653,0.416866645536914,0.899898031892731,0.899898031892731,"anchored sequential hurdle updates",13,2133,4.8720000000003,""
"Puerto Rico",2025-05-31,"calendar","hurdle_ztpoisson",5865.20068433692,0,0.0318683481891853,"pass",TRUE,TRUE,TRUE,FALSE,0.82921543519064,0.200062166407864,0.919897988441301,0.200062166407864,"anchored sequential hurdle updates",117,2133,4.86899999999969,""
"Puerto Rico",2025-05-31,"compressed","cumulative_poisson",9648.11313621436,0,0.00238950486654732,"pass",TRUE,TRUE,TRUE,TRUE,0.0010255427902447,0.714834914547579,0.998975519327621,0.998975519327621,"anchored independent signed-Poisson update approximation",0,1188,2.19700000000012,""
"Puerto Rico",2025-05-31,"compressed","cumulative_nb",5725.04153758056,0,0.00589260781624945,"pass",TRUE,TRUE,TRUE,TRUE,0.0160404087298596,0.820075485659276,0.983961867241613,0.983961867241613,"anchored independent signed-Poisson update approximation",0,1188,2.73599999999988,""
"Puerto Rico",2025-05-31,"compressed","hurdle_ztnb",1105.79374722777,0,0.000517435591203874,"pass",TRUE,TRUE,TRUE,FALSE,0.127167475179642,0.597911163688172,0.872981011932864,0.872981011932864,"anchored sequential hurdle updates",7,1188,3.72900000000027,""
"Puerto Rico",2025-05-31,"compressed","hurdle_ztpoisson",4092.07959876742,0,0.0179055686322371,"pass",TRUE,TRUE,TRUE,FALSE,0.786650273380482,0.220764687298326,0.916365373294953,0.220764687298326,"anchored sequential hurdle updates",242,1188,3.74499999999989,"NA/NaN function evaluation"
"Rhode Island",2025-01-02,"calendar","cumulative_poisson",2053.70914741378,0,0.00020704124638804,"pass",TRUE,TRUE,TRUE,TRUE,0.147587815589417,0.811229399946457,0.864980941790387,0.8524197404009,"anchored independent signed-Poisson update approximation",0,1539,2.33699999999953,""
"Rhode Island",2025-01-02,"calendar","cumulative_nb",2222.1113719557,0,5.35518040097457e-05,"pass",TRUE,TRUE,TRUE,TRUE,0.143695190972027,0.809784235662172,0.869203938133027,0.856312223130314,"anchored independent signed-Poisson update approximation",3,1539,3.84400000000005,"NA/NaN function evaluation"
"Rhode Island",2025-01-02,"calendar","hurdle_ztnb",351.319603881096,0,9.08405021338154e-05,"pass",TRUE,TRUE,TRUE,FALSE,0.0212014721608539,0.903452675212337,0.978800992522788,0.978800992522788,"anchored sequential hurdle updates",2,1539,2.96600000000035,""
"Rhode Island",2025-01-02,"calendar","hurdle_ztpoisson",350.329062444276,0,0.000386654839515388,"pass",TRUE,TRUE,TRUE,FALSE,0.032356673310856,0.880416106335256,0.967647257590801,0.967647257590801,"anchored sequential hurdle updates",1,1539,2.81800000000021,""
"Rhode Island",2025-01-02,"compressed","cumulative_poisson",1301.92656744836,0,0.000276276616237511,"pass",TRUE,TRUE,TRUE,TRUE,0.0856719588081724,0.914328063164396,0.951256472806511,0.914328063164396,"anchored independent signed-Poisson update approximation",1,648,1.76299999999992,""
"Rhode Island",2025-01-02,"compressed","cumulative_nb",1453.65237925663,0,0.000565664201098266,"pass",TRUE,TRUE,TRUE,TRUE,0.163590726963336,0.819860169356591,0.856750685084439,0.836417431126747,"anchored independent signed-Poisson update approximation",7,648,2.00900000000001,""
"Rhode Island",2025-01-02,"compressed","hurdle_ztnb",288.019307867372,0,0.000228043324566607,"pass",TRUE,TRUE,TRUE,FALSE,0.0421702758041391,0.957830411776119,0.9989270726896,0.957830411776119,"anchored sequential hurdle updates",43,648,2.44899999999961,""
"Rhode Island",2025-01-02,"compressed","hurdle_ztpoisson",281.240852078059,0,0.000413046057812561,"pass",TRUE,TRUE,TRUE,FALSE,0.0418328761633035,0.958168414336383,0.998607964500265,0.958168414336383,"anchored sequential hurdle updates",24,648,2.38799999999992,""
"Rhode Island",2025-02-15,"calendar","cumulative_poisson",2437.08582732072,0,0.00137750132336556,"pass",TRUE,TRUE,TRUE,TRUE,0.0835696526905064,0.74239973639095,0.953815313791396,0.916434472096455,"anchored independent signed-Poisson update approximation",0,1728,2.55299999999988,""
"Rhode Island",2025-02-15,"calendar","cumulative_nb",2580.84845673554,0,0.00272011755630031,"pass",TRUE,TRUE,TRUE,TRUE,0.0908891258884268,0.746818962312556,0.941698295775487,0.909114054072021,"anchored independent signed-Poisson update approximation",0,1728,4.08500000000004,""
"Rhode Island",2025-02-15,"calendar","hurdle_ztnb",475.376696873973,0,0.000438560349665273,"pass",TRUE,TRUE,TRUE,FALSE,0.0336530034979953,0.81041667121599,0.966352788794152,0.966352788794152,"anchored sequential hurdle updates",0,1728,3.16100000000006,""
"Rhode Island",2025-02-15,"calendar","hurdle_ztpoisson",481.831082238534,0,0.0048391390952871,"pass",TRUE,TRUE,TRUE,FALSE,0.0625949387603317,0.769558706143526,0.937412504309528,0.937412504309528,"anchored sequential hurdle updates",0,1728,3.23599999999988,""
"Rhode Island",2025-02-15,"compressed","cumulative_poisson",1659.3829817664,0,0.000124018706709528,"pass",TRUE,TRUE,TRUE,TRUE,0.158932001635355,0.808529010228226,0.861023317164863,0.841072902509648,"anchored independent signed-Poisson update approximation",0,783,1.87900000000081,""
"Rhode Island",2025-02-15,"compressed","cumulative_nb",1824.20725163051,0,0.00607797348265993,"pass",TRUE,TRUE,TRUE,TRUE,0.0843399744105441,0.892119517510476,0.952351181944514,0.915660071839003,"anchored independent signed-Poisson update approximation",0,783,2.5019999999995,"NA/NaN function evaluation"
"Rhode Island",2025-02-15,"compressed","hurdle_ztnb",388.431725790789,0,0.00109891400670503,"pass",TRUE,TRUE,TRUE,FALSE,0.0534086495924911,0.934916688586702,0.995937218571413,0.946596139500389,"anchored sequential hurdle updates",11,783,2.72499999999945,""
"Rhode Island",2025-02-15,"compressed","hurdle_ztpoisson",358.183506565216,0,0.00957342601043798,"pass",TRUE,TRUE,TRUE,FALSE,0.101939742564831,0.889952009845619,0.942254010798032,0.898088212655685,"anchored sequential hurdle updates",7,783,2.61100000000079,""
"Rhode Island",2025-03-29,"calendar","cumulative_poisson",2773.00666755799,0,0.00149589326435562,"pass",TRUE,TRUE,TRUE,TRUE,0.0942931997791649,0.742193679918733,0.90570829039966,0.90570829039966,"anchored independent signed-Poisson update approximation",0,1890,2.93000000000029,""
"Rhode Island",2025-03-29,"calendar","cumulative_nb",2932.74093112057,0,0.000658923316962344,"pass",TRUE,TRUE,TRUE,TRUE,0.0969943941346247,0.746027997676007,0.903007170620853,0.903007170620853,"anchored independent signed-Poisson update approximation",0,1890,5.66299999999956,"NA/NaN function evaluation"
"Rhode Island",2025-03-29,"calendar","hurdle_ztnb",567.743822123726,0,0.000169939980120049,"pass",TRUE,TRUE,TRUE,FALSE,0.0269983195669861,0.80074409812864,0.973006498269316,0.973006498269316,"anchored sequential hurdle updates",2,1890,3.39300000000003,""
"Rhode Island",2025-03-29,"calendar","hurdle_ztpoisson",557.269762900661,0,0.00393067744236064,"pass",TRUE,TRUE,TRUE,FALSE,0.0461459753908685,0.785490537254232,0.953861260874348,0.953861260874348,"anchored sequential hurdle updates",0,1890,3.38600000000042,""
"Rhode Island",2025-03-29,"compressed","cumulative_poisson",2102.89706477244,0,0.00270781633851191,"pass",TRUE,TRUE,TRUE,TRUE,0.14034713017422,0.798509689963032,0.859656258182885,0.859656258182885,"anchored independent signed-Poisson update approximation",0,945,2.26900000000023,""
"Rhode Island",2025-03-29,"compressed","cumulative_nb",2282.41815424885,0,0.000194519422059589,"pass",TRUE,TRUE,TRUE,TRUE,0.144856834556262,0.799805182890614,0.855146759439425,0.855146759439425,"anchored independent signed-Poisson update approximation",0,945,2.95899999999983,"NA/NaN function evaluation"
"Rhode Island",2025-03-29,"compressed","hurdle_ztnb",475.17022140047,0,0.00010308138994608,"pass",TRUE,TRUE,TRUE,FALSE,0.0702820475469299,0.870377986604709,0.977487660390286,0.929738853706129,"anchored sequential hurdle updates",11,945,2.85800000000017,""
"Rhode Island",2025-03-29,"compressed","hurdle_ztpoisson",431.136966899707,0,0.00309007901904202,"pass",TRUE,TRUE,TRUE,FALSE,0.106779743410174,0.874050144126009,0.930965284316373,0.89327157197739,"anchored sequential hurdle updates",1,945,2.85599999999977,""
"Rhode Island",2025-04-26,"calendar","cumulative_poisson",3045.68133058401,0,0.00148999522055437,"pass",TRUE,TRUE,TRUE,TRUE,0.090123514703657,0.743924952981082,0.909878242563304,0.909878242563304,"anchored independent signed-Poisson update approximation",1,1998,2.88400000000001,""
"Rhode Island",2025-04-26,"calendar","cumulative_nb",3217.21381612526,0,0.00195524970296834,"pass",TRUE,TRUE,TRUE,TRUE,0.0918236531465775,0.746943251480762,0.908178090545978,0.908178090545978,"anchored independent signed-Poisson update approximation",0,1998,5.57399999999961,"NA/NaN function evaluation"
"Rhode Island",2025-04-26,"calendar","hurdle_ztnb",632.356826020042,0,0.00077900757286109,"pass",TRUE,TRUE,TRUE,FALSE,0.0252040299371602,0.774041260703229,0.974801117177315,0.974801117177315,"anchored sequential hurdle updates",8,1998,3.67200000000048,""
"Rhode Island",2025-04-26,"calendar","hurdle_ztpoisson",628.422783781735,0,0.0023353083151299,"pass",TRUE,TRUE,TRUE,FALSE,0.0312889822442439,0.774028653577679,0.968718549433428,0.968718549433428,"anchored sequential hurdle updates",4,1998,3.55400000000009,""
"Rhode Island",2025-04-26,"compressed","cumulative_poisson",2400.97053317348,0,0.000771635214321997,"pass",TRUE,TRUE,TRUE,TRUE,0.119404890192638,0.809473822583296,0.880597802797812,0.880597802797812,"anchored independent signed-Poisson update approximation",2,1053,2.08900000000085,""
"Rhode Island",2025-04-26,"compressed","cumulative_nb",2588.89656656017,0,0.00110690442709651,"pass",TRUE,TRUE,TRUE,TRUE,0.122456263657915,0.810662937068962,0.87754640305893,0.87754640305893,"anchored independent signed-Poisson update approximation",2,1053,2.66499999999996,""
"Rhode Island",2025-04-26,"compressed","hurdle_ztnb",538.633774343472,0,0.000277393677660775,"pass",TRUE,TRUE,TRUE,FALSE,0.081187077358221,0.85841519270735,0.955639819053356,0.918906590045725,"anchored sequential hurdle updates",36,1053,2.91100000000006,""
"Rhode Island",2025-04-26,"compressed","hurdle_ztpoisson",509.077275449955,0,0.0015431683192709,"pass",TRUE,TRUE,TRUE,FALSE,0.12056703530976,0.862827055243259,0.927757632480254,0.87952573330411,"anchored sequential hurdle updates",15,1053,2.88000000000011,""
"Rhode Island",2025-05-31,"calendar","cumulative_poisson",3413.79594434055,0,0.00106418085636162,"pass",TRUE,TRUE,TRUE,TRUE,0.0866253060189569,0.739959589538045,0.913377172572124,0.913377172572124,"anchored independent signed-Poisson update approximation",3,2133,3.06999999999971,""
"Rhode Island",2025-05-31,"calendar","cumulative_nb",3597.81043730983,0,0.0016741597917741,"pass",TRUE,TRUE,TRUE,TRUE,0.087228242856539,0.741748315586343,0.912774259233114,0.912774259233114,"anchored independent signed-Poisson update approximation",0,2133,5.70399999999972,"NA/NaN function evaluation"
"Rhode Island",2025-05-31,"calendar","hurdle_ztnb",659.427539001545,0,7.73997102223589e-05,"pass",TRUE,TRUE,TRUE,FALSE,0.0248046850287418,0.774570366761165,0.975200613040944,0.975200613040944,"anchored sequential hurdle updates",9,2133,3.72699999999986,""
"Rhode Island",2025-05-31,"calendar","hurdle_ztpoisson",650.267520093411,0,0.00600665425933022,"pass",TRUE,TRUE,TRUE,FALSE,0.0309983504286815,0.780831941458677,0.969008001648265,0.969008001648265,"anchored sequential hurdle updates",4,2133,3.69999999999982,""
"Rhode Island",2025-05-31,"compressed","cumulative_poisson",2762.1953131533,0,0.000214588246328917,"pass",TRUE,TRUE,TRUE,TRUE,0.111861484350191,0.804778496507448,0.888142273791027,0.888142273791027,"anchored independent signed-Poisson update approximation",2,1188,2.13699999999972,""
"Rhode Island",2025-05-31,"compressed","cumulative_nb",2958.51517157374,0,0.001188114755103,"pass",TRUE,TRUE,TRUE,TRUE,0.112918438277759,0.805935000756544,0.88708524904064,0.88708524904064,"anchored independent signed-Poisson update approximation",3,1188,2.90500000000065,""
"Rhode Island",2025-05-31,"compressed","hurdle_ztnb",565.362001097917,0,0.00052155694522682,"pass",TRUE,TRUE,TRUE,FALSE,0.0847074097238557,0.869463021824799,0.959154265141872,0.915401700692626,"anchored sequential hurdle updates",130,1188,3.40599999999995,""
"Rhode Island",2025-05-31,"compressed","hurdle_ztpoisson",530.274140032671,0,0.00648526732602992,"pass",TRUE,TRUE,TRUE,FALSE,0.106734083702367,0.86737488422554,0.930680512273711,0.893336339050804,"anchored sequential hurdle updates",31,1188,2.96699999999964,""
"South Carolina",2025-01-02,"calendar","cumulative_poisson",6183.59614218894,0,0.00201395534201596,"pass",TRUE,TRUE,TRUE,TRUE,0.00332873211236961,0.928738991378987,0.996671586221595,0.996671586221595,"anchored independent signed-Poisson update approximation",0,1539,2.47600000000057,""
"South Carolina",2025-01-02,"calendar","cumulative_nb",6416.88576143042,0,0.00088720540219267,"pass",TRUE,TRUE,TRUE,TRUE,0.0467478489262961,0.52519299904082,0.953293272248799,0.953293272248799,"anchored independent signed-Poisson update approximation",1,1539,3.32999999999993,""
"South Carolina",2025-01-02,"calendar","hurdle_ztnb",785.251391383416,0,0.000558415581131788,"pass",TRUE,TRUE,TRUE,FALSE,0.0293425867052386,0.874954646951519,0.970668009843867,0.970668009843867,"anchored sequential hurdle updates",1,1539,3.3720000000003,""
"South Carolina",2025-01-02,"calendar","hurdle_ztpoisson",866.112200457802,0,0.00362582100670171,"pass",TRUE,TRUE,TRUE,FALSE,0.0126533734345616,0.956329609321958,0.98734864211558,0.98734864211558,"anchored sequential hurdle updates",4,1539,3.32099999999991,""
"South Carolina",2025-02-15,"compressed","cumulative_poisson",2722.18719350114,0,0.00822306430094333,"pass",TRUE,TRUE,TRUE,TRUE,0.0101199823255855,0.973511864817919,0.999999955193268,0.989880017674414,"anchored independent signed-Poisson update approximation",0,783,1.91399999999976,""
"South Carolina",2025-02-15,"compressed","cumulative_nb",2961.40577069169,0,0.000697873666278421,"pass",TRUE,TRUE,TRUE,TRUE,0.0120971770616204,0.972875853338041,0.999994357143194,0.987902822938382,"anchored independent signed-Poisson update approximation",0,783,2.26800000000003,"NA/NaN function evaluation"
"South Carolina",2025-02-15,"compressed","hurdle_ztnb",574.666503424416,0,0.000190646521235682,"pass",TRUE,TRUE,TRUE,FALSE,0.0563023773321569,0.899992294109734,0.946534422617261,0.943715487788166,"anchored sequential hurdle updates",3,783,2.84599999999955,""
"South Carolina",2025-02-15,"compressed","hurdle_ztpoisson",601.415156610749,0,0.00320125098538071,"pass",TRUE,TRUE,TRUE,FALSE,0.0392575813157688,0.954324733423843,0.975005072952801,0.96075002013354,"anchored sequential hurdle updates",0,783,2.87100000000009,""
"South Carolina",2025-03-29,"calendar","cumulative_poisson",8364.9218954497,0,0.00746730677735996,"pass",TRUE,TRUE,TRUE,TRUE,0.00305160313486114,0.855172128794884,0.996948430701343,0.996948430701343,"anchored independent signed-Poisson update approximation",0,1890,3.26800000000003,""
"South Carolina",2025-03-29,"calendar","cumulative_nb",7889.68689621299,0,0.00122011179194015,"pass",TRUE,TRUE,TRUE,TRUE,0.0657317482772263,0.54963253589928,0.934328134617823,0.934328134617823,"anchored independent signed-Poisson update approximation",0,1890,5.34599999999955,"NA/NaN function evaluation"
"South Carolina",2025-03-29,"calendar","hurdle_ztnb",1095.18482352864,0,0.00114883076105932,"pass",TRUE,TRUE,TRUE,FALSE,0.0296083517795448,0.823674264247801,0.970401043390931,0.970401043390931,"anchored sequential hurdle updates",2,1890,3.90000000000055,""
"South Carolina",2025-03-29,"calendar","hurdle_ztpoisson",1592.21979233043,0,0.036413889551396,"pass",TRUE,TRUE,TRUE,FALSE,0.0359143658571069,0.95252905499084,0.973671941704985,0.964086906380232,"anchored sequential hurdle updates",1,1890,4.02399999999943,""
"South Carolina",2025-04-26,"calendar","cumulative_poisson",8754.98115654116,0,0.00447821842133544,"pass",TRUE,TRUE,TRUE,TRUE,0.0027004599598916,0.858161720787097,0.997299605516095,0.997299605516095,"anchored independent signed-Poisson update approximation",0,1998,3.01099999999951,""
"South Carolina",2025-04-26,"calendar","cumulative_nb",8422.27568890348,0,0.00102353765220364,"pass",TRUE,TRUE,TRUE,TRUE,0.0529192060878783,0.604914944612006,0.947123591802942,0.947123591802942,"anchored independent signed-Poisson update approximation",0,1998,6.15299999999934,"NA/NaN function evaluation"
"South Carolina",2025-04-26,"calendar","hurdle_ztnb",1154.7660951641,0,0.00217574179334665,"pass",TRUE,TRUE,TRUE,FALSE,0.0274297852422614,0.828309522672583,0.972578246886401,0.972578246886401,"anchored sequential hurdle updates",6,1998,4.27900000000045,""
"South Carolina",2025-04-26,"calendar","hurdle_ztpoisson",1672.97437956694,0,0.0214156425976865,"pass",TRUE,TRUE,TRUE,FALSE,0.0362424169524222,0.950812133015956,0.970719926637712,0.963759014350973,"anchored sequential hurdle updates",0,1998,4.29399999999987,""
"South Carolina",2025-04-26,"compressed","cumulative_poisson",3694.79087519837,0,0.00201933349040689,"pass",TRUE,TRUE,TRUE,TRUE,0.0024941248517274,0.967194760241839,0.999192731377179,0.997505875166203,"anchored independent signed-Poisson update approximation",0,1053,2.17399999999998,""
"South Carolina",2025-04-26,"compressed","cumulative_nb",3955.28216441086,0,0.000940118286310687,"pass",TRUE,TRUE,TRUE,TRUE,0.00321978115844558,0.968839229694805,0.999093001851295,0.996780218855771,"anchored independent signed-Poisson update approximation",0,1053,2.64999999999964,""
"South Carolina",2025-04-26,"compressed","hurdle_ztnb",743.604865409451,0,0.000562918398607115,"pass",TRUE,TRUE,TRUE,FALSE,0.0257233822842574,0.910818708644007,0.97428391037829,0.97428391037829,"anchored sequential hurdle updates",15,1053,3.25399999999991,""
"South Carolina",2025-04-26,"compressed","hurdle_ztpoisson",799.60579798475,0,0.00905604744742437,"pass",TRUE,TRUE,TRUE,FALSE,0.0236810921459036,0.958037891560187,0.978211477454407,0.976324679026595,"anchored sequential hurdle updates",0,1053,3.18099999999959,""
"South Carolina",2025-05-31,"calendar","cumulative_poisson",9237.22505570448,0,0.0104298603090368,"pass",TRUE,TRUE,TRUE,TRUE,0.00239592126556437,0.858840430544443,0.997604147840272,0.997604147840272,"anchored independent signed-Poisson update approximation",0,2133,3.34099999999944,""
"South Carolina",2025-05-31,"calendar","cumulative_nb",9050.72457913277,0,0.000645662068435249,"pass",TRUE,TRUE,TRUE,TRUE,0.0135241143269448,0.791868051741362,0.986482238855759,0.986482238855759,"anchored independent signed-Poisson update approximation",0,2133,5.31500000000051,""
"South Carolina",2025-05-31,"calendar","hurdle_ztnb",1210.09451058711,0,0.0013030842067889,"pass",TRUE,TRUE,TRUE,FALSE,0.024862811161805,0.828645770093333,0.975144864704858,0.975144864704858,"anchored sequential hurdle updates",22,2133,4.24499999999989,""
"South Carolina",2025-05-31,"calendar","hurdle_ztpoisson",1737.47936487785,0,0.00966271637965121,"pass",TRUE,TRUE,TRUE,FALSE,0.0363607796625306,0.94968224608757,0.968445908358654,0.963640744659847,"anchored sequential hurdle updates",0,2133,4.33399999999983,""
"South Carolina",2025-05-31,"compressed","cumulative_poisson",4154.27406112955,0,0.00813427700044161,"pass",TRUE,TRUE,TRUE,TRUE,0.00206117001129981,0.965348457425831,0.999329528427121,0.997938830002305,"anchored independent signed-Poisson update approximation",0,1188,2.24200000000019,""
"South Carolina",2025-05-31,"compressed","cumulative_nb",4423.3117594403,0,0.000928171469514183,"pass",TRUE,TRUE,TRUE,TRUE,0.00256527659179294,0.966767655335068,0.99925130294766,0.997434723419575,"anchored independent signed-Poisson update approximation",0,1188,2.89099999999962,""
"South Carolina",2025-05-31,"compressed","hurdle_ztnb",791.897586796371,0,8.74285856404811e-05,"pass",TRUE,TRUE,TRUE,FALSE,0.0246131739023005,0.912011189909503,0.975394615543531,0.975394615543531,"anchored sequential hurdle updates",39,1188,3.36899999999969,""
"South Carolina",2025-05-31,"compressed","hurdle_ztpoisson",842.755831682788,0,0.0367517982762045,"pass",TRUE,TRUE,TRUE,FALSE,0.0220628076612103,0.9575660019882,0.978566016564566,0.977942293793742,"anchored sequential hurdle updates",0,1188,3.30199999999968,""
"South Dakota",2025-01-02,"calendar","cumulative_poisson",2260.83025660952,0,0.000452938712560358,"pass",TRUE,TRUE,TRUE,TRUE,0.156728210468795,0.817777201865814,0.843280656729148,0.843280656729148,"anchored independent signed-Poisson update approximation",0,1539,2.33500000000004,""
"South Dakota",2025-01-02,"calendar","cumulative_nb",2438.41054170246,0,0.0003787868446683,"pass",TRUE,TRUE,TRUE,TRUE,0.153636373176568,0.817076092523226,0.846372442783477,0.846372442783477,"anchored independent signed-Poisson update approximation",0,1539,3.73999999999978,"NA/NaN function evaluation"
"South Dakota",2025-01-02,"calendar","hurdle_ztnb",397.565513585536,0,0.000524560602912949,"pass",TRUE,TRUE,TRUE,FALSE,0.0221663012306458,0.917484071830293,0.977835688593895,0.977835688593895,"anchored sequential hurdle updates",6,1539,3.0590000000002,""
"South Dakota",2025-01-02,"calendar","hurdle_ztpoisson",391.010540064807,0,0.00124909444547272,"pass",TRUE,TRUE,TRUE,FALSE,0.0200891428842953,0.921787917968895,0.979912654714257,0.979912654714257,"anchored sequential hurdle updates",1,1539,2.97099999999955,""
"South Dakota",2025-01-02,"compressed","cumulative_poisson",1368.91970629376,0,0.000305559129965549,"pass",TRUE,TRUE,TRUE,TRUE,0.164127278717947,0.822916555131906,0.840152019106363,0.835882477516047,"anchored independent signed-Poisson update approximation",4,648,1.77499999999964,""
"South Dakota",2025-01-02,"compressed","cumulative_nb",1526.91412699191,0,0.00027832556278265,"pass",TRUE,TRUE,TRUE,TRUE,0.161495068928515,0.822274531878779,0.843648832954282,0.838514614300956,"anchored independent signed-Poisson update approximation",3,648,1.9940000000006,""
"South Dakota",2025-01-02,"compressed","hurdle_ztnb",251.953165094163,0,0.000424779704328637,"pass",TRUE,TRUE,TRUE,FALSE,0.0179960155608683,0.972091962671179,0.984563353360437,0.982003992086414,"anchored sequential hurdle updates",0,648,2.45700000000033,""
"South Dakota",2025-01-02,"compressed","hurdle_ztpoisson",239.734010472889,0,0.000385381866296774,"pass",TRUE,TRUE,TRUE,FALSE,0.0164754045763002,0.974195211127556,0.98569930843012,0.983524602091035,"anchored sequential hurdle updates",0,648,2.43599999999969,""
"South Dakota",2025-02-15,"calendar","cumulative_poisson",2603.42032750679,0,0.000285538776626293,"pass",TRUE,TRUE,TRUE,TRUE,0.124391266790225,0.786322381729124,0.875612772212818,0.875612772212818,"anchored independent signed-Poisson update approximation",0,1728,2.53399999999965,""
"South Dakota",2025-02-15,"calendar","cumulative_nb",2777.00688308149,0,0.000929005597943178,"pass",TRUE,TRUE,TRUE,TRUE,0.12053503093707,0.785000726049399,0.879469167228473,0.879469167228473,"anchored independent signed-Poisson update approximation",0,1728,3.89900000000034,""
"South Dakota",2025-02-15,"calendar","hurdle_ztnb",497.403813432118,0,0.000278706658410677,"pass",TRUE,TRUE,TRUE,FALSE,0.0330405319074358,0.876981743081528,0.96696260911679,0.96696260911679,"anchored sequential hurdle updates",2,1728,3.6269999999995,""
"South Dakota",2025-02-15,"calendar","hurdle_ztpoisson",498.668289727142,0,0.0069781561610025,"pass",TRUE,TRUE,TRUE,FALSE,0.0466375323108557,0.872993068664512,0.953365549964821,0.953365549964821,"anchored sequential hurdle updates",1,1728,3.14500000000044,""
"South Dakota",2025-02-15,"compressed","cumulative_poisson",1733.24452941012,0,0.000221898075198845,"pass",TRUE,TRUE,TRUE,TRUE,0.163042483960039,0.820997149074317,0.844273261368037,0.836966667390862,"anchored independent signed-Poisson update approximation",2,783,1.84400000000005,""
"South Dakota",2025-02-15,"compressed","cumulative_nb",1903.4169843824,0,0.000997327383323081,"pass",TRUE,TRUE,TRUE,TRUE,0.161699571659605,0.821240276243485,0.845648661657643,0.838309641622507,"anchored independent signed-Poisson update approximation",3,783,2.19200000000001,""
"South Dakota",2025-02-15,"compressed","hurdle_ztnb",311.197421101639,0,0.000227475798817434,"pass",TRUE,TRUE,TRUE,FALSE,0.0147734834138862,0.970378130640834,0.987319196425257,0.985226523871789,"anchored sequential hurdle updates",0,783,2.64800000000014,""
"South Dakota",2025-02-15,"compressed","hurdle_ztpoisson",279.413810881747,0,0.00134395673806042,"pass",TRUE,TRUE,TRUE,FALSE,0.0155170195402916,0.967768639064425,0.986353996116653,0.984482989358698,"anchored sequential hurdle updates",1,783,2.53300000000036,""
"South Dakota",2025-03-29,"calendar","cumulative_poisson",2937.35219264158,0,0.000772906132140982,"pass",TRUE,TRUE,TRUE,TRUE,0.103002328885799,0.787503333139477,0.897001320214184,0.897001320214184,"anchored independent signed-Poisson update approximation",0,1890,2.76500000000033,""
"South Dakota",2025-03-29,"calendar","cumulative_nb",3118.63500193823,0,0.000111921465021092,"pass",TRUE,TRUE,TRUE,TRUE,0.102105676047044,0.785322410623392,0.897897954778009,0.897897954778009,"anchored independent signed-Poisson update approximation",0,1890,5.4980000000005,""
"South Dakota",2025-03-29,"calendar","hurdle_ztnb",642.150869891725,0,0.00044288783621127,"pass",TRUE,TRUE,TRUE,FALSE,0.0283071017295898,0.852709854956277,0.971696582259695,0.971696582259695,"anchored sequential hurdle updates",0,1890,3.55699999999979,""
"South Dakota",2025-03-29,"calendar","hurdle_ztpoisson",650.667183992401,0,0.00101927143833525,"pass",TRUE,TRUE,TRUE,FALSE,0.0433025051231661,0.828319623969303,0.95670306466656,0.95670306466656,"anchored sequential hurdle updates",1,1890,3.51100000000042,""
"South Dakota",2025-03-29,"compressed","cumulative_poisson",2190.78996104878,0,0.000938234159264584,"pass",TRUE,TRUE,TRUE,TRUE,0.134984066212298,0.810490093370153,0.865021588337912,0.865021588337912,"anchored independent signed-Poisson update approximation",0,945,2.02100000000064,""
"South Dakota",2025-03-29,"compressed","cumulative_nb",2373.36252346016,0,0.00146007375956447,"pass",TRUE,TRUE,TRUE,TRUE,0.136629519436579,0.811098996640402,0.863376477709482,0.863376477709482,"anchored independent signed-Poisson update approximation",0,945,2.38299999999981,""
"South Dakota",2025-03-29,"compressed","hurdle_ztnb",452.958147023788,0,0.000235904344311866,"pass",TRUE,TRUE,TRUE,FALSE,0.025007708742059,0.886359326314251,0.974994910750276,0.974994910750276,"anchored sequential hurdle updates",2,945,2.90900000000056,""
"South Dakota",2025-03-29,"compressed","hurdle_ztpoisson",451.712778972573,0,0.000847529438982586,"pass",TRUE,TRUE,TRUE,FALSE,0.0281469501054423,0.89501231543557,0.971855404861273,0.971855404861273,"anchored sequential hurdle updates",0,945,2.84799999999996,""
"South Dakota",2025-04-26,"calendar","cumulative_poisson",3180.96452314841,0,0.000151230166458904,"pass",TRUE,TRUE,TRUE,TRUE,0.100319008761444,0.784616960438502,0.89968576423367,0.89968576423367,"anchored independent signed-Poisson update approximation",0,1998,2.92100000000028,""
"South Dakota",2025-04-26,"calendar","cumulative_nb",3369.00548856281,0,0.00137550786348162,"pass",TRUE,TRUE,TRUE,TRUE,0.0997004939440651,0.782978305923484,0.900304085754437,0.900304085754437,"anchored independent signed-Poisson update approximation",0,1998,6.40200000000004,"NA/NaN function evaluation"
"South Dakota",2025-04-26,"calendar","hurdle_ztnb",673.657635365506,0,0.000314742848800176,"pass",TRUE,TRUE,TRUE,FALSE,0.0268227196794807,0.852242328308804,0.973180755836316,0.973180755836316,"anchored sequential hurdle updates",6,1998,3.79299999999967,""
"South Dakota",2025-04-26,"calendar","hurdle_ztpoisson",676.246705630412,0,0.00659242136809157,"pass",TRUE,TRUE,TRUE,FALSE,0.0407986196041984,0.832764119662748,0.95920566428539,0.95920566428539,"anchored sequential hurdle updates",0,1998,3.66899999999987,""
"South Dakota",2025-04-26,"compressed","cumulative_poisson",2479.48309316444,0,5.61476320926069e-05,"pass",TRUE,TRUE,TRUE,TRUE,0.128163306844871,0.809454818874895,0.871842839726437,0.871842839726437,"anchored independent signed-Poisson update approximation",1,1053,2.37899999999991,""
"South Dakota",2025-04-26,"compressed","cumulative_nb",2669.85150762343,0,0.00277195044418393,"pass",TRUE,TRUE,TRUE,TRUE,0.129993221764061,0.809875978953713,0.87001297244082,0.87001297244082,"anchored independent signed-Poisson update approximation",1,1053,2.59100000000035,""
"South Dakota",2025-04-26,"compressed","hurdle_ztnb",481.683546391075,0,0.000482164872933843,"pass",TRUE,TRUE,TRUE,FALSE,0.0234189272633887,0.885985792269515,0.976583520056148,0.976583520056148,"anchored sequential hurdle updates",7,1053,2.96600000000035,""
"South Dakota",2025-04-26,"compressed","hurdle_ztpoisson",474.84648858977,0,0.000862360888830405,"pass",TRUE,TRUE,TRUE,FALSE,0.0265229347222412,0.895110827099408,0.973479005055609,0.973479005055609,"anchored sequential hurdle updates",0,1053,2.99499999999989,""
"Alabama",2025-05-31,"compressed","cumulative_poisson",4075.41094469228,0,0.00478728345686807,"pass",TRUE,TRUE,TRUE,TRUE,0.00390280249932665,0.979732987710875,0.999968332407396,0.996097197500685,"anchored independent signed-Poisson update approximation",0,1188,3.869,""
"Alabama",2025-05-31,"compressed","cumulative_nb",4337.25440172908,0,0.00381587721810558,"pass",TRUE,TRUE,TRUE,TRUE,0.00458664115179729,0.978858058095326,0.999965540129253,0.995413358848216,"anchored independent signed-Poisson update approximation",0,1188,5.859,""
"Alabama",2025-05-31,"compressed","hurdle_ztnb",1070.69391844708,0,0.00024499852200377,"pass",TRUE,TRUE,TRUE,FALSE,0.0384012373359582,0.944098626604508,0.973426044889678,0.961640847630947,"anchored sequential hurdle updates",7,1188,4.55399999999999,""
"Alabama",2025-05-31,"compressed","hurdle_ztpoisson",1061.08563660322,0,0.00680013076551855,"pass",TRUE,TRUE,TRUE,FALSE,0.0358647357879553,0.959953755856792,0.979633410067397,0.964166199993052,"anchored sequential hurdle updates",0,1188,4.577,""
"Arkansas",2025-05-31,"compressed","cumulative_poisson",4066.51493533648,0,0.00503957126166199,"pass",TRUE,TRUE,TRUE,TRUE,0.00503788455122955,0.850939419679921,0.994962129800466,0.994962129800466,"anchored independent signed-Poisson update approximation",0,1188,2.67699999999999,""
"Arkansas",2025-05-31,"compressed","cumulative_nb",4301.1911974296,0,0.000526780039176999,"pass",TRUE,TRUE,TRUE,TRUE,0.00658465805466958,0.856351425623839,0.99341535889158,0.99341535889158,"anchored independent signed-Poisson update approximation",0,1188,3.34700000000001,""
"Arkansas",2025-05-31,"compressed","hurdle_ztnb",1021.40007894675,0,4.37644795292513e-05,"pass",TRUE,TRUE,TRUE,FALSE,0.0596038113928357,0.842444360603466,0.94041755838587,0.94041755838587,"anchored sequential hurdle updates",85,1188,4.503,""
"Arkansas",2025-05-31,"compressed","hurdle_ztpoisson",1662.13968797068,0,0.0077858237240408,"pass",TRUE,TRUE,TRUE,FALSE,0.0493648920661693,0.870245673455449,0.950646626440597,0.950646626440597,"anchored sequential hurdle updates",2,1188,4.449,""
"Colorado",2025-03-29,"compressed","cumulative_poisson",3228.56525113152,0,0.00640077342372103,"pass",TRUE,TRUE,TRUE,TRUE,0.0074738134317461,0.958513951916308,0.999005247402155,0.992526186576272,"anchored independent signed-Poisson update approximation",0,945,2.613,""
"Colorado",2025-03-29,"compressed","cumulative_nb",3476.32397488417,0,0.00467902728303327,"pass",TRUE,TRUE,TRUE,TRUE,0.00854915165004634,0.959255745006666,0.998783042259027,0.991450848360265,"anchored independent signed-Poisson update approximation",0,945,3.32599999999999,"NA/NaN function evaluation"
"Colorado",2025-03-29,"compressed","hurdle_ztnb",694.240487856291,0,0.00123162473077021,"pass",TRUE,TRUE,TRUE,FALSE,0.0194023881886579,0.926646079725358,0.98059980495333,0.98059980495333,"anchored sequential hurdle updates",0,945,3.7,""
"Colorado",2025-03-29,"compressed","hurdle_ztpoisson",797.232982125107,0,0.00252537860155022,"pass",TRUE,TRUE,TRUE,FALSE,0.0141734646797941,0.951274113990996,0.985827491868706,0.985827491868706,"anchored sequential hurdle updates",0,945,3.651,""
"Colorado",2025-04-26,"compressed","cumulative_poisson",3610.69759902663,0,0.00192831209155875,"pass",TRUE,TRUE,TRUE,TRUE,0.00583517754499376,0.957656690449998,0.998931136365529,0.994164822463923,"anchored independent signed-Poisson update approximation",0,1053,2.718,""
"Colorado",2025-04-26,"compressed","cumulative_nb",3865.7829404037,0,0.000335683528123874,"pass",TRUE,TRUE,TRUE,TRUE,0.00666485122770447,0.958259259714369,0.998805250561807,0.993335148781959,"anchored independent signed-Poisson update approximation",0,1053,3.444,""
"Colorado",2025-04-26,"compressed","hurdle_ztnb",736.140754818446,0,0.000589383530246845,"pass",TRUE,TRUE,TRUE,FALSE,0.0180010041628664,0.927177203182305,0.982000941653585,0.982000941653585,"anchored sequential hurdle updates",1,1053,3.79299999999999,""
"Colorado",2025-04-26,"compressed","hurdle_ztpoisson",842.626692275494,0,0.0013015072510113,"pass",TRUE,TRUE,TRUE,FALSE,0.0117171834609479,0.954091221333801,0.988283073064437,0.988283073064437,"anchored sequential hurdle updates",0,1053,3.69,""
"Colorado",2025-05-31,"compressed","cumulative_poisson",4073.02945862154,0,0.00380671000660293,"pass",TRUE,TRUE,TRUE,TRUE,0.00471825655658319,0.957492522975154,0.999033096132466,0.995281743451457,"anchored independent signed-Poisson update approximation",0,1188,2.76299999999999,""
"Colorado",2025-05-31,"compressed","cumulative_nb",4335.87336685159,0,0.000450995838992219,"pass",TRUE,TRUE,TRUE,TRUE,0.00533913393932927,0.958032326084112,0.998918135954374,0.994660866069599,"anchored independent signed-Poisson update approximation",0,1188,3.776,"NA/NaN function evaluation"
"Colorado",2025-05-31,"compressed","hurdle_ztnb",779.670386880244,0,0.000971475344443418,"pass",TRUE,TRUE,TRUE,FALSE,0.0175342153373136,0.925969133357459,0.982467781375316,0.982467781375316,"anchored sequential hurdle updates",11,1188,4.01599999999999,""
"Colorado",2025-05-31,"compressed","hurdle_ztpoisson",870.751186544543,0,0.00615971905676371,"pass",TRUE,TRUE,TRUE,FALSE,0.0109239564542876,0.954987858375335,0.989076215885111,0.989076215885111,"anchored sequential hurdle updates",0,1188,3.87700000000001,""
"Florida",2025-01-02,"calendar","cumulative_poisson",16703.2654251956,0,0.000574508815180508,"pass",TRUE,TRUE,TRUE,TRUE,0.00665717629261494,0.876998521632619,0.993344834729483,0.993344834729483,"anchored independent signed-Poisson update approximation",0,1539,2.83699999999999,""
"Florida",2025-01-02,"calendar","cumulative_nb",9066.29750252609,0,0.0103650600030221,"pass",TRUE,TRUE,TRUE,TRUE,0.076198577950211,0.359076076656477,0.923874557788951,0.923874557788951,"anchored independent signed-Poisson update approximation",0,1539,4.29999999999998,""
"Florida",2025-01-02,"calendar","hurdle_ztnb",1302.86065008234,0,8.86534114066251e-05,"pass",TRUE,TRUE,TRUE,FALSE,0.0296508618052093,0.856780978172734,0.970360473565701,0.970360473565701,"anchored sequential hurdle updates",1,1539,4.66300000000001,""
"Florida",2025-01-02,"calendar","hurdle_ztpoisson",2723.85391356964,0,0.0256416116280123,"pass",TRUE,TRUE,TRUE,FALSE,0.0119060973045085,0.964796893594671,0.988094915815279,0.988094915815279,"anchored sequential hurdle updates",1,1539,4.77700000000002,""
"Georgia",2025-01-02,"calendar","cumulative_poisson",4542.97625865961,0,0.00125366106026092,"pass",TRUE,TRUE,TRUE,TRUE,0.00304477616187916,0.849929672192666,0.996955239631149,0.996955239631149,"anchored independent signed-Poisson update approximation",0,1539,2.84700000000001,""
"Georgia",2025-01-02,"calendar","cumulative_nb",4779.51114716484,0,0.000402271258435394,"pass",TRUE,TRUE,TRUE,TRUE,0.00431115268466584,0.850549528916847,0.995688899844287,0.995688899844287,"anchored independent signed-Poisson update approximation",0,1539,5.39500000000001,""
"Georgia",2025-01-02,"calendar","hurdle_ztnb",1021.93715784712,0,0.000278258072259341,"pass",TRUE,TRUE,TRUE,FALSE,0.0180112431938533,0.844073382904478,0.981992432624527,0.981992432624527,"anchored sequential hurdle updates",6,1539,4.49100000000001,""
"Georgia",2025-01-02,"calendar","hurdle_ztpoisson",1737.24966671082,0,0.0155700116570534,"pass",TRUE,TRUE,TRUE,FALSE,0.0397424376845052,0.843380369542939,0.96026773896032,0.96026773896032,"anchored sequential hurdle updates",9,1539,4.33199999999999,""
"Georgia",2025-01-02,"compressed","cumulative_poisson",2523.34463838542,0,0.00218379400669955,"pass",TRUE,TRUE,TRUE,TRUE,0.00255572173368497,0.877066417344758,0.99744428283284,0.99744428283284,"anchored independent signed-Poisson update approximation",0,648,2.06299999999999,""
"Georgia",2025-01-02,"compressed","cumulative_nb",2738.30159652258,0,0.000636113826205274,"pass",TRUE,TRUE,TRUE,TRUE,0.00417578315848062,0.886133177854068,0.995824242203029,0.995824242203029,"anchored independent signed-Poisson update approximation",0,648,2.41400000000002,""
"Georgia",2025-01-02,"compressed","hurdle_ztnb",770.759595152309,0,0.000136369741389419,"pass",TRUE,TRUE,TRUE,FALSE,0.0272453664789972,0.845467176841711,0.972762215673383,0.972762215673383,"anchored sequential hurdle updates",0,648,3.65600000000001,""
"Georgia",2025-01-02,"compressed","hurdle_ztpoisson",1464.03451685146,0,0.0113505502612521,"pass",TRUE,TRUE,TRUE,FALSE,0.0425341748741147,0.877603584071704,0.95747258486099,0.95747258486099,"anchored sequential hurdle updates",0,648,3.59899999999999,""
"Georgia",2025-02-15,"compressed","cumulative_poisson",3037.3261100002,0,0.00447723781899834,"pass",TRUE,TRUE,TRUE,TRUE,0.00520655299975303,0.892825076392633,0.994793448876839,0.994793448876839,"anchored independent signed-Poisson update approximation",0,783,2.245,""
"Georgia",2025-02-15,"compressed","cumulative_nb",3270.54064967136,0,0.00333262031178563,"pass",TRUE,TRUE,TRUE,TRUE,0.00744855161842101,0.895201071537655,0.992551450549381,0.992551450549381,"anchored independent signed-Poisson update approximation",0,783,2.708,"NA/NaN function evaluation"
"Georgia",2025-02-15,"compressed","hurdle_ztnb",881.246578818975,0,0.000899890245687845,"pass",TRUE,TRUE,TRUE,FALSE,0.018549398818367,0.871189008205453,0.981453183767808,0.981453183767808,"anchored sequential hurdle updates",0,783,3.94800000000001,""
"Georgia",2025-02-15,"compressed","hurdle_ztpoisson",1738.62538630158,0,0.019372637844486,"pass",TRUE,TRUE,TRUE,FALSE,0.0175374892000514,0.892491993837802,0.982467933727904,0.982467933727904,"anchored sequential hurdle updates",0,783,3.91800000000001,""
"Georgia",2025-03-29,"compressed","cumulative_poisson",3690.66212116837,0,0.00246427355690992,"pass",TRUE,TRUE,TRUE,TRUE,0.0038610602520037,0.875858807377497,0.996138943731449,0.996138943731449,"anchored independent signed-Poisson update approximation",0,945,2.38800000000001,""
"Georgia",2025-03-29,"compressed","cumulative_nb",3929.30266633606,0,0.00154142495219745,"pass",TRUE,TRUE,TRUE,TRUE,0.00515405453168093,0.878194249378847,0.994845952227748,0.994845952227748,"anchored independent signed-Poisson update approximation",0,945,3.191,"NA/NaN function evaluation"
"Georgia",2025-03-29,"compressed","hurdle_ztnb",1071.89252213956,0,0.000768197783679536,"pass",TRUE,TRUE,TRUE,FALSE,0.0196243951223313,0.84070749132192,0.980385847747328,0.980385847747328,"anchored sequential hurdle updates",4,945,4.37799999999999,""
"Georgia",2025-03-29,"compressed","hurdle_ztpoisson",2370.12054072946,0,0.0134668437532413,"pass",TRUE,TRUE,TRUE,FALSE,0.0231463639254432,0.873779459418258,0.976861810057143,0.976861810057143,"anchored sequential hurdle updates",0,945,4.49600000000001,""
"Illinois",2025-02-15,"compressed","cumulative_poisson",2860.31783799053,0,0.00304037347279884,"pass",TRUE,TRUE,TRUE,TRUE,0.00780000392621965,0.962518316010717,0.999948541575519,0.992199996073812,"anchored independent signed-Poisson update approximation",0,783,2.33499999999998,""
"Illinois",2025-02-15,"compressed","cumulative_nb",3114.37393504348,0,0.000485281501518386,"pass",TRUE,TRUE,TRUE,TRUE,0.0102987184429961,0.960105978112113,0.999068305187889,0.989701281559816,"anchored independent signed-Poisson update approximation",0,783,3.155,""
"Illinois",2025-02-15,"compressed","hurdle_ztnb",760.494098728492,0,0.000295616113227259,"pass",TRUE,TRUE,TRUE,FALSE,0.0154185418891571,0.958622633519755,0.984713042047869,0.984581592635193,"anchored sequential hurdle updates",0,783,3.67999999999998,""
"Illinois",2025-02-15,"compressed","hurdle_ztpoisson",794.466469561913,0,0.0160915092310278,"pass",TRUE,TRUE,TRUE,FALSE,0.0125850440113842,0.966804594593495,0.987504134445464,0.987415083791321,"anchored sequential hurdle updates",0,783,3.786,""
"Indiana",2025-05-31,"calendar","cumulative_poisson",7620.3957107052,0,0.00755017767467037,"pass",TRUE,TRUE,TRUE,TRUE,0.00299799192243252,0.910933472647726,0.998833747491952,0.997002008087253,"anchored independent signed-Poisson update approximation",0,2133,4.15299999999999,""
"Indiana",2025-05-31,"calendar","cumulative_nb",7375.78284951191,0,0.0062003984863398,"pass",TRUE,TRUE,TRUE,TRUE,0.0112347908712267,0.914759995678568,0.999664560256282,0.98876520912881,"anchored independent signed-Poisson update approximation",0,2133,8.15200000000002,""
"Indiana",2025-05-31,"calendar","hurdle_ztnb",1534.71518459629,0,0.000268716596888652,"pass",TRUE,TRUE,TRUE,FALSE,0.0922852575811599,0.848011298534614,0.907790316023594,0.907790316023594,"anchored sequential hurdle updates",106,2133,5.553,""
"Indiana",2025-05-31,"calendar","hurdle_ztpoisson",2248.83510533218,0,0.0221615085695817,"pass",TRUE,TRUE,TRUE,FALSE,0.0704526908546153,0.903337152415952,0.939763987932116,0.929583626619452,"anchored sequential hurdle updates",0,2133,5.81800000000001,""
"Kentucky",2025-03-29,"calendar","cumulative_poisson",5563.82695236764,0,0.0100756834593079,"pass",TRUE,TRUE,TRUE,TRUE,0.00536727528089117,0.843173043519641,0.994632725438146,0.994632725438146,"anchored independent signed-Poisson update approximation",0,1890,3.398,""
"Kentucky",2025-03-29,"calendar","cumulative_nb",5484.02896779697,0,0.00451082355968202,"pass",TRUE,TRUE,TRUE,TRUE,0.0182236792207294,0.845714805785212,0.981776437014929,0.981776437014929,"anchored independent signed-Poisson update approximation",0,1890,5.53299999999999,"NA/NaN function evaluation"
"Kentucky",2025-03-29,"calendar","hurdle_ztnb",1097.72249389333,0,0.000169516132342729,"pass",TRUE,TRUE,TRUE,FALSE,0.0401200755392114,0.871600029690952,0.959885607611754,0.959885607611754,"anchored sequential hurdle updates",1,1890,4.63300000000001,""
"Kentucky",2025-03-29,"calendar","hurdle_ztpoisson",1380.53768981493,0,0.0229552810916058,"pass",TRUE,TRUE,TRUE,FALSE,0.0329807343183503,0.883137478232954,0.967025865406719,0.967025865406719,"anchored sequential hurdle updates",0,1890,4.58599999999998,""
"Louisiana",2025-01-02,"calendar","cumulative_poisson",4626.21618397025,0,0.00118577956853561,"pass",TRUE,TRUE,TRUE,TRUE,0.0210052180585645,0.888600957856167,0.978995749319754,0.978995749319754,"anchored independent signed-Poisson update approximation",2,1539,2.81299999999999,""
"Louisiana",2025-01-02,"calendar","cumulative_nb",4834.11808912325,0,0.000175653504903228,"pass",TRUE,TRUE,TRUE,TRUE,0.02746778745088,0.861819053073357,0.972533603300498,0.972533603300498,"anchored independent signed-Poisson update approximation",0,1539,4.65300000000002,"NA/NaN function evaluation"
"Louisiana",2025-01-02,"calendar","hurdle_ztnb",740.188406344765,0,0.000146427291786155,"pass",TRUE,TRUE,TRUE,FALSE,0.0346060403580924,0.852558158523076,0.965400409847589,0.965400409847589,"anchored sequential hurdle updates",3,1539,3.87100000000004,""
"Louisiana",2025-01-02,"calendar","hurdle_ztpoisson",796.953893367178,0,0.00880052031753713,"pass",TRUE,TRUE,TRUE,FALSE,0.0239191427079584,0.918289546362508,0.976083156204592,0.976083156204592,"anchored sequential hurdle updates",4,1539,3.80799999999999,""
"Maryland",2025-02-15,"compressed","cumulative_poisson",2464.60594216584,0,0.000229039766603822,"pass",TRUE,TRUE,TRUE,TRUE,0.0131914199113743,0.96085240908183,0.999991325160087,0.986808580088636,"anchored independent signed-Poisson update approximation",0,783,2.27999999999997,""
"Maryland",2025-02-15,"compressed","cumulative_nb",2689.25524819979,0,0.00198573207064434,"pass",TRUE,TRUE,TRUE,TRUE,0.0155483370499861,0.957636651205386,0.99933757118872,0.984451662952187,"anchored independent signed-Poisson update approximation",0,783,2.70499999999998,""
"Maryland",2025-02-15,"compressed","hurdle_ztnb",496.339537268464,0,0.000427718690963363,"pass",TRUE,TRUE,TRUE,FALSE,0.0191442262679582,0.921070798118956,0.981066532579307,0.980855856257342,"anchored sequential hurdle updates",0,783,3.18599999999998,""
"Maryland",2025-02-15,"compressed","hurdle_ztpoisson",549.231940770271,0,0.00838325888115576,"pass",TRUE,TRUE,TRUE,FALSE,0.0133936296148312,0.947173251634502,0.986606407284758,0.986606407284758,"anchored sequential hurdle updates",0,783,3.15199999999999,""
"Massachusetts",2025-04-26,"compressed","cumulative_poisson",4188.79009429412,0,0.00134876117542326,"pass",TRUE,TRUE,TRUE,TRUE,0.0035508709595059,0.950362271187495,0.999815492399821,0.996449129040575,"anchored independent signed-Poisson update approximation",0,1053,2.57800000000003,""
"Massachusetts",2025-04-26,"compressed","cumulative_nb",4416.60467291881,0,0.00552347598256731,"pass",TRUE,TRUE,TRUE,TRUE,0.00571603745013476,0.951266465182246,0.999429079563049,0.994283962550898,"anchored independent signed-Poisson update approximation",0,1053,3.779,""
"Massachusetts",2025-04-26,"compressed","hurdle_ztnb",1115.3205798407,0,0.000456235967136287,"pass",TRUE,TRUE,TRUE,FALSE,0.124482067679283,0.833438014470266,0.894152994147399,0.875668328066696,"anchored sequential hurdle updates",58,1053,4.12399999999997,""
"Massachusetts",2025-04-26,"compressed","hurdle_ztpoisson",2172.68704534013,0,0.00849502995070048,"pass",TRUE,TRUE,TRUE,FALSE,0.172003954853817,0.829267083507991,0.974521669529842,0.829267083507991,"anchored sequential hurdle updates",2,1053,4.11500000000001,""
"Missouri",2025-05-31,"compressed","cumulative_poisson",4668.52553378856,0,0.000334910485524698,"pass",TRUE,TRUE,TRUE,TRUE,0.00538349188805307,0.815692390264906,0.994616627155079,0.994616627155079,"anchored independent signed-Poisson update approximation",0,1188,2.68799999999999,""
"Missouri",2025-05-31,"compressed","cumulative_nb",4845.17944901923,0,0.00340945311185603,"pass",TRUE,TRUE,TRUE,TRUE,0.00706426730181329,0.842051827402304,0.992935831721403,0.992935831721403,"anchored independent signed-Poisson update approximation",0,1188,3.69900000000001,""
"Missouri",2025-05-31,"compressed","hurdle_ztnb",1194.19618874943,0,0.000211921249745783,"pass",TRUE,TRUE,TRUE,FALSE,0.0579311974003641,0.802848773394963,0.942083994055058,0.942083994055058,"anchored sequential hurdle updates",37,1188,4.95899999999995,""
"Missouri",2025-05-31,"compressed","hurdle_ztpoisson",3507.90814265913,0,0.0107334958453114,"pass",TRUE,TRUE,TRUE,FALSE,0.0604463201294611,0.850498994719706,0.939557476992869,0.939557476992869,"anchored sequential hurdle updates",0,1188,4.75,""
"New Jersey",2025-03-29,"compressed","cumulative_poisson",3657.54347355677,0,0.00183601638755293,"pass",TRUE,TRUE,TRUE,TRUE,0.00609798888596126,0.992550579127343,1,0.993902011114039,"anchored independent signed-Poisson update approximation",0,945,2.89799999999997,""
"New Jersey",2025-03-29,"compressed","cumulative_nb",3923.2714841017,0,0.00166171769335222,"pass",TRUE,TRUE,TRUE,TRUE,0.00626706869516298,0.987261987144617,0.999976281472548,0.993732931304847,"anchored independent signed-Poisson update approximation",0,945,3.399,""
"New Jersey",2025-03-29,"compressed","hurdle_ztnb",707.899711359068,0,0.000140146401837904,"pass",TRUE,TRUE,TRUE,FALSE,0.0258036551944558,0.968906344920341,0.977863668164479,0.974196467331446,"anchored sequential hurdle updates",0,945,3.65799999999996,""
"New Jersey",2025-03-29,"compressed","hurdle_ztpoisson",1576.03224320961,0,0.00608051367659793,"pass",TRUE,TRUE,TRUE,FALSE,0.0328793996586015,0.967121084006369,0.98093941029254,0.967121084006369,"anchored sequential hurdle updates",0,945,3.59299999999996,""
"New Jersey",2025-05-31,"compressed","cumulative_poisson",4665.07633639719,0,0.00130823955650783,"pass",TRUE,TRUE,TRUE,TRUE,0.00303861087641581,0.985525850410283,0.999952161313788,0.996961389123599,"anchored independent signed-Poisson update approximation",0,1188,2.86400000000003,""
"New Jersey",2025-05-31,"compressed","cumulative_nb",4948.9769286648,0,0.00173224913202069,"pass",TRUE,TRUE,TRUE,TRUE,0.00366100722272281,0.982094521877189,0.999829038910293,0.996338992777402,"anchored independent signed-Poisson update approximation",0,1188,3.774,""
"New Jersey",2025-05-31,"compressed","hurdle_ztnb",891.858584416724,0,0.00087955671780246,"pass",TRUE,TRUE,TRUE,FALSE,0.0400850872053133,0.945212092303069,0.959920868670387,0.959920868670387,"anchored sequential hurdle updates",28,1188,3.93900000000002,""
"New Jersey",2025-05-31,"compressed","hurdle_ztpoisson",1754.77772021786,0,0.0259587861839981,"pass",TRUE,TRUE,TRUE,FALSE,0.0304563946407766,0.958603313221491,0.969546555909366,0.969546555909366,"anchored sequential hurdle updates",0,1188,3.87200000000001,""
"Oklahoma",2025-01-02,"calendar","cumulative_poisson",3794.40228969694,0,0.000740692158908374,"pass",TRUE,TRUE,TRUE,TRUE,0.00546694009298546,0.961772877614561,0.999544588090722,0.994533059907893,"anchored independent signed-Poisson update approximation",1,1539,2.89800000000002,""
"Oklahoma",2025-01-02,"calendar","cumulative_nb",4034.76053750416,0,0.00103178078440713,"pass",TRUE,TRUE,TRUE,TRUE,0.00658040025081869,0.955573662476841,0.99918247169314,0.99341959975238,"anchored independent signed-Poisson update approximation",0,1539,4.21299999999997,""
"Oklahoma",2025-01-02,"calendar","hurdle_ztnb",876.571453270397,0,0.000125387841271696,"pass",TRUE,TRUE,TRUE,FALSE,0.0524197372932156,0.916288082457227,0.947592346693078,0.947592346693078,"anchored sequential hurdle updates",24,1539,3.99799999999999,""
"Oklahoma",2025-01-02,"calendar","hurdle_ztpoisson",975.439518477237,0,0.00608844538553159,"pass",TRUE,TRUE,TRUE,FALSE,0.0371751053839374,0.937154909707754,0.962832827188668,0.962832827188668,"anchored sequential hurdle updates",8,1539,3.57299999999998,""
"Oklahoma",2025-01-02,"compressed","cumulative_poisson",2165.44784942618,0,0.000710506031099234,"pass",TRUE,TRUE,TRUE,TRUE,0.00678684257001603,0.987495239843673,0.999999429734404,0.993213157429984,"anchored independent signed-Poisson update approximation",0,648,1.73899999999998,""
"Oklahoma",2025-01-02,"compressed","cumulative_nb",2385.79875945632,0,0.0010052020989969,"pass",TRUE,TRUE,TRUE,TRUE,0.00883793111315626,0.984975013118073,0.999996106264195,0.991162068886844,"anchored independent signed-Poisson update approximation",0,648,2.005,""
"Oklahoma",2025-01-02,"compressed","hurdle_ztnb",646.265812277503,0,8.39012554969543e-05,"pass",TRUE,TRUE,TRUE,FALSE,0.0468083654051673,0.943053133904223,0.961358096431936,0.953194305934345,"anchored sequential hurdle updates",0,648,3.06099999999998,""
"Oklahoma",2025-01-02,"compressed","hurdle_ztpoisson",706.618533993601,0,0.00980484420207506,"pass",TRUE,TRUE,TRUE,FALSE,0.0322454545294636,0.960157911157906,0.974696965098094,0.967755923871204,"anchored sequential hurdle updates",0,648,3.00599999999997,""
"Oklahoma",2025-04-26,"calendar","cumulative_poisson",5867.20818890711,0,0.000219342991480326,"pass",TRUE,TRUE,TRUE,TRUE,0.0165294640595227,0.766536945183958,0.999914339683825,0.983471681066045,"anchored independent signed-Poisson update approximation",0,1998,3.06799999999998,""
"Oklahoma",2025-04-26,"calendar","cumulative_nb",5858.61767870706,0,0.00448161342439474,"pass",TRUE,TRUE,TRUE,TRUE,0.0142697698926093,0.784702731835718,0.985730354188448,0.985730354188448,"anchored independent signed-Poisson update approximation",0,1998,5.28300000000002,"NA/NaN function evaluation"
"Oklahoma",2025-04-26,"calendar","hurdle_ztnb",1355.90771633156,0,0.0015425877251285,"pass",TRUE,TRUE,TRUE,FALSE,0.0754193426742747,0.818801052120803,0.924598438210827,0.924598438210827,"anchored sequential hurdle updates",55,1998,4.541,""
"Oklahoma",2025-04-26,"calendar","hurdle_ztpoisson",2536.48027189896,0,0.0162425632300104,"pass",TRUE,TRUE,TRUE,FALSE,0.0843324479684333,0.795656991138273,0.915678824066019,0.915678824066019,"anchored sequential hurdle updates",0,1998,4.50700000000001,""
"Oklahoma",2025-05-31,"calendar","cumulative_poisson",6333.29336176279,0,0.00287271776785403,"pass",TRUE,TRUE,TRUE,TRUE,0.0033701152775388,0.762967920117267,0.996629889745672,0.996629889745672,"anchored independent signed-Poisson update approximation",0,2133,3.34100000000001,""
"Oklahoma",2025-05-31,"calendar","cumulative_nb",6362.12723268404,0,0.00789558704162668,"pass",TRUE,TRUE,TRUE,TRUE,0.0105571945083885,0.779745373316968,0.989442864403101,0.989442864403101,"anchored independent signed-Poisson update approximation",0,2133,5.41799999999995,""
"Oklahoma",2025-05-31,"calendar","hurdle_ztnb",1422.95478149101,0,0.00161292128673107,"pass",TRUE,TRUE,TRUE,FALSE,0.0698774213552833,0.815332129330344,0.930140657010362,0.930140657010362,"anchored sequential hurdle updates",63,2133,4.73499999999996,""
"Oklahoma",2025-05-31,"calendar","hurdle_ztpoisson",2598.90351759249,0,0.00834096875739538,"pass",TRUE,TRUE,TRUE,FALSE,0.0775155050960188,0.79456358934608,0.922492660156828,0.922492660156828,"anchored sequential hurdle updates",7,2133,4.72299999999996,""
"Oregon",2025-03-29,"compressed","cumulative_poisson",2981.98735752543,0,0.000880906481531607,"pass",TRUE,TRUE,TRUE,TRUE,0.0134138643772341,0.90823601674467,1,0.986586135622766,"anchored independent signed-Poisson update approximation",0,945,2.02699999999999,""
"Oregon",2025-03-29,"compressed","cumulative_nb",3192.38985748403,0,0.000468105144456388,"pass",TRUE,TRUE,TRUE,TRUE,0.00585796072624891,0.907928919776095,0.999872090628428,0.994142039273753,"anchored independent signed-Poisson update approximation",0,945,2.52699999999999,""
"Oregon",2025-03-29,"compressed","hurdle_ztnb",635.677919029967,0,0.000424476801919038,"pass",TRUE,TRUE,TRUE,FALSE,0.0335470109135432,0.872962492261867,0.966455126798947,0.966455126798947,"anchored sequential hurdle updates",3,945,3.03099999999995,""
"Oregon",2025-03-29,"compressed","hurdle_ztpoisson",876.024559282799,0,0.00132188279765239,"pass",TRUE,TRUE,TRUE,FALSE,0.0359317869015006,0.916714202115559,0.964104483266549,0.96406828015135,"anchored sequential hurdle updates",0,945,2.971,""
"Oregon",2025-04-26,"compressed","cumulative_poisson",3373.80443397788,0,0.010105116335922,"pass",TRUE,TRUE,TRUE,TRUE,0.00297404330547561,0.898216327777985,0.999359164103308,0.997025956695843,"anchored independent signed-Poisson update approximation",0,1053,2.21599999999995,""
"Oregon",2025-04-26,"compressed","cumulative_nb",3594.4128673733,0,0.0035307928759043,"pass",TRUE,TRUE,TRUE,TRUE,0.00392713127014542,0.897166413019002,0.999319822825,0.996072868731373,"anchored independent signed-Poisson update approximation",0,1053,2.66200000000003,""
"Oregon",2025-04-26,"compressed","hurdle_ztnb",714.711878198476,0,0.000428322139617243,"pass",TRUE,TRUE,TRUE,FALSE,0.031204456776393,0.872553345641323,0.968796701567581,0.968796701567581,"anchored sequential hurdle updates",10,1053,3.197,""
"Oregon",2025-04-26,"compressed","hurdle_ztpoisson",965.879620952415,0,0.00528930039637804,"pass",TRUE,TRUE,TRUE,FALSE,0.0321258439232852,0.905091094541048,0.967901083126168,0.96787425819213,"anchored sequential hurdle updates",0,1053,3.12700000000001,""
"Pennsylvania",2025-02-15,"compressed","cumulative_poisson",3063.35822888168,0,0.00130904485470221,"pass",TRUE,TRUE,TRUE,TRUE,0.0246713541578129,0.975328645843169,1,0.975328645843169,"anchored independent signed-Poisson update approximation",0,783,1.94400000000002,"NA/NaN function evaluation"
"Pennsylvania",2025-02-15,"compressed","cumulative_nb",3336.40701438904,0,0.00163562239945581,"pass",TRUE,TRUE,TRUE,TRUE,0.0127436685646796,0.987256331436007,0.999634871206914,0.987256331436007,"anchored independent signed-Poisson update approximation",0,783,2.28399999999999,""
"Pennsylvania",2025-02-15,"compressed","hurdle_ztnb",818.638247869391,0,0.000273315108151984,"pass",TRUE,TRUE,TRUE,FALSE,0.0189294717025362,0.971515583285066,0.988005132757532,0.981071353556279,"anchored sequential hurdle updates",0,783,3.03399999999999,""
"Pennsylvania",2025-02-15,"compressed","hurdle_ztpoisson",1062.7871590457,0,0.0186626051490124,"pass",TRUE,TRUE,TRUE,FALSE,0.0253924444747592,0.974617468054292,0.990291275766205,0.974617468054292,"anchored sequential hurdle updates",1,783,3.08600000000001,""
"Pennsylvania",2025-04-26,"compressed","cumulative_poisson",4362.72624267965,0,0.0084969233094172,"pass",TRUE,TRUE,TRUE,TRUE,0.00147554945779429,0.986767830558702,0.999676873961816,0.998524450543122,"anchored independent signed-Poisson update approximation",0,1053,2.27300000000002,""
"Pennsylvania",2025-04-26,"compressed","cumulative_nb",4650.56780238469,0,0.00312521135322452,"pass",TRUE,TRUE,TRUE,TRUE,0.00231628685996323,0.986674053441275,0.999571193466613,0.997683713140997,"anchored independent signed-Poisson update approximation",0,1053,3.113,""
"Pennsylvania",2025-04-26,"compressed","hurdle_ztnb",1080.93581314382,0,0.000381063984793428,"pass",TRUE,TRUE,TRUE,FALSE,0.050362518195839,0.928610797423388,0.960642696623265,0.949676808562212,"anchored sequential hurdle updates",2,1053,3.52499999999998,""
"Pennsylvania",2025-04-26,"compressed","hurdle_ztpoisson",1912.13980491231,0,0.0325463352649881,"pass",TRUE,TRUE,TRUE,FALSE,0.0286497677767756,0.971374786867563,0.990714151862691,0.971374786867563,"anchored sequential hurdle updates",0,1053,3.54899999999998,""
"South Carolina",2025-01-02,"compressed","cumulative_poisson",2253.58611464054,0,0.000187478436510249,"pass",TRUE,TRUE,TRUE,TRUE,0.00332455871333322,0.984343834152684,0.999649385242802,0.996675441287022,"anchored independent signed-Poisson update approximation",0,648,1.77100000000002,""
"South Carolina",2025-01-02,"compressed","cumulative_nb",2481.78209732502,0,0.000227634002566963,"pass",TRUE,TRUE,TRUE,TRUE,0.00461023498322748,0.983728954389395,0.999523806138761,0.995389765017253,"anchored independent signed-Poisson update approximation",0,648,1.98999999999995,""
"South Carolina",2025-01-02,"compressed","hurdle_ztnb",464.313261125249,0,0.000549021608369449,"pass",TRUE,TRUE,TRUE,FALSE,0.0429972387818907,0.93249856748183,0.959820194717157,0.957014091605282,"anchored sequential hurdle updates",20,648,2.55700000000002,""
"South Carolina",2025-01-02,"compressed","hurdle_ztpoisson",465.762807449475,0,0.00473784539137531,"pass",TRUE,TRUE,TRUE,FALSE,0.0330458687977411,0.966305817641052,0.982545696480805,0.966959617528883,"anchored sequential hurdle updates",0,648,2.52800000000002,""
"South Carolina",2025-02-15,"calendar","cumulative_poisson",7788.76036038692,0,0.00208518050509987,"pass",TRUE,TRUE,TRUE,TRUE,0.00487244150019892,0.8427604662148,0.996163188562299,0.995127558516808,"anchored independent signed-Poisson update approximation",0,1728,3.012,""
"South Carolina",2025-02-15,"calendar","cumulative_nb",7169.67857829729,0,5.36438759173308e-05,"pass",TRUE,TRUE,TRUE,TRUE,0.0788953140692393,0.507084188799938,0.921180268020325,0.921180268020325,"anchored independent signed-Poisson update approximation",1,1728,4.19599999999997,""
"South Carolina",2025-02-15,"calendar","hurdle_ztnb",954.673663700224,0,0.000179986145316668,"pass",TRUE,TRUE,TRUE,FALSE,0.0395833669730004,0.816385049069849,0.960428575334648,0.960428575334648,"anchored sequential hurdle updates",3,1728,3.613,""
"South Carolina",2025-02-15,"calendar","hurdle_ztpoisson",1353.35160660137,0,0.0032220353773873,"pass",TRUE,TRUE,TRUE,FALSE,0.0431342355158228,0.947181546627538,0.97679619454973,0.956867037943838,"anchored sequential hurdle updates",0,1728,3.74000000000001,""
"South Carolina",2025-03-29,"compressed","cumulative_poisson",3311.67056265023,0,0.0016423931123063,"pass",TRUE,TRUE,TRUE,TRUE,0.00317431469816171,0.968960817017041,0.999231068890229,0.996825685313906,"anchored independent signed-Poisson update approximation",0,945,2,""
"South Carolina",2025-03-29,"compressed","cumulative_nb",3564.082405617,0,0.00717045656088389,"pass",TRUE,TRUE,TRUE,TRUE,0.00426863302345797,0.97055598712587,0.999316904844873,0.995731366982024,"anchored independent signed-Poisson update approximation",0,945,2.68199999999996,""
"South Carolina",2025-03-29,"compressed","hurdle_ztnb",686.664681602392,0,0.000299364913885825,"pass",TRUE,TRUE,TRUE,FALSE,0.0326437256596673,0.910612251599098,0.96736643585455,0.96736643585455,"anchored sequential hurdle updates",1,945,3.05799999999999,""
"South Carolina",2025-03-29,"compressed","hurdle_ztpoisson",747.766869560067,0,0.00565006022714022,"pass",TRUE,TRUE,TRUE,FALSE,0.0292850798099538,0.958725701875354,0.977531453249648,0.970722675121926,"anchored sequential hurdle updates",0,945,3.05599999999998,""
"South Dakota",2025-05-31,"calendar","cumulative_poisson",3503.8995756648,0,0.00220074719436925,"pass",TRUE,TRUE,TRUE,TRUE,0.0950782026079772,0.788272540683449,0.904927376153283,0.904927376153283,"anchored independent signed-Poisson update approximation",2,2133,3.10699999999997,""
"South Dakota",2025-05-31,"calendar","cumulative_nb",3704.4718423007,0,0.00170756896244739,"pass",TRUE,TRUE,TRUE,TRUE,0.0354185715229207,0.865882007490585,0.999874878649978,0.967071804259762,"anchored independent signed-Poisson update approximation",2,2133,8.197,""
"South Dakota",2025-05-31,"calendar","hurdle_ztnb",821.109164390804,0,0.000347739991379825,"pass",TRUE,TRUE,TRUE,FALSE,0.0526339600750293,0.82661182156741,0.947383912491278,0.947383912491278,"anchored sequential hurdle updates",18,2133,3.91500000000002,""
"South Dakota",2025-05-31,"calendar","hurdle_ztpoisson",788.442566211034,0,0.00894783106084451,"pass",TRUE,TRUE,TRUE,FALSE,0.0619918051780715,0.834674966133273,0.938024221404036,0.938024221404036,"anchored sequential hurdle updates",9,2133,3.779,""
"South Dakota",2025-05-31,"compressed","cumulative_poisson",2815.73322624571,0,0.00010247595579764,"pass",TRUE,TRUE,TRUE,TRUE,0.106492907351623,0.828165902141789,0.893512323686636,0.893512323686636,"anchored independent signed-Poisson update approximation",1,1188,2.13000000000005,""
"South Dakota",2025-05-31,"compressed","cumulative_nb",3013.35805316403,0,0.00566568195830885,"pass",TRUE,TRUE,TRUE,TRUE,0.107765640745221,0.829293436936698,0.892239420434954,0.892239420434954,"anchored independent signed-Poisson update approximation",0,1188,2.77900000000011,""
"South Dakota",2025-05-31,"compressed","hurdle_ztnb",678.716866903233,0,0.00200122960332116,"pass",TRUE,TRUE,TRUE,FALSE,0.0428107412058133,0.887097138422006,0.957209725691087,0.957209725691087,"anchored sequential hurdle updates",26,1188,3.38,""
"South Dakota",2025-05-31,"compressed","hurdle_ztpoisson",646.164663076902,0,0.00406801008755151,"pass",TRUE,TRUE,TRUE,FALSE,0.0500895512776942,0.882699116133149,0.949928736547888,0.949928736547888,"anchored sequential hurdle updates",5,1188,3.11899999999991,""
"Tennessee",2025-01-02,"calendar","cumulative_poisson",6045.25673243541,0,0.000776875358722312,"pass",TRUE,TRUE,TRUE,TRUE,0.0156118765406928,0.914903423370734,0.984389191514612,0.984389191514612,"anchored independent signed-Poisson update approximation",0,1539,2.34700000000009,""
"Tennessee",2025-01-02,"calendar","cumulative_nb",6276.58593349148,0,0.00035307117519956,"pass",TRUE,TRUE,TRUE,TRUE,0.0198237949316539,0.894017497517323,0.980177827528412,0.980177827528412,"anchored independent signed-Poisson update approximation",0,1539,4.077,"NA/NaN function evaluation"
"Tennessee",2025-01-02,"calendar","hurdle_ztnb",997.548160563239,0,2.4546137746162e-05,"pass",TRUE,TRUE,TRUE,FALSE,0.0465371866633292,0.901506999140669,0.953472324834451,0.953472324834451,"anchored sequential hurdle updates",3,1539,3.72500000000002,""
"Tennessee",2025-01-02,"calendar","hurdle_ztpoisson",1161.16820850129,0,0.00703308443798431,"pass",TRUE,TRUE,TRUE,FALSE,0.0241416442135048,0.953357006007074,0.975860820538319,0.975860820538319,"anchored sequential hurdle updates",3,1539,3.654,""
"Tennessee",2025-01-02,"compressed","cumulative_poisson",2303.21844427084,0,0.000915409098362518,"pass",TRUE,TRUE,TRUE,TRUE,0.0167484399323833,0.983251560128356,0.994328843217831,0.983251560128356,"anchored independent signed-Poisson update approximation",0,648,1.779,""
"Tennessee",2025-01-02,"compressed","cumulative_nb",2537.1305666688,0,0.000606309169971508,"pass",TRUE,TRUE,TRUE,TRUE,0.0196258296308407,0.980374170479984,0.993046515758035,0.980374170479984,"anchored independent signed-Poisson update approximation",0,648,2.41200000000003,"NA/NaN function evaluation"
"Tennessee",2025-01-02,"compressed","hurdle_ztnb",645.539373865044,0,0.001041126634721,"pass",TRUE,TRUE,TRUE,FALSE,0.030877701387,0.960361061375249,0.976969956959107,0.969123380094918,"anchored sequential hurdle updates",0,648,2.976,""
"Tennessee",2025-01-02,"compressed","hurdle_ztpoisson",655.862981696041,0,0.00823412070049301,"pass",TRUE,TRUE,TRUE,FALSE,0.0288563770033048,0.967824865989136,0.97692923807252,0.971149632629906,"anchored sequential hurdle updates",0,648,2.85599999999999,""
"Tennessee",2025-02-15,"calendar","cumulative_poisson",8051.04182371704,0,0.00253266665072616,"pass",TRUE,TRUE,TRUE,TRUE,0.0109199554076984,0.786194396536982,0.998814311659453,0.989080044623275,"anchored independent signed-Poisson update approximation",0,1728,2.75099999999998,""
"Tennessee",2025-02-15,"calendar","cumulative_nb",7391.94351992392,0,0.00116183272713055,"pass",TRUE,TRUE,TRUE,TRUE,0.0402319155504727,0.679542748807481,0.959790840089972,0.959790840089972,"anchored independent signed-Poisson update approximation",0,1728,4.48500000000001,"NA/NaN function evaluation"
"Tennessee",2025-02-15,"calendar","hurdle_ztnb",1176.5610205965,0,0.000226854573231738,"pass",TRUE,TRUE,TRUE,FALSE,0.0644778301928583,0.882302985345214,0.935530780600553,0.935530780600553,"anchored sequential hurdle updates",1,1728,3.95699999999999,""
"Tennessee",2025-02-15,"calendar","hurdle_ztpoisson",1792.15576876821,0,0.0371009928279651,"pass",TRUE,TRUE,TRUE,FALSE,0.0961426571390099,0.887639285091254,0.943470199173295,0.903862644897698,"anchored sequential hurdle updates",3,1728,4.08100000000002,""
"Tennessee",2025-02-15,"compressed","cumulative_poisson",2819.90193506392,0,0.000445228320096636,"pass",TRUE,TRUE,TRUE,TRUE,0.0165151982417146,0.961057073430792,0.999999825406889,0.983484801758287,"anchored independent signed-Poisson update approximation",0,783,1.96000000000004,""
"Tennessee",2025-02-15,"compressed","cumulative_nb",3064.40977588032,0,0.000180055973302465,"pass",TRUE,TRUE,TRUE,TRUE,0.0172899334749269,0.963818591958359,0.999999778901774,0.982710066525079,"anchored independent signed-Poisson update approximation",0,783,2.38800000000003,""
"Tennessee",2025-02-15,"compressed","hurdle_ztnb",773.796732958434,0,0.000765833197946764,"pass",TRUE,TRUE,TRUE,FALSE,0.0377811870785439,0.93662489425053,0.966014240205686,0.962219810414564,"anchored sequential hurdle updates",0,783,3.21299999999997,""
"Tennessee",2025-02-15,"compressed","hurdle_ztpoisson",920.949413481225,0,0.0114743537645241,"pass",TRUE,TRUE,TRUE,FALSE,0.0301717963914984,0.954337083428499,0.975506344407963,0.969829535006347,"anchored sequential hurdle updates",0,783,3.08600000000001,""
"Tennessee",2025-03-29,"calendar","cumulative_poisson",8709.20818046732,0,0.0046292062217681,"pass",TRUE,TRUE,TRUE,TRUE,0.00585801307177671,0.808961931997926,0.994141989527193,0.994141989527193,"anchored independent signed-Poisson update approximation",0,1890,2.96100000000001,""
"Tennessee",2025-03-29,"calendar","cumulative_nb",8106.25690102171,0,0.000652234819051856,"pass",TRUE,TRUE,TRUE,TRUE,0.0190747835712634,0.747323259763035,0.980933877139048,0.980933877139048,"anchored independent signed-Poisson update approximation",0,1890,5.322,"NA/NaN function evaluation"
"Tennessee",2025-03-29,"calendar","hurdle_ztnb",1332.50534517866,0,0.00626299650452122,"pass",TRUE,TRUE,TRUE,FALSE,0.0497860993684249,0.88395164949136,0.950220707865551,0.950220707865551,"anchored sequential hurdle updates",0,1890,4.35699999999997,""
"Tennessee",2025-03-29,"calendar","hurdle_ztpoisson",2116.56473434744,0,0.0028701048629142,"pass",TRUE,TRUE,TRUE,FALSE,0.0776876709742428,0.900436756055151,0.93802222003239,0.922317002134848,"anchored sequential hurdle updates",0,1890,4.49400000000003,""
"Tennessee",2025-03-29,"compressed","cumulative_poisson",3451.45639239207,0,0.00245681707998591,"pass",TRUE,TRUE,TRUE,TRUE,0.00629817631545271,0.953078610123071,0.997765851949466,0.993701823896474,"anchored independent signed-Poisson update approximation",0,945,2.02199999999993,""
"Tennessee",2025-03-29,"compressed","cumulative_nb",3708.15901763293,0,0.000927445151276407,"pass",TRUE,TRUE,TRUE,TRUE,0.00748397478718475,0.956749472355926,0.998064343180343,0.992516025313798,"anchored independent signed-Poisson update approximation",0,945,2.44200000000001,""
"Tennessee",2025-03-29,"compressed","hurdle_ztnb",929.158141623988,0,0.000144100304363404,"pass",TRUE,TRUE,TRUE,FALSE,0.0340132053128455,0.931638487023446,0.967599134004634,0.965988704444282,"anchored sequential hurdle updates",0,945,3.57499999999993,""
"Tennessee",2025-03-29,"compressed","hurdle_ztpoisson",1152.27332908887,0,0.00381863705402186,"pass",TRUE,TRUE,TRUE,FALSE,0.0267489917615785,0.950931651035131,0.97325571855623,0.97325571855623,"anchored sequential hurdle updates",0,945,3.45799999999997,""
"Tennessee",2025-04-26,"calendar","cumulative_poisson",9141.00690664504,0,0.00993013402844278,"pass",TRUE,TRUE,TRUE,TRUE,0.00438917327628141,0.816804254865149,0.995610828223216,0.995610828223216,"anchored independent signed-Poisson update approximation",0,1998,3.12099999999998,""
"Tennessee",2025-04-26,"calendar","cumulative_nb",8612.91813377157,0,0.000232103309170562,"pass",TRUE,TRUE,TRUE,TRUE,0.0135507560018636,0.780295006638026,0.986454646973659,0.986454646973659,"anchored independent signed-Poisson update approximation",0,1998,5.745,"NA/NaN function evaluation"
"Tennessee",2025-04-26,"calendar","hurdle_ztnb",1416.00234203581,0,0.000124926849137452,"pass",TRUE,TRUE,TRUE,FALSE,0.0536613351690371,0.878424811977557,0.946348121768315,0.946348121768315,"anchored sequential hurdle updates",12,1998,4.99599999999998,""
"Tennessee",2025-04-26,"calendar","hurdle_ztpoisson",2205.69854378535,0,0.0320782365987654,"pass",TRUE,TRUE,TRUE,FALSE,0.0784428289235444,0.898893358889573,0.934670371849867,0.92156283533754,"anchored sequential hurdle updates",0,1998,4.572,""
"Tennessee",2025-04-26,"compressed","cumulative_poisson",3866.9843857024,0,0.00457762419836782,"pass",TRUE,TRUE,TRUE,TRUE,0.00452608330200681,0.952660267475597,0.998228592930536,0.995473916821733,"anchored independent signed-Poisson update approximation",0,1053,2.16399999999999,""
"Tennessee",2025-04-26,"compressed","cumulative_nb",4131.58286774303,0,0.000551686742902291,"pass",TRUE,TRUE,TRUE,TRUE,0.0054197260373392,0.955834325235061,0.998166978414599,0.994580274050355,"anchored independent signed-Poisson update approximation",0,1053,2.80799999999999,"NA/NaN function evaluation"
"Tennessee",2025-04-26,"compressed","hurdle_ztnb",999.764712247988,0,0.000413998867146992,"pass",TRUE,TRUE,TRUE,FALSE,0.0330688199233689,0.931957347584252,0.968483536588007,0.966933466921949,"anchored sequential hurdle updates",0,1053,3.79600000000005,""
"Tennessee",2025-04-26,"compressed","hurdle_ztpoisson",1226.00901252916,0,0.00387698677817383,"pass",TRUE,TRUE,TRUE,FALSE,0.0252470276545501,0.950625752207683,0.975385480779422,0.974756299942033,"anchored sequential hurdle updates",0,1053,3.59899999999993,""
"Tennessee",2025-05-31,"calendar","cumulative_poisson",9667.08230806372,0,0.00343483220276103,"pass",TRUE,TRUE,TRUE,TRUE,0.00329243532005551,0.820277929955614,0.996707565338417,0.996707565338417,"anchored independent signed-Poisson update approximation",0,2133,3.66300000000001,""
"Tennessee",2025-05-31,"calendar","cumulative_nb",9234.91596646487,0,0.00188714634557341,"pass",TRUE,TRUE,TRUE,TRUE,0.0101110576805756,0.806762441015144,0.989892259073492,0.989892259073492,"anchored independent signed-Poisson update approximation",0,2133,7.15899999999999,"NA/NaN function evaluation"
"Tennessee",2025-05-31,"calendar","hurdle_ztnb",1475.64061378068,0,0.00446399078487514,"pass",TRUE,TRUE,TRUE,FALSE,0.0499614683189363,0.875041582606237,0.950047860351805,0.950047860351805,"anchored sequential hurdle updates",15,2133,4.75,""
"Tennessee",2025-05-31,"calendar","hurdle_ztpoisson",2273.83899732447,0,0.0200288682612403,"pass",TRUE,TRUE,TRUE,FALSE,0.0774896721666008,0.89957234343577,0.933287639989703,0.92251556272699,"anchored sequential hurdle updates",0,2133,4.76400000000001,""
"Tennessee",2025-05-31,"compressed","cumulative_poisson",4367.32046489484,0,0.0044778806177988,"pass",TRUE,TRUE,TRUE,TRUE,0.00346312866462383,0.952278714289276,0.998699061684678,0.996536871399527,"anchored independent signed-Poisson update approximation",0,1188,2.27199999999993,""
"Tennessee",2025-05-31,"compressed","cumulative_nb",4640.68714175737,0,0.0110082530560942,"pass",TRUE,TRUE,TRUE,TRUE,0.00409587330313614,0.955089985876868,0.99861856094964,0.995904126747,"anchored independent signed-Poisson update approximation",0,1188,3.32600000000002,""
"Tennessee",2025-05-31,"compressed","hurdle_ztnb",1056.1527974481,0,0.00147844059586522,"pass",TRUE,TRUE,TRUE,FALSE,0.0308690271696654,0.932344287788695,0.970781990560018,0.969133142590798,"anchored sequential hurdle updates",5,1188,4.09000000000003,""
"Tennessee",2025-05-31,"compressed","hurdle_ztpoisson",1266.89955786876,0,0.0109773541868914,"pass",TRUE,TRUE,TRUE,FALSE,0.023238316702799,0.950839195411285,0.978028725553475,0.976764111425167,"anchored sequential hurdle updates",0,1188,3.79600000000005,""
"Texas",2025-01-02,"calendar","cumulative_poisson",7443.56924492899,0,0.000191652647994395,"pass",TRUE,TRUE,TRUE,TRUE,0.0327859354045376,0.967214064833628,0.999980106165093,0.967214064833628,"anchored independent signed-Poisson update approximation",0,1539,2.61200000000008,""
"Texas",2025-01-02,"calendar","cumulative_nb",6969.29791498882,0,0.00259346772781655,"pass",TRUE,TRUE,TRUE,TRUE,0.100193095182708,0.764220873781455,0.899811346380173,0.899811346380173,"anchored independent signed-Poisson update approximation",0,1539,3.93600000000004,""
"Texas",2025-01-02,"calendar","hurdle_ztnb",1151.01340822334,0,0.000234638781606122,"pass",TRUE,TRUE,TRUE,FALSE,0.10212511131088,0.855457231405598,0.897895245549977,0.897895245549977,"anchored sequential hurdle updates",20,1539,3.70500000000004,""
"Texas",2025-01-02,"calendar","hurdle_ztpoisson",2617.55656697745,0,0.0193940746954011,"pass",TRUE,TRUE,TRUE,FALSE,0.0874166883350338,0.865045997526434,0.91261967096575,0.91261967096575,"anchored sequential hurdle updates",37,1539,3.80800000000011,""
"Texas",2025-01-02,"compressed","cumulative_poisson",5511.55060340999,0,0.0033592566266929,"pass",TRUE,TRUE,TRUE,TRUE,0.162056109060504,0.779307684256099,0.838042917921091,0.838042917921091,"anchored independent signed-Poisson update approximation",0,648,1.76400000000001,""
"Texas",2025-01-02,"compressed","cumulative_nb",3706.00066781603,0,0.000709681625256309,"pass",TRUE,TRUE,TRUE,TRUE,0.0575160465586594,0.931829908149772,0.942486945941419,0.942486945941419,"anchored independent signed-Poisson update approximation",0,648,2.30600000000004,""
"Texas",2025-01-02,"compressed","hurdle_ztnb",1070.75657241331,0,0.000978863340009628,"pass",TRUE,TRUE,TRUE,FALSE,0.128555737712837,0.785218231766397,0.87153464134793,0.87153464134793,"anchored sequential hurdle updates",17,648,3.14599999999996,""
"Texas",2025-01-02,"compressed","hurdle_ztpoisson",2591.56735960746,0,0.0172150852575707,"pass",TRUE,TRUE,TRUE,FALSE,0.383643825472837,0.619475647960069,0.97219055648613,0.619475647960069,"anchored sequential hurdle updates",83,648,3.12199999999996,"NA/NaN function evaluation"
"Texas",2025-02-15,"calendar","cumulative_poisson",12455.1944158739,0,0.00948170424059125,"pass",TRUE,TRUE,TRUE,TRUE,0.0388156009442167,0.864734704244721,0.999856269949724,0.961184399131765,"anchored independent signed-Poisson update approximation",0,1728,2.82500000000005,""
"Texas",2025-02-15,"calendar","cumulative_nb",7938.16255781417,0,0.00112761224870184,"pass",TRUE,TRUE,TRUE,TRUE,0.0587767809142137,0.745505805968028,0.941228594707242,0.941228594707242,"anchored independent signed-Poisson update approximation",0,1728,4.53399999999999,""
"Texas",2025-02-15,"calendar","hurdle_ztnb",1400.92927354086,0,0.000522099660890785,"pass",TRUE,TRUE,TRUE,FALSE,0.0949191050120413,0.849119609371131,0.905087508530019,0.905087508530019,"anchored sequential hurdle updates",0,1728,4.16399999999999,""
"Texas",2025-02-15,"calendar","hurdle_ztpoisson",3509.29383707855,0,0.0227276561768619,"pass",TRUE,TRUE,TRUE,FALSE,0.107041509010901,0.876579822266322,0.892959077170739,0.892959077170739,"anchored sequential hurdle updates",3,1728,4.23500000000001,""
"Texas",2025-02-15,"compressed","cumulative_poisson",7291.67075578676,0,0.00437879549225428,"pass",TRUE,TRUE,TRUE,TRUE,0.0815164823028507,0.818973840975008,0.918551688085168,0.918551688085168,"anchored independent signed-Poisson update approximation",0,783,2.01599999999996,""
"Texas",2025-02-15,"compressed","cumulative_nb",4547.36254399842,0,0.000146248631043733,"pass",TRUE,TRUE,TRUE,TRUE,0.0887776178981392,0.865228110907572,0.911239434731859,0.911239434731859,"anchored independent signed-Poisson update approximation",0,783,2.18299999999999,""
"Texas",2025-02-15,"compressed","hurdle_ztnb",1234.0564142067,0,0.000654628171067984,"pass",TRUE,TRUE,TRUE,FALSE,0.0791766906543032,0.841386676010624,0.920865327661037,0.920865327661037,"anchored sequential hurdle updates",3,783,3.41500000000008,""
"Texas",2025-02-15,"compressed","hurdle_ztpoisson",5627.43399850044,0,0.0160362585003639,"pass",TRUE,TRUE,TRUE,FALSE,0.0364595325174704,0.95600094563975,0.979433037489174,0.963541930180795,"anchored sequential hurdle updates",0,783,3.327,""
"Texas",2025-03-29,"calendar","cumulative_poisson",13403.0916147359,0,0.0370470299217962,"pass",TRUE,TRUE,TRUE,TRUE,0.0189294420030186,0.875947071543089,0.999999987085203,0.981070557997115,"anchored independent signed-Poisson update approximation",0,1890,3.08899999999994,""
"Texas",2025-03-29,"calendar","cumulative_nb",8827.35828152126,0,0.000644745920620693,"pass",TRUE,TRUE,TRUE,TRUE,0.0378733324748471,0.772436450081737,0.962130896014823,0.962130896014823,"anchored independent signed-Poisson update approximation",0,1890,4.73099999999999,""
"Texas",2025-03-29,"calendar","hurdle_ztnb",1725.3201753529,0,0.000823976901303869,"pass",TRUE,TRUE,TRUE,FALSE,0.071588990671995,0.833997905657727,0.928415706520032,0.928415706520032,"anchored sequential hurdle updates",3,1890,4.76999999999998,""
"Texas",2025-03-29,"calendar","hurdle_ztpoisson",4531.01228839945,0,0.0130790987370233,"pass",TRUE,TRUE,TRUE,FALSE,0.113859893486406,0.857876286710137,0.886143698072927,0.886143698072927,"anchored sequential hurdle updates",0,1890,5.14599999999996,""
"Texas",2025-03-29,"compressed","cumulative_poisson",8384.51713822066,0,0.000112789419702164,"pass",TRUE,TRUE,TRUE,TRUE,0.0242596918865333,0.852082135357701,0.975758545695459,0.975758545695459,"anchored independent signed-Poisson update approximation",0,945,2.03499999999997,""
"Texas",2025-03-29,"compressed","cumulative_nb",5495.19242754185,0,0.00640921759596225,"pass",TRUE,TRUE,TRUE,TRUE,0.0287985412058702,0.90306219091307,0.971205675105331,0.971205675105331,"anchored independent signed-Poisson update approximation",0,945,2.49799999999993,""
"Texas",2025-03-29,"compressed","hurdle_ztnb",1528.87673738229,0,0.00142714732213145,"pass",TRUE,TRUE,TRUE,FALSE,0.0567251949748723,0.848842227708137,0.943300881528895,0.943300881528895,"anchored sequential hurdle updates",2,945,3.88300000000004,""
"Texas",2025-03-29,"compressed","hurdle_ztpoisson",7266.82715092376,0,0.0173126825868628,"pass",TRUE,TRUE,TRUE,FALSE,0.0369877325155604,0.959577515216853,0.986672509663965,0.96301282019652,"anchored sequential hurdle updates",0,945,3.81100000000004,""
"Texas",2025-04-26,"calendar","cumulative_poisson",13959.6155884424,0,0.00217980832525375,"pass",TRUE,TRUE,TRUE,TRUE,0.0134277172037365,0.877381791255174,0.999999999991767,0.986572282798756,"anchored independent signed-Poisson update approximation",0,1998,3.45600000000002,"NA/NaN function evaluation"
"Texas",2025-04-26,"calendar","cumulative_nb",9489.9197834066,0,0.000510217879223784,"pass",TRUE,TRUE,TRUE,TRUE,0.0307597133160529,0.78748275365698,0.969243936128022,0.969243936128022,"anchored independent signed-Poisson update approximation",0,1998,5.06500000000005,""
"Texas",2025-04-26,"calendar","hurdle_ztnb",1818.83667331061,0,4.60659687482323e-05,"pass",TRUE,TRUE,TRUE,FALSE,0.0622728302517761,0.835523018646385,0.937731497784522,0.937731497784522,"anchored sequential hurdle updates",7,1998,5.3119999999999,""
"Texas",2025-04-26,"calendar","hurdle_ztpoisson",4731.88792832334,0,0.0295110584846476,"pass",TRUE,TRUE,TRUE,FALSE,0.0912539233104789,0.881472227265754,0.908748016564684,0.908748016564684,"anchored sequential hurdle updates",0,1998,5.197,"NA/NaN function evaluation"
"Texas",2025-04-26,"compressed","cumulative_poisson",8910.45959744215,0,0.00116026395750302,"pass",TRUE,TRUE,TRUE,TRUE,0.015792358263097,0.864818827844741,0.984218627633859,0.984218627633859,"anchored independent signed-Poisson update approximation",0,1053,2.14400000000001,""
"Texas",2025-04-26,"compressed","cumulative_nb",6084.48108577606,0,0.000794069041447187,"pass",TRUE,TRUE,TRUE,TRUE,0.0201079675761734,0.905787142956358,0.979895243678615,0.979895243678615,"anchored independent signed-Poisson update approximation",0,1053,2.53500000000008,""
"Texas",2025-04-26,"compressed","hurdle_ztnb",1615.03072023949,0,0.0144418941628603,"pass",TRUE,TRUE,TRUE,FALSE,0.0491762155356061,0.853182140833253,0.950846512039312,0.950846512039312,"anchored sequential hurdle updates",14,1053,4.11199999999997,""
"Texas",2025-04-26,"compressed","hurdle_ztpoisson",7489.86795303584,0,0.0124655958738291,"pass",TRUE,TRUE,TRUE,FALSE,0.0365179510317551,0.959506174228329,0.985815713618699,0.96348259241956,"anchored sequential hurdle updates",0,1053,4.17200000000003,""
"Texas",2025-05-31,"calendar","cumulative_poisson",14610.4385680418,0,0.00673872299654504,"pass",TRUE,TRUE,TRUE,TRUE,0.00193349664470774,0.877653398696902,0.999447218117384,0.9980665033553,"anchored independent signed-Poisson update approximation",0,2133,3.428,""
"Texas",2025-05-31,"calendar","cumulative_nb",10322.1207569054,0,0.000463913746332534,"pass",TRUE,TRUE,TRUE,TRUE,0.0245462162865395,0.804931808361809,0.975456584819339,0.975456584819339,"anchored independent signed-Poisson update approximation",0,2133,6.62800000000004,"NA/NaN function evaluation"
"Texas",2025-05-31,"calendar","hurdle_ztnb",2089.02559102887,0,9.66403839155472e-05,"pass",TRUE,TRUE,TRUE,FALSE,0.0592576273501539,0.833059446064895,0.940755026770235,0.940755026770235,"anchored sequential hurdle updates",11,2133,5.428,""
"Texas",2025-05-31,"calendar","hurdle_ztpoisson",5082.47152573533,0,0.008857709496219,"pass",TRUE,TRUE,TRUE,FALSE,0.0798918521970577,0.897356517706453,0.920111700238013,0.920111700238013,"anchored sequential hurdle updates",0,2133,5.74900000000002,""
"Texas",2025-05-31,"compressed","cumulative_poisson",9523.91120355047,0,0.00436553009466012,"pass",TRUE,TRUE,TRUE,TRUE,0.0096481173000979,0.876763472925158,0.990357837534909,0.990357837534909,"anchored independent signed-Poisson update approximation",0,1188,2.31700000000001,""
"Texas",2025-05-31,"compressed","cumulative_nb",6789.97138254958,0,0.00270466688082011,"pass",TRUE,TRUE,TRUE,TRUE,0.0143705137706637,0.909088893303865,0.985631850406648,0.985631850406648,"anchored independent signed-Poisson update approximation",0,1188,2.95000000000005,""
"Texas",2025-05-31,"compressed","hurdle_ztnb",1860.62771498012,0,0.000744780303114645,"pass",TRUE,TRUE,TRUE,FALSE,0.0703836961428569,0.784452514029118,0.929719235288353,0.929719235288353,"anchored sequential hurdle updates",64,1188,4.52499999999998,""
"Texas",2025-05-31,"compressed","hurdle_ztpoisson",9762.81860220663,0,0.00551214087596796,"pass",TRUE,TRUE,TRUE,FALSE,0.0339691182638786,0.960304323431282,0.978230660483525,0.96603136187684,"anchored sequential hurdle updates",0,1188,4.49599999999998,""
"US",2025-01-02,"calendar","cumulative_poisson",82037.1603020849,0,0.0349946402813583,"pass",TRUE,TRUE,TRUE,TRUE,0.00093664436712052,0.940084285726311,0.999063355656771,0.999063355656771,"anchored independent signed-Poisson update approximation",0,1539,2.66600000000005,""
"US",2025-01-02,"calendar","cumulative_nb",11910.4083740173,0,0.000826258166504016,"pass",TRUE,TRUE,TRUE,TRUE,0.0594086875306291,0.41491175554862,0.940612738793388,0.940612738793388,"anchored independent signed-Poisson update approximation",0,1539,3.37199999999996,""
"US",2025-01-02,"calendar","hurdle_ztnb",2834.87654236987,0,0.000833161233778412,"pass",TRUE,TRUE,TRUE,FALSE,0.0466665160217553,0.90803115950422,0.953374426985596,0.953374426985596,"anchored sequential hurdle updates",6,1539,6.37599999999998,""
"US",2025-01-02,"calendar","hurdle_ztpoisson",13513.4564357422,1,0.551624503157768,"warning",TRUE,TRUE,TRUE,FALSE,0.101380055743561,0.899956469001564,0.997123650106,0.899956469001564,"anchored sequential hurdle updates",3374,1539,75.672,"The fit is finite but did not pass the gradient stability gate.
✖ Maximum absolute gradient: 0.5516.
ℹ Inspect `fit$gradient_status`, `fit$max_gradient`, and `fit$opt` before using
  predictions."
"US",2025-01-02,"compressed","cumulative_poisson",4306.38370504338,0,0.000186231732144992,"pass",TRUE,TRUE,TRUE,TRUE,0.0164691635702702,0.966755847617126,0.983532231898982,0.983532231898982,"anchored independent signed-Poisson update approximation",0,648,1.78200000000004,""
"US",2025-01-02,"compressed","cumulative_nb",4330.68432475299,0,0.00622955798832908,"pass",TRUE,TRUE,TRUE,TRUE,0.025525955000304,0.96241059415885,0.974475643946882,0.974475643946882,"anchored independent signed-Poisson update approximation",0,648,2.15800000000002,""
"US",2025-01-02,"compressed","hurdle_ztnb",2201.12927732877,0,0.00273191327303604,"pass",TRUE,TRUE,TRUE,FALSE,0.067324300556764,0.87564802872696,0.934341715729287,0.932779772628022,"anchored sequential hurdle updates",0,648,5.92400000000009,""
"US",2025-01-02,"compressed","hurdle_ztpoisson",19026.6457752676,0,0.018954028098694,"pass",TRUE,TRUE,TRUE,FALSE,0.0404910124499257,0.959517624422013,0.990350834594228,0.959517624422013,"anchored sequential hurdle updates",0,648,9.798,""
"US",2025-02-15,"calendar","cumulative_poisson",145964.833994748,0,0.0142126638873865,"pass",TRUE,TRUE,TRUE,TRUE,0.0081674091929522,0.817716561439292,0.99999921201222,0.991832590807049,"anchored independent signed-Poisson update approximation",0,1728,3.35599999999999,""
"US",2025-02-15,"calendar","cumulative_nb",13603.4826006868,0,0.00301140116901433,"pass",TRUE,TRUE,TRUE,TRUE,0.054982951024193,0.429111513415718,0.945040453139656,0.945040453139656,"anchored independent signed-Poisson update approximation",0,1728,4.20400000000006,""
"US",2025-02-15,"calendar","hurdle_ztnb",3511.73596980067,0,0.00242458664644563,"pass",TRUE,TRUE,TRUE,FALSE,0.0549658841336764,0.883364170350603,0.945081062720617,0.945081062720617,"anchored sequential hurdle updates",1,1728,7.87900000000002,""
"US",2025-02-15,"calendar","hurdle_ztpoisson",46457.1250609607,1,1.7487242465009,"warning",TRUE,TRUE,TRUE,FALSE,0.0539241211273054,0.926401747644771,0.9632236320805,0.946081462220909,"anchored sequential hurdle updates",0,1728,87.7199999999999,"The fit is finite but did not pass the gradient stability gate.
✖ Maximum absolute gradient: 1.749.
ℹ Inspect `fit$gradient_status`, `fit$max_gradient`, and `fit$opt` before using
  predictions."
"US",2025-02-15,"compressed","cumulative_poisson",5550.31055242298,0,0.00310681448686356,"pass",TRUE,TRUE,TRUE,TRUE,0.0190998928413846,0.941675150866141,0.980905316172993,0.980905316172993,"anchored independent signed-Poisson update approximation",0,783,1.97000000000003,""
"US",2025-02-15,"compressed","cumulative_nb",5285.61227008249,0,0.00168655945830198,"pass",TRUE,TRUE,TRUE,TRUE,0.020663652311397,0.95315851853213,0.97933898149516,0.97933898149516,"anchored independent signed-Poisson update approximation",0,783,2.50600000000009,"NA/NaN function evaluation"
"US",2025-02-15,"compressed","hurdle_ztnb",2640.08478458436,0,0.00184222123367128,"pass",TRUE,TRUE,TRUE,FALSE,0.0653066963447464,0.883268438955043,0.940036298331426,0.934788611221397,"anchored sequential hurdle updates",0,783,6.62200000000007,""
"US",2025-02-15,"compressed","hurdle_ztpoisson",35949.938701687,0,0.0327504628936026,"pass",TRUE,TRUE,TRUE,FALSE,0.0494143318142269,0.950606045784274,0.974769002790716,0.950606045784274,"anchored sequential hurdle updates",0,783,17.2809999999999,""
"US",2025-03-29,"calendar","cumulative_poisson",151121.694662426,0,0.0448961217980161,"pass",TRUE,TRUE,TRUE,TRUE,0.00662801567251285,0.824625019518886,0.993371985195239,0.993371985195239,"anchored independent signed-Poisson update approximation",0,1890,3.47599999999989,""
"US",2025-03-29,"calendar","cumulative_nb",15225.4667347064,0,0.00426459486123143,"pass",TRUE,TRUE,TRUE,TRUE,0.0569899446109837,0.41391480465716,0.943042093688928,0.943042093688928,"anchored independent signed-Poisson update approximation",0,1890,4.77200000000016,""
"US",2025-03-29,"calendar","hurdle_ztnb",4262.47278146622,0,0.00298503598638522,"pass",TRUE,TRUE,TRUE,FALSE,0.0458586279923298,0.883483134320587,0.95418464516406,0.95418464516406,"anchored sequential hurdle updates",0,1890,8.68199999999979,""
"US",2025-03-29,"calendar","hurdle_ztpoisson",59785.1870613386,1,2.87733097733349,"warning",TRUE,TRUE,TRUE,FALSE,0.0637892663045284,0.913751939748707,0.957069276651755,0.936218405058025,"anchored sequential hurdle updates",0,1890,100.234,"The fit is finite but did not pass the gradient stability gate.
✖ Maximum absolute gradient: 2.877.
ℹ Inspect `fit$gradient_status`, `fit$max_gradient`, and `fit$opt` before using
  predictions."
"US",2025-03-29,"compressed","cumulative_poisson",6830.25656037052,0,0.00124751420787828,"pass",TRUE,TRUE,TRUE,TRUE,0.0100449750142757,0.930474097293861,0.989958205456641,0.989958205456641,"anchored independent signed-Poisson update approximation",0,945,2.09100000000012,""
"US",2025-03-29,"compressed","cumulative_nb",6415.20701020891,0,0.0133470932751676,"pass",TRUE,TRUE,TRUE,TRUE,0.011187778247452,0.949416382634155,0.988814000476361,0.988814000476361,"anchored independent signed-Poisson update approximation",0,945,2.86399999999981,"NA/NaN function evaluation"
"US",2025-03-29,"compressed","hurdle_ztnb",3231.68859511504,0,0.00310860118443301,"pass",TRUE,TRUE,TRUE,FALSE,0.0553199124619915,0.878751748008744,0.946305011033763,0.944760872312818,"anchored sequential hurdle updates",1,945,7.40299999999979,""
"US",2025-03-29,"compressed","hurdle_ztpoisson",46123.6799002604,0,0.0535895975792755,"pass",TRUE,TRUE,TRUE,FALSE,0.0453060899917963,0.952775704979706,0.96938303300693,0.954708219998431,"anchored sequential hurdle updates",0,945,8.52999999999997,""
"US",2025-04-26,"calendar","cumulative_poisson",152814.508859195,0,0.0332650761699376,"pass",TRUE,TRUE,TRUE,TRUE,0.00523271412943854,0.828594966191815,0.994767287019856,0.994767287019856,"anchored independent signed-Poisson update approximation",0,1998,3.98000000000002,""
"US",2025-04-26,"calendar","cumulative_nb",16369.381920728,0,0.00115600538979277,"pass",TRUE,TRUE,TRUE,TRUE,0.0574074832960054,0.421485841606826,0.942627161059502,0.942627161059502,"anchored independent signed-Poisson update approximation",0,1998,4.75599999999986,""
"US",2025-04-26,"calendar","hurdle_ztnb",4699.81771541979,0,0.00436007006403472,"pass",TRUE,TRUE,TRUE,FALSE,0.0417359855422064,0.882352586468143,0.958308489052,0.958308489052,"anchored sequential hurdle updates",8,1998,9.55300000000011,""
"US",2025-04-26,"calendar","hurdle_ztpoisson",62244.9330000131,1,9.67649837075942,"warning",TRUE,TRUE,TRUE,FALSE,0.0678658650962984,0.906078395175869,0.950271949065971,0.932143817386424,"anchored sequential hurdle updates",0,1998,122.021,"The fit is finite but did not pass the gradient stability gate.
✖ Maximum absolute gradient: 9.676.
ℹ Inspect `fit$gradient_status`, `fit$max_gradient`, and `fit$opt` before using
  predictions. | CHOLMOD warning 'matrix not positive definite' at file 'Supernodal/t_cholmod_super_numeric_worker.c', line 1114"
"US",2025-04-26,"compressed","cumulative_poisson",7548.19130493819,0,0.00387173529386048,"pass",TRUE,TRUE,TRUE,TRUE,0.00522798395158176,0.932907589884584,0.994773636628618,0.994773636628618,"anchored independent signed-Poisson update approximation",0,1053,2.30099999999993,""
"US",2025-04-26,"compressed","cumulative_nb",7148.10707314928,0,0.00190990996962404,"pass",TRUE,TRUE,TRUE,TRUE,0.0076775857522199,0.948270621559844,0.992323714655319,0.992323714655319,"anchored independent signed-Poisson update approximation",0,1053,3.34300000000007,""
"US",2025-04-26,"compressed","hurdle_ztnb",3595.01713939998,0,0.00554175762601883,"pass",TRUE,TRUE,TRUE,FALSE,0.0488687767954543,0.878979292021907,0.952271442031713,0.951209324375396,"anchored sequential hurdle updates",5,1053,7.96199999999999,""
"US",2025-04-26,"compressed","hurdle_ztpoisson",50613.8303093504,0,0.0540575213648637,"pass",TRUE,TRUE,TRUE,FALSE,0.022464885085752,0.975551984480515,0.986846466717631,0.977535726955472,"anchored sequential hurdle updates",0,1053,23.8519999999999,""
"US",2025-05-31,"calendar","cumulative_poisson",154252.437323727,0,0.0342378287051808,"pass",TRUE,TRUE,TRUE,TRUE,0.000965620314912575,0.833379677441718,0.999034379766317,0.999034379766317,"anchored independent signed-Poisson update approximation",0,2133,4.13400000000001,""
"US",2025-05-31,"calendar","cumulative_nb",17814.3198882297,0,0.000725806406515317,"pass",TRUE,TRUE,TRUE,TRUE,0.0592977969067225,0.436933620736345,0.940739315922951,0.940739315922951,"anchored independent signed-Poisson update approximation",0,2133,4.92900000000009,"NA/NaN function evaluation"
"US",2025-05-31,"calendar","hurdle_ztnb",5411.81881844499,0,0.00223146202046465,"pass",TRUE,TRUE,TRUE,FALSE,0.0429714993163464,0.872404735895144,0.957388712786326,0.957106983039812,"anchored sequential hurdle updates",21,2133,10.9269999999999,""
"US",2025-05-31,"calendar","hurdle_ztpoisson",65752.8627187603,1,4.83737103153091,"warning",TRUE,TRUE,TRUE,FALSE,0.0672006119972892,0.906403481951454,0.949555149350882,0.932809239928971,"anchored sequential hurdle updates",0,2133,140.298,"The fit is finite but did not pass the gradient stability gate.
✖ Maximum absolute gradient: 4.837.
ℹ Inspect `fit$gradient_status`, `fit$max_gradient`, and `fit$opt` before using
  predictions."
"US",2025-05-31,"compressed","cumulative_poisson",8398.87343911514,0,0.00817093331921903,"pass",TRUE,TRUE,TRUE,TRUE,0.00161452929832508,0.937388102008879,0.998385909944869,0.998385909944869,"anchored independent signed-Poisson update approximation",0,1188,2.40999999999985,""
"US",2025-05-31,"compressed","cumulative_nb",8033.83090110455,0,0.00306719550279333,"pass",TRUE,TRUE,TRUE,TRUE,0.00427417975522763,0.948587306719633,0.995726603063227,0.995726603063227,"anchored independent signed-Poisson update approximation",0,1188,3.37300000000005,""
"US",2025-05-31,"compressed","hurdle_ztnb",4224.28293022964,0,0.000952858147913016,"pass",TRUE,TRUE,TRUE,FALSE,0.0495880444432584,0.874834712759711,0.954980816053959,0.950526839128518,"anchored sequential hurdle updates",15,1188,9.03600000000006,""
"US",2025-05-31,"compressed","hurdle_ztpoisson",54215.9549897215,0,0.0631623593272445,"pass",TRUE,TRUE,TRUE,FALSE,0.0253230425657724,0.973077325529024,0.985617396303566,0.974677993670334,"anchored sequential hurdle updates",0,1188,13.9669999999999,""
"Utah",2025-01-02,"calendar","cumulative_poisson",2399.50596937694,0,0.000585813565330384,"pass",TRUE,TRUE,TRUE,TRUE,0.0807476413388798,0.808881800119181,0.939746829721068,0.919258509288558,"anchored independent signed-Poisson update approximation",0,1539,2.29499999999985,""
"Utah",2025-01-02,"calendar","cumulative_nb",2566.58954702413,0,0.000495451424857407,"pass",TRUE,TRUE,TRUE,TRUE,0.0818724666417569,0.80318377133518,0.934797639827607,0.918132992602627,"anchored independent signed-Poisson update approximation",0,1539,3.58200000000011,"NA/NaN function evaluation"
"Utah",2025-01-02,"calendar","hurdle_ztnb",443.663605907228,0,0.000623940707980997,"pass",TRUE,TRUE,TRUE,FALSE,0.0654692685292056,0.827581244967486,0.93453360193008,0.93453360193008,"anchored sequential hurdle updates",1,1539,2.97000000000003,""
"Utah",2025-01-02,"calendar","hurdle_ztpoisson",433.862219928173,0,0.0146353768262403,"pass",TRUE,TRUE,TRUE,FALSE,0.0534709780040207,0.863632160746055,0.946530074782599,0.946530074782599,"anchored sequential hurdle updates",1,1539,3.40499999999997,""
"Utah",2025-01-02,"compressed","cumulative_poisson",1569.97493703707,0,0.000745312150932875,"pass",TRUE,TRUE,TRUE,TRUE,0.0575284032733582,0.938556788807664,0.970171975089883,0.942471601907254,"anchored independent signed-Poisson update approximation",0,648,1.75099999999998,""
"Utah",2025-01-02,"compressed","cumulative_nb",1732.58801626998,0,0.000331650188550282,"pass",TRUE,TRUE,TRUE,TRUE,0.131437688935321,0.846030132834651,0.878012006107837,0.868571207532375,"anchored independent signed-Poisson update approximation",0,648,2.01599999999985,""
"Utah",2025-01-02,"compressed","hurdle_ztnb",325.975819728168,0,9.64248753094754e-05,"pass",TRUE,TRUE,TRUE,FALSE,0.0659030203857245,0.902394822419904,0.934107094818358,0.934107094818358,"anchored sequential hurdle updates",1,648,2.48400000000015,""
"Utah",2025-01-02,"compressed","hurdle_ztpoisson",307.011765166593,0,0.000212048734835256,"pass",TRUE,TRUE,TRUE,FALSE,0.0474318694348273,0.925805305323312,0.952573738522889,0.952573738522889,"anchored sequential hurdle updates",1,648,2.45699999999988,""
"Utah",2025-02-15,"calendar","cumulative_poisson",3138.08849938443,0,0.00173486092798658,"pass",TRUE,TRUE,TRUE,TRUE,0.0448409364559665,0.694369993087083,0.998425375986044,0.955159071140395,"anchored independent signed-Poisson update approximation",0,1728,2.62699999999995,""
"Utah",2025-02-15,"calendar","cumulative_nb",3110.42998733503,0,0.000346371638975551,"pass",TRUE,TRUE,TRUE,TRUE,0.0576893871493892,0.736190471543357,0.961543289860459,0.942311125694762,"anchored independent signed-Poisson update approximation",2,1728,4.07300000000009,"NA/NaN function evaluation"
"Utah",2025-02-15,"calendar","hurdle_ztnb",543.978186139545,0,0.000309601693112123,"pass",TRUE,TRUE,TRUE,FALSE,0.0772450524826733,0.74236184075968,0.922755822332822,0.922755822332822,"anchored sequential hurdle updates",0,1728,3.20600000000013,""
"Utah",2025-02-15,"calendar","hurdle_ztpoisson",638.326680084685,0,0.0239611985914392,"pass",TRUE,TRUE,TRUE,FALSE,0.217637800086316,0.780697727404673,0.845331740425664,0.782362586855972,"anchored sequential hurdle updates",0,1728,3.27699999999982,""
"Utah",2025-02-15,"compressed","cumulative_poisson",1936.73800985308,0,0.000194319806894772,"pass",TRUE,TRUE,TRUE,TRUE,0.0418463653587794,0.920735465268627,0.977041826024815,0.958153646050774,"anchored independent signed-Poisson update approximation",0,783,1.91599999999994,""
"Utah",2025-02-15,"compressed","cumulative_nb",2113.50090353517,0,0.000323246914692099,"pass",TRUE,TRUE,TRUE,TRUE,0.0970716224079525,0.854378817765053,0.909203885264963,0.902934299110356,"anchored independent signed-Poisson update approximation",0,783,2.27600000000007,""
"Utah",2025-02-15,"compressed","hurdle_ztnb",395.176044591546,0,4.50628197223857e-05,"pass",TRUE,TRUE,TRUE,FALSE,0.0893539359849542,0.86085441459012,0.910659261272133,0.910659261272133,"anchored sequential hurdle updates",1,783,2.67599999999993,""
"Utah",2025-02-15,"compressed","hurdle_ztpoisson",367.065409127307,0,0.000281113843816878,"pass",TRUE,TRUE,TRUE,FALSE,0.035142942535569,0.94070164115338,0.970752689860872,0.964857248795354,"anchored sequential hurdle updates",0,783,2.69200000000001,""
"Utah",2025-03-29,"calendar","cumulative_poisson",3592.93759701504,0,0.00283415090236239,"pass",TRUE,TRUE,TRUE,TRUE,0.0239661353992055,0.749170376115554,0.97603387416646,0.97603387416646,"anchored independent signed-Poisson update approximation",0,1890,2.89700000000016,""
"Utah",2025-03-29,"calendar","cumulative_nb",3584.91016074834,0,0.000609896141586574,"pass",TRUE,TRUE,TRUE,TRUE,0.040601382064292,0.776964285027523,0.959399096846797,0.959399096846797,"anchored independent signed-Poisson update approximation",0,1890,5.99699999999984,"NA/NaN function evaluation"
"Utah",2025-03-29,"calendar","hurdle_ztnb",639.317070817908,0,0.000287521859897999,"pass",TRUE,TRUE,TRUE,FALSE,0.0610374770983988,0.763558137373517,0.938965246544754,0.938965246544754,"anchored sequential hurdle updates",9,1890,4.08899999999994,""
"Utah",2025-03-29,"calendar","hurdle_ztpoisson",780.341687966704,0,0.010446245240071,"pass",TRUE,TRUE,TRUE,FALSE,0.18121194594787,0.810000629896893,0.861840524040252,0.818792181141642,"anchored sequential hurdle updates",0,1890,3.88799999999992,""
"Utah",2025-03-29,"compressed","cumulative_poisson",2390.897519234,0,0.00139582667664762,"pass",TRUE,TRUE,TRUE,TRUE,0.0950683291196671,0.860368752364225,0.904937000278958,0.904937000278958,"anchored independent signed-Poisson update approximation",0,945,2.01700000000005,""
"Utah",2025-03-29,"compressed","cumulative_nb",2585.65354222602,0,0.00111524009437314,"pass",TRUE,TRUE,TRUE,TRUE,0.0966704046565465,0.859262069242452,0.90333524464756,0.90333524464756,"anchored independent signed-Poisson update approximation",0,945,2.44299999999998,""
"Utah",2025-03-29,"compressed","hurdle_ztnb",467.631059775132,0,4.21463999562555e-05,"pass",TRUE,TRUE,TRUE,FALSE,0.0556505882377732,0.881778697726126,0.944358050210208,0.944358050210208,"anchored sequential hurdle updates",5,945,2.81999999999994,""
"Utah",2025-03-29,"compressed","hurdle_ztpoisson",434.983265964665,0,0.00688605941516385,"pass",TRUE,TRUE,TRUE,FALSE,0.0224088004381047,0.94744512639511,0.978520884122498,0.977591311795901,"anchored sequential hurdle updates",0,945,2.82600000000002,""
"Utah",2025-04-26,"calendar","cumulative_poisson",3930.92723227201,0,0.00193414025807254,"pass",TRUE,TRUE,TRUE,TRUE,0.0197137514824464,0.763701226083297,0.98028625189372,0.98028625189372,"anchored independent signed-Poisson update approximation",0,1998,2.95699999999988,""
"Utah",2025-04-26,"calendar","cumulative_nb",3956.12822201533,0,0.000922702121397556,"pass",TRUE,TRUE,TRUE,TRUE,0.0343089383959659,0.792845124627099,0.965691524126218,0.965691524126218,"anchored independent signed-Poisson update approximation",0,1998,4.30799999999999,""
"Utah",2025-04-26,"calendar","hurdle_ztnb",679.283380392695,0,0.000524894667170761,"pass",TRUE,TRUE,TRUE,FALSE,0.0544735671901475,0.767542052121848,0.945528765326299,0.945528765326299,"anchored sequential hurdle updates",7,1998,3.63499999999999,""
"Utah",2025-04-26,"calendar","hurdle_ztpoisson",825.872880824518,0,0.00455721142785174,"pass",TRUE,TRUE,TRUE,FALSE,0.168139274380934,0.824936077209215,0.875692836065436,0.831862803394504,"anchored sequential hurdle updates",0,1998,3.82400000000007,""
"Utah",2025-04-26,"compressed","cumulative_poisson",2702.14520881827,0,0.00247451988763281,"pass",TRUE,TRUE,TRUE,TRUE,0.094922230072884,0.861315089909288,0.905083085482956,0.905083085482956,"anchored independent signed-Poisson update approximation",0,1053,2.09000000000015,""
"Utah",2025-04-26,"compressed","cumulative_nb",2907.31873177611,0,0.00979484241664949,"pass",TRUE,TRUE,TRUE,TRUE,0.0958499295420116,0.860671054781981,0.904621185571116,0.90415566623147,"anchored independent signed-Poisson update approximation",0,1053,2.54200000000014,""
"Utah",2025-04-26,"compressed","hurdle_ztnb",503.071750138415,0,0.000557042316974732,"pass",TRUE,TRUE,TRUE,FALSE,0.0454080526136519,0.89146558703306,0.954599280099429,0.954599280099429,"anchored sequential hurdle updates",20,1053,2.93599999999992,""
"Utah",2025-04-26,"compressed","hurdle_ztpoisson",462.350723621858,0,0.00302447389898031,"pass",TRUE,TRUE,TRUE,FALSE,0.0191443573788936,0.948826993535849,0.981734141895242,0.980855730558168,"anchored sequential hurdle updates",1,1053,2.88099999999986,""
"Utah",2025-05-31,"calendar","cumulative_poisson",4364.45291055453,0,0.00079827853439738,"pass",TRUE,TRUE,TRUE,TRUE,0.0158798391182342,0.772205693432276,0.984120161876708,0.984120161876708,"anchored independent signed-Poisson update approximation",0,2133,3.19300000000021,""
"Utah",2025-05-31,"calendar","cumulative_nb",4431.42480549719,0,0.0050569997427638,"pass",TRUE,TRUE,TRUE,TRUE,0.0271855758645484,0.803898958504742,0.972814620716742,0.972814620716742,"anchored independent signed-Poisson update approximation",0,2133,4.8280000000002,""
"Utah",2025-05-31,"calendar","hurdle_ztnb",714.479905586169,0,0.000222592112795184,"pass",TRUE,TRUE,TRUE,FALSE,0.0536198394374222,0.763760358586974,0.946382729662385,0.946382729662385,"anchored sequential hurdle updates",15,2133,3.79399999999987,""
"Utah",2025-05-31,"calendar","hurdle_ztpoisson",857.619008488043,0,0.00421564446191267,"pass",TRUE,TRUE,TRUE,FALSE,0.160817619584771,0.831829213319049,0.880210703258057,0.8391837968817,"anchored sequential hurdle updates",0,2133,3.721,""
"Utah",2025-05-31,"compressed","cumulative_poisson",3093.63093751707,0,0.000525814533808747,"pass",TRUE,TRUE,TRUE,TRUE,0.0940824465656366,0.863153140459838,0.905922700879934,0.905922700879934,"anchored independent signed-Poisson update approximation",0,1188,2.24199999999996,""
"Utah",2025-05-31,"compressed","cumulative_nb",3309.1825066449,0,0.000341359757660142,"pass",TRUE,TRUE,TRUE,TRUE,0.0368540780567909,0.930148381790006,0.977002269935178,0.963145931701457,"anchored independent signed-Poisson update approximation",0,1188,2.78200000000015,""
"Utah",2025-05-31,"compressed","hurdle_ztnb",536.059759513993,0,0.000103313551738538,"pass",TRUE,TRUE,TRUE,FALSE,0.0435396751725175,0.894108039764494,0.956467953926908,0.956467953926908,"anchored sequential hurdle updates",17,1188,3.13800000000015,""
"Utah",2025-05-31,"compressed","hurdle_ztpoisson",483.727026513883,0,0.00683616023728795,"pass",TRUE,TRUE,TRUE,FALSE,0.0180292725620802,0.949680292950362,0.982820844482419,0.98197080706332,"anchored sequential hurdle updates",0,1188,2.97900000000004,""
"Vermont",2025-01-02,"calendar","cumulative_poisson",1938.8013648658,0,0.00154697832215689,"pass",TRUE,TRUE,TRUE,TRUE,0.164390971949435,0.818517267098236,0.843726999072746,0.835618283694475,"anchored independent signed-Poisson update approximation",11,1539,2.18499999999995,""
"Vermont",2025-01-02,"calendar","cumulative_nb",2098.96044252862,0,0.000444390835369681,"pass",TRUE,TRUE,TRUE,TRUE,0.161340981246542,0.817731453812432,0.846928811916252,0.838668139127682,"anchored independent signed-Poisson update approximation",10,1539,3.21000000000004,""
"Vermont",2025-01-02,"calendar","hurdle_ztnb",330.665607881646,0,0.00281416237814985,"pass",TRUE,TRUE,TRUE,FALSE,0.0279252015687455,0.902008870219132,0.972077399921367,0.972077399921367,"anchored sequential hurdle updates",3,1539,2.86899999999991,""
"Vermont",2025-01-02,"calendar","hurdle_ztpoisson",310.545635988486,0,0.000795887583127541,"pass",TRUE,TRUE,TRUE,FALSE,0.0308539260906857,0.900262764183556,0.969148682819222,0.969148682819222,"anchored sequential hurdle updates",2,1539,2.8610000000001,""
"Vermont",2025-01-02,"compressed","cumulative_poisson",1240.97809525593,0,0.000644379909646275,"pass",TRUE,TRUE,TRUE,TRUE,0.0831440245762017,0.916855994438801,0.949624962503669,0.916855994438801,"anchored independent signed-Poisson update approximation",0,648,1.76200000000017,""
"Vermont",2025-01-02,"compressed","cumulative_nb",1383.05820830379,0,0.000880642933315912,"pass",TRUE,TRUE,TRUE,TRUE,0.15906953759659,0.820149828265933,0.848751943377848,0.840940095660311,"anchored independent signed-Poisson update approximation",0,648,2.00699999999983,""
"Vermont",2025-01-02,"compressed","hurdle_ztnb",224.219776377557,0,0.000188502225589859,"pass",TRUE,TRUE,TRUE,FALSE,0.0287072014003542,0.955245352413513,0.97840328420719,0.971292813138913,"anchored sequential hurdle updates",1,648,2.39899999999989,""
"Vermont",2025-01-02,"compressed","hurdle_ztpoisson",209.417027912715,0,0.000175458362898229,"pass",TRUE,TRUE,TRUE,FALSE,0.0277959195064421,0.952814645737437,0.978040450731851,0.97220409884422,"anchored sequential hurdle updates",0,648,2.35500000000002,""
"Vermont",2025-02-15,"calendar","cumulative_poisson",2184.04248750287,0,6.9385330091265e-05,"pass",TRUE,TRUE,TRUE,TRUE,0.110232294064483,0.783066835375955,0.901109283661067,0.889771592878933,"anchored independent signed-Poisson update approximation",0,1728,2.4050000000002,""
"Vermont",2025-02-15,"calendar","cumulative_nb",2341.92026345255,0,0.00155543419369709,"pass",TRUE,TRUE,TRUE,TRUE,0.11088260963541,0.782831239879974,0.900590756630079,0.889121405807341,"anchored independent signed-Poisson update approximation",0,1728,3.99700000000007,"NA/NaN function evaluation"
"Vermont",2025-02-15,"calendar","hurdle_ztnb",429.902840471003,0,0.00196872703964868,"pass",TRUE,TRUE,TRUE,FALSE,0.0352572365011658,0.843364254294753,0.964746791682264,0.964746791682264,"anchored sequential hurdle updates",2,1728,3.47800000000007,""
"Vermont",2025-02-15,"calendar","hurdle_ztpoisson",407.778465987464,0,0.00192428458814309,"pass",TRUE,TRUE,TRUE,FALSE,0.0470480470646942,0.83653560850901,0.952954275193509,0.952954275193509,"anchored sequential hurdle updates",0,1728,3.06999999999994,""
"Vermont",2025-02-15,"compressed","cumulative_poisson",1573.98518210952,0,0.000160516295516777,"pass",TRUE,TRUE,TRUE,TRUE,0.150000071938119,0.817829747133261,0.862840402978886,0.850008261561949,"anchored independent signed-Poisson update approximation",0,783,1.84900000000016,""
"Vermont",2025-02-15,"compressed","cumulative_nb",1728.09982610057,0,0.000611035167400338,"pass",TRUE,TRUE,TRUE,TRUE,0.149735126096818,0.818144886155522,0.862734382802599,0.850273386368963,"anchored independent signed-Poisson update approximation",0,783,2.15099999999984,""
"Vermont",2025-02-15,"compressed","hurdle_ztnb",291.96877459931,0,0.000562370971879611,"pass",TRUE,TRUE,TRUE,FALSE,0.0269045628238145,0.919822362472434,0.977042410054972,0.973095465403268,"anchored sequential hurdle updates",0,783,2.56000000000017,""
"Vermont",2025-02-15,"compressed","hurdle_ztpoisson",255.63119723855,0,0.000114522926542238,"pass",TRUE,TRUE,TRUE,FALSE,0.0215701688135262,0.937526275756386,0.982032017010765,0.978429847792925,"anchored sequential hurdle updates",0,783,2.51999999999998,""
"Vermont",2025-03-29,"calendar","cumulative_poisson",2465.58918825472,0,0.000295706511610039,"pass",TRUE,TRUE,TRUE,TRUE,0.0950206522518655,0.772432146373373,0.904981198945569,0.904981198945569,"anchored independent signed-Poisson update approximation",0,1890,2.66300000000001,""
"Vermont",2025-03-29,"calendar","cumulative_nb",2633.20022020755,0,0.000289151678267041,"pass",TRUE,TRUE,TRUE,TRUE,0.0970184943550172,0.77466787941595,0.902983502562851,0.902983502562851,"anchored independent signed-Poisson update approximation",0,1890,4.66300000000001,"NA/NaN function evaluation"
"Vermont",2025-03-29,"calendar","hurdle_ztnb",549.243009222901,0,0.00065233190873748,"pass",TRUE,TRUE,TRUE,FALSE,0.0266632624371616,0.820197859413646,0.973339840899998,0.973339840899998,"anchored sequential hurdle updates",0,1890,3.43299999999999,""
"Vermont",2025-03-29,"calendar","hurdle_ztpoisson",498.893743100016,0,0.00601769969712711,"pass",TRUE,TRUE,TRUE,FALSE,0.0278993061983241,0.816669005056984,0.97210327498406,0.97210327498406,"anchored sequential hurdle updates",0,1890,3.27200000000016,""
"Vermont",2025-03-29,"compressed","cumulative_poisson",1995.44489337045,0,0.00145958887138598,"pass",TRUE,TRUE,TRUE,TRUE,0.118210148890743,0.800567381910014,0.881793880311399,0.881793880311399,"anchored independent signed-Poisson update approximation",0,945,1.99199999999996,""
"Vermont",2025-03-29,"compressed","cumulative_nb",2163.31793123484,0,0.000844392740595445,"pass",TRUE,TRUE,TRUE,TRUE,0.122995474289013,0.8034274843227,0.877009184594253,0.877009184594253,"anchored independent signed-Poisson update approximation",0,945,2.44799999999987,""
"Vermont",2025-03-29,"compressed","hurdle_ztnb",402.732591176655,0,0.00027380347228334,"pass",TRUE,TRUE,TRUE,FALSE,0.0246441866781445,0.84275792145577,0.975358081670146,0.975358081670146,"anchored sequential hurdle updates",2,945,2.77500000000009,""
"Vermont",2025-03-29,"compressed","hurdle_ztpoisson",347.704265807537,0,0.000936923976261272,"pass",TRUE,TRUE,TRUE,FALSE,0.0204796239754059,0.871319160189343,0.979522033917433,0.979522033917433,"anchored sequential hurdle updates",1,945,2.74600000000009,""
"Vermont",2025-04-26,"calendar","cumulative_poisson",2697.98857203641,0,0.00027430221582847,"pass",TRUE,TRUE,TRUE,TRUE,0.0943819942826183,0.774484458099125,0.905620835346347,0.905620835346347,"anchored independent signed-Poisson update approximation",0,1998,2.82999999999993,""
"Vermont",2025-04-26,"calendar","cumulative_nb",2873.13810236577,0,0.000940449089825712,"pass",TRUE,TRUE,TRUE,TRUE,0.0964996852331314,0.776701346688584,0.903503201679459,0.903503201679459,"anchored independent signed-Poisson update approximation",0,1998,5.23099999999999,"NA/NaN function evaluation"
"Vermont",2025-04-26,"calendar","hurdle_ztnb",573.646427244709,0,0.000897020530181258,"pass",TRUE,TRUE,TRUE,FALSE,0.0260549554369861,0.823068091068779,0.973948179173591,0.973948179173591,"anchored sequential hurdle updates",2,1998,3.52600000000007,""
"Vermont",2025-04-26,"calendar","hurdle_ztpoisson",521.811534522551,0,0.00323331853700243,"pass",TRUE,TRUE,TRUE,FALSE,0.026942358773684,0.825697219044032,0.973059634083043,0.973059634083043,"anchored sequential hurdle updates",0,1998,3.35699999999997,""
"Vermont",2025-04-26,"compressed","cumulative_poisson",2276.81712594306,0,0.000286250124824416,"pass",TRUE,TRUE,TRUE,TRUE,0.1147693447238,0.801626105639288,0.885235469750681,0.885235469750681,"anchored independent signed-Poisson update approximation",1,1053,1.99900000000002,""
"Vermont",2025-04-26,"compressed","cumulative_nb",2452.84441451347,0,0.000605674035175419,"pass",TRUE,TRUE,TRUE,TRUE,0.11949505367386,0.804017600576101,0.880510100893972,0.880510100893972,"anchored independent signed-Poisson update approximation",0,1053,2.54999999999995,""
"Vermont",2025-04-26,"compressed","hurdle_ztnb",425.473142141278,0,0.000257198280758431,"pass",TRUE,TRUE,TRUE,FALSE,0.023923554138305,0.846142477670953,0.97607873728628,0.97607873728628,"anchored sequential hurdle updates",2,1053,2.92600000000016,""
"Vermont",2025-04-26,"compressed","hurdle_ztpoisson",370.187843317338,0,0.00196299606918102,"pass",TRUE,TRUE,TRUE,FALSE,0.0193472593181957,0.876996478151417,0.980654092432282,0.980654092432282,"anchored sequential hurdle updates",1,1053,2.81299999999987,""
"Vermont",2025-05-31,"calendar","cumulative_poisson",3009.07051439467,0,0.000534974531385735,"pass",TRUE,TRUE,TRUE,TRUE,0.0932239683144881,0.776151765149218,0.906779433598484,0.906779433598484,"anchored independent signed-Poisson update approximation",4,2133,3.44400000000019,""
"Vermont",2025-05-31,"calendar","cumulative_nb",3192.5623973366,0,0.00108080766641583,"pass",TRUE,TRUE,TRUE,TRUE,0.0949509139265357,0.778156079527998,0.905052501023665,0.905052501023665,"anchored independent signed-Poisson update approximation",8,2133,6.42799999999988,"NA/NaN function evaluation"
"Vermont",2025-05-31,"calendar","hurdle_ztnb",609.975624884693,0,0.000129182536386496,"pass",TRUE,TRUE,TRUE,FALSE,0.0244748778468567,0.823986754832286,0.97552840428367,0.97552840428367,"anchored sequential hurdle updates",25,2133,3.52400000000011,""
"Vermont",2025-05-31,"calendar","hurdle_ztpoisson",552.844085144631,0,0.00164121458436806,"pass",TRUE,TRUE,TRUE,FALSE,0.0254362526109307,0.829752821563605,0.974565532796163,0.974565532796163,"anchored sequential hurdle updates",3,2133,3.62200000000007,""
"Vermont",2025-05-31,"compressed","cumulative_poisson",2604.60725605052,0,0.000308645430986187,"pass",TRUE,TRUE,TRUE,TRUE,0.112164996833493,0.802761525270332,0.887840278899341,0.887840278899341,"anchored independent signed-Poisson update approximation",5,1188,2.20299999999997,""
"Vermont",2025-05-31,"compressed","cumulative_nb",2788.63846773866,0,0.000701086213683545,"pass",TRUE,TRUE,TRUE,TRUE,0.116052688220807,0.804806572495248,0.88395278968873,0.88395278968873,"anchored independent signed-Poisson update approximation",8,1188,2.75900000000001,""
"Vermont",2025-05-31,"compressed","hurdle_ztnb",463.094467245839,0,0.000939293122771856,"pass",TRUE,TRUE,TRUE,FALSE,0.022795316934693,0.845455397100533,0.977207195966585,0.977207195966585,"anchored sequential hurdle updates",18,1188,3.10200000000009,""
"Vermont",2025-05-31,"compressed","hurdle_ztpoisson",402.344826129615,0,0.00312858079056047,"pass",TRUE,TRUE,TRUE,FALSE,0.0187146278551711,0.874547776132447,0.981286829534355,0.981286829534355,"anchored sequential hurdle updates",3,1188,3.01700000000005,""
"Virginia",2025-01-02,"calendar","cumulative_poisson",7509.63391553618,0,0.000165175669825454,"pass",TRUE,TRUE,TRUE,TRUE,0.00302873394836592,0.918568706039386,0.996971621898378,0.996971621898378,"anchored independent signed-Poisson update approximation",0,1539,2.41800000000012,""
"Virginia",2025-01-02,"calendar","cumulative_nb",7194.52274155453,0,0.0013153348810766,"pass",TRUE,TRUE,TRUE,TRUE,0.0541779926853513,0.417894816743152,0.945885628572362,0.945885628572362,"anchored independent signed-Poisson update approximation",0,1539,4.06399999999985,"NA/NaN function evaluation"
"Virginia",2025-01-02,"calendar","hurdle_ztnb",812.666325640815,0,0.00119617025702645,"pass",TRUE,TRUE,TRUE,FALSE,0.0191259329988745,0.88755064263078,0.980878460105194,0.980878460105194,"anchored sequential hurdle updates",0,1539,3.33000000000015,""
"Virginia",2025-01-02,"calendar","hurdle_ztpoisson",867.186622083203,0,0.0250948108754927,"pass",TRUE,TRUE,TRUE,FALSE,0.00925732617487646,0.947178436582076,0.990743780188607,0.990743780188607,"anchored sequential hurdle updates",0,1539,3.30999999999995,""
"Virginia",2025-01-02,"compressed","cumulative_poisson",2406.46160272388,0,0.000171890865282673,"pass",TRUE,TRUE,TRUE,TRUE,0.00407424316172247,0.984360692615799,0.999999987257503,0.995925756838278,"anchored independent signed-Poisson update approximation",0,648,1.75900000000001,""
"Virginia",2025-01-02,"compressed","cumulative_nb",2644.35174823888,0,0.00739160354950114,"pass",TRUE,TRUE,TRUE,TRUE,0.00532131365529585,0.983278371264401,0.999999959226193,0.994678686344704,"anchored independent signed-Poisson update approximation",0,648,2.01999999999998,""
"Virginia",2025-01-02,"compressed","hurdle_ztnb",527.747524957544,0,0.0004413418380671,"pass",TRUE,TRUE,TRUE,FALSE,0.0185637858666733,0.964254991048743,0.992192113910546,0.981436758050593,"anchored sequential hurdle updates",0,648,2.66799999999989,""
"Virginia",2025-01-02,"compressed","hurdle_ztpoisson",545.302700636509,0,0.020311211469269,"pass",TRUE,TRUE,TRUE,FALSE,0.0226633477730262,0.972457937586189,0.994924675084813,0.977337372517127,"anchored sequential hurdle updates",0,648,2.66599999999994,""
"Virginia",2025-02-15,"calendar","cumulative_poisson",9266.78842449845,0,0.0271641494229922,"pass",TRUE,TRUE,TRUE,TRUE,0.00567843846615177,0.849510317473546,0.994321571022975,0.994321571022975,"anchored independent signed-Poisson update approximation",0,1728,2.61799999999994,""
"Virginia",2025-02-15,"calendar","cumulative_nb",8082.92528389954,0,0.00101356263200425,"pass",TRUE,TRUE,TRUE,TRUE,0.070607362944201,0.422224468417827,0.929482227703523,0.929482227703523,"anchored independent signed-Poisson update approximation",0,1728,4.36099999999988,""
"Virginia",2025-02-15,"calendar","hurdle_ztnb",970.900910135261,0,0.000406223962087227,"pass",TRUE,TRUE,TRUE,FALSE,0.0274902290972681,0.832738306925467,0.972516431455105,0.972516431455105,"anchored sequential hurdle updates",0,1728,3.70700000000011,""
"Virginia",2025-02-15,"calendar","hurdle_ztpoisson",1250.91186376512,0,0.0498035248898105,"pass",TRUE,TRUE,TRUE,FALSE,0.0332942343828447,0.945495978735457,0.966707677638475,0.966707677638475,"anchored sequential hurdle updates",1,1728,3.77299999999991,""
"Virginia",2025-02-15,"compressed","cumulative_poisson",2886.91907469351,0,0.00134634012835266,"pass",TRUE,TRUE,TRUE,TRUE,0.0148961711665171,0.97333966755029,0.999999999990069,0.985103828833483,"anchored independent signed-Poisson update approximation",0,783,1.84500000000003,""
"Virginia",2025-02-15,"compressed","cumulative_nb",3138.74048907176,0,0.00027823504187019,"pass",TRUE,TRUE,TRUE,TRUE,0.0158796017259078,0.973844878977602,0.99999999997626,0.984120398274092,"anchored independent signed-Poisson update approximation",0,783,2.25800000000004,""
"Virginia",2025-02-15,"compressed","hurdle_ztnb",635.579639125567,0,0.00112427416596139,"pass",TRUE,TRUE,TRUE,FALSE,0.0160298638902224,0.955492948739235,0.989212772333138,0.98397057423442,"anchored sequential hurdle updates",0,783,2.86099999999988,""
"Virginia",2025-02-15,"compressed","hurdle_ztpoisson",685.206418382281,0,0.0214609159934294,"pass",TRUE,TRUE,TRUE,FALSE,0.023527419631329,0.964669664342072,0.990962206616981,0.976473535074205,"anchored sequential hurdle updates",0,783,3.34799999999996,""
"Virginia",2025-03-29,"calendar","cumulative_poisson",9887.27616166175,0,0.00183856917835179,"pass",TRUE,TRUE,TRUE,TRUE,0.00836059081386576,0.819443872515217,0.99164064372989,0.99164064372989,"anchored independent signed-Poisson update approximation",0,1890,3.08499999999981,""
"Virginia",2025-03-29,"calendar","cumulative_nb",8935.53429745764,0,0.000450827222012395,"pass",TRUE,TRUE,TRUE,TRUE,0.0687760417121753,0.436353612504409,0.931315828980011,0.931315828980011,"anchored independent signed-Poisson update approximation",0,1890,5.49700000000007,""
"Virginia",2025-03-29,"calendar","hurdle_ztnb",1177.03321974314,0,0.00135867571634662,"pass",TRUE,TRUE,TRUE,FALSE,0.0243937063644835,0.786855454138287,0.975614416909716,0.975614416909716,"anchored sequential hurdle updates",1,1890,4.00800000000004,""
"Virginia",2025-03-29,"calendar","hurdle_ztpoisson",2071.23408091084,0,0.0148617855896623,"pass",TRUE,TRUE,TRUE,FALSE,0.0217229632674102,0.866722036297254,0.99854651694733,0.979569050573525,"anchored sequential hurdle updates",82,1890,4.09500000000003,"NA/NaN function evaluation"
"Virginia",2025-03-29,"compressed","cumulative_poisson",3561.1144038395,0,0.00436342146594693,"pass",TRUE,TRUE,TRUE,TRUE,0.00834956154613678,0.923448992446524,0.991680396717055,0.991650443598512,"anchored independent signed-Poisson update approximation",0,945,2.01299999999992,""
"Virginia",2025-03-29,"compressed","cumulative_nb",3808.0535961871,0,0.00890317510728522,"pass",TRUE,TRUE,TRUE,TRUE,0.0073707317736348,0.938449141761539,0.995911992823596,0.992629269975334,"anchored independent signed-Poisson update approximation",0,945,2.49400000000014,"NA/NaN function evaluation"
"Virginia",2025-03-29,"compressed","hurdle_ztnb",822.099843285121,0,0.000474589497780897,"pass",TRUE,TRUE,TRUE,FALSE,0.0747388305779169,0.863466952191628,0.934906821562949,0.925313181894464,"anchored sequential hurdle updates",9,945,3.32399999999984,""
"Virginia",2025-03-29,"compressed","hurdle_ztpoisson",1160.55814249112,0,0.0085840176549874,"pass",TRUE,TRUE,TRUE,FALSE,0.0774838916185328,0.917228193799189,0.960997265858894,0.922533984257042,"anchored sequential hurdle updates",0,945,3.11200000000008,""
"Virginia",2025-04-26,"calendar","cumulative_poisson",10302.3798751161,0,0.00149771241837016,"pass",TRUE,TRUE,TRUE,TRUE,0.00645141773498878,0.824533023603674,0.99354982445477,0.99354982445477,"anchored independent signed-Poisson update approximation",0,1998,3.02500000000009,""
"Virginia",2025-04-26,"calendar","cumulative_nb",9550.80786303937,0,0.000616380807183958,"pass",TRUE,TRUE,TRUE,TRUE,0.0636899852751161,0.462467562705081,0.936392461409786,0.936392461409786,"anchored independent signed-Poisson update approximation",0,1998,5.96200000000022,""
"Virginia",2025-04-26,"calendar","hurdle_ztnb",1236.50723611914,0,0.000725289702069531,"pass",TRUE,TRUE,TRUE,FALSE,0.0220080673250878,0.791965090905816,0.977999286185803,0.977999286185803,"anchored sequential hurdle updates",11,1998,4.10599999999999,""
"Virginia",2025-04-26,"calendar","hurdle_ztpoisson",2138.7952200684,0,0.0204556872809576,"pass",TRUE,TRUE,TRUE,FALSE,0.0201244116435652,0.86815921138134,0.998581351658774,0.981049072321999,"anchored sequential hurdle updates",3,1998,4.22500000000014,""
"Virginia",2025-04-26,"compressed","cumulative_poisson",3981.41618427568,0,0.00154298415252574,"pass",TRUE,TRUE,TRUE,TRUE,0.00599064554893962,0.918326652573104,0.994009361398969,0.994009361398969,"anchored independent signed-Poisson update approximation",0,1053,2.16100000000006,""
"Virginia",2025-04-26,"compressed","cumulative_nb",4233.69033193796,0,0.00963624405856028,"pass",TRUE,TRUE,TRUE,TRUE,0.0192036342856996,0.921900358607314,0.999649922756611,0.980798502813394,"anchored independent signed-Poisson update approximation",0,1053,3.12599999999998,""
"Virginia",2025-04-26,"compressed","hurdle_ztnb",875.794117631868,0,0.00050844219028745,"pass",TRUE,TRUE,TRUE,FALSE,0.0708512930510965,0.866863827549032,0.938683637180902,0.92920230391191,"anchored sequential hurdle updates",53,1053,3.38499999999999,""
"Virginia",2025-04-26,"compressed","hurdle_ztpoisson",1221.99087134215,0,0.00847616348286846,"pass",TRUE,TRUE,TRUE,FALSE,0.0752238337245159,0.919576740289302,0.961840643990825,0.924792345769958,"anchored sequential hurdle updates",0,1053,3.24700000000007,""
"Virginia",2025-05-31,"calendar","cumulative_poisson",10812.2100000111,0,0.00896374247829479,"pass",TRUE,TRUE,TRUE,TRUE,0.00499884445074539,0.828285402271525,0.995002117074507,0.995002117074507,"anchored independent signed-Poisson update approximation",0,2133,3.44900000000007,""
"Virginia",2025-05-31,"calendar","cumulative_nb",10321.12960294,0,0.00681613729182295,"pass",TRUE,TRUE,TRUE,TRUE,0.0619342190285505,0.497946773654024,0.938140834801986,0.938140834801986,"anchored independent signed-Poisson update approximation",0,2133,5.23599999999988,"NA/NaN function evaluation"
"Virginia",2025-05-31,"calendar","hurdle_ztnb",1295.58172929463,0,0.00106591229340491,"pass",TRUE,TRUE,TRUE,FALSE,0.0208457721385724,0.791611326257015,0.97916141882963,0.97916141882963,"anchored sequential hurdle updates",17,2133,4.24499999999989,""
"Virginia",2025-05-31,"calendar","hurdle_ztpoisson",2214.22654543484,0,0.011450442071137,"pass",TRUE,TRUE,TRUE,FALSE,0.00120847194574556,0.878955524308868,0.99879587135701,0.99879587135701,"anchored sequential hurdle updates",0,2133,4.65899999999988,""
"Virginia",2025-05-31,"compressed","cumulative_poisson",4477.00496726943,0,0.00380884088097674,"pass",TRUE,TRUE,TRUE,TRUE,0.00431933038492029,0.916680490953912,0.995680686335735,0.995680686335735,"anchored independent signed-Poisson update approximation",0,1188,2.19699999999989,""
"Virginia",2025-05-31,"compressed","cumulative_nb",4743.43035232663,0,0.00293140576903639,"pass",TRUE,TRUE,TRUE,TRUE,0.00516963461119327,0.922938474506646,0.994830366525767,0.994830366525767,"anchored independent signed-Poisson update approximation",0,1188,2.80299999999988,""
"Virginia",2025-05-31,"compressed","hurdle_ztnb",928.818361193541,0,0.00355556010403912,"pass",TRUE,TRUE,TRUE,FALSE,0.071280481207023,0.86735602534148,0.939873308222558,0.928778202767344,"anchored sequential hurdle updates",145,1188,3.44900000000007,""
"Virginia",2025-05-31,"compressed","hurdle_ztpoisson",1262.5025714699,0,0.00815505508224645,"pass",TRUE,TRUE,TRUE,FALSE,0.0733819087378848,0.921714452207871,0.96296869403486,0.926632209783164,"anchored sequential hurdle updates",0,1188,3.37099999999987,""
"Washington",2025-01-02,"calendar","cumulative_poisson",6376.38856861777,0,0.000625860025755043,"pass",TRUE,TRUE,TRUE,TRUE,0.0319302522242536,0.926663072458537,0.988441546580667,0.968075857811388,"anchored independent signed-Poisson update approximation",0,1539,2.38999999999987,""
"Washington",2025-01-02,"calendar","cumulative_nb",6006.89737157641,0,0.00157615231133312,"pass",TRUE,TRUE,TRUE,TRUE,0.0687812351855139,0.665007305908097,0.931239189578734,0.931239189578734,"anchored independent signed-Poisson update approximation",0,1539,3.49000000000001,""
"Washington",2025-01-02,"calendar","hurdle_ztnb",799.447746822696,0,0.00027818162426918,"pass",TRUE,TRUE,TRUE,FALSE,0.0743375537320065,0.776327770300567,0.925717624686004,0.925717624686004,"anchored sequential hurdle updates",7,1539,3.35200000000009,""
"Washington",2025-01-02,"calendar","hurdle_ztpoisson",895.899855889421,0,0.0146628403963101,"pass",TRUE,TRUE,TRUE,FALSE,0.0555978718660461,0.898326382291161,0.944426587187955,0.944426587187955,"anchored sequential hurdle updates",9,1539,3.21300000000019,""
"Washington",2025-01-02,"compressed","cumulative_poisson",2518.19656857058,0,0.00172720368419849,"pass",TRUE,TRUE,TRUE,TRUE,0.0719869434718563,0.928013056528217,0.999999999999991,0.928013056528217,"anchored independent signed-Poisson update approximation",1,648,1.74700000000007,""
"Washington",2025-01-02,"compressed","cumulative_nb",2682.52047067557,0,0.00415361516263424,"pass",TRUE,TRUE,TRUE,TRUE,0.122110681299488,0.877889318710676,0.999999999998066,0.877889318710676,"anchored independent signed-Poisson update approximation",4,648,2.08399999999983,""
"Washington",2025-01-02,"compressed","hurdle_ztnb",426.235295674334,0,0.000316549658253562,"pass",TRUE,TRUE,TRUE,FALSE,0.0513815410532703,0.948618978561067,0.991602566730396,0.948618978561067,"anchored sequential hurdle updates",7,648,2.53100000000018,""
"Washington",2025-01-02,"compressed","hurdle_ztpoisson",458.765672341511,0,0.00353844421608285,"pass",TRUE,TRUE,TRUE,FALSE,0.396739912412757,0.603260335142657,0.996627555986905,0.603260335142657,"anchored sequential hurdle updates",38,648,2.52299999999991,""
"Washington",2025-02-15,"calendar","cumulative_poisson",7845.11737737359,0,0.00310194839064692,"pass",TRUE,TRUE,TRUE,TRUE,0.0229939871689815,0.828393503044076,0.999736056927342,0.977006012831018,"anchored independent signed-Poisson update approximation",0,1728,2.67599999999993,""
"Washington",2025-02-15,"calendar","cumulative_nb",6780.94648979117,0,0.00104823379211783,"pass",TRUE,TRUE,TRUE,TRUE,0.0651318293289534,0.642025540142614,0.934895319849411,0.934895319849411,"anchored independent signed-Poisson update approximation",0,1728,4.55500000000006,""
"Washington",2025-02-15,"calendar","hurdle_ztnb",1028.08508156913,0,0.00056440625467824,"pass",TRUE,TRUE,TRUE,FALSE,0.10029642460829,0.667296339145933,0.899781999786479,0.899781999786479,"anchored sequential hurdle updates",6,1728,3.71399999999994,""
"Washington",2025-02-15,"calendar","hurdle_ztpoisson",1938.90283330636,0,0.0176981781791277,"pass",TRUE,TRUE,TRUE,FALSE,0.0404243933096104,0.885766337632034,0.981754745355477,0.95957931878901,"anchored sequential hurdle updates",1,1728,3.67499999999995,"NA/NaN function evaluation"
"Washington",2025-02-15,"compressed","cumulative_poisson",3006.93912840002,0,0.000926272116933968,"pass",TRUE,TRUE,TRUE,TRUE,0.0595635584400676,0.940436441559933,0.99999999999989,0.940436441559933,"anchored independent signed-Poisson update approximation",0,783,1.89100000000008,""
"Washington",2025-02-15,"compressed","cumulative_nb",3187.3666555068,0,0.000661333697792948,"pass",TRUE,TRUE,TRUE,TRUE,0.0795876721925459,0.920412327807457,0.999999999992822,0.920412327807457,"anchored independent signed-Poisson update approximation",0,783,2.23900000000003,""
"Washington",2025-02-15,"compressed","hurdle_ztnb",577.567191329772,0,0.00124047520441195,"pass",TRUE,TRUE,TRUE,FALSE,0.113351820450856,0.886280982436862,0.944044347496625,0.886689848447047,"anchored sequential hurdle updates",9,783,2.85100000000011,""
"Washington",2025-02-15,"compressed","hurdle_ztpoisson",779.527769881632,0,0.00229306337312485,"pass",TRUE,TRUE,TRUE,FALSE,0.127623685370417,0.87238726709412,0.981281617183182,0.87241771136623,"anchored sequential hurdle updates",7,783,2.73399999999992,""
"Washington",2025-03-29,"calendar","cumulative_poisson",8489.50582326247,0,0.0048036841332193,"pass",TRUE,TRUE,TRUE,TRUE,0.0242941229489854,0.863312503879794,0.999950677247039,0.975705877051014,"anchored independent signed-Poisson update approximation",0,1890,2.97599999999989,""
"Washington",2025-03-29,"calendar","cumulative_nb",7544.13549546699,0,0.00116594244892165,"pass",TRUE,TRUE,TRUE,TRUE,0.0517674301694308,0.681672915232568,0.948253370384739,0.948253370384739,"anchored independent signed-Poisson update approximation",0,1890,5.52600000000007,"NA/NaN function evaluation"
"Washington",2025-03-29,"calendar","hurdle_ztnb",1136.44244828265,0,0.000755523772479449,"pass",TRUE,TRUE,TRUE,FALSE,0.0765611557570173,0.715524249606756,0.923496165632313,0.923496165632313,"anchored sequential hurdle updates",3,1890,3.96299999999997,""
"Washington",2025-03-29,"calendar","hurdle_ztpoisson",2125.17869309963,0,0.0204611902778697,"pass",TRUE,TRUE,TRUE,FALSE,0.0312301986478504,0.90035419455209,0.983548196640087,0.96877291800227,"anchored sequential hurdle updates",0,1890,3.88100000000009,""
"Washington",2025-03-29,"compressed","cumulative_poisson",3641.61794907396,0,0.000796853971662626,"pass",TRUE,TRUE,TRUE,TRUE,0.0549265228828403,0.945073477120404,0.999999999958064,0.945073477120404,"anchored independent signed-Poisson update approximation",0,945,2.13799999999992,""
"Washington",2025-03-29,"compressed","cumulative_nb",3826.8751099967,0,0.000372795906946055,"pass",TRUE,TRUE,TRUE,TRUE,0.0652590210787907,0.934740978921444,0.999999999965651,0.934740978921444,"anchored independent signed-Poisson update approximation",0,945,2.43599999999992,""
"Washington",2025-03-29,"compressed","hurdle_ztnb",677.959425937383,0,0.000369580076698295,"pass",TRUE,TRUE,TRUE,FALSE,0.0822838725145549,0.897147555497066,0.943251592195893,0.917747317392979,"anchored sequential hurdle updates",8,945,3.06600000000003,""
"Washington",2025-03-29,"compressed","hurdle_ztpoisson",1009.08384149356,0,0.00148950344765155,"pass",TRUE,TRUE,TRUE,FALSE,0.0556119927602325,0.943495419360125,0.980755851486706,0.94439984360739,"anchored sequential hurdle updates",0,945,2.92399999999998,""
"Washington",2025-04-26,"calendar","cumulative_poisson",8887.87266973288,0,0.0145611895207811,"pass",TRUE,TRUE,TRUE,TRUE,0.0199171798778054,0.870424333394472,0.999977925807713,0.980082820122195,"anchored independent signed-Poisson update approximation",0,1998,3.17900000000009,""
"Washington",2025-04-26,"calendar","cumulative_nb",8091.17767848346,0,0.00313382674266571,"pass",TRUE,TRUE,TRUE,TRUE,0.0438225811003055,0.717180105267554,0.956193624534832,0.956193624534832,"anchored independent signed-Poisson update approximation",0,1998,6.154,"NA/NaN function evaluation"
"Washington",2025-04-26,"calendar","hurdle_ztnb",1231.12917917322,0,0.00162911038771885,"pass",TRUE,TRUE,TRUE,FALSE,0.0956799745565902,0.719335227919121,0.904418406946018,0.904418406946018,"anchored sequential hurdle updates",38,1998,4.13099999999986,""
"Washington",2025-04-26,"calendar","hurdle_ztpoisson",2264.75976710074,0,0.0221834887457129,"pass",TRUE,TRUE,TRUE,FALSE,0.0438573617927402,0.922800551813315,0.95615240309128,0.95615240309128,"anchored sequential hurdle updates",0,1998,4.09799999999996,"NA/NaN function evaluation"
"Washington",2025-04-26,"compressed","cumulative_poisson",4045.4094002917,0,0.00158290031766095,"pass",TRUE,TRUE,TRUE,TRUE,0.0387271796681996,0.961272820372714,0.999999999996022,0.961272820372714,"anchored independent signed-Poisson update approximation",0,1053,2.14999999999986,""
"Washington",2025-04-26,"compressed","cumulative_nb",4241.86015613379,0,0.00113454484287501,"pass",TRUE,TRUE,TRUE,TRUE,0.048586246400668,0.951413753602355,0.999999999993859,0.951413753602355,"anchored independent signed-Poisson update approximation",0,1053,2.61500000000024,""
"Washington",2025-04-26,"compressed","hurdle_ztnb",770.873406838187,0,0.00158495895846045,"pass",TRUE,TRUE,TRUE,FALSE,0.116526829911943,0.883510002684948,0.945728234685572,0.883532314991937,"anchored sequential hurdle updates",71,1053,3.29099999999971,""
"Washington",2025-04-26,"compressed","hurdle_ztpoisson",1143.76554481565,0,0.0109134322780042,"pass",TRUE,TRUE,TRUE,FALSE,0.0759985250567194,0.923532765940003,0.982726350131822,0.924007201101922,"anchored sequential hurdle updates",0,1053,3.36300000000028,""
"Washington",2025-05-31,"calendar","cumulative_poisson",10764.7525080523,0,0.00180263142969761,"pass",TRUE,TRUE,TRUE,TRUE,0.0278191306019553,0.953215036461531,1,0.972180869398045,"anchored independent signed-Poisson update approximation",0,2133,3.91800000000012,""
"Washington",2025-05-31,"calendar","cumulative_nb",8802.39932354157,0,0.00321476638251084,"pass",TRUE,TRUE,TRUE,TRUE,0.0129672668340351,0.823819239552624,0.987035244918181,0.987035244918181,"anchored independent signed-Poisson update approximation",0,2133,6.15099999999984,"NA/NaN function evaluation"
"Washington",2025-05-31,"calendar","hurdle_ztnb",1592.73422105081,0,0.00127273613804135,"pass",TRUE,TRUE,TRUE,FALSE,0.219636294389501,0.607038906572121,0.800895306382863,0.781502408976145,"anchored sequential hurdle updates",289,2133,4.81700000000001,""
"Washington",2025-05-31,"calendar","hurdle_ztpoisson",3823.73081416757,0,0.013314481908576,"pass",TRUE,TRUE,TRUE,FALSE,0.497847833390258,0.50656062183928,0.967632693042254,0.50656062183928,"anchored sequential hurdle updates",50,2133,4.77999999999975,""
"Washington",2025-05-31,"compressed","cumulative_poisson",5796.47401278845,0,0.00184628765274994,"pass",TRUE,TRUE,TRUE,TRUE,0.0666696838846661,0.933330316115334,1,0.933330316115334,"anchored independent signed-Poisson update approximation",0,1188,2.46399999999994,""
"Washington",2025-05-31,"compressed","cumulative_nb",5085.17844937082,0,0.0020871757495019,"pass",TRUE,TRUE,TRUE,TRUE,0.0648326434133988,0.935167356586931,1,0.935167356586931,"anchored independent signed-Poisson update approximation",0,1188,2.96000000000004,"NA/NaN function evaluation"
"Washington",2025-05-31,"compressed","hurdle_ztnb",1058.7196503072,0,0.000483941073563088,"pass",TRUE,TRUE,TRUE,FALSE,0.232813928900926,0.767598078886066,0.944294550286119,0.767598078886066,"anchored sequential hurdle updates",456,1188,4.11400000000003,""
"Washington",2025-05-31,"compressed","hurdle_ztpoisson",2009.71816769736,0,0.0135823441529466,"pass",TRUE,TRUE,TRUE,FALSE,0.313454808914801,0.687558833288399,0.977853071723345,0.687558833288399,"anchored sequential hurdle updates",149,1188,3.62699999999995,""
"West Virginia",2025-01-02,"calendar","cumulative_poisson",2770.61412872922,0,0.000394080199186742,"pass",TRUE,TRUE,TRUE,TRUE,0.18939081075852,0.80113461214615,0.815239678766685,0.810616821673003,"anchored independent signed-Poisson update approximation",2,1539,2.35699999999997,""
"West Virginia",2025-01-02,"calendar","cumulative_nb",2991.65794195608,0,0.000223460139374576,"pass",TRUE,TRUE,TRUE,TRUE,0.187361993781186,0.800772480160473,0.817678611153342,0.812645643817258,"anchored independent signed-Poisson update approximation",0,1539,3.78699999999981,""
"West Virginia",2025-01-02,"calendar","hurdle_ztnb",431.95839163549,0,0.000114116324359981,"pass",TRUE,TRUE,TRUE,FALSE,0.0198920143680204,0.939105757039587,0.980128361061851,0.980108024249621,"anchored sequential hurdle updates",1,1539,3.03800000000001,""
"West Virginia",2025-01-02,"calendar","hurdle_ztpoisson",416.528607427643,0,0.00128490794603264,"pass",TRUE,TRUE,TRUE,FALSE,0.012119343200534,0.962015575253723,0.987957887531974,0.987880667715385,"anchored sequential hurdle updates",0,1539,3.02299999999968,""
"West Virginia",2025-01-02,"compressed","cumulative_poisson",1808.75012467104,0,0.00501174664186738,"pass",TRUE,TRUE,TRUE,TRUE,0.0594706451944328,0.940529375961491,0.957206671847115,0.940529375961491,"anchored independent signed-Poisson update approximation",0,648,1.80099999999993,""
"West Virginia",2025-01-02,"compressed","cumulative_nb",2009.69725264557,0,0.00167752249449649,"pass",TRUE,TRUE,TRUE,TRUE,0.16383350324738,0.83036425421338,0.838497893323001,0.836175745679057,"anchored independent signed-Poisson update approximation",0,648,2.17799999999988,""
"West Virginia",2025-01-02,"compressed","hurdle_ztnb",301.777354531798,0,0.000301191469740614,"pass",TRUE,TRUE,TRUE,FALSE,0.00763093455546164,0.989926814217177,0.99375652524822,0.99236906657342,"anchored sequential hurdle updates",3,648,2.48700000000008,""
"West Virginia",2025-01-02,"compressed","hurdle_ztpoisson",275.528088167913,0,0.00140145300533995,"pass",TRUE,TRUE,TRUE,FALSE,0.00758352975967446,0.989046022262895,0.993396727047779,0.992416471670083,"anchored sequential hurdle updates",0,648,2.42299999999977,""
"West Virginia",2025-02-15,"calendar","cumulative_poisson",3314.22559245545,0,0.00198436017294057,"pass",TRUE,TRUE,TRUE,TRUE,0.0181368067181746,0.915636302617321,0.999999907151897,0.981863193281825,"anchored independent signed-Poisson update approximation",0,1728,2.68100000000004,""
"West Virginia",2025-02-15,"calendar","cumulative_nb",3495.47515235434,0,0.00184542601766052,"pass",TRUE,TRUE,TRUE,TRUE,0.0311520297588901,0.888779963983759,0.987852130783706,0.968847975078975,"anchored independent signed-Poisson update approximation",0,1728,4.24099999999999,"NA/NaN function evaluation"
"West Virginia",2025-02-15,"calendar","hurdle_ztnb",525.392747294819,0,0.000208227637135128,"pass",TRUE,TRUE,TRUE,FALSE,0.0426711063509388,0.846705162778049,0.957331330822414,0.957331330822414,"anchored sequential hurdle updates",0,1728,3.18199999999979,""
"West Virginia",2025-02-15,"calendar","hurdle_ztpoisson",595.394203772414,0,0.00152793360431941,"pass",TRUE,TRUE,TRUE,FALSE,0.0333315154488642,0.90544230535812,0.966908553553973,0.966668547926384,"anchored sequential hurdle updates",0,1728,3.11499999999978,""
"West Virginia",2025-02-15,"compressed","cumulative_poisson",2253.68490915234,0,0.000461156474386382,"pass",TRUE,TRUE,TRUE,TRUE,0.0263703363630576,0.973629664126006,0.98716789603396,0.973629664126006,"anchored independent signed-Poisson update approximation",0,783,1.91599999999971,""
"West Virginia",2025-02-15,"compressed","cumulative_nb",2465.85211407188,0,0.000179261254175112,"pass",TRUE,TRUE,TRUE,TRUE,0.0326631712921855,0.967336830042899,0.981050722858457,0.967336830042899,"anchored independent signed-Poisson update approximation",0,783,2.34400000000005,""
"West Virginia",2025-02-15,"compressed","hurdle_ztnb",363.063878881581,0,0.000189322783211487,"pass",TRUE,TRUE,TRUE,FALSE,0.00675925750706794,0.9874595862863,0.994480851409389,0.993240743786197,"anchored sequential hurdle updates",0,783,2.54899999999998,""
"West Virginia",2025-02-15,"compressed","hurdle_ztpoisson",319.499127478855,0,0.00319460375957223,"pass",TRUE,TRUE,TRUE,FALSE,0.00572316774629254,0.98870899530982,0.99503838710226,0.994276833341299,"anchored sequential hurdle updates",0,783,2.52300000000014,""
"West Virginia",2025-03-29,"calendar","cumulative_poisson",3699.79299581045,0,0.0041739979215123,"pass",TRUE,TRUE,TRUE,TRUE,0.0111938886040543,0.935712308333941,0.999999999999999,0.988806111395946,"anchored independent signed-Poisson update approximation",0,1890,2.846,""
"West Virginia",2025-03-29,"calendar","cumulative_nb",3895.5490967583,0,0.000618575095940876,"pass",TRUE,TRUE,TRUE,TRUE,0.0106355474339443,0.91816852380783,0.998125575392901,0.98936445261573,"anchored independent signed-Poisson update approximation",0,1890,4.90900000000011,"NA/NaN function evaluation"
"West Virginia",2025-03-29,"calendar","hurdle_ztnb",624.740320583607,0,0.000127443775275626,"pass",TRUE,TRUE,TRUE,FALSE,0.0250820162692571,0.878000556021327,0.974919660346344,0.974919660346344,"anchored sequential hurdle updates",0,1890,3.36799999999994,""
"West Virginia",2025-03-29,"calendar","hurdle_ztpoisson",765.049701419367,0,0.0139959075453874,"pass",TRUE,TRUE,TRUE,FALSE,0.017134419173611,0.93122044463853,0.982865599008468,0.982865599008468,"anchored sequential hurdle updates",0,1890,3.42000000000007,""
"West Virginia",2025-03-29,"compressed","cumulative_poisson",2802.1979442087,0,0.000596959935060148,"pass",TRUE,TRUE,TRUE,TRUE,0.0109092060911821,0.989090793908818,1,0.989090793908818,"anchored independent signed-Poisson update approximation",0,945,2.3739999999998,""
"West Virginia",2025-03-29,"compressed","cumulative_nb",3029.82826332515,0,0.00100254141376788,"pass",TRUE,TRUE,TRUE,TRUE,0.0118180851541723,0.987289742658542,0.99999999999777,0.988181914845828,"anchored independent signed-Poisson update approximation",0,945,2.56500000000005,""
"West Virginia",2025-03-29,"compressed","hurdle_ztnb",462.890766991724,0,0.000164116702066064,"pass",TRUE,TRUE,TRUE,FALSE,0.00863509485265069,0.967423845852065,0.991521299686426,0.991364910755739,"anchored sequential hurdle updates",0,945,2.78800000000001,""
"West Virginia",2025-03-29,"compressed","hurdle_ztpoisson",420.20447081029,0,0.0021354658692769,"pass",TRUE,TRUE,TRUE,FALSE,0.00319948514842032,0.990186250591539,0.997387267141066,0.996800515024528,"anchored sequential hurdle updates",0,945,2.69500000000016,""
"West Virginia",2025-04-26,"calendar","cumulative_poisson",4012.99690265002,0,0.00425518349126097,"pass",TRUE,TRUE,TRUE,TRUE,0.00504223513117519,0.936796128248084,0.999295594753797,0.994957764874611,"anchored independent signed-Poisson update approximation",0,1998,2.90900000000011,""
"West Virginia",2025-04-26,"calendar","cumulative_nb",4223.32702604601,0,0.000216842903608239,"pass",TRUE,TRUE,TRUE,TRUE,0.00755648456980798,0.925720950667667,0.998462852383553,0.992443515459143,"anchored independent signed-Poisson update approximation",0,1998,5.36799999999994,""
"West Virginia",2025-04-26,"calendar","hurdle_ztnb",658.251390869214,0,0.000407245799833866,"pass",TRUE,TRUE,TRUE,FALSE,0.0237671282063308,0.880173288042244,0.97623456880096,0.97623456880096,"anchored sequential hurdle updates",8,1998,3.52199999999993,""
"West Virginia",2025-04-26,"calendar","hurdle_ztpoisson",792.512113846921,0,0.00511231590504342,"pass",TRUE,TRUE,TRUE,FALSE,0.0160164193602936,0.933022053604755,0.983984114106713,0.983983593844909,"anchored sequential hurdle updates",0,1998,3.54899999999998,""
"West Virginia",2025-04-26,"compressed","cumulative_poisson",3161.31293939495,0,0.0004097867914723,"pass",TRUE,TRUE,TRUE,TRUE,0.00497098977881616,0.987745334854704,0.999900032060288,0.995029010221216,"anchored independent signed-Poisson update approximation",0,1053,2.27500000000009,""
"West Virginia",2025-04-26,"compressed","cumulative_nb",3398.25314717167,0,0.00153325328262355,"pass",TRUE,TRUE,TRUE,TRUE,0.00633762817869753,0.986195934607168,0.999751377278686,0.993662371821436,"anchored independent signed-Poisson update approximation",0,1053,2.68899999999985,""
"West Virginia",2025-04-26,"compressed","hurdle_ztnb",493.659733708724,0,0.000482162173404244,"pass",TRUE,TRUE,TRUE,FALSE,0.00776871999086011,0.969417622894367,0.992380949705163,0.992231284624321,"anchored sequential hurdle updates",3,1053,2.8420000000001,""
"West Virginia",2025-04-26,"compressed","hurdle_ztpoisson",444.030672082691,0,0.00290095355306566,"pass",TRUE,TRUE,TRUE,FALSE,0.00295481079503625,0.990135002375649,0.997474100069999,0.997045189400277,"anchored sequential hurdle updates",0,1053,2.85699999999997,""
"West Virginia",2025-05-31,"calendar","cumulative_poisson",4430.12657132596,0,0.00367200388459976,"pass",TRUE,TRUE,TRUE,TRUE,0.0042015821647018,0.937124903524208,0.999347803573123,0.995798417840421,"anchored independent signed-Poisson update approximation",0,2133,3.27399999999989,""
"West Virginia",2025-05-31,"calendar","cumulative_nb",4655.52313287318,0,0.0156760856382167,"pass",TRUE,TRUE,TRUE,TRUE,0.00572235092810736,0.929086895914045,0.998953254907394,0.994277649084464,"anchored independent signed-Poisson update approximation",0,2133,6.279,"NA/NaN function evaluation"
"West Virginia",2025-05-31,"calendar","hurdle_ztnb",684.789464132763,0,0.000649773010296339,"pass",TRUE,TRUE,TRUE,FALSE,0.0253708811090384,0.873402667695457,0.974631195249069,0.974631195249069,"anchored sequential hurdle updates",24,2133,3.596,""
"West Virginia",2025-05-31,"calendar","hurdle_ztpoisson",824.132058242511,0,0.00299278894794464,"pass",TRUE,TRUE,TRUE,FALSE,0.0154669567989555,0.936064323625423,0.984534370090538,0.984533054861251,"anchored sequential hurdle updates",0,2133,3.68100000000004,""
"West Virginia",2025-05-31,"compressed","cumulative_poisson",3577.28452946176,0,0.000497227430166447,"pass",TRUE,TRUE,TRUE,TRUE,0.00385549615542925,0.987151518924733,0.999677320750966,0.996144503844789,"anchored independent signed-Poisson update approximation",0,1188,2.21000000000004,""
"West Virginia",2025-05-31,"compressed","cumulative_nb",3823.43562190645,0,0.00118538649217331,"pass",TRUE,TRUE,TRUE,TRUE,0.00476684927775858,0.98610250456923,0.999543854796138,0.995233150722637,"anchored independent signed-Poisson update approximation",0,1188,3.12400000000025,""
"West Virginia",2025-05-31,"compressed","hurdle_ztnb",520.914254592166,0,0.0010860279136633,"pass",TRUE,TRUE,TRUE,FALSE,0.00871620757546947,0.965780358413518,0.991438331028723,0.991283798178824,"anchored sequential hurdle updates",21,1188,2.92900000000009,""
"West Virginia",2025-05-31,"compressed","hurdle_ztpoisson",460.794273434734,0,0.00453661963923096,"pass",TRUE,TRUE,TRUE,FALSE,0.00293400450534559,0.990112413332825,0.997467104747258,0.997065995698155,"anchored sequential hurdle updates",0,1188,3.02299999999968,""
"Wisconsin",2025-01-02,"calendar","cumulative_poisson",3590.86930061976,0,0.00221259299126464,"pass",TRUE,TRUE,TRUE,TRUE,0.121539769899814,0.840520352461665,0.878465127712107,0.878465127712107,"anchored independent signed-Poisson update approximation",0,1539,2.35199999999986,""
"Wisconsin",2025-01-02,"calendar","cumulative_nb",3829.06861111989,0,0.00132675648385683,"pass",TRUE,TRUE,TRUE,TRUE,0.119922560483872,0.83896089676292,0.880082575275903,0.880082575275903,"anchored independent signed-Poisson update approximation",0,1539,3.81600000000026,""
"Wisconsin",2025-01-02,"calendar","hurdle_ztnb",661.552663972613,0,7.9049037356782e-05,"pass",TRUE,TRUE,TRUE,FALSE,0.0231497541965964,0.908245692331265,0.976853565128353,0.976853565128353,"anchored sequential hurdle updates",3,1539,3.63400000000001,""
"Wisconsin",2025-01-02,"calendar","hurdle_ztpoisson",745.163960168602,0,0.00625776463037349,"pass",TRUE,TRUE,TRUE,FALSE,0.025433454636573,0.925575624026514,0.974569204959831,0.974569204959831,"anchored sequential hurdle updates",3,1539,3.29600000000028,""
"Wisconsin",2025-01-02,"compressed","cumulative_poisson",2010.51184822925,0,0.000209747768815216,"pass",TRUE,TRUE,TRUE,TRUE,0.115415332498824,0.862485046746941,0.885206410328544,0.884590257366735,"anchored independent signed-Poisson update approximation",0,648,1.83100000000013,""
"Wisconsin",2025-01-02,"compressed","cumulative_nb",2229.65270675077,0,0.000403690664319889,"pass",TRUE,TRUE,TRUE,TRUE,0.115029258723783,0.861416664538699,0.885368565147216,0.884977025953497,"anchored independent signed-Poisson update approximation",0,648,2.30999999999995,"NA/NaN function evaluation"
"Wisconsin",2025-01-02,"compressed","hurdle_ztnb",456.303139174794,0,0.000508322779705139,"pass",TRUE,TRUE,TRUE,FALSE,0.0339571701625066,0.943252098697193,0.971174734430949,0.966043375215242,"anchored sequential hurdle updates",0,648,2.56700000000001,""
"Wisconsin",2025-01-02,"compressed","hurdle_ztpoisson",487.66400316263,0,0.001937140794537,"pass",TRUE,TRUE,TRUE,FALSE,0.0225763803230325,0.961887018265558,0.981840399161986,0.977423904837158,"anchored sequential hurdle updates",0,648,2.61699999999973,""
"Wisconsin",2025-02-15,"calendar","cumulative_poisson",4831.70943010774,0,0.00271314869573658,"pass",TRUE,TRUE,TRUE,TRUE,0.0150216247471847,0.863907793346615,0.999937133670684,0.984978375252826,"anchored independent signed-Poisson update approximation",0,1728,2.69299999999976,""
"Wisconsin",2025-02-15,"calendar","cumulative_nb",4763.27379126249,0,0.0100399265540776,"pass",TRUE,TRUE,TRUE,TRUE,0.0389885201332243,0.835147974438286,0.961251113012757,0.961011792920361,"anchored independent signed-Poisson update approximation",0,1728,5.11099999999988,"NA/NaN function evaluation"
"Wisconsin",2025-02-15,"calendar","hurdle_ztnb",824.914814258841,0,0.000172898338308691,"pass",TRUE,TRUE,TRUE,FALSE,0.0357363587695915,0.870835118542132,0.96426846418485,0.96426846418485,"anchored sequential hurdle updates",5,1728,4.25800000000027,""
"Wisconsin",2025-02-15,"calendar","hurdle_ztpoisson",1045.29182070991,0,0.00654677422821519,"pass",TRUE,TRUE,TRUE,FALSE,0.0524528747324589,0.898544119213299,0.947553472971165,0.947553472971165,"anchored sequential hurdle updates",2,1728,4.1609999999996,""
"Wisconsin",2025-02-15,"compressed","cumulative_poisson",2496.50223901411,0,0.00645006791995684,"pass",TRUE,TRUE,TRUE,TRUE,0.0209087703657453,0.965019435881611,0.991531914699937,0.97909122998346,"anchored independent signed-Poisson update approximation",0,783,2.23199999999997,""
"Wisconsin",2025-02-15,"compressed","cumulative_nb",2729.60154748109,0,0.000524021301247402,"pass",TRUE,TRUE,TRUE,TRUE,0.0239727488525279,0.962697914091224,0.988672903797334,0.976027251990959,"anchored independent signed-Poisson update approximation",0,783,2.91800000000012,"NA/NaN function evaluation"
"Wisconsin",2025-02-15,"compressed","hurdle_ztnb",547.979215887353,0,0.00038307546453864,"pass",TRUE,TRUE,TRUE,FALSE,0.0206015715834336,0.949972506569432,0.981258812944206,0.979398641755608,"anchored sequential hurdle updates",0,783,2.87199999999984,""
"Wisconsin",2025-02-15,"compressed","hurdle_ztpoisson",601.069187230197,0,0.00319145779726957,"pass",TRUE,TRUE,TRUE,FALSE,0.0137099096064975,0.969320142118002,0.989147407630102,0.986290276875895,"anchored sequential hurdle updates",0,783,2.77399999999989,""
"Wisconsin",2025-03-29,"calendar","cumulative_poisson",5371.61562535581,0,0.00330798693071555,"pass",TRUE,TRUE,TRUE,TRUE,0.0100225346087406,0.870002903554765,0.989977485211392,0.989977485211392,"anchored independent signed-Poisson update approximation",0,1890,2.87899999999991,""
"Wisconsin",2025-03-29,"calendar","cumulative_nb",5310.41168550279,0,0.000663713410426592,"pass",TRUE,TRUE,TRUE,TRUE,0.0279419354612056,0.84743746199292,0.972058954984712,0.972058954984712,"anchored independent signed-Poisson update approximation",0,1890,4.65200000000004,""
"Wisconsin",2025-03-29,"calendar","hurdle_ztnb",980.796475735202,0,0.000347654935623609,"pass",TRUE,TRUE,TRUE,FALSE,0.0220284583822549,0.868402232029495,0.977975261367756,0.977975261367756,"anchored sequential hurdle updates",0,1890,3.92999999999984,""
"Wisconsin",2025-03-29,"calendar","hurdle_ztpoisson",1476.01460962684,0,0.0308676703146165,"pass",TRUE,TRUE,TRUE,FALSE,0.0286548155483182,0.924500608348971,0.971348307007617,0.971348307007617,"anchored sequential hurdle updates",1,1890,3.84500000000025,""
"Wisconsin",2025-03-29,"compressed","cumulative_poisson",3104.14214096815,0,0.00332706660011506,"pass",TRUE,TRUE,TRUE,TRUE,0.00788489301435433,0.963921406800152,0.995734524949965,0.992115107392458,"anchored independent signed-Poisson update approximation",0,945,2.05400000000009,""
"Wisconsin",2025-03-29,"compressed","cumulative_nb",3357.76963948736,0,0.00254887916814062,"pass",TRUE,TRUE,TRUE,TRUE,0.0238908435500476,0.931553785043044,0.976111183209394,0.976111183209394,"anchored independent signed-Poisson update approximation",0,945,2.72600000000011,"NA/NaN function evaluation"
"Wisconsin",2025-03-29,"compressed","hurdle_ztnb",712.497189741288,0,0.000108362817384244,"pass",TRUE,TRUE,TRUE,FALSE,0.0326967828973175,0.91540923251436,0.967315883296062,0.967315883296062,"anchored sequential hurdle updates",0,945,3.06500000000005,""
"Wisconsin",2025-03-29,"compressed","hurdle_ztpoisson",862.919808935331,0,0.0122920140379961,"pass",TRUE,TRUE,TRUE,FALSE,0.0857242119697643,0.914280745400618,0.995828013519392,0.914280745400618,"anchored sequential hurdle updates",1,945,3.11400000000003,""
"Wisconsin",2025-04-26,"calendar","cumulative_poisson",5749.651869181,0,0.00698860164229032,"pass",TRUE,TRUE,TRUE,TRUE,0.00802528617012192,0.872821933732998,0.991974741351083,0.991974741351083,"anchored independent signed-Poisson update approximation",0,1998,2.98200000000043,""
"Wisconsin",2025-04-26,"calendar","cumulative_nb",5725.92443110666,0,0.000746714361695489,"pass",TRUE,TRUE,TRUE,TRUE,0.0234098893850123,0.854936758113924,0.976591041939998,0.976591041939998,"anchored independent signed-Poisson update approximation",0,1998,5.59999999999991,""
"Wisconsin",2025-04-26,"calendar","hurdle_ztnb",1033.0785432853,0,0.000395325004161506,"pass",TRUE,TRUE,TRUE,FALSE,0.0194399007337976,0.869804341344755,0.980563418907958,0.980563418907958,"anchored sequential hurdle updates",4,1998,3.88700000000017,""
"Wisconsin",2025-04-26,"calendar","hurdle_ztpoisson",1526.48786734341,0,0.0137408550666047,"pass",TRUE,TRUE,TRUE,FALSE,0.0280715476321176,0.923533272547889,0.971931434883296,0.971931434883296,"anchored sequential hurdle updates",0,1998,3.9670000000001,""
"Wisconsin",2025-04-26,"compressed","cumulative_poisson",3505.83651071552,0,0.00198766192710309,"pass",TRUE,TRUE,TRUE,TRUE,0.0113701851171941,0.939560720806457,0.988630781775933,0.988630781775933,"anchored independent signed-Poisson update approximation",0,1053,2.13099999999986,""
"Wisconsin",2025-04-26,"compressed","cumulative_nb",3756.28670187573,0,0.00225334027169322,"pass",TRUE,TRUE,TRUE,TRUE,0.00722918338220204,0.961554063411791,0.996285949533689,0.992770816881515,"anchored independent signed-Poisson update approximation",0,1053,2.99299999999994,""
"Wisconsin",2025-04-26,"compressed","hurdle_ztnb",758.661845053232,0,0.000203791986999491,"pass",TRUE,TRUE,TRUE,FALSE,0.0288926292873983,0.920922618672667,0.971118974145262,0.971118974145262,"anchored sequential hurdle updates",10,1053,3.16899999999987,""
"Wisconsin",2025-04-26,"compressed","hurdle_ztpoisson",910.862394784096,0,0.00572136179249483,"pass",TRUE,TRUE,TRUE,FALSE,0.0819929049509085,0.918011375288547,0.99616803274196,0.918011375288547,"anchored sequential hurdle updates",1,1053,3.16300000000001,""
"Wisconsin",2025-05-31,"calendar","cumulative_poisson",6227.72794932837,0,0.00177355433104409,"pass",TRUE,TRUE,TRUE,TRUE,0.00623509278780806,0.874368579063824,0.993764931258909,0.993764931258909,"anchored independent signed-Poisson update approximation",0,2133,3.47400000000016,""
"Wisconsin",2025-05-31,"calendar","cumulative_nb",6254.13245937465,0,0.000999571675878608,"pass",TRUE,TRUE,TRUE,TRUE,0.0188787490393687,0.861007125857557,0.981121866882485,0.981121866882485,"anchored independent signed-Poisson update approximation",0,2133,6.7199999999998,""
"Wisconsin",2025-05-31,"calendar","hurdle_ztnb",1084.89012063266,0,0.00101681081527571,"pass",TRUE,TRUE,TRUE,FALSE,0.0178313757406306,0.870003455692713,0.982171703656194,0.982171703656194,"anchored sequential hurdle updates",23,2133,4.08899999999994,""
"Wisconsin",2025-05-31,"calendar","hurdle_ztpoisson",1590.23549542057,0,0.0296527191308585,"pass",TRUE,TRUE,TRUE,FALSE,0.028630784924361,0.922571861708258,0.971372166297625,0.971372166297625,"anchored sequential hurdle updates",0,2133,4.19399999999996,""
"Wisconsin",2025-05-31,"compressed","cumulative_poisson",3973.05451204363,0,0.000425880446780269,"pass",TRUE,TRUE,TRUE,TRUE,0.00807794773712573,0.940967165129434,0.991922803477447,0.991922803477447,"anchored independent signed-Poisson update approximation",0,1188,2.21000000000004,""
"Wisconsin",2025-05-31,"compressed","cumulative_nb",4239.11247594223,0,0.000579958743437428,"pass",TRUE,TRUE,TRUE,TRUE,0.011314585118417,0.937571797712419,0.988686481639743,0.988686481639743,"anchored independent signed-Poisson update approximation",0,1188,3.15200000000004,""
"Wisconsin",2025-05-31,"compressed","hurdle_ztnb",806.243242440011,0,0.00101713152570003,"pass",TRUE,TRUE,TRUE,FALSE,0.026311856867873,0.922477376876552,0.97369864009134,0.97369864009134,"anchored sequential hurdle updates",74,1188,3.42699999999968,""
"Wisconsin",2025-05-31,"compressed","hurdle_ztpoisson",954.626974141398,0,0.0217152920625677,"pass",TRUE,TRUE,TRUE,FALSE,0.0741325966488486,0.925870748755303,0.996104553284286,0.925870748755303,"anchored sequential hurdle updates",17,1188,3.34799999999996,""
"Wyoming",2025-01-02,"calendar","cumulative_poisson",2631.51527257129,0,0.000495731983470638,"pass",TRUE,TRUE,TRUE,TRUE,0.0937481147294616,0.856260883651687,0.90625685954472,0.90625685954472,"anchored independent signed-Poisson update approximation",0,1539,2.27399999999989,""
"Wyoming",2025-01-02,"calendar","cumulative_nb",2810.05373152947,0,0.00227033708220992,"pass",TRUE,TRUE,TRUE,TRUE,0.0907749120388545,0.851805855265269,0.909230088206445,0.909230088206445,"anchored independent signed-Poisson update approximation",0,1539,3.20000000000027,""
"Wyoming",2025-01-02,"calendar","hurdle_ztnb",511.682678953336,0,0.00108684183717811,"pass",TRUE,TRUE,TRUE,FALSE,0.0319890715608167,0.894276786933031,0.968017714603622,0.968017714603622,"anchored sequential hurdle updates",4,1539,3.10600000000022,""
"Wyoming",2025-01-02,"calendar","hurdle_ztpoisson",528.792608371443,0,0.00156050656904494,"pass",TRUE,TRUE,TRUE,FALSE,0.0276097996211923,0.907430759444492,0.97239568708579,0.97239568708579,"anchored sequential hurdle updates",6,1539,3.01099999999997,""
"Wyoming",2025-01-02,"compressed","cumulative_poisson",1548.14287461074,0,0.0042461374171594,"pass",TRUE,TRUE,TRUE,TRUE,0.0725297987263125,0.923240274934324,0.956480371730715,0.927470220382767,"anchored independent signed-Poisson update approximation",0,648,1.7199999999998,""
"Wyoming",2025-01-02,"compressed","cumulative_nb",1715.9648611036,0,0.00290876679970647,"pass",TRUE,TRUE,TRUE,TRUE,0.153920194630901,0.825737668436866,0.858911384668319,0.846087701592681,"anchored independent signed-Poisson update approximation",0,648,2.00800000000027,""
"Wyoming",2025-01-02,"compressed","hurdle_ztnb",325.634973545864,0,8.56977145167193e-05,"pass",TRUE,TRUE,TRUE,FALSE,0.0331513852512031,0.966068849391546,0.984886080873776,0.96684916082548,"anchored sequential hurdle updates",0,648,2.85500000000002,""
"Wyoming",2025-01-02,"compressed","hurdle_ztpoisson",328.845674482435,0,0.00189925928238199,"pass",TRUE,TRUE,TRUE,FALSE,0.0322823377460926,0.965543612122424,0.983978688318256,0.967718153504992,"anchored sequential hurdle updates",2,648,2.4409999999998,""
"Wyoming",2025-02-15,"calendar","cumulative_poisson",3144.89206403074,0,0.000689377052832674,"pass",TRUE,TRUE,TRUE,TRUE,0.0945545283981979,0.73475145473823,0.914081631195524,0.905446423087483,"anchored independent signed-Poisson update approximation",0,1728,2.59299999999985,""
"Wyoming",2025-02-15,"calendar","cumulative_nb",3297.78833889559,0,0.00142460301773148,"pass",TRUE,TRUE,TRUE,TRUE,0.0915077057681013,0.745141644100851,0.909579548252346,0.908494922367023,"anchored independent signed-Poisson update approximation",0,1728,3.80400000000009,""
"Wyoming",2025-02-15,"calendar","hurdle_ztnb",619.507919825384,0,0.000292509767835014,"pass",TRUE,TRUE,TRUE,FALSE,0.0631343552446167,0.813177248335404,0.936880848069639,0.936880848069639,"anchored sequential hurdle updates",1,1728,3.35399999999981,""
"Wyoming",2025-02-15,"calendar","hurdle_ztpoisson",664.373109047086,0,0.00231340203751512,"pass",TRUE,TRUE,TRUE,FALSE,0.0888410385771894,0.815507821677736,0.911178180652989,0.911178180652989,"anchored sequential hurdle updates",3,1728,3.21500000000015,""
"Wyoming",2025-02-15,"compressed","cumulative_poisson",1899.96439258886,0,0.000805396246345791,"pass",TRUE,TRUE,TRUE,TRUE,0.151189093926825,0.819121097532558,0.86686306813683,0.848816777018496,"anchored independent signed-Poisson update approximation",0,783,1.86599999999999,""
"Wyoming",2025-02-15,"compressed","cumulative_nb",2076.89342681146,0,0.00177765981629119,"pass",TRUE,TRUE,TRUE,TRUE,0.148169817665818,0.818852228218521,0.868761691314528,0.851836394705726,"anchored independent signed-Poisson update approximation",0,783,2.15499999999975,""
"Wyoming",2025-02-15,"compressed","hurdle_ztnb",398.487154148646,0,0.000284558359053833,"pass",TRUE,TRUE,TRUE,FALSE,0.0467159079626805,0.924256919196179,0.963114751301404,0.953285368553208,"anchored sequential hurdle updates",2,783,2.79199999999992,""
"Wyoming",2025-02-15,"compressed","hurdle_ztpoisson",410.679888072747,0,0.0030484382774687,"pass",TRUE,TRUE,TRUE,FALSE,0.0475003565954235,0.922421408044733,0.961203240416165,0.952500745718684,"anchored sequential hurdle updates",0,783,2.65100000000029,""
"Wyoming",2025-03-29,"calendar","cumulative_poisson",3508.03605942379,0,0.00486473265200726,"pass",TRUE,TRUE,TRUE,TRUE,0.0926780624333771,0.751303678671703,0.907325482757326,0.907325482757326,"anchored independent signed-Poisson update approximation",0,1890,2.77100000000019,""
"Wyoming",2025-03-29,"calendar","cumulative_nb",3672.20713854177,0,0.0027889693304487,"pass",TRUE,TRUE,TRUE,TRUE,0.0899380918899654,0.75960367365898,0.910067176044606,0.910067176044606,"anchored independent signed-Poisson update approximation",0,1890,5.16199999999981,""
"Wyoming",2025-03-29,"calendar","hurdle_ztnb",754.896788593684,0,0.00914810128764465,"pass",TRUE,TRUE,TRUE,FALSE,0.0943580345892803,0.813149293759289,0.905675878811216,0.905675878811216,"anchored sequential hurdle updates",4,1890,3.70400000000018,""
"Wyoming",2025-03-29,"calendar","hurdle_ztpoisson",784.439654407051,0,0.0022081542315926,"pass",TRUE,TRUE,TRUE,FALSE,0.100596910683006,0.847091625336196,0.899430418006731,0.899430418006731,"anchored sequential hurdle updates",0,1890,3.46399999999994,""
"Wyoming",2025-03-29,"compressed","cumulative_poisson",2324.48347727004,0,0.000597474156020381,"pass",TRUE,TRUE,TRUE,TRUE,0.148172463796907,0.81578933296008,0.862652023664717,0.851832385705167,"anchored independent signed-Poisson update approximation",0,945,1.94700000000012,""
"Wyoming",2025-03-29,"compressed","cumulative_nb",2510.84772957872,0,0.000545862003615493,"pass",TRUE,TRUE,TRUE,TRUE,0.146344773461625,0.816126526553129,0.86391585976367,0.85366050633867,"anchored independent signed-Poisson update approximation",0,945,2.51900000000023,"NA/NaN function evaluation"
"Wyoming",2025-03-29,"compressed","hurdle_ztnb",508.350750891144,0,0.000130176715658292,"pass",TRUE,TRUE,TRUE,FALSE,0.0595908284140394,0.914758217212772,0.942545923946279,0.94042349769913,"anchored sequential hurdle updates",2,945,2.90299999999979,""
"Wyoming",2025-03-29,"compressed","hurdle_ztpoisson",505.92848889738,0,0.00173675815407215,"pass",TRUE,TRUE,TRUE,FALSE,0.0517973530142915,0.920806056844116,0.954691713648762,0.948205733616545,"anchored sequential hurdle updates",0,945,2.78200000000015,""
"Wyoming",2025-04-26,"calendar","cumulative_poisson",3773.07363622464,0,0.000881993875584186,"pass",TRUE,TRUE,TRUE,TRUE,0.0944901227745177,0.754663008114751,0.905513918795137,0.905513918795137,"anchored independent signed-Poisson update approximation",3,1998,2.86799999999994,""
"Wyoming",2025-04-26,"calendar","cumulative_nb",3946.22739241356,0,0.0078346657202637,"pass",TRUE,TRUE,TRUE,TRUE,0.0919810862355147,0.762603669961547,0.908024575487041,0.908024575487041,"anchored independent signed-Poisson update approximation",2,1998,4.47800000000007,""
"Wyoming",2025-04-26,"calendar","hurdle_ztnb",781.355206085899,0,0.000889161483829781,"pass",TRUE,TRUE,TRUE,FALSE,0.0868228920900558,0.817022013927368,0.91320957883795,0.91320957883795,"anchored sequential hurdle updates",51,1998,3.72499999999991,""
"Wyoming",2025-04-26,"calendar","hurdle_ztpoisson",811.302282845122,0,0.00754466788557145,"pass",TRUE,TRUE,TRUE,FALSE,0.0999541406929241,0.857385304946885,0.900068999654729,0.900068999654729,"anchored sequential hurdle updates",12,1998,3.63799999999992,""
"Wyoming",2025-04-26,"compressed","cumulative_poisson",2596.31602972854,0,9.51644933852303e-05,"pass",TRUE,TRUE,TRUE,TRUE,0.148241038319563,0.815073436104502,0.861156046892238,0.85176377010905,"anchored independent signed-Poisson update approximation",5,1053,2.45399999999972,""
"Wyoming",2025-04-26,"compressed","cumulative_nb",2788.07066716855,0,0.00145810523643197,"pass",TRUE,TRUE,TRUE,TRUE,0.146783152759231,0.815382129689436,0.862137503769122,0.853222034946319,"anchored independent signed-Poisson update approximation",7,1053,2.66499999999996,""
"Wyoming",2025-04-26,"compressed","hurdle_ztnb",532.354634652315,0,0.00108184366055064,"pass",TRUE,TRUE,TRUE,FALSE,0.0554940674622359,0.917148893218164,0.946930823504152,0.944519805984625,"anchored sequential hurdle updates",71,1053,3.02300000000014,""
"Wyoming",2025-04-26,"compressed","hurdle_ztpoisson",528.177518626166,0,0.00594519507214775,"pass",TRUE,TRUE,TRUE,FALSE,0.0466649719091941,0.924032174300238,0.95939348952273,0.953337230131678,"anchored sequential hurdle updates",6,1053,2.85099999999966,""
"Wyoming",2025-05-31,"calendar","cumulative_poisson",4110.97195531195,0,0.00760480134045238,"pass",TRUE,TRUE,TRUE,TRUE,0.0930788246773044,0.757057112154622,0.90692475258835,0.90692475258835,"anchored independent signed-Poisson update approximation",2,2133,3.22900000000027,""
"Wyoming",2025-05-31,"calendar","cumulative_nb",4293.70642378362,0,0.000627911716760687,"pass",TRUE,TRUE,TRUE,TRUE,0.0909582741436592,0.76406383946038,0.909046625445757,0.909046625445757,"anchored independent signed-Poisson update approximation",1,2133,4.98599999999988,""
"Wyoming",2025-05-31,"calendar","hurdle_ztnb",813.703326256914,0,0.00239263498760067,"pass",TRUE,TRUE,TRUE,FALSE,0.0831410785907775,0.81767822450711,0.916890776096573,0.916890776096573,"anchored sequential hurdle updates",63,2133,3.90899999999965,""
"Wyoming",2025-05-31,"calendar","hurdle_ztpoisson",839.199330738832,0,0.0110414865893885,"pass",TRUE,TRUE,TRUE,FALSE,0.0999384871685332,0.859234961965596,0.900082497879081,0.900082497879081,"anchored sequential hurdle updates",6,2133,3.85600000000022,""
"Wyoming",2025-05-31,"compressed","cumulative_poisson",2918.65971619841,0,0.000273560510625548,"pass",TRUE,TRUE,TRUE,TRUE,0.148014351633178,0.814237208001057,0.860319589708232,0.851990339497949,"anchored independent signed-Poisson update approximation",1,1188,2.21900000000005,""
"Wyoming",2025-05-31,"compressed","cumulative_nb",3116.10346749959,0,0.00063203403722889,"pass",TRUE,TRUE,TRUE,TRUE,0.146741177027688,0.814495415794492,0.861115714298067,0.853263824576678,"anchored independent signed-Poisson update approximation",5,1188,2.67599999999993,""
"Wyoming",2025-05-31,"compressed","hurdle_ztnb",562.848431239728,0,0.00045520881447958,"pass",TRUE,TRUE,TRUE,FALSE,0.0538810278353941,0.917397632517011,0.948292969970809,0.946134392564488,"anchored sequential hurdle updates",57,1188,3.11299999999983,""
"Wyoming",2025-05-31,"compressed","hurdle_ztpoisson",551.644791740676,0,0.000948679847894707,"pass",TRUE,TRUE,TRUE,FALSE,0.0452811091772084,0.923162204371406,0.960059765839602,0.954721066070021,"anchored sequential hurdle updates",2,1188,3.05999999999995,""
