"location","origin","clock","model","nll","convergence","max_gradient","finite_fit","leakage_ok","retract_mass","q_terminal","n_cells"
"Alabama",2025-01-02,"calendar","cumulative_poisson",3374.4977486273,0,0.0813497602898916,TRUE,TRUE,0.0740992565912126,0.925901270877382,1539
"Alabama",2025-01-02,"calendar","cumulative_nb",3390.10637416309,0,0.210380673798785,TRUE,TRUE,0.0738154291748754,0.926185092283261,1539
"Alabama",2025-01-02,"calendar","hurdle_ztnb",504.890522039032,0,0.000911689310520991,TRUE,TRUE,0.0178333437911643,0.98216713679888,1539
"Alabama",2025-01-02,"compressed","cumulative_poisson",2032.60674257724,0,0.0255421676343163,TRUE,TRUE,0.0898541827460283,0.910146819060287,648
"Alabama",2025-01-02,"compressed","cumulative_nb",2047.66379942796,0,0.0996936245347514,TRUE,TRUE,0.0897126610142416,0.910288339364214,648
"Alabama",2025-01-02,"compressed","hurdle_ztnb",497.191124368726,0,0.0702105711311167,TRUE,TRUE,0.0427830776205777,0.957235864905839,648
"Alabama",2025-02-15,"calendar","cumulative_poisson",4728.40149317548,0,0.037570155514594,TRUE,TRUE,0.0733880750328092,0.926614567011279,1728
"Alabama",2025-02-15,"calendar","cumulative_nb",4388.72288718552,0,0.118096096066479,TRUE,TRUE,0.0679236107580254,0.932076606612677,1728
"Alabama",2025-02-15,"calendar","hurdle_ztnb",611.298390852857,0,0.000289959911151299,TRUE,TRUE,0.012871099005609,0.987129086628829,1728
"Alabama",2025-02-15,"compressed","cumulative_poisson",2491.33613209475,0,0.011689330660898,TRUE,TRUE,0.0900093336287173,0.909991486492794,783
"Alabama",2025-02-15,"compressed","cumulative_nb",2507.42748767954,0,0.113528293688242,TRUE,TRUE,0.0899525373411394,0.910048280454418,783
"Alabama",2025-02-15,"compressed","hurdle_ztnb",604.315801750904,0,0.0304904933830951,TRUE,TRUE,0.0442010840196967,0.955823008840975,783
"Alabama",2025-03-29,"calendar","cumulative_poisson",5251.51712849923,0,0.0955529294656413,TRUE,TRUE,0.0691961117983446,0.930804030382221,1890
"Alabama",2025-03-29,"calendar","cumulative_nb",4938.15426292143,0,0.0380416444927185,TRUE,TRUE,0.0658843675129737,0.934116068082015,1890
"Alabama",2025-03-29,"calendar","hurdle_ztnb",721.003173766073,0,0.000711161954617734,TRUE,TRUE,0.014376396243473,0.985623668552058,1890
"Alabama",2025-03-29,"compressed","cumulative_poisson",3046.73266427132,0,0.0694669483341526,TRUE,TRUE,0.0867702401366485,0.913230487322988,945
"Alabama",2025-03-29,"compressed","cumulative_nb",3063.97792450315,0,0.0545969636579427,TRUE,TRUE,0.0868308529751041,0.913169873252745,945
"Alabama",2025-03-29,"compressed","hurdle_ztnb",722.412531514913,0,0.00256051463677726,TRUE,TRUE,0.0360157633205534,0.964005688421692,945
"Alabama",2025-04-26,"calendar","cumulative_poisson",5632.37527847121,0,0.0227875750962395,TRUE,TRUE,0.0717684661697405,0.92823178598515,1998
"Alabama",2025-04-26,"calendar","cumulative_nb",5360.47679784518,0,0.177788262232205,TRUE,TRUE,0.067115228850122,0.932885368308393,1998
"Alabama",2025-04-26,"calendar","hurdle_ztnb",885.835672718931,0,9.65593413041477e-05,TRUE,TRUE,0.021565654695168,0.978436613279363,1998
"Alabama",2025-04-26,"compressed","cumulative_poisson",3417.34028102445,0,0.0811606481586903,TRUE,TRUE,0.0861325534782785,0.913868187893266,1053
"Alabama",2025-04-26,"compressed","cumulative_nb",3435.19078074945,0,0.0446969157285411,TRUE,TRUE,0.0861132160129228,0.913887522694446,1053
"Alabama",2025-04-26,"compressed","hurdle_ztnb",828.027850569567,0,0.000433528561710972,TRUE,TRUE,0.0339721030510746,0.966045482178185,1053
"Alabama",2025-05-31,"calendar","cumulative_poisson",6114.40823753823,0,0.375686011614731,TRUE,TRUE,0.0724787285220459,0.927521543464515,2133
"Alabama",2025-05-31,"calendar","cumulative_nb",5894.15247273718,0,0.090700852707511,TRUE,TRUE,0.0679774580118531,0.932023160327874,2133
"Alabama",2025-05-31,"calendar","hurdle_ztnb",1039.2774823338,0,0.000506128295951536,TRUE,TRUE,0.0230016886609978,0.9770058807869,2133
"Alabama",2025-05-31,"compressed","cumulative_poisson",3871.01794940051,0,0.131776855115818,TRUE,TRUE,0.0848099855412409,0.915190729989109,1188
"Alabama",2025-05-31,"compressed","cumulative_nb",3889.52483095823,0,0.210871051217932,TRUE,TRUE,0.0842205615692343,0.915780141932027,1188
"Alabama",2025-05-31,"compressed","hurdle_ztnb",969.229798014224,0,0.00142550685316889,TRUE,TRUE,0.0273725283955712,0.972658307726174,1188
"Alaska",2025-01-02,"calendar","cumulative_poisson",2525.02598454001,0,0.00851637732898838,TRUE,TRUE,0.0652621097258565,0.93474193934897,1539
"Alaska",2025-01-02,"calendar","cumulative_nb",2534.87256922706,0,0.0100819674120304,TRUE,TRUE,0.0652475400519297,0.934756539157893,1539
"Alaska",2025-01-02,"calendar","hurdle_ztnb",502.516741516115,0,0.000139515500746784,TRUE,TRUE,0.0333471727952519,0.966668514213801,1539
"Alaska",2025-01-02,"compressed","cumulative_poisson",1397.10633078597,0,0.00654104238740943,TRUE,TRUE,0.0807474619391718,0.919253711575146,648
"Alaska",2025-01-02,"compressed","cumulative_nb",1406.61175555715,0,0.00282971805100701,TRUE,TRUE,0.0807434087989748,0.919257763880576,648
"Alaska",2025-01-02,"compressed","hurdle_ztnb",235.003369937664,0,0.000226532627254222,TRUE,TRUE,0.0397253380785901,0.96027470757092,648
"Alaska",2025-02-15,"calendar","cumulative_poisson",2921.75523344956,0,0.00472215665071259,TRUE,TRUE,0.0668289329429843,0.933174504827672,1728
"Alaska",2025-02-15,"calendar","cumulative_nb",2931.31327020857,0,0.00556520301519918,TRUE,TRUE,0.0667596770069734,0.933243904034967,1728
"Alaska",2025-02-15,"calendar","hurdle_ztnb",568.519157604179,0,0.000184507118826005,TRUE,TRUE,0.0323136412325832,0.967699786869197,1728
"Alaska",2025-02-15,"compressed","cumulative_poisson",1672.24588540771,0,0.0104896977078227,TRUE,TRUE,0.0783691962327097,0.921631782352083,783
"Alaska",2025-02-15,"compressed","cumulative_nb",1682.14546744819,0,0.000789498324506366,TRUE,TRUE,0.0783818284945061,0.921619150706162,783
"Alaska",2025-02-15,"compressed","hurdle_ztnb",267.06537796143,0,8.09788991670279e-05,TRUE,TRUE,0.0278982985973246,0.972101721660617,783
"Alaska",2025-03-29,"calendar","cumulative_poisson",3276.41227937344,0,0.00323629045917885,TRUE,TRUE,0.0728953557987188,0.927118030242624,1890
"Alaska",2025-03-29,"calendar","cumulative_nb",3286.60112466971,0,0.00480515936799814,TRUE,TRUE,0.0727765873179443,0.927236870180515,1890
"Alaska",2025-03-29,"calendar","hurdle_ztnb",666.146881854454,0,0.000870360189983954,TRUE,TRUE,0.0290418054446125,0.970969452550606,1890
"Alaska",2025-03-29,"compressed","cumulative_poisson",2044.43670066138,0,0.00938571083827261,TRUE,TRUE,0.0712889265289945,0.928711948754241,945
"Alaska",2025-03-29,"compressed","cumulative_nb",2054.87949646786,0,0.00302775192649613,TRUE,TRUE,0.0713364424742137,0.928664434719678,945
"Alaska",2025-03-29,"compressed","hurdle_ztnb",351.180862766741,0,0.000278554124309893,TRUE,TRUE,0.0250915968488691,0.974908631506705,945
"Alaska",2025-04-26,"calendar","cumulative_poisson",3540.62146476735,0,0.00443074635240984,TRUE,TRUE,0.0750117411798521,0.925006859872492,1998
"Alaska",2025-04-26,"calendar","cumulative_nb",3551.27884136707,0,0.0045433799403206,TRUE,TRUE,0.0748621091918377,0.925156480273234,1998
"Alaska",2025-04-26,"calendar","hurdle_ztnb",705.003377039264,0,0.000155431122331073,TRUE,TRUE,0.0262532175405073,0.973756120131268,1998
"Alaska",2025-04-26,"compressed","cumulative_poisson",2304.68609788221,0,0.012353608767224,TRUE,TRUE,0.0679306459665809,0.932070422287603,1053
"Alaska",2025-04-26,"compressed","cumulative_nb",2315.51295420684,0,0.0346065921614885,TRUE,TRUE,0.0679631879426519,0.932037878218622,1053
"Alaska",2025-04-26,"compressed","hurdle_ztnb",386.21249244156,0,0.000486830332865784,TRUE,TRUE,0.0227508131059413,0.977249546433742,1053
"Alaska",2025-05-31,"calendar","cumulative_poisson",3873.83281523964,0,0.00148860421347126,TRUE,TRUE,0.0753105397187818,0.92470978616872,2133
"Alaska",2025-05-31,"calendar","cumulative_nb",3885.03630066533,0,0.0303110752470805,TRUE,TRUE,0.0751806830010045,0.924839607270122,2133
"Alaska",2025-05-31,"calendar","hurdle_ztnb",754.4316116165,0,0.000290600742016003,TRUE,TRUE,0.0282253272970546,0.971785191817365,2133
"Alaska",2025-05-31,"compressed","cumulative_poisson",2622.61727167155,0,0.00512615068046332,TRUE,TRUE,0.0668240586291621,0.933177610302114,1188
"Alaska",2025-05-31,"compressed","cumulative_nb",2633.8967439463,0,0.00646178910262623,TRUE,TRUE,0.0668406499210887,0.933161012145793,1188
"Alaska",2025-05-31,"compressed","hurdle_ztnb",443.963529688757,0,8.30530084314773e-05,TRUE,TRUE,0.0246167716175154,0.975384399313574,1188
"Arizona",2025-01-02,"calendar","cumulative_poisson",10816.7133166583,0,0.761885300672772,TRUE,TRUE,0.112304616161679,0.887697846096768,1539
"Arizona",2025-01-02,"calendar","cumulative_nb",7359.15048306645,0,0.00476470875235597,TRUE,TRUE,0.194616334459988,0.806361105749597,1539
"Arizona",2025-01-02,"calendar","hurdle_ztnb",920.721150863921,0,0.000845784367478246,TRUE,TRUE,0.0114369157629457,0.988564447291766,1539
"Arizona",2025-01-02,"compressed","cumulative_poisson",2574.68552742915,0,0.593604762068307,TRUE,TRUE,0.086267787040525,0.913732241477164,648
"Arizona",2025-01-02,"compressed","cumulative_nb",2519.29533330406,0,0.609152393488105,TRUE,TRUE,0.0831395407325784,0.916860583455317,648
"Arizona",2025-01-02,"compressed","hurdle_ztnb",658.190319321659,0,0.0274412984251544,TRUE,TRUE,0.0227834722418411,0.977237624669415,648
"Arizona",2025-02-15,"calendar","cumulative_poisson",16598.368463391,0,0.809804485027802,TRUE,TRUE,0.195258601936992,0.804760471989411,1728
"Arizona",2025-02-15,"calendar","cumulative_nb",8457.63519904237,0,0.0068913165072329,TRUE,TRUE,0.338309562610557,0.663907684785686,1728
"Arizona",2025-02-15,"calendar","hurdle_ztnb",1365.18114319499,0,0.00154541246556628,TRUE,TRUE,0.015018003275296,0.984992679713213,1728
"Arizona",2025-02-15,"compressed","cumulative_poisson",4295.27110615928,0,0.454287025227954,TRUE,TRUE,0.070314511803823,0.929685631037633,783
"Arizona",2025-02-15,"compressed","cumulative_nb",3386.5822734251,0,0.146955015823394,TRUE,TRUE,0.0786251227143537,0.921375141963613,783
"Arizona",2025-02-15,"compressed","hurdle_ztnb",912.626245313982,0,0.00558346694401936,TRUE,TRUE,0.0282302810032347,0.971804312904562,783
"Arizona",2025-03-29,"calendar","cumulative_poisson",17680.4527187571,0,0.115853526620389,TRUE,TRUE,0.201401944405994,0.798712382625004,1890
"Arizona",2025-03-29,"calendar","cumulative_nb",9500.79678996434,0,0.00324905847424006,TRUE,TRUE,0.447901421463155,0.555368468736087,1890
"Arizona",2025-03-29,"calendar","hurdle_ztnb",1626.00033141252,0,0.00188121044006295,TRUE,TRUE,0.0162607429812996,0.983752200282542,1890
"Arizona",2025-03-29,"compressed","cumulative_poisson",5067.28018961781,0,0.545428223574148,TRUE,TRUE,0.0953473750828358,0.904653967630075,945
"Arizona",2025-03-29,"compressed","cumulative_nb",4128.30448021901,0,0.280564316414676,TRUE,TRUE,0.0737690456654873,0.92623137214439,945
"Arizona",2025-03-29,"compressed","hurdle_ztnb",1107.64211306411,0,0.00104889524388607,TRUE,TRUE,0.0275859332455248,0.972445488002299,945
"Arizona",2025-04-26,"calendar","cumulative_poisson",18198.8807665566,0,0.026507378945443,TRUE,TRUE,0.207582854085755,0.79255270735508,1998
"Arizona",2025-04-26,"calendar","cumulative_nb",10229.5302940511,0,0.0064898905903129,TRUE,TRUE,0.490998565613403,0.512640634033387,1998
"Arizona",2025-04-26,"calendar","hurdle_ztnb",1703.97957321101,0,0.00448960725302103,TRUE,TRUE,0.0148343042015319,0.985177308051968,1998
"Arizona",2025-04-26,"compressed","cumulative_poisson",5505.84874691546,0,0.299810579639642,TRUE,TRUE,0.096728632924728,0.903273034585628,1053
"Arizona",2025-04-26,"compressed","cumulative_nb",4599.98311139814,0,0.80340406937571,TRUE,TRUE,0.0734510497062614,0.926549395660314,1053
"Arizona",2025-04-26,"compressed","hurdle_ztnb",1186.27953310759,0,0.00419722538700518,TRUE,TRUE,0.0240144309769987,0.976014736971995,1053
"Arizona",2025-05-31,"calendar","cumulative_poisson",18790.5385205253,0,0.0593521183218819,TRUE,TRUE,0.201778787777651,0.798332172699578,2133
"Arizona",2025-05-31,"calendar","cumulative_nb",11124.914469669,0,0.0100106300629209,TRUE,TRUE,0.527685019154415,0.476207882245616,2133
"Arizona",2025-05-31,"calendar","hurdle_ztnb",1768.99482402809,0,0.0020476046637897,TRUE,TRUE,0.0137067968458271,0.986303441893713,2133
"Arizona",2025-05-31,"compressed","cumulative_poisson",6032.29203775491,0,0.0892931570896412,TRUE,TRUE,0.0959203069381947,0.904081460760519,1188
"Arizona",2025-05-31,"compressed","cumulative_nb",5173.24861948197,0,0.0237215421399718,TRUE,TRUE,0.0731671851616184,0.926833264535145,1188
"Arizona",2025-05-31,"compressed","hurdle_ztnb",1249.72161222828,0,0.000555600440707016,TRUE,TRUE,0.0216736766805421,0.978352244652309,1188
"Arkansas",2025-01-02,"calendar","cumulative_poisson",3881.00342463719,0,0.12941632184272,TRUE,TRUE,0.0778621121126421,0.922142071741612,1539
"Arkansas",2025-01-02,"calendar","cumulative_nb",3897.39850952119,0,0.0141612563170058,TRUE,TRUE,0.077875268145443,0.922128953110391,1539
"Arkansas",2025-01-02,"calendar","hurdle_ztnb",722.063319539014,0,0.00177933233888139,TRUE,TRUE,0.0336493405537754,0.966354111357164,1539
"Arkansas",2025-01-02,"compressed","cumulative_poisson",1968.37952076739,0,0.0975916586805601,TRUE,TRUE,0.0766703293512233,0.923331333547983,648
"Arkansas",2025-01-02,"compressed","cumulative_nb",1983.26128739106,0,0.092351053101337,TRUE,TRUE,0.076721151497005,0.923280521043544,648
"Arkansas",2025-01-02,"compressed","hurdle_ztnb",480.275300890763,0,0.000158841413417721,TRUE,TRUE,0.0268821040185716,0.973118653530061,648
"Arkansas",2025-02-15,"calendar","cumulative_poisson",4746.85563658389,0,0.402780347985032,TRUE,TRUE,0.0622984164490307,0.937707541141271,1728
"Arkansas",2025-02-15,"calendar","cumulative_nb",4758.92988190842,0,0.18478886601033,TRUE,TRUE,0.0622587501305943,0.937747628552762,1728
"Arkansas",2025-02-15,"calendar","hurdle_ztnb",884.866319701405,0,0.000246211229462112,TRUE,TRUE,0.033921979688033,0.966084256895547,1728
"Arkansas",2025-02-15,"compressed","cumulative_poisson",2450.09324670404,0,0.037532513008192,TRUE,TRUE,0.0705335937766447,0.929467076644165,783
"Arkansas",2025-02-15,"compressed","cumulative_nb",2465.00558301268,0,0.0593545995587863,TRUE,TRUE,0.070640913795555,0.92935974948902,783
"Arkansas",2025-02-15,"compressed","hurdle_ztnb",584.880242613544,0,0.000356969143515018,TRUE,TRUE,0.0263181424252584,0.97368298768422,783
"Arkansas",2025-03-29,"calendar","cumulative_poisson",5247.4796242598,0,0.151425956697661,TRUE,TRUE,0.0601410502172331,0.939859647522779,1890
"Arkansas",2025-03-29,"calendar","cumulative_nb",5258.16256248369,0,0.0774184131734008,TRUE,TRUE,0.0604014080486221,0.939599339167371,1890
"Arkansas",2025-03-29,"calendar","hurdle_ztnb",1118.64121648236,0,0.00027659375118124,TRUE,TRUE,0.0359579187241458,0.96405505657351,1890
"Arkansas",2025-03-29,"compressed","cumulative_poisson",3066.63758961757,0,0.0499075069687077,TRUE,TRUE,0.0691726527328051,0.930828849817842,945
"Arkansas",2025-03-29,"compressed","cumulative_nb",3081.17963625647,0,0.0682298856266458,TRUE,TRUE,0.0689562111701126,0.93104520152044,945
"Arkansas",2025-03-29,"compressed","hurdle_ztnb",786.223131327212,0,0.000786480191735495,TRUE,TRUE,0.0269724587653647,0.973030311898986,945
"Arkansas",2025-04-26,"calendar","cumulative_poisson",5585.59506577895,0,0.0585989508558814,TRUE,TRUE,0.0605350688141418,0.939466523223789,1998
"Arkansas",2025-04-26,"calendar","cumulative_nb",5597.95121081719,0,0.712727440175726,TRUE,TRUE,0.0606777878868626,0.939324002147135,1998
"Arkansas",2025-04-26,"calendar","hurdle_ztnb",1191.29511880863,0,0.000302316421005241,TRUE,TRUE,0.0350646672559463,0.964946036077135,1998
"Arkansas",2025-04-26,"compressed","cumulative_poisson",3435.76478154661,0,0.136508828669445,TRUE,TRUE,0.064206279614694,0.935794733154045,1053
"Arkansas",2025-04-26,"compressed","cumulative_nb",3451.0707089069,0,0.0826899573536128,TRUE,TRUE,0.0642314813105721,0.93576950582181,1053
"Arkansas",2025-04-26,"compressed","hurdle_ztnb",851.62175052815,0,0.000873713764271755,TRUE,TRUE,0.0265599803452266,0.973442086089799,1053
"Arkansas",2025-05-31,"calendar","cumulative_poisson",6027.51638383753,0,0.179895698642717,TRUE,TRUE,0.0584780202809771,0.941526137968075,2133
"Arkansas",2025-05-31,"calendar","cumulative_nb",6041.51489194745,0,0.0705130516359079,TRUE,TRUE,0.0575073866758109,0.942497289392147,2133
"Arkansas",2025-05-31,"calendar","hurdle_ztnb",1263.70937514497,0,0.000482225055110197,TRUE,TRUE,0.0354541551431311,0.964555095728792,2133
"Arkansas",2025-05-31,"compressed","cumulative_poisson",3874.37470319887,0,0.0365666024537574,TRUE,TRUE,0.0620215704479227,0.937979308262128,1188
"Arkansas",2025-05-31,"compressed","cumulative_nb",3890.53205513577,0,0.157986436876504,TRUE,TRUE,0.062220191730225,0.937780677417887,1188
"Arkansas",2025-05-31,"compressed","hurdle_ztnb",916.923813995165,0,0.000131710070198854,TRUE,TRUE,0.0271429902564251,0.972858819753796,1188
"California",2025-01-02,"calendar","cumulative_poisson",11980.9601436973,0,0.635787752733031,TRUE,TRUE,0.0701866039768176,0.929854438776473,1539
"California",2025-01-02,"calendar","cumulative_nb",8077.20873232527,0,0.00192144204938113,TRUE,TRUE,0.158354145659119,0.842418623515661,1539
"California",2025-01-02,"calendar","hurdle_ztnb",1113.6019484431,0,0.000302613352681558,TRUE,TRUE,0.0168766639661371,0.983124336474778,1539
"California",2025-01-02,"compressed","cumulative_poisson",2543.45468416009,0,0.284757295424529,TRUE,TRUE,0.269222841497675,0.731141189636339,648
"California",2025-01-02,"compressed","cumulative_nb",2562.08863347731,0,0.979395476000933,TRUE,TRUE,0.262624525516083,0.737708199818571,648
"California",2025-01-02,"compressed","hurdle_ztnb",862.01001971378,0,0.0195540143640597,TRUE,TRUE,0.0131068733380322,0.986896484721333,648
"California",2025-02-15,"calendar","cumulative_poisson",18781.8865916764,0,0.397828492419421,TRUE,TRUE,0.0646804639402994,0.935319964508208,1728
"California",2025-02-15,"calendar","cumulative_nb",9260.47748834138,0,0.00257073440291375,TRUE,TRUE,0.286830575927182,0.714962578485711,1728
"California",2025-02-15,"calendar","hurdle_ztnb",1360.2579906018,0,0.000286981703973399,TRUE,TRUE,0.0141488541394423,0.985851627419484,1728
"California",2025-02-15,"compressed","cumulative_poisson",3143.13810771826,0,0.506603890331102,TRUE,TRUE,0.358816978378981,0.642295610518067,783
"California",2025-02-15,"compressed","cumulative_nb",3162.35632794602,0,0.377374477463119,TRUE,TRUE,0.34758856661291,0.653414442669275,783
"California",2025-02-15,"compressed","hurdle_ztnb",1015.28983878848,0,0.00934308864834505,TRUE,TRUE,0.0112394502155044,0.988763589143539,783
"California",2025-03-29,"calendar","cumulative_poisson",19935.2191504863,0,0.463371438001458,TRUE,TRUE,0.111187750061948,0.888830228400149,1890
"California",2025-03-29,"calendar","cumulative_nb",10411.3019974331,0,0.0108343623432758,TRUE,TRUE,0.398920257728664,0.603848030482871,1890
"California",2025-03-29,"calendar","hurdle_ztnb",1629.42678406289,0,0.00174995595757127,TRUE,TRUE,0.0126645601737531,0.987336116874116,1890
"California",2025-03-29,"compressed","cumulative_poisson",3843.03881691503,0,2.72510359687104,TRUE,TRUE,0.290399154346171,0.710276274840784,945
"California",2025-03-29,"compressed","cumulative_nb",3863.77253353772,0,0.530869365656093,TRUE,TRUE,0.286655236759921,0.713989159689759,945
"California",2025-03-29,"compressed","hurdle_ztnb",1224.48510181993,0,0.0013349685015869,TRUE,TRUE,0.0100022313533198,0.990000386573095,945
"California",2025-04-26,"calendar","cumulative_poisson",20516.8870072687,0,0.61035400451737,TRUE,TRUE,0.15974892089636,0.840323436059029,1998
"California",2025-04-26,"calendar","cumulative_nb",11231.4589884935,0,0.00400599300983483,TRUE,TRUE,0.445457022219054,0.557695788915408,1998
"California",2025-04-26,"calendar","hurdle_ztnb",1707.83220801048,0,0.00169539913387827,TRUE,TRUE,0.0116217115211535,0.98837874652715,1998
"California",2025-04-26,"compressed","cumulative_poisson",4308.3825690477,0,0.257696630930172,TRUE,TRUE,0.250705236359644,0.749779890636156,1053
"California",2025-04-26,"compressed","cumulative_nb",4330.29303787609,0,1.43091811808414,TRUE,TRUE,0.251894076011799,0.748587337883725,1053
"California",2025-04-26,"compressed","hurdle_ztnb",1304.99933858498,0,0.00236612575389955,TRUE,TRUE,0.00961613897002832,0.990386276486166,1053
"California",2025-05-31,"calendar","cumulative_poisson",21189.1466169623,0,0.460952864813839,TRUE,TRUE,0.178320090832254,0.821784580398595,2133
"California",2025-05-31,"calendar","cumulative_nb",12264.4042195409,0,0.00901289184819506,TRUE,TRUE,0.486330071782597,0.517108960161518,2133
"California",2025-05-31,"calendar","hurdle_ztnb",1798.38419106978,0,0.00213997578177744,TRUE,TRUE,0.0107460737885309,0.989254241704522,2133
"California",2025-05-31,"compressed","cumulative_poisson",4887.4733577822,0,1.09888059137825,TRUE,TRUE,0.189517866169438,0.810719985555494,1188
"California",2025-05-31,"compressed","cumulative_nb",4910.56909652136,0,4.461353851406,TRUE,TRUE,0.188869223204054,0.811364764261623,1188
"California",2025-05-31,"compressed","hurdle_ztnb",1392.99611687072,0,0.00320615807587055,TRUE,TRUE,0.00921539758155348,0.990786472344745,1188
"Colorado",2025-01-02,"calendar","cumulative_poisson",3897.06735001939,0,0.010674669368268,TRUE,TRUE,0.0731115183753211,0.926889232394947,1539
"Colorado",2025-01-02,"calendar","cumulative_nb",3913.47543503398,0,0.336606886988255,TRUE,TRUE,0.0728375305009164,0.927163221745002,1539
"Colorado",2025-01-02,"calendar","hurdle_ztnb",689.098972709622,0,0.000204246368024297,TRUE,TRUE,0.0223297154994808,0.977673355276137,1539
"Colorado",2025-01-02,"compressed","cumulative_poisson",2036.84775306406,0,0.0267212046094279,TRUE,TRUE,0.0823761081066164,0.917625355985698,648
"Colorado",2025-01-02,"compressed","cumulative_nb",2052.37583451964,0,0.0756381089474208,TRUE,TRUE,0.0822353037155223,0.917766152855181,648
"Colorado",2025-01-02,"compressed","hurdle_ztnb",416.769280677262,0,0.00129949116196892,TRUE,TRUE,0.0119319613975308,0.988068433706606,648
"Colorado",2025-02-15,"calendar","cumulative_poisson",5318.05377060568,0,0.378537063069224,TRUE,TRUE,0.0296798981567748,0.970320101919224,1728
"Colorado",2025-02-15,"calendar","cumulative_nb",5006.32889253714,0,0.037692071731564,TRUE,TRUE,0.0658991440591398,0.934101659924121,1728
"Colorado",2025-02-15,"calendar","hurdle_ztnb",825.098239025911,0,0.000247553378739718,TRUE,TRUE,0.0227851384270075,0.97721785303084,1728
"Colorado",2025-02-15,"compressed","cumulative_poisson",2506.28515775538,0,0.19211505234475,TRUE,TRUE,0.0775479868218806,0.922453327777088,783
"Colorado",2025-02-15,"compressed","cumulative_nb",2522.67650719531,0,1.42932048772958,TRUE,TRUE,0.0776054892584068,0.922395815920469,783
"Colorado",2025-02-15,"compressed","hurdle_ztnb",510.14854420859,0,0.00229555838249645,TRUE,TRUE,0.0108451835381058,0.98915522543798,783
"Colorado",2025-03-29,"calendar","cumulative_poisson",5853.8950617919,0,0.0126516654410679,TRUE,TRUE,0.0704621915039225,0.929537997475361,1890
"Colorado",2025-03-29,"calendar","cumulative_nb",5554.90562783037,0,0.076921973967107,TRUE,TRUE,0.0672543613822552,0.932748205868459,1890
"Colorado",2025-03-29,"calendar","hurdle_ztnb",929.824731483825,0,0.000239985858157876,TRUE,TRUE,0.0168692670680695,0.983133043654023,1890
"Colorado",2025-03-29,"compressed","cumulative_poisson",3069.23934435749,0,0.17570122728402,TRUE,TRUE,0.0759738613180467,0.92402712155242,945
"Colorado",2025-03-29,"compressed","cumulative_nb",3086.52846280886,0,0.157596355646887,TRUE,TRUE,0.0761873941022726,0.923813593749506,945
"Colorado",2025-03-29,"compressed","hurdle_ztnb",609.826000300561,0,0.000680192750726172,TRUE,TRUE,0.00901683678651096,0.990983711389786,945
"Colorado",2025-04-26,"calendar","cumulative_poisson",6228.91844261913,0,0.298363868255041,TRUE,TRUE,0.0772315583667304,0.922769206405759,1998
"Colorado",2025-04-26,"calendar","cumulative_nb",5965.94881752952,0,0.0544626155678434,TRUE,TRUE,0.0697099757943206,0.930294287753067,1998
"Colorado",2025-04-26,"calendar","hurdle_ztnb",974.086239883585,0,0.000347988517717557,TRUE,TRUE,0.0164744259511928,0.983527366239029,1998
"Colorado",2025-04-26,"compressed","cumulative_poisson",3440.48052877981,0,0.0437445147355484,TRUE,TRUE,0.0754456385502391,0.924555485778473,1053
"Colorado",2025-04-26,"compressed","cumulative_nb",3458.34328355473,0,0.304831882574373,TRUE,TRUE,0.0754484439333552,0.924552678878347,1053
"Colorado",2025-04-26,"compressed","hurdle_ztnb",650.763514331424,0,0.00109333045881515,TRUE,TRUE,0.00867902162953046,0.991321345814019,1053
"Colorado",2025-05-31,"calendar","cumulative_poisson",6703.34313477085,0,0.0642146364414827,TRUE,TRUE,0.0801198141898411,0.919881331001889,2133
"Colorado",2025-05-31,"calendar","cumulative_nb",6486.57150575938,0,0.116384047970166,TRUE,TRUE,0.0707347690405273,0.929269704065286,2133
"Colorado",2025-05-31,"calendar","hurdle_ztnb",1010.60907544278,0,0.000198224436132932,TRUE,TRUE,0.015760008112669,0.984241371452381,2133
"Colorado",2025-05-31,"compressed","cumulative_poisson",3891.64542181601,0,0.161391091362416,TRUE,TRUE,0.0752720386590567,0.924729195822018,1188
"Colorado",2025-05-31,"compressed","cumulative_nb",3910.12059234548,0,0.0424748641746505,TRUE,TRUE,0.0752473962146089,0.924753834894754,1188
"Colorado",2025-05-31,"compressed","hurdle_ztnb",682.649031622196,0,0.000204001142261934,TRUE,TRUE,0.00838706273290314,0.991613228493188,1188
"Connecticut",2025-01-02,"calendar","cumulative_poisson",3451.61469131718,0,0.0135731511896872,TRUE,TRUE,0.0810056971995014,0.918996662029238,1539
"Connecticut",2025-01-02,"calendar","cumulative_nb",3467.16364774625,0,0.0469462548579918,TRUE,TRUE,0.0809525167569778,0.919049851955521,1539
"Connecticut",2025-01-02,"calendar","hurdle_ztnb",503.232321549204,0,0.000626749485276523,TRUE,TRUE,0.00579932055570142,0.9942011399999,1539
"Connecticut",2025-01-02,"compressed","cumulative_poisson",1807.9601546594,0,0.105596686240927,TRUE,TRUE,0.087380201395496,0.912621128722277,648
"Connecticut",2025-01-02,"compressed","cumulative_nb",1822.22946538949,0,0.065258970690566,TRUE,TRUE,0.0873516968323106,0.912649634693471,648
"Connecticut",2025-01-02,"compressed","hurdle_ztnb",232.72734760371,0,0.000816660336701952,TRUE,TRUE,0.00271896188666689,0.99728109202461,648
"Connecticut",2025-02-15,"calendar","cumulative_poisson",4317.31209997895,0,0.0939452589437475,TRUE,TRUE,0.0672958661576805,0.932704832424033,1728
"Connecticut",2025-02-15,"calendar","cumulative_nb",4304.86702599577,0,0.0962061211935625,TRUE,TRUE,0.0686185169959145,0.931382509980765,1728
"Connecticut",2025-02-15,"calendar","hurdle_ztnb",647.078785580506,0,0.000335051435907729,TRUE,TRUE,0.0153825569698166,0.984620107996619,1728
"Connecticut",2025-02-15,"compressed","cumulative_poisson",2249.20241663807,0,0.039953449529379,TRUE,TRUE,0.0899551745433003,0.910046343501946,783
"Connecticut",2025-02-15,"compressed","cumulative_nb",2264.41562106389,0,0.0500810533768435,TRUE,TRUE,0.0899093543597156,0.910092160578333,783
"Connecticut",2025-02-15,"compressed","hurdle_ztnb",323.262223092959,0,0.00715523310240274,TRUE,TRUE,0.0596002878548998,0.940401384517723,783
"Connecticut",2025-03-29,"calendar","cumulative_poisson",4757.3783582446,0,0.0270434086309118,TRUE,TRUE,0.0690997496834734,0.930903011990026,1890
"Connecticut",2025-03-29,"calendar","cumulative_nb",4754.00120897647,0,0.0823110379342082,TRUE,TRUE,0.0695498738834134,0.930453083936378,1890
"Connecticut",2025-03-29,"calendar","hurdle_ztnb",717.506748859989,0,0.000612950023423764,TRUE,TRUE,0.0133850054677717,0.986617046239791,1890
"Connecticut",2025-03-29,"compressed","cumulative_poisson",2789.37780143396,0,0.0615886331882397,TRUE,TRUE,0.0898280544248928,0.910173218958913,945
"Connecticut",2025-03-29,"compressed","cumulative_nb",2805.68024199464,0,0.0705033210714642,TRUE,TRUE,0.0898229890847642,0.910178286000765,945
"Connecticut",2025-03-29,"compressed","hurdle_ztnb",382.803252113441,0,0.00120134078051259,TRUE,TRUE,0.0508975147311748,0.949104404763433,945
"Connecticut",2025-04-26,"calendar","cumulative_poisson",5083.16643501166,0,0.0905133396824959,TRUE,TRUE,0.0693709020091915,0.930633075077288,1998
"Connecticut",2025-04-26,"calendar","cumulative_nb",5087.92494401421,0,0.0364152342523547,TRUE,TRUE,0.0697527446859279,0.930251263027439,1998
"Connecticut",2025-04-26,"calendar","hurdle_ztnb",744.347475602108,0,0.000287586902576464,TRUE,TRUE,0.012999683042765,0.987001954420241,1998
"Connecticut",2025-04-26,"compressed","cumulative_poisson",3142.17291294495,0,0.0183750548545888,TRUE,TRUE,0.0895714504290255,0.910429808832595,1053
"Connecticut",2025-04-26,"compressed","cumulative_nb",3159.03563294153,0,0.0300057608266102,TRUE,TRUE,0.0895743477695595,0.910426911543676,1053
"Connecticut",2025-04-26,"compressed","hurdle_ztnb",403.206328521702,0,0.00490768782667494,TRUE,TRUE,0.0475591058616855,0.952442559643012,1053
"Connecticut",2025-05-31,"calendar","cumulative_poisson",5506.71512198744,0,0.042116257592448,TRUE,TRUE,0.0692325146368019,0.93077146229426,2133
"Connecticut",2025-05-31,"calendar","cumulative_nb",5517.03968124698,0,0.025566087026719,TRUE,TRUE,0.0693941439890379,0.930609867106329,2133
"Connecticut",2025-05-31,"calendar","hurdle_ztnb",777.006197067108,0,0.000114076906013505,TRUE,TRUE,0.016733788528091,0.983267839559722,2133
"Connecticut",2025-05-31,"compressed","cumulative_poisson",3565.63908109294,1,0.0795521376410752,TRUE,TRUE,0.0899812618165819,0.910020039567851,1188
"Connecticut",2025-05-31,"compressed","cumulative_nb",3583.05290451067,0,0.0312265435967776,TRUE,TRUE,0.0899935061255164,0.910007794769184,1188
"Connecticut",2025-05-31,"compressed","hurdle_ztnb",435.764748315039,0,0.0116228629313326,TRUE,TRUE,0.031422310256716,0.968578637505514,1188
"Delaware",2025-01-02,"calendar","cumulative_poisson",1893.73482970385,0,0.0463319056022451,TRUE,TRUE,0.0792707360405988,0.92073044473934,1539
"Delaware",2025-01-02,"calendar","cumulative_nb",1904.56284230271,0,0.216983621023121,TRUE,TRUE,0.0792420353885176,0.920759143321981,1539
"Delaware",2025-01-02,"calendar","hurdle_ztnb",347.109666634626,0,0.0344393852998948,TRUE,TRUE,0.0666936437400079,0.933315532959774,1539
"Delaware",2025-01-02,"compressed","cumulative_poisson",1184.30104442863,0,0.504800521632307,TRUE,TRUE,0.0865997157542127,0.913401748559224,648
"Delaware",2025-01-02,"compressed","cumulative_nb",1194.22760073492,0,0.0159774448200001,TRUE,TRUE,0.0865806029506939,0.913420860261204,648
"Delaware",2025-01-02,"compressed","hurdle_ztnb",189.406317135812,0,0.0234663513337858,TRUE,TRUE,0.0385240445823921,0.961475963441223,648
"Delaware",2025-02-15,"calendar","cumulative_poisson",2324.69447214358,0,0.0452942253902271,TRUE,TRUE,0.0790953271427854,0.920904725079054,1728
"Delaware",2025-02-15,"calendar","cumulative_nb",2325.905133285,0,0.0270962770174333,TRUE,TRUE,0.0795962148159979,0.920403828745973,1728
"Delaware",2025-02-15,"calendar","hurdle_ztnb",427.19325809021,0,0.0030425969846074,TRUE,TRUE,0.11687095107283,0.883148125377021,1728
"Delaware",2025-02-15,"compressed","cumulative_poisson",1530.61817115306,0,0.1459925243044,TRUE,TRUE,0.0804091374604564,0.919591897403898,783
"Delaware",2025-02-15,"compressed","cumulative_nb",1541.36428294293,0,0.571467672383807,TRUE,TRUE,0.0804738520362794,0.919527191767771,783
"Delaware",2025-02-15,"compressed","hurdle_ztnb",228.447311205057,0,0.00382347823121543,TRUE,TRUE,0.0451219715501247,0.954878077350393,783
"Delaware",2025-03-29,"calendar","cumulative_poisson",2659.449927744,0,0.407867563848831,TRUE,TRUE,0.0706214009796086,0.929378848445587,1890
"Delaware",2025-03-29,"calendar","cumulative_nb",2664.719313548,0,0.0582814973679413,TRUE,TRUE,0.0701406375095067,0.929859611972072,1890
"Delaware",2025-03-29,"calendar","hurdle_ztnb",494.434312481617,0,0.212547797471037,TRUE,TRUE,0.103411878600601,0.896611522080251,1890
"Delaware",2025-03-29,"compressed","cumulative_poisson",1963.33187215605,0,1.02952237481955,TRUE,TRUE,0.0739051494460741,0.926096094008944,945
"Delaware",2025-03-29,"compressed","cumulative_nb",1975.11699987091,0,0.175676980964678,TRUE,TRUE,0.0740263488831332,0.925974893721994,945
"Delaware",2025-03-29,"compressed","hurdle_ztnb",283.968558895494,0,0.0157921195667229,TRUE,TRUE,0.0499938044034579,0.950006633914898,945
"Delaware",2025-04-26,"calendar","cumulative_poisson",2919.40948522801,0,0.197857863640823,TRUE,TRUE,0.0752943403308501,0.924706389706633,1998
"Delaware",2025-04-26,"calendar","cumulative_nb",2927.51160821931,0,0.327102876036921,TRUE,TRUE,0.0742805179425452,0.925720183483033,1998
"Delaware",2025-04-26,"calendar","hurdle_ztnb",518.861267302116,0,0.16142730241039,TRUE,TRUE,0.0974161227706592,0.902598059579784,1998
"Delaware",2025-04-26,"compressed","cumulative_poisson",2247.17040756744,0,0.160293952037111,TRUE,TRUE,0.0731375550347515,0.926864179443374,1053
"Delaware",2025-04-26,"compressed","cumulative_nb",2259.53992157315,0,0.0605360370736334,TRUE,TRUE,0.0732016186362794,0.926800104969642,1053
"Delaware",2025-04-26,"compressed","hurdle_ztnb",303.092106423177,1,0.0998777464514908,TRUE,TRUE,0.0445746867938049,0.955425524796647,1053
"Delaware",2025-05-31,"calendar","cumulative_poisson",3264.30564218325,0,0.07388523314928,TRUE,TRUE,0.0781425627203059,0.921858704370921,2133
"Delaware",2025-05-31,"calendar","cumulative_nb",3274.40100086568,0,0.068814034494182,TRUE,TRUE,0.0773633816318309,0.922637859448031,2133
"Delaware",2025-05-31,"calendar","hurdle_ztnb",536.061258619317,1,0.0221382573277378,TRUE,TRUE,0.0926651911915753,0.907344861336075,2133
"Delaware",2025-05-31,"compressed","cumulative_poisson",2577.77913306689,0,0.0732926220139705,TRUE,TRUE,0.073404776192131,0.926597414698483,1188
"Delaware",2025-05-31,"compressed","cumulative_nb",2590.70914438901,0,0.446968855966322,TRUE,TRUE,0.0735363725362797,0.92646580675989,1188
"Delaware",2025-05-31,"compressed","hurdle_ztnb",319.246959482738,1,0.0526019405835083,TRUE,TRUE,0.0434358610213357,0.956564272204335,1188
"District of Columbia",2025-01-02,"calendar","cumulative_poisson",2168.9014081457,0,0.00335549185577407,TRUE,TRUE,0.0686942546827827,0.931307459494323,1539
"District of Columbia",2025-01-02,"calendar","cumulative_nb",2179.87082227399,0,0.0025433035739804,TRUE,TRUE,0.0686788650666601,0.931322853308208,1539
"District of Columbia",2025-01-02,"calendar","hurdle_ztnb",426.840223542586,0,0.00106451344721198,TRUE,TRUE,0.0396260291063173,0.960382789266273,1539
"District of Columbia",2025-01-02,"compressed","cumulative_poisson",1272.69712583609,0,0.000417365294491212,TRUE,TRUE,0.0711451480759028,0.928856212176488,648
"District of Columbia",2025-01-02,"compressed","cumulative_nb",1282.69344679603,0,0.00969257634926701,TRUE,TRUE,0.0711648424032783,0.928836518047785,648
"District of Columbia",2025-01-02,"compressed","hurdle_ztnb",235.262639786049,0,0.0592172491888088,TRUE,TRUE,0.0339208920042858,0.966079174272452,648
"District of Columbia",2025-02-15,"calendar","cumulative_poisson",2562.54812376606,0,0.0130263288607817,TRUE,TRUE,0.0637774237320225,0.936222970256552,1728
"District of Columbia",2025-02-15,"calendar","cumulative_nb",2572.44228004893,0,0.00603502420689071,TRUE,TRUE,0.0639602781415265,0.936040104396636,1728
"District of Columbia",2025-02-15,"calendar","hurdle_ztnb",524.889269159202,0,0.000184115721964242,TRUE,TRUE,0.0359842166092443,0.964027779268269,1728
"District of Columbia",2025-02-15,"compressed","cumulative_poisson",1613.98942522409,0,0.000652772194341011,TRUE,TRUE,0.0689149281771396,0.931085972512161,783
"District of Columbia",2025-02-15,"compressed","cumulative_nb",1624.92175699133,0,0.0175234921384106,TRUE,TRUE,0.068930267725953,0.931070635594475,783
"District of Columbia",2025-02-15,"compressed","hurdle_ztnb",292.975067989148,0,0.00885604289475084,TRUE,TRUE,0.0264380303893061,0.97356211426663,783
"District of Columbia",2025-03-29,"calendar","cumulative_poisson",2902.44045010559,0,0.00558412686936413,TRUE,TRUE,0.0641237127017221,0.935878364876347,1890
"District of Columbia",2025-03-29,"calendar","cumulative_nb",2913.43782278584,0,0.0202765832755039,TRUE,TRUE,0.0639841323410549,0.936017898902383,1890
"District of Columbia",2025-03-29,"calendar","hurdle_ztnb",637.940774818587,0,0.00340070000137471,TRUE,TRUE,0.0333762900294969,0.966639171348232,1890
"District of Columbia",2025-03-29,"compressed","cumulative_poisson",2048.71784745209,0,0.0148724165868312,TRUE,TRUE,0.0655088838300163,0.934492327240869,945
"District of Columbia",2025-03-29,"compressed","cumulative_nb",2060.64650828125,0,0.00153042721710823,TRUE,TRUE,0.0655071526164049,0.934494047903412,945
"District of Columbia",2025-03-29,"compressed","hurdle_ztnb",406.58698645971,0,0.05778077239903,TRUE,TRUE,0.0328328388261453,0.967172806506995,945
"District of Columbia",2025-04-26,"calendar","cumulative_poisson",3170.50817675933,0,0.0336158024304076,TRUE,TRUE,0.0692280377067502,0.93077472947336,1998
"District of Columbia",2025-04-26,"calendar","cumulative_nb",3182.24563935993,0,0.0106536760692984,TRUE,TRUE,0.0690710469629844,0.930931674029961,1998
"District of Columbia",2025-04-26,"calendar","hurdle_ztnb",755.340922244426,0,0.000222550689453205,TRUE,TRUE,0.0706238859938752,0.929504656267585,1998
"District of Columbia",2025-04-26,"compressed","cumulative_poisson",2344.28110330713,0,0.0480463578816839,TRUE,TRUE,0.0679828840660706,0.932018297345029,1053
"District of Columbia",2025-04-26,"compressed","cumulative_nb",2356.79516110598,0,0.0302424366578047,TRUE,TRUE,0.0679879836967665,0.932013183975426,1053
"District of Columbia",2025-04-26,"compressed","hurdle_ztnb",511.028358607747,0,0.000587784798278812,TRUE,TRUE,0.0783047095590884,0.921752847736351,1053
"District of Columbia",2025-05-31,"calendar","cumulative_poisson",3521.49428127358,0,0.0362031636484716,TRUE,TRUE,0.0681202186424939,0.931880913640584,2133
"District of Columbia",2025-05-31,"calendar","cumulative_nb",3534.07077940585,0,0.0108553243424581,TRUE,TRUE,0.0680514307428815,0.931949688151442,2133
"District of Columbia",2025-05-31,"calendar","hurdle_ztnb",786.40281874276,0,0.00045571386267157,TRUE,TRUE,0.0634550481387321,0.936632490469255,2133
"District of Columbia",2025-05-31,"compressed","cumulative_poisson",2691.23978776267,0,0.0353136639209058,TRUE,TRUE,0.0692502533569877,0.930750389097974,1188
"District of Columbia",2025-05-31,"compressed","cumulative_nb",2704.39956004032,0,0.0116672222668996,TRUE,TRUE,0.0692856657609791,0.930714970665611,1188
"District of Columbia",2025-05-31,"compressed","hurdle_ztnb",536.471525621852,0,0.00207650666168602,TRUE,TRUE,0.06932343030136,0.930717759496125,1188
"Florida",2025-01-02,"calendar","cumulative_poisson",16397.1086366703,0,0.148932254731821,TRUE,TRUE,0.0753467616483667,0.92469922478908,1539
"Florida",2025-01-02,"calendar","cumulative_nb",8954.44344846195,0,0.0019060066713658,TRUE,TRUE,0.114393420635761,0.886156749297234,1539
"Florida",2025-01-02,"calendar","hurdle_ztnb",1191.14830088566,0,0.0366284762255177,TRUE,TRUE,0.0111065701682067,0.988894840400972,1539
"Florida",2025-01-02,"compressed","cumulative_poisson",2676.13523591317,0,0.233820139223118,TRUE,TRUE,0.0810375602988523,0.918963532120394,648
"Florida",2025-01-02,"compressed","cumulative_nb",2697.38367886026,0,0.119442540157427,TRUE,TRUE,0.0810069558569872,0.918994134395283,648
"Florida",2025-01-02,"compressed","hurdle_ztnb",823.378744738026,0,0.000780715564476481,TRUE,TRUE,0.0100389228973128,0.989963332617769,648
"Florida",2025-02-15,"calendar","cumulative_poisson",22173.9500873505,0,0.427143712458387,TRUE,TRUE,0.20594344709379,0.794721338393873,1728
"Florida",2025-02-15,"calendar","cumulative_nb",10198.4902851754,0,0.001675741345156,TRUE,TRUE,0.182995478570727,0.818071813441969,1728
"Florida",2025-02-15,"calendar","hurdle_ztnb",1426.4541877677,0,0.0032322319671155,TRUE,TRUE,0.0123183483089062,0.987682726103671,1728
"Florida",2025-02-15,"compressed","cumulative_poisson",3302.07251014024,0,0.0832951583091209,TRUE,TRUE,0.0785664373131328,0.921434627611344,783
"Florida",2025-02-15,"compressed","cumulative_nb",3322.31771280699,0,0.0709925072902466,TRUE,TRUE,0.0784829651006528,0.921518059972372,783
"Florida",2025-02-15,"compressed","hurdle_ztnb",963.742561399142,0,0.0973626573586539,TRUE,TRUE,0.00983849208048109,0.990163036060244,783
"Florida",2025-03-29,"calendar","cumulative_poisson",23298.015131231,0,0.349967294251138,TRUE,TRUE,0.184435597122633,0.815806900312238,1890
"Florida",2025-03-29,"calendar","cumulative_nb",11383.2248830038,0,0.00152498482812419,TRUE,TRUE,0.27054050092308,0.731134363332978,1890
"Florida",2025-03-29,"calendar","hurdle_ztnb",1656.69519814239,0,0.00431965437916998,TRUE,TRUE,0.0108844895516544,0.989117103003636,1890
"Florida",2025-03-29,"compressed","cumulative_poisson",4100.56141276836,0,0.226611521637155,TRUE,TRUE,0.0812145446936967,0.918787249164553,945
"Florida",2025-03-29,"compressed","cumulative_nb",4118.46377989064,0,0.202035125451185,TRUE,TRUE,0.0807282266461479,0.91927345123424,945
"Florida",2025-03-29,"compressed","hurdle_ztnb",1169.58750116844,0,0.00139410695983055,TRUE,TRUE,0.0100040079040896,0.98999926714409,945
"Florida",2025-04-26,"calendar","cumulative_poisson",23881.3898707375,0,1.11414674483282,TRUE,TRUE,0.204821331086986,0.795564582580783,1998
"Florida",2025-04-26,"calendar","cumulative_nb",12216.7939427362,0,0.00261146520596947,TRUE,TRUE,0.319264387360127,0.682728590145144,1998
"Florida",2025-04-26,"calendar","hurdle_ztnb",1730.68840406191,0,0.00194742221692945,TRUE,TRUE,0.0104162642773634,0.989585062887556,1998
"Florida",2025-04-26,"compressed","cumulative_poisson",4587.36443986533,0,0.432041621175168,TRUE,TRUE,0.0709786343417179,0.929022090081597,1053
"Florida",2025-04-26,"compressed","cumulative_nb",4606.23138416836,0,0.103231082711308,TRUE,TRUE,0.0717632275500918,0.928237524308988,1053
"Florida",2025-04-26,"compressed","hurdle_ztnb",1248.76832199215,0,0.000490287807610068,TRUE,TRUE,0.00997381537247147,0.990029364063181,1053
"Florida",2025-05-31,"calendar","cumulative_poisson",24551.6959145902,0,0.464924529496164,TRUE,TRUE,0.221606459433755,0.778935567657727,2133
"Florida",2025-05-31,"calendar","cumulative_nb",13266.4465822583,0,0.0036403272800583,TRUE,TRUE,0.367418749331124,0.634861594171794,2133
"Florida",2025-05-31,"calendar","hurdle_ztnb",1839.847758753,0,0.00612957663920688,TRUE,TRUE,0.00968733722846811,0.990313672443908,2133
"Florida",2025-05-31,"compressed","cumulative_poisson",5173.2355366268,0,1.01515400507928,TRUE,TRUE,0.068046788878427,0.931953937513062,1188
"Florida",2025-05-31,"compressed","cumulative_nb",5194.11749854907,0,0.492763958588971,TRUE,TRUE,0.0681818902673179,0.931818837187592,1188
"Florida",2025-05-31,"compressed","hurdle_ztnb",1354.56999718849,0,0.000677355593835846,TRUE,TRUE,0.00924465520872937,0.990757653543931,1188
"Georgia",2025-01-02,"calendar","cumulative_poisson",4315.29173145351,0,0.103293251608022,TRUE,TRUE,0.0605256127133366,0.93947548624061,1539
"Georgia",2025-01-02,"calendar","cumulative_nb",4331.70754221894,0,0.248906002959752,TRUE,TRUE,0.0605994916401126,0.93940163815348,1539
"Georgia",2025-01-02,"calendar","hurdle_ztnb",966.241763261732,0,0.000259563484264074,TRUE,TRUE,0.0161963617983883,0.98380947701409,1539
"Georgia",2025-01-02,"compressed","cumulative_poisson",2349.96445779197,0,0.150678160069123,TRUE,TRUE,0.0623659919163275,0.937635063025432,648
"Georgia",2025-01-02,"compressed","cumulative_nb",2364.02892154648,0,0.0978223772248699,TRUE,TRUE,0.0625937397902035,0.937407376690883,648
"Georgia",2025-01-02,"compressed","hurdle_ztnb",717.611209593438,0,0.000222697730833721,TRUE,TRUE,0.0166075424992097,0.983405893440074,648
"Georgia",2025-02-15,"calendar","cumulative_poisson",6379.3184529961,0,0.282400583584135,TRUE,TRUE,0.0543510002716695,0.945650381777543,1728
"Georgia",2025-02-15,"calendar","cumulative_nb",5606.9272831305,0,0.0349443055281509,TRUE,TRUE,0.0628808224968207,0.937123665722086,1728
"Georgia",2025-02-15,"calendar","hurdle_ztnb",1131.65702357875,0,0.000289656584460507,TRUE,TRUE,0.0146787217912908,0.985324834087961,1728
"Georgia",2025-02-15,"compressed","cumulative_poisson",2851.01079435354,0,0.0643703610363202,TRUE,TRUE,0.0638452834358823,0.936155817147424,783
"Georgia",2025-02-15,"compressed","cumulative_nb",2866.91511000356,0,0.0445629755007229,TRUE,TRUE,0.0639468443034006,0.936054267714711,783
"Georgia",2025-02-15,"compressed","hurdle_ztnb",820.557057274852,0,0.00039245899479573,TRUE,TRUE,0.0120958413490096,0.987911253731957,783
"Georgia",2025-03-29,"calendar","cumulative_poisson",7011.32964284487,0,0.406341080263395,TRUE,TRUE,0.0666443235755263,0.933356169644891,1890
"Georgia",2025-03-29,"calendar","cumulative_nb",6222.10068579236,0,0.0737408100641628,TRUE,TRUE,0.0651783534794266,0.934828671415535,1890
"Georgia",2025-03-29,"calendar","hurdle_ztnb",1339.21923731838,0,0.000964148076292082,TRUE,TRUE,0.0111693489432159,0.988834927111099,1890
"Georgia",2025-03-29,"compressed","cumulative_poisson",3495.44108021356,0,0.0615478769538793,TRUE,TRUE,0.063417116009839,0.936583695490352,945
"Georgia",2025-03-29,"compressed","cumulative_nb",3511.46458385712,0,0.222768101537829,TRUE,TRUE,0.0632036065009914,0.936797206830182,945
"Georgia",2025-03-29,"compressed","hurdle_ztnb",1001.96680496434,0,0.000169964953663504,TRUE,TRUE,0.011569225605148,0.988444171589273,945
"Georgia",2025-04-26,"calendar","cumulative_poisson",7425.87027784147,0,0.0727897568692513,TRUE,TRUE,0.0771189616424213,0.922883620065491,1998
"Georgia",2025-04-26,"calendar","cumulative_nb",6676.24529379554,0,0.0619403470704064,TRUE,TRUE,0.0684392205368973,0.931571314002569,1998
"Georgia",2025-04-26,"calendar","hurdle_ztnb",1422.15494724222,0,0.000314072299510304,TRUE,TRUE,0.0107200840844902,0.989283585997136,1998
"Georgia",2025-04-26,"compressed","cumulative_poisson",3895.60754287999,0,0.0451232030411326,TRUE,TRUE,0.0626246981602765,0.937376171679095,1053
"Georgia",2025-04-26,"compressed","cumulative_nb",3912.56588711554,0,0.0763102512254622,TRUE,TRUE,0.0626438755739417,0.937357002073151,1053
"Georgia",2025-04-26,"compressed","hurdle_ztnb",1078.34694571774,0,0.000691667992190285,TRUE,TRUE,0.0105029231821591,0.989508036003455,1053
"Georgia",2025-05-31,"calendar","cumulative_poisson",7940.59156072222,0,0.0597912687535912,TRUE,TRUE,0.0835704578892384,0.91643446707118,2133
"Georgia",2025-05-31,"calendar","cumulative_nb",7255.88615458188,0,0.0802678099370748,TRUE,TRUE,0.0684410045338844,0.931569706167534,2133
"Georgia",2025-05-31,"calendar","hurdle_ztnb",1521.0308266567,0,0.000816105967214371,TRUE,TRUE,0.00951231406773479,0.990490534629225,2133
"Georgia",2025-05-31,"compressed","cumulative_poisson",4377.97015778259,0,0.0258889643837836,TRUE,TRUE,0.0627144095341173,0.937286671103505,1188
"Georgia",2025-05-31,"compressed","cumulative_nb",4395.98768137123,0,0.042588380492954,TRUE,TRUE,0.0627589955339234,0.937242090773751,1188
"Georgia",2025-05-31,"compressed","hurdle_ztnb",1169.45090123376,0,0.000191377153897498,TRUE,TRUE,0.00903878711900625,0.990969029686608,1188
"Hawaii",2025-01-02,"calendar","cumulative_poisson",2926.64560292361,0,0.0397040441032196,TRUE,TRUE,0.0677501220830624,0.932255521429861,1539
"Hawaii",2025-01-02,"calendar","cumulative_nb",2937.65825782811,0,0.00645095234793815,TRUE,TRUE,0.0677435202440843,0.932262155363573,1539
"Hawaii",2025-01-02,"calendar","hurdle_ztnb",508.496516264309,0,0.000685330067592527,TRUE,TRUE,0.00964515687353179,0.990360991325545,1539
"Hawaii",2025-01-02,"compressed","cumulative_poisson",1555.04212343529,0,0.00415441673533401,TRUE,TRUE,0.0762325084141092,0.923768423532654,648
"Hawaii",2025-01-02,"compressed","cumulative_nb",1565.52600148355,0,0.00954662410189511,TRUE,TRUE,0.0762311950326801,0.923769737398599,648
"Hawaii",2025-01-02,"compressed","hurdle_ztnb",237.199618759099,0,0.000400894778960881,TRUE,TRUE,0.0129000135956782,0.987101118277768,648
"Hawaii",2025-02-15,"calendar","cumulative_poisson",3488.17576321287,0,0.0747195495743565,TRUE,TRUE,0.0575395970658302,0.942462521402499,1728
"Hawaii",2025-02-15,"calendar","cumulative_nb",3495.53073618641,0,0.0979117519891349,TRUE,TRUE,0.0580554608589023,0.941946778548058,1728
"Hawaii",2025-02-15,"calendar","hurdle_ztnb",607.47414892844,0,0.000480165095810836,TRUE,TRUE,0.0158080703749003,0.984209079627127,1728
"Hawaii",2025-02-15,"compressed","cumulative_poisson",1891.51489677324,0,0.0641195708198565,TRUE,TRUE,0.072642507079181,0.927358046362293,783
"Hawaii",2025-02-15,"compressed","cumulative_nb",1902.49485676969,0,0.0020669543530728,TRUE,TRUE,0.0726911462635707,0.927309412381128,783
"Hawaii",2025-02-15,"compressed","hurdle_ztnb",290.068276301965,0,0.000292335498110696,TRUE,TRUE,0.0121055442585293,0.98789507377007,783
"Hawaii",2025-03-29,"calendar","cumulative_poisson",3886.34959982214,0,0.0239927135846052,TRUE,TRUE,0.0645449209774691,0.935466742215245,1890
"Hawaii",2025-03-29,"calendar","cumulative_nb",3894.76709900811,0,0.00596123763394762,TRUE,TRUE,0.0647850201760429,0.935226774820434,1890
"Hawaii",2025-03-29,"calendar","hurdle_ztnb",698.483387293361,0,0.000433036906085491,TRUE,TRUE,0.0116280953450008,0.98838431216859,1890
"Hawaii",2025-03-29,"compressed","cumulative_poisson",2309.5269371182,0,0.00717592329067318,TRUE,TRUE,0.0691622903028798,0.930838494379787,945
"Hawaii",2025-03-29,"compressed","cumulative_nb",2321.22962329599,0,0.0108572083115719,TRUE,TRUE,0.0692200246299886,0.930780755094131,945
"Hawaii",2025-03-29,"compressed","hurdle_ztnb",381.195629244325,0,0.000849624290218176,TRUE,TRUE,0.0238717274392625,0.976150664746459,945
"Hawaii",2025-04-26,"calendar","cumulative_poisson",4178.45854467507,0,0.0310596382218749,TRUE,TRUE,0.0695987553472677,0.93042038641642,1998
"Hawaii",2025-04-26,"calendar","cumulative_nb",4188.02115752295,0,0.0258164880765268,TRUE,TRUE,0.0697113944471806,0.930307698410331,1998
"Hawaii",2025-04-26,"calendar","hurdle_ztnb",735.58219546406,0,0.000198688671686931,TRUE,TRUE,0.0101756569114262,0.989832992925321,1998
"Hawaii",2025-04-26,"compressed","cumulative_poisson",2597.46587676815,0,0.0111353306351202,TRUE,TRUE,0.0682316547208408,0.93176973637049,1053
"Hawaii",2025-04-26,"compressed","cumulative_nb",2609.65184762382,0,0.0354178381826874,TRUE,TRUE,0.0682484152802816,0.931752955157152,1053
"Hawaii",2025-04-26,"compressed","hurdle_ztnb",410.104214826295,0,0.0016911315753958,TRUE,TRUE,0.0159302654157629,0.984081400753411,1053
"Hawaii",2025-05-31,"calendar","cumulative_poisson",4565.63451890104,0,0.0205752731785847,TRUE,TRUE,0.0713785581596595,0.92864353547851,2133
"Hawaii",2025-05-31,"calendar","cumulative_nb",4576.42396466087,0,0.0388187131272638,TRUE,TRUE,0.0714693225006226,0.928552680768605,2133
"Hawaii",2025-05-31,"calendar","hurdle_ztnb",771.964496267156,0,0.000130382298253018,TRUE,TRUE,0.0093754426378572,0.990631199275034,2133
"Hawaii",2025-05-31,"compressed","cumulative_poisson",2965.58790121314,0,0.00768855162649362,TRUE,TRUE,0.0683954034989252,0.931606631397701,1188
"Hawaii",2025-05-31,"compressed","cumulative_nb",2978.35381458858,0,0.0356842665188999,TRUE,TRUE,0.0683875544507303,0.931614448564283,1188
"Hawaii",2025-05-31,"compressed","hurdle_ztnb",440.094375082382,0,0.000430654323087198,TRUE,TRUE,0.0118789555288744,0.988127649790107,1188
"Idaho",2025-01-02,"calendar","cumulative_poisson",2657.95019755166,0,0.0776932005044941,TRUE,TRUE,0.0461807325446503,0.95382183676265,1539
"Idaho",2025-01-02,"calendar","cumulative_nb",2671.20723567837,0,0.0305881477862052,TRUE,TRUE,0.0462907231515104,0.953711843872233,1539
"Idaho",2025-01-02,"calendar","hurdle_ztnb",411.956331003109,0,0.0186338186655005,TRUE,TRUE,0.0392933464710175,0.960707801098452,1539
"Idaho",2025-01-02,"compressed","cumulative_poisson",1641.87757836872,0,0.0481351241613117,TRUE,TRUE,0.0808941937590283,0.919106895795871,648
"Idaho",2025-01-02,"compressed","cumulative_nb",1654.45844817501,0,0.0449503149061354,TRUE,TRUE,0.0809367704556261,0.919064320736165,648
"Idaho",2025-01-02,"compressed","hurdle_ztnb",279.992554901371,0,0.00287410910714969,TRUE,TRUE,0.0272906596874667,0.972709342573901,648
"Idaho",2025-02-15,"calendar","cumulative_poisson",3293.57112643617,0,0.0866766107306919,TRUE,TRUE,0.0742647533638208,0.925735583641949,1728
"Idaho",2025-02-15,"calendar","cumulative_nb",3295.85504781203,0,0.140450663707958,TRUE,TRUE,0.0723270426848101,0.927673206719783,1728
"Idaho",2025-02-15,"calendar","hurdle_ztnb",505.551232737733,0,0.00285557509850431,TRUE,TRUE,0.0270758726579427,0.972924256629376,1728
"Idaho",2025-02-15,"compressed","cumulative_poisson",2065.75371255009,0,0.280361520380356,TRUE,TRUE,0.0779334763592849,0.922067260904479,783
"Idaho",2025-02-15,"compressed","cumulative_nb",2079.20244176217,0,0.326303236499852,TRUE,TRUE,0.0779565868139005,0.922044153337243,783
"Idaho",2025-02-15,"compressed","hurdle_ztnb",348.124365472574,0,0.000441589547919286,TRUE,TRUE,0.0203814291666388,0.979618571304025,783
"Idaho",2025-03-29,"calendar","cumulative_poisson",3734.93272951787,0,0.0981473704910716,TRUE,TRUE,0.0686273580224718,0.931372806725812,1890
"Idaho",2025-03-29,"calendar","cumulative_nb",3740.87702193464,0,0.096747872818965,TRUE,TRUE,0.0681205790753415,0.931879599514648,1890
"Idaho",2025-03-29,"calendar","hurdle_ztnb",650.564792897587,0,0.00217000979888282,TRUE,TRUE,0.0328962228010891,0.967105450827612,1890
"Idaho",2025-03-29,"compressed","cumulative_poisson",2588.00759459906,0,0.0994892850997583,TRUE,TRUE,0.0738560409743856,0.926144697943274,945
"Idaho",2025-03-29,"compressed","cumulative_nb",2602.14853627393,0,0.0809575698046952,TRUE,TRUE,0.0738274034453936,0.926173333663324,945
"Idaho",2025-03-29,"compressed","hurdle_ztnb",486.70730708603,0,0.00011042086426083,TRUE,TRUE,0.0286830765544158,0.971317626560969,945
"Idaho",2025-04-26,"calendar","cumulative_poisson",4069.51890409767,0,0.075957495058784,TRUE,TRUE,0.0722367701226389,0.92776353099626,1998
"Idaho",2025-04-26,"calendar","cumulative_nb",4078.40788030801,0,0.0855019945160082,TRUE,TRUE,0.0717336109193651,0.928266692026268,1998
"Idaho",2025-04-26,"calendar","hurdle_ztnb",690.002623698496,0,0.00149856545162129,TRUE,TRUE,0.0321782197420196,0.967822769892519,1998
"Idaho",2025-04-26,"compressed","cumulative_poisson",2932.48954224704,0,0.0574751364483044,TRUE,TRUE,0.072405694122713,0.927595051318931,1053
"Idaho",2025-04-26,"compressed","cumulative_nb",2947.07611523391,0,0.0469635488739088,TRUE,TRUE,0.072469538557523,0.92753120391554,1053
"Idaho",2025-04-26,"compressed","hurdle_ztnb",526.331312113173,0,0.000348962976238942,TRUE,TRUE,0.0280315401705922,0.971968784433761,1053
"Idaho",2025-05-31,"calendar","cumulative_poisson",4487.34105202844,0,0.0682658777517344,TRUE,TRUE,0.0728272597750181,0.927173036357984,2133
"Idaho",2025-05-31,"calendar","cumulative_nb",4498.5964478145,0,0.0911519903943966,TRUE,TRUE,0.0725975849543609,0.92740271197049,2133
"Idaho",2025-05-31,"calendar","hurdle_ztnb",732.949633147422,0,0.00757781136134034,TRUE,TRUE,0.03202690291057,0.96797375650087,2133
"Idaho",2025-05-31,"compressed","cumulative_poisson",3335.6277669632,0,0.0584218770714671,TRUE,TRUE,0.0722100315043467,0.92779058602347,1188
"Idaho",2025-05-31,"compressed","cumulative_nb",3350.73673321634,0,0.0651619355941671,TRUE,TRUE,0.0723407813406194,0.927659833979396,1188
"Idaho",2025-05-31,"compressed","hurdle_ztnb",569.34621343964,0,0.00027167072425565,TRUE,TRUE,0.0290741190594206,0.970926070609374,1188
"Illinois",2025-01-02,"calendar","cumulative_poisson",4694.8773279177,0,0.103590843377455,TRUE,TRUE,0.0693713546774202,0.93062993314106,1539
"Illinois",2025-01-02,"calendar","cumulative_nb",4712.99010857849,0,0.287603564451632,TRUE,TRUE,0.0692241602404359,0.930777133447329,1539
"Illinois",2025-01-02,"calendar","hurdle_ztnb",860.490919338303,0,0.00047100658655097,TRUE,TRUE,0.0214150298895255,0.978586952604034,1539
"Illinois",2025-01-02,"compressed","cumulative_poisson",2176.7360200723,0,0.0710620335556943,TRUE,TRUE,0.0780876106745065,0.921913698723638,648
"Illinois",2025-01-02,"compressed","cumulative_nb",2193.78669133982,0,0.370250466623047,TRUE,TRUE,0.0779516370419368,0.92204967109588,648
"Illinois",2025-01-02,"compressed","hurdle_ztnb",580.179674077078,0,0.00374186632141049,TRUE,TRUE,0.0149537857423645,0.985047661132243,648
"Illinois",2025-02-15,"calendar","cumulative_poisson",7552.13334730706,0,0.159832285635342,TRUE,TRUE,0.0292693515272403,0.970730707796147,1728
"Illinois",2025-02-15,"calendar","cumulative_nb",6179.00230546189,0,0.0238946662404573,TRUE,TRUE,0.0689569890266231,0.931057372271769,1728
"Illinois",2025-02-15,"calendar","hurdle_ztnb",1052.31567244518,0,0.000158311052633808,TRUE,TRUE,0.0220850665739327,0.977916269777054,1728
"Illinois",2025-02-15,"compressed","cumulative_poisson",2695.64025411069,0,0.505780643365968,TRUE,TRUE,0.0755965129208773,0.924404352011006,783
"Illinois",2025-02-15,"compressed","cumulative_nb",2714.00928566495,0,0.166226855030907,TRUE,TRUE,0.0756126763969331,0.924388194637518,783
"Illinois",2025-02-15,"compressed","hurdle_ztnb",681.807229087739,0,0.0333490812114769,TRUE,TRUE,0.0131173011907705,0.986883201103885,783
"Illinois",2025-03-29,"calendar","cumulative_poisson",8272.62440256894,0,0.0147877108930241,TRUE,TRUE,0.0684981963081124,0.931503074410182,1890
"Illinois",2025-03-29,"calendar","cumulative_nb",6868.96401937129,0,0.0149068505521598,TRUE,TRUE,0.0748364426179272,0.925183135199482,1890
"Illinois",2025-03-29,"calendar","hurdle_ztnb",1290.95914703729,0,0.00054979986735737,TRUE,TRUE,0.0177438096393385,0.982258501139759,1890
"Illinois",2025-03-29,"compressed","cumulative_poisson",3356.83777512638,0,0.23082398148574,TRUE,TRUE,0.0708956567982915,0.92910511912257,945
"Illinois",2025-03-29,"compressed","cumulative_nb",3375.93265206472,0,0.0371279791505555,TRUE,TRUE,0.0710193620944821,0.928981414118278,945
"Illinois",2025-03-29,"compressed","hurdle_ztnb",888.26451185299,0,0.000217765735836872,TRUE,TRUE,0.0124676637665256,0.987534287339024,945
"Illinois",2025-04-26,"calendar","cumulative_poisson",8719.70685357146,0,0.156832986077989,TRUE,TRUE,0.0735895715209448,0.926413770951463,1998
"Illinois",2025-04-26,"calendar","cumulative_nb",7377.43759460459,0,0.0187641563142855,TRUE,TRUE,0.0775489417928729,0.922473508874467,1998
"Illinois",2025-04-26,"calendar","hurdle_ztnb",1488.51005951888,0,0.0009331449407214,TRUE,TRUE,0.0187385714795044,0.981265812956869,1998
"Illinois",2025-04-26,"compressed","cumulative_poisson",3792.15084690791,0,0.548040671639906,TRUE,TRUE,0.0705708072364207,0.929430169285276,1053
"Illinois",2025-04-26,"compressed","cumulative_nb",3812.03220254411,0,0.127779288862479,TRUE,TRUE,0.07052145909396,0.929479507623538,1053
"Illinois",2025-04-26,"compressed","hurdle_ztnb",1057.51583710285,0,0.000787033161350537,TRUE,TRUE,0.0132973610440098,0.986706552212592,1053
"Illinois",2025-05-31,"calendar","cumulative_poisson",9292.51600455837,0,0.442513034044184,TRUE,TRUE,0.070309217828462,0.929692462664136,2133
"Illinois",2025-05-31,"calendar","cumulative_nb",8033.20663568642,0,0.0468736166140854,TRUE,TRUE,0.0752125174554254,0.924807290015377,2133
"Illinois",2025-05-31,"calendar","hurdle_ztnb",1591.71957983152,0,0.000392494773812813,TRUE,TRUE,0.0181133484174937,0.981890899377989,2133
"Illinois",2025-05-31,"compressed","cumulative_poisson",4329.88598331521,0,0.0669671661552683,TRUE,TRUE,0.0700900524810659,0.929910620049656,1188
"Illinois",2025-05-31,"compressed","cumulative_nb",4350.73930534314,0,0.0918669863920339,TRUE,TRUE,0.0705531755146852,0.929447510646226,1188
"Illinois",2025-05-31,"compressed","hurdle_ztnb",1156.0773300566,0,0.000205479596679048,TRUE,TRUE,0.0134580780525032,0.986546771003953,1188
"Indiana",2025-01-02,"calendar","cumulative_poisson",4126.86038010579,0,0.887573545343825,TRUE,TRUE,0.0860272821143459,0.913983958297338,1539
"Indiana",2025-01-02,"calendar","cumulative_nb",4143.78253510869,0,0.0884814140295804,TRUE,TRUE,0.0858252531632743,0.914185906246208,1539
"Indiana",2025-01-02,"calendar","hurdle_ztnb",999.44098393503,0,0.000602314400932613,TRUE,TRUE,0.123093906771818,0.877094400504096,1539
"Indiana",2025-01-02,"compressed","cumulative_poisson",2560.46205590626,0,0.336014429840461,TRUE,TRUE,0.519124425308729,0.482531496174941,648
"Indiana",2025-01-02,"compressed","cumulative_nb",2500.24707905396,0,0.0183564509619112,TRUE,TRUE,0.24437213910113,0.755762890282815,648
"Indiana",2025-01-02,"compressed","hurdle_ztnb",939.572934792211,0,0.000528193354247031,TRUE,TRUE,0.202006831835432,0.798664418749992,648
"Indiana",2025-02-15,"calendar","cumulative_poisson",5764.80143912056,0,0.162584194538891,TRUE,TRUE,0.0659113346423445,0.934088707589099,1728
"Indiana",2025-02-15,"calendar","cumulative_nb",5359.81429990334,0,0.0669815109474183,TRUE,TRUE,0.0700334409608002,0.929967818030131,1728
"Indiana",2025-02-15,"calendar","hurdle_ztnb",1115.73156888677,0,0.00108519724276598,TRUE,TRUE,0.10456749782789,0.89560091263858,1728
"Indiana",2025-02-15,"compressed","cumulative_poisson",3125.49240545198,0,0.699578442955291,TRUE,TRUE,0.688651677576484,0.316315663556019,783
"Indiana",2025-02-15,"compressed","cumulative_nb",3091.08781450561,0,0.142915930649778,TRUE,TRUE,0.573609224756306,0.428866178248619,783
"Indiana",2025-02-15,"compressed","hurdle_ztnb",1018.95699569771,0,0.0506688432389845,TRUE,TRUE,0.165845741559562,0.834610855483186,783
"Indiana",2025-03-29,"calendar","cumulative_poisson",6394.27419555675,0,0.393749097364067,TRUE,TRUE,0.0373092703560916,0.962690730912125,1890
"Indiana",2025-03-29,"calendar","cumulative_nb",5979.49722621697,0,0.0667436755491819,TRUE,TRUE,0.0779325767320214,0.922071103649881,1890
"Indiana",2025-03-29,"calendar","hurdle_ztnb",1324.27177323481,0,0.000261764060809342,TRUE,TRUE,0.0692122086045986,0.930896559714569,1890
"Indiana",2025-03-29,"compressed","cumulative_poisson",3793.67300300102,0,0.0272853008065912,TRUE,TRUE,0.656356715340333,0.348726163893689,945
"Indiana",2025-03-29,"compressed","cumulative_nb",3778.72271416593,0,0.0672819728792461,TRUE,TRUE,0.617283935432307,0.386372952821888,945
"Indiana",2025-03-29,"compressed","hurdle_ztnb",1198.35344178896,0,0.000644718004866873,TRUE,TRUE,0.109974768771421,0.890383120247253,945
"Indiana",2025-04-26,"calendar","cumulative_poisson",6825.30938559574,0,0.157781358551584,TRUE,TRUE,0.109632208485319,0.890391319002435,1998
"Indiana",2025-04-26,"calendar","cumulative_nb",6430.40336255899,0,0.0289650465967998,TRUE,TRUE,0.0813211326057553,0.918679894370892,1998
"Indiana",2025-04-26,"calendar","hurdle_ztnb",1377.23247421491,0,0.0003636838371186,TRUE,TRUE,0.0613676181217254,0.938718184840548,1998
"Indiana",2025-04-26,"compressed","cumulative_poisson",4217.34274562275,0,0.0482202970201264,TRUE,TRUE,0.641772011143624,0.363087509152886,1053
"Indiana",2025-04-26,"compressed","cumulative_nb",4214.34160223666,0,0.25968567140182,TRUE,TRUE,0.613105516000761,0.390658849894998,1053
"Indiana",2025-04-26,"compressed","hurdle_ztnb",1246.2779120734,0,0.00196302579892688,TRUE,TRUE,0.100338917152416,0.899957979370697,1053
"Indiana",2025-05-31,"calendar","cumulative_poisson",7337.29718792851,0,0.287567002689739,TRUE,TRUE,0.0731681712328733,0.926832079332249,2133
"Indiana",2025-05-31,"calendar","cumulative_nb",7001.00197998372,0,0.0662959982780791,TRUE,TRUE,0.0770548037882972,0.922945655283798,2133
"Indiana",2025-05-31,"calendar","hurdle_ztnb",1430.81612702976,0,0.000205891943947378,TRUE,TRUE,0.0547675260698067,0.945297015933455,2133
"Indiana",2025-05-31,"compressed","cumulative_poisson",4734.34047444483,0,0.169547053826132,TRUE,TRUE,0.621386832031822,0.383332459589637,1188
"Indiana",2025-05-31,"compressed","cumulative_nb",4734.42593216225,0,0.157116442107051,TRUE,TRUE,0.597757443647498,0.405962959539633,1188
"Indiana",2025-05-31,"compressed","hurdle_ztnb",1294.50434098866,0,0.00117874824440556,TRUE,TRUE,0.0877827342925383,0.912464343706846,1188
"Iowa",2025-01-02,"calendar","cumulative_poisson",2882.28267624492,1,0.0157366214735716,TRUE,TRUE,0.0683030326878448,0.931697973768069,1539
"Iowa",2025-01-02,"calendar","cumulative_nb",2896.89717567884,0,0.0248076761824871,TRUE,TRUE,0.0682808844702668,0.931720125419428,1539
"Iowa",2025-01-02,"calendar","hurdle_ztnb",577.983802667605,0,0.000139434641407699,TRUE,TRUE,0.0206798066047519,0.979323145402356,1539
"Iowa",2025-01-02,"compressed","cumulative_poisson",1689.20566249291,0,0.0796210784116801,TRUE,TRUE,0.0701028415904276,0.929898081808141,648
"Iowa",2025-01-02,"compressed","cumulative_nb",1702.3007030659,0,0.141484579858611,TRUE,TRUE,0.0700913887465713,0.929909535773084,648
"Iowa",2025-01-02,"compressed","hurdle_ztnb",351.199745558569,0,0.0918948263633431,TRUE,TRUE,0.0155958432372619,0.984404296223607,648
"Iowa",2025-02-15,"calendar","cumulative_poisson",3551.21629452221,0,0.217756486486117,TRUE,TRUE,0.0558761883083394,0.944124780621258,1728
"Iowa",2025-02-15,"calendar","cumulative_nb",3560.59081953758,0,0.0446168017459883,TRUE,TRUE,0.0594515322763515,0.940549146638572,1728
"Iowa",2025-02-15,"calendar","hurdle_ztnb",681.68369227072,0,0.00112064646109455,TRUE,TRUE,0.0199391563303362,0.98006331439624,1728
"Iowa",2025-02-15,"compressed","cumulative_poisson",2113.40235785749,0,0.0757434668074184,TRUE,TRUE,0.0702496379125288,0.929751231846864,783
"Iowa",2025-02-15,"compressed","cumulative_nb",2127.62952695283,0,0.0865419577970096,TRUE,TRUE,0.0702170680141424,0.929783801916827,783
"Iowa",2025-02-15,"compressed","hurdle_ztnb",409.733848156785,0,0.07099702725483,TRUE,TRUE,0.0122769060471815,0.987723192221111,783
"Iowa",2025-03-29,"calendar","cumulative_poisson",3979.32114838293,0,0.0900747960350541,TRUE,TRUE,0.0651010746547353,0.934900277269933,1890
"Iowa",2025-03-29,"calendar","cumulative_nb",3990.87826676762,0,0.00783884869956877,TRUE,TRUE,0.0649653688344567,0.935035902467992,1890
"Iowa",2025-03-29,"calendar","hurdle_ztnb",858.379808458203,0,0.000513065028361481,TRUE,TRUE,0.0160228362911826,0.983981167177438,1890
"Iowa",2025-03-29,"compressed","cumulative_poisson",2647.75615961764,0,3.66897042661852,TRUE,TRUE,0.0686450059345885,0.931356214800663,945
"Iowa",2025-03-29,"compressed","cumulative_nb",2663.24438595599,0,0.0177883278856057,TRUE,TRUE,0.0686566828479714,0.931344522771338,945
"Iowa",2025-03-29,"compressed","hurdle_ztnb",590.329939893195,0,0.000478032507274184,TRUE,TRUE,0.0129945020061996,0.987007412616937,945
"Iowa",2025-04-26,"calendar","cumulative_poisson",4293.31776560697,0,0.0860780184426268,TRUE,TRUE,0.0688381915655157,0.931165207066371,1998
"Iowa",2025-04-26,"calendar","cumulative_nb",4306.43675947494,0,0.0515583166879736,TRUE,TRUE,0.0686551821220312,0.931348084846396,1998
"Iowa",2025-04-26,"calendar","hurdle_ztnb",919.334747627737,0,0.000721516303525238,TRUE,TRUE,0.0146075023303442,0.985395998848169,1998
"Iowa",2025-04-26,"compressed","cumulative_poisson",2994.91613827798,0,0.218593130148803,TRUE,TRUE,0.0704380157791368,0.929564138960218,1053
"Iowa",2025-04-26,"compressed","cumulative_nb",3011.08781476699,0,0.0891390950473614,TRUE,TRUE,0.0705794884848941,0.929422631310164,1053
"Iowa",2025-04-26,"compressed","hurdle_ztnb",651.049840103674,0,0.0013729677554416,TRUE,TRUE,0.0115455065650023,0.988456217379385,1053
"Iowa",2025-05-31,"calendar","cumulative_poisson",4692.43378652479,0,0.0529416527521269,TRUE,TRUE,0.0707977498673852,0.929207252607875,2133
"Iowa",2025-05-31,"calendar","cumulative_nb",4706.94070210691,0,0.0911112138890806,TRUE,TRUE,0.0705989051307877,0.929405979592653,2133
"Iowa",2025-05-31,"calendar","hurdle_ztnb",949.523007737367,0,0.00015256550565973,TRUE,TRUE,0.0134613450216149,0.986541278102796,2133
"Iowa",2025-05-31,"compressed","cumulative_poisson",3394.50046658966,0,0.0458503218856691,TRUE,TRUE,0.0730322152040147,0.926970962703915,1188
"Iowa",2025-05-31,"compressed","cumulative_nb",3411.29782431212,0,0.0587809356094154,TRUE,TRUE,0.0728885685273903,0.927114552329815,1188
"Iowa",2025-05-31,"compressed","hurdle_ztnb",674.530076375074,0,0.000940587849864616,TRUE,TRUE,0.0109988570078377,0.989002608584206,1188
"Kansas",2025-01-02,"calendar","cumulative_poisson",3115.08606338769,0,0.0450422348803098,TRUE,TRUE,0.0662674478392455,0.933733802935141,1539
"Kansas",2025-01-02,"calendar","cumulative_nb",3129.29408815036,0,0.112862448115021,TRUE,TRUE,0.0662518796168325,0.933749375523649,1539
"Kansas",2025-01-02,"calendar","hurdle_ztnb",642.013331798038,0,0.000538572546702198,TRUE,TRUE,0.0235545082105226,0.9764506109253,1539
"Kansas",2025-01-02,"compressed","cumulative_poisson",1822.81168773753,0,0.0178467056699868,TRUE,TRUE,0.0724100552422089,0.92759007916585,648
"Kansas",2025-01-02,"compressed","cumulative_nb",1833.2403400271,0,0.0403342875867635,TRUE,TRUE,0.070831985063307,0.929168182743073,648
"Kansas",2025-01-02,"compressed","hurdle_ztnb",530.749564511678,0,0.000183132038185874,TRUE,TRUE,0.063469503199187,0.936636691521431,648
"Kansas",2025-02-15,"calendar","cumulative_poisson",3907.53255858872,0,0.0344439350385487,TRUE,TRUE,0.0679930027068374,0.932007215685058,1728
"Kansas",2025-02-15,"calendar","cumulative_nb",3884.31387227743,0,0.0311191667308647,TRUE,TRUE,0.0671733599079505,0.932826862648601,1728
"Kansas",2025-02-15,"calendar","hurdle_ztnb",771.709534047316,0,0.000252454452175144,TRUE,TRUE,0.0227323586653579,0.97727130145159,1728
"Kansas",2025-02-15,"compressed","cumulative_poisson",2287.7655468515,0,0.0293620627927285,TRUE,TRUE,0.0865874423854663,0.9134125582672,783
"Kansas",2025-02-15,"compressed","cumulative_nb",2298.77294821132,0,0.00275110472073585,TRUE,TRUE,0.085206662560443,0.914793338353581,783
"Kansas",2025-02-15,"compressed","hurdle_ztnb",615.481068337847,0,0.000443221783330228,TRUE,TRUE,0.0448698771527988,0.955196076276651,783
"Kansas",2025-03-29,"calendar","cumulative_poisson",4359.90423043809,0,0.0431079566914344,TRUE,TRUE,0.069740804530486,0.930260241379016,1890
"Kansas",2025-03-29,"calendar","cumulative_nb",4348.67508913006,0,0.0347470960987697,TRUE,TRUE,0.0675655831541423,0.932435433162093,1890
"Kansas",2025-03-29,"calendar","hurdle_ztnb",937.774138930641,0,0.000226590014900996,TRUE,TRUE,0.0196928510966046,0.98031035570616,1890
"Kansas",2025-03-29,"compressed","cumulative_poisson",2849.40480879316,0,0.0181634655256214,TRUE,TRUE,0.0905598425445328,0.909440278948095,945
"Kansas",2025-03-29,"compressed","cumulative_nb",2862.17574154047,0,0.249482763246117,TRUE,TRUE,0.0897095196243237,0.910290598994778,945
"Kansas",2025-03-29,"compressed","hurdle_ztnb",780.349120733826,0,0.000739254853933002,TRUE,TRUE,0.024475690807359,0.975548833236671,945
"Kansas",2025-04-26,"calendar","cumulative_poisson",4693.46902311694,0,0.0779456841097013,TRUE,TRUE,0.076519520950111,0.923483463888953,1998
"Kansas",2025-04-26,"calendar","cumulative_nb",4693.56726823714,0,0.0293523778512061,TRUE,TRUE,0.0735758529668844,0.926426867637184,1998
"Kansas",2025-04-26,"calendar","hurdle_ztnb",981.471794110152,0,0.000278751730784565,TRUE,TRUE,0.0181001876528227,0.981901936869003,1998
"Kansas",2025-04-26,"compressed","cumulative_poisson",3208.92354371218,0,0.0610812279949036,TRUE,TRUE,0.0760974523393105,0.92390274459003,1053
"Kansas",2025-04-26,"compressed","cumulative_nb",3222.60502874674,0,0.0888144880866761,TRUE,TRUE,0.0756160923315923,0.924384099507776,1053
"Kansas",2025-04-26,"compressed","hurdle_ztnb",819.3193203382,0,0.000689452638354404,TRUE,TRUE,0.0213542243027193,0.978662958645865,1053
"Kansas",2025-05-31,"calendar","cumulative_poisson",5117.13374477811,0,0.12323140348696,TRUE,TRUE,0.0782857047289289,0.921717753773289,2133
"Kansas",2025-05-31,"calendar","cumulative_nb",5125.67985120279,0,0.0239771534286123,TRUE,TRUE,0.0770832644013789,0.922920139985225,2133
"Kansas",2025-05-31,"calendar","hurdle_ztnb",1016.01578432569,0,0.000288382715874613,TRUE,TRUE,0.0169844182652829,0.983017103757828,2133
"Kansas",2025-05-31,"compressed","cumulative_poisson",3636.50381061366,0,0.0476611981691428,TRUE,TRUE,0.0564379543862402,0.943564992249621,1188
"Kansas",2025-05-31,"compressed","cumulative_nb",3650.86190548014,0,0.0742192155722146,TRUE,TRUE,0.0560521148960482,0.943950111349671,1188
"Kansas",2025-05-31,"compressed","hurdle_ztnb",849.314148969595,0,0.00027868955966881,TRUE,TRUE,0.0199440312521701,0.980069840053902,1188
"Kentucky",2025-01-02,"calendar","cumulative_poisson",3571.57453305201,0,0.378948967028797,TRUE,TRUE,0.0776652799738881,0.922335853666251,1539
"Kentucky",2025-01-02,"calendar","cumulative_nb",3588.22932259462,0,0.149884755740929,TRUE,TRUE,0.0777294736498657,0.9222716638638,1539
"Kentucky",2025-01-02,"calendar","hurdle_ztnb",598.602684521382,0,0.000489268554992465,TRUE,TRUE,0.0321281161296159,0.967873514480796,1539
"Kentucky",2025-01-02,"compressed","cumulative_poisson",1992.24043163862,0,0.16819465054558,TRUE,TRUE,0.0903740357916357,0.909626886517968,648
"Kentucky",2025-01-02,"compressed","cumulative_nb",2007.6273652974,0,0.0264612314655116,TRUE,TRUE,0.0903862480367031,0.909614678982298,648
"Kentucky",2025-01-02,"compressed","hurdle_ztnb",411.88979813766,0,0.000111359919395732,TRUE,TRUE,0.0197324082207603,0.980268001531799,648
"Kentucky",2025-02-15,"calendar","cumulative_poisson",4795.75633351026,0,0.0378795966128094,TRUE,TRUE,0.031598700913707,0.968401314408382,1728
"Kentucky",2025-02-15,"calendar","cumulative_nb",4604.15346561191,0,0.12155752619952,TRUE,TRUE,0.0654908326141899,0.934509568962856,1728
"Kentucky",2025-02-15,"calendar","hurdle_ztnb",741.63487772045,0,0.000264606074752649,TRUE,TRUE,0.0356608634249898,0.964341278028113,1728
"Kentucky",2025-02-15,"compressed","cumulative_poisson",2468.45153330116,0,0.155568192159287,TRUE,TRUE,0.0855152154190302,0.914485467500208,783
"Kentucky",2025-02-15,"compressed","cumulative_nb",2484.78957116444,0,0.0825703463257886,TRUE,TRUE,0.085542383677541,0.914458295704546,783
"Kentucky",2025-02-15,"compressed","hurdle_ztnb",505.139665878962,0,0.00584502847204321,TRUE,TRUE,0.0211080735266767,0.97889217123636,783
"Kentucky",2025-03-29,"calendar","cumulative_poisson",5311.8713823661,0,0.0542958639909583,TRUE,TRUE,0.0645536539537383,0.93544705404237,1890
"Kentucky",2025-03-29,"calendar","cumulative_nb",5136.83683217852,0,0.0467505042950737,TRUE,TRUE,0.0637960472047394,0.936204880720699,1890
"Kentucky",2025-03-29,"calendar","hurdle_ztnb",978.308027953907,0,0.000278579742106627,TRUE,TRUE,0.018352143932375,0.981651327969213,1890
"Kentucky",2025-03-29,"compressed","cumulative_poisson",3076.98938219181,0,0.0408600664135664,TRUE,TRUE,0.0734337968886588,0.926566854993788,945
"Kentucky",2025-03-29,"compressed","cumulative_nb",3094.24497774309,0,0.0404611080553535,TRUE,TRUE,0.0735167728474379,0.926483874379327,945
"Kentucky",2025-03-29,"compressed","hurdle_ztnb",715.640672499231,0,0.000913172747380842,TRUE,TRUE,0.0260647773064427,0.973945884184038,945
"Kentucky",2025-04-26,"calendar","cumulative_poisson",5696.13099212732,0,0.182420379664778,TRUE,TRUE,0.0742278399458222,0.925777745533255,1998
"Kentucky",2025-04-26,"calendar","cumulative_nb",5551.84412330058,0,0.0206626102327763,TRUE,TRUE,0.0664830047879732,0.933520201997705,1998
"Kentucky",2025-04-26,"calendar","hurdle_ztnb",1060.11540789044,0,0.000434110666302168,TRUE,TRUE,0.0181573194512571,0.981846832886824,1998
"Kentucky",2025-04-26,"compressed","cumulative_poisson",3478.10318010837,0,0.0443653132196407,TRUE,TRUE,0.0700774085359311,0.929923855136323,1053
"Kentucky",2025-04-26,"compressed","cumulative_nb",3496.07111565123,0,0.0502636171497473,TRUE,TRUE,0.0700246627090226,0.929976581728925,1053
"Kentucky",2025-04-26,"compressed","hurdle_ztnb",789.961748728294,0,0.000871697663257565,TRUE,TRUE,0.0265218806556015,0.973493152126733,1053
"Kentucky",2025-05-31,"calendar","cumulative_poisson",6181.78005970922,0,0.0627994219652895,TRUE,TRUE,0.0807747172489766,0.919239833468307,2133
"Kentucky",2025-05-31,"calendar","cumulative_nb",6080.17649829736,0,0.0783583499633327,TRUE,TRUE,0.071004327566972,0.929003605926566,2133
"Kentucky",2025-05-31,"calendar","hurdle_ztnb",1111.98244068141,0,0.000437661702680892,TRUE,TRUE,0.018161024820913,0.981842871552411,2133
"Kentucky",2025-05-31,"compressed","cumulative_poisson",3947.86513815058,0,0.0290456594838152,TRUE,TRUE,0.0772967228667986,0.922706879593295,1188
"Kentucky",2025-05-31,"compressed","cumulative_nb",3966.6681328872,0,0.0993764075120819,TRUE,TRUE,0.0771213135213073,0.922882234864513,1188
"Kentucky",2025-05-31,"compressed","hurdle_ztnb",835.555134112846,0,0.00047784382902627,TRUE,TRUE,0.0243583175387361,0.975653840434877,1188
"Louisiana",2025-01-02,"calendar","cumulative_poisson",4415.50937361079,0,0.0508846654123245,TRUE,TRUE,0.0656583040852184,0.934342493973523,1539
"Louisiana",2025-01-02,"calendar","cumulative_nb",4430.09360934967,0,0.284312685727486,TRUE,TRUE,0.0654392361680309,0.934561572866553,1539
"Louisiana",2025-01-02,"calendar","hurdle_ztnb",663.973535638528,0,0.00019625754077819,TRUE,TRUE,0.0321537480269726,0.96784859606046,1539
"Louisiana",2025-01-02,"compressed","cumulative_poisson",2048.40784241354,0,0.0999117661025191,TRUE,TRUE,0.0833373171407544,0.916663607111295,648
"Louisiana",2025-01-02,"compressed","cumulative_nb",2063.79003933607,0,0.25350215717457,TRUE,TRUE,0.0832424403454529,0.916758485670888,648
"Louisiana",2025-01-02,"compressed","hurdle_ztnb",410.030115932071,0,0.000600927751307545,TRUE,TRUE,0.0151270437794333,0.984873251108057,648
"Louisiana",2025-02-15,"calendar","cumulative_poisson",5867.77191471813,0,0.069746105796926,TRUE,TRUE,0.0702668973698934,0.929733186822974,1728
"Louisiana",2025-02-15,"calendar","cumulative_nb",5542.32703124622,0,0.0262892213008813,TRUE,TRUE,0.0782481103202941,0.921765318014407,1728
"Louisiana",2025-02-15,"calendar","hurdle_ztnb",791.258144747517,0,0.000273680986325908,TRUE,TRUE,0.0281959581075942,0.971805096006118,1728
"Louisiana",2025-02-15,"compressed","cumulative_poisson",2524.43986740124,0,0.097233197921605,TRUE,TRUE,0.0782781349155029,0.921722447581,783
"Louisiana",2025-02-15,"compressed","cumulative_nb",2540.0280678786,0,0.00974003541736629,TRUE,TRUE,0.0783284572925892,0.921672121744664,783
"Louisiana",2025-02-15,"compressed","hurdle_ztnb",494.836715019767,0,0.000101842759136467,TRUE,TRUE,0.0118381753483452,0.988162093488484,783
"Louisiana",2025-03-29,"calendar","cumulative_poisson",6502.66887837098,0,0.13927051735071,TRUE,TRUE,0.0936135538208285,0.906392997514913,1890
"Louisiana",2025-03-29,"calendar","cumulative_nb",6167.59035932695,0,0.0252837148797097,TRUE,TRUE,0.0840798586485936,0.915943946473246,1890
"Louisiana",2025-03-29,"calendar","hurdle_ztnb",1002.79235405481,0,0.000157222157277093,TRUE,TRUE,0.0139958495603527,0.986006749307682,1890
"Louisiana",2025-03-29,"compressed","cumulative_poisson",3111.1273115208,0,0.0520013156461026,TRUE,TRUE,0.0693953448192506,0.930605073114554,945
"Louisiana",2025-03-29,"compressed","cumulative_nb",3127.09042457392,0,0.0967287794233481,TRUE,TRUE,0.06956752641728,0.930432893655556,945
"Louisiana",2025-03-29,"compressed","hurdle_ztnb",702.59010103354,0,8.50303137075459e-05,TRUE,TRUE,0.0150556417322012,0.984950648509281,945
"Louisiana",2025-04-26,"calendar","cumulative_poisson",6968.44849011954,0,0.0863797695462803,TRUE,TRUE,0.125389468532408,0.874647089188171,1998
"Louisiana",2025-04-26,"calendar","cumulative_nb",6631.78000574406,0,0.0774015710994295,TRUE,TRUE,0.100083950593295,0.899957079991026,1998
"Louisiana",2025-04-26,"calendar","hurdle_ztnb",1066.00443791747,0,0.00016261091332065,TRUE,TRUE,0.0140643230495553,0.985937833997111,1998
"Louisiana",2025-04-26,"compressed","cumulative_poisson",3515.07651564311,0,0.086932419809119,TRUE,TRUE,0.0748370136578135,0.925165053118062,1053
"Louisiana",2025-04-26,"compressed","cumulative_nb",3531.25740497783,0,0.0742632382844876,TRUE,TRUE,0.0746233385448949,0.925378681168747,1053
"Louisiana",2025-04-26,"compressed","hurdle_ztnb",767.890591057673,0,0.000196760092327608,TRUE,TRUE,0.0168601765644172,0.983146742560301,1053
"Louisiana",2025-05-31,"calendar","cumulative_poisson",7505.82289682996,0,0.0263774343045847,TRUE,TRUE,0.135376390543288,0.864675925109127,2133
"Louisiana",2025-05-31,"calendar","cumulative_nb",7205.40572254195,0,0.0864613076828868,TRUE,TRUE,0.10295340560772,0.897090813769776,2133
"Louisiana",2025-05-31,"calendar","hurdle_ztnb",1355.37275590455,0,6.2169301529913e-05,TRUE,TRUE,0.0385367193548263,0.96157708688011,2133
"Louisiana",2025-05-31,"compressed","cumulative_poisson",3994.84307424471,0,0.0669558779295087,TRUE,TRUE,0.0744703669397916,0.925531908950465,1188
"Louisiana",2025-05-31,"compressed","cumulative_nb",4011.75357684823,0,0.0671920674818271,TRUE,TRUE,0.0743483804254623,0.925653850076326,1188
"Louisiana",2025-05-31,"compressed","hurdle_ztnb",994.508894496635,0,0.000152260720269637,TRUE,TRUE,0.0403192012556697,0.959741757247388,1188
"Maine",2025-01-02,"calendar","cumulative_poisson",2574.8736721675,0,0.00372422039626941,TRUE,TRUE,0.0906120244996923,0.909391508540468,1539
"Maine",2025-01-02,"calendar","cumulative_nb",2587.06502910345,0,0.045469148814239,TRUE,TRUE,0.0905686314620413,0.909434910132801,1539
"Maine",2025-01-02,"calendar","hurdle_ztnb",464.785082892209,0,0.0108774598374282,TRUE,TRUE,0.0363787171695371,0.963627682121197,1539
"Maine",2025-01-02,"compressed","cumulative_poisson",1432.37072720434,0,0.00160891163249677,TRUE,TRUE,0.0929739391450483,0.907027709876512,648
"Maine",2025-01-02,"compressed","cumulative_nb",1443.34669839816,0,0.00824101437943279,TRUE,TRUE,0.0929928910497496,0.907008756866683,648
"Maine",2025-01-02,"compressed","hurdle_ztnb",248.162676513384,0,0.000124807208754019,TRUE,TRUE,0.0372978815172664,0.962702961868361,648
"Maine",2025-02-15,"calendar","cumulative_poisson",3015.12124362797,0,0.00713103097341317,TRUE,TRUE,0.0707955949866316,0.929205985538195,1728
"Maine",2025-02-15,"calendar","cumulative_nb",3026.20863599508,0,0.0124796230045114,TRUE,TRUE,0.0709383337296264,0.92906330528244,1728
"Maine",2025-02-15,"calendar","hurdle_ztnb",546.846235393201,0,0.0011096324304517,TRUE,TRUE,0.0487261312397375,0.951285340288711,1728
"Maine",2025-02-15,"compressed","cumulative_poisson",1788.12326720191,0,0.0104180979594444,TRUE,TRUE,0.0866745472556135,0.913326782365191,783
"Maine",2025-02-15,"compressed","cumulative_nb",1799.99558571363,0,0.00215215549439325,TRUE,TRUE,0.0867082382102002,0.913293093648395,783
"Maine",2025-02-15,"compressed","hurdle_ztnb",297.18646413038,0,0.016469720979551,TRUE,TRUE,0.0350786242504992,0.964922087247191,783
"Maine",2025-03-29,"calendar","cumulative_poisson",3335.60406880874,0,0.0249595978011472,TRUE,TRUE,0.0717612479693451,0.928243879364942,1890
"Maine",2025-03-29,"calendar","cumulative_nb",3347.81790271016,0,0.0205368328940857,TRUE,TRUE,0.0717532961156902,0.928251851723877,1890
"Maine",2025-03-29,"calendar","hurdle_ztnb",660.935417426529,0,0.00543153928142914,TRUE,TRUE,0.0222157071633674,0.977789177584109,1890
"Maine",2025-03-29,"compressed","cumulative_poisson",2237.15432947383,0,0.00100102254489091,TRUE,TRUE,0.0783144002870321,0.921686771964611,945
"Maine",2025-03-29,"compressed","cumulative_nb",2250.27361085878,0,0.0160443972461217,TRUE,TRUE,0.0784082229759511,0.921592950912582,945
"Maine",2025-03-29,"compressed","hurdle_ztnb",396.840325234527,0,0.00313068533537358,TRUE,TRUE,0.0164137812757126,0.983587018214574,945
"Maine",2025-04-26,"calendar","cumulative_poisson",3585.17629294084,0,0.0740360829348492,TRUE,TRUE,0.0745068133268154,0.925499998433507,1998
"Maine",2025-04-26,"calendar","cumulative_nb",3598.18580692272,0,0.0232978352526757,TRUE,TRUE,0.0745119311786383,0.925494904433801,1998
"Maine",2025-04-26,"calendar","hurdle_ztnb",687.09294182317,0,0.00134330851462193,TRUE,TRUE,0.02096807552745,0.979035703887481,1998
"Maine",2025-04-26,"compressed","cumulative_poisson",2535.10479205237,0,0.0253295341784732,TRUE,TRUE,0.0773522781486282,0.922649218256856,1053
"Maine",2025-04-26,"compressed","cumulative_nb",2548.88134915616,0,0.0189856297897759,TRUE,TRUE,0.0774145744965027,0.92258691839608,1053
"Maine",2025-04-26,"compressed","hurdle_ztnb",418.97026989784,0,0.00277002095279605,TRUE,TRUE,0.015069978755435,0.984930616012949,1053
"Maine",2025-05-31,"calendar","cumulative_poisson",3934.39202157502,0,0.0398059447529687,TRUE,TRUE,0.0746740626654693,0.925332934479778,2133
"Maine",2025-05-31,"calendar","cumulative_nb",3948.21788276845,0,0.0623445720046022,TRUE,TRUE,0.0747229149690548,0.925284124155851,2133
"Maine",2025-05-31,"calendar","hurdle_ztnb",715.0871342215,0,0.000980907397207614,TRUE,TRUE,0.0195407528354107,0.980462282204438,2133
"Maine",2025-05-31,"compressed","cumulative_poisson",2889.71534191918,0,0.0109429285632113,TRUE,TRUE,0.0773722384556344,0.922629516591669,1188
"Maine",2025-05-31,"compressed","cumulative_nb",2904.13867295308,0,0.0158458305718354,TRUE,TRUE,0.0774103523314733,0.922591398445721,1188
"Maine",2025-05-31,"compressed","hurdle_ztnb",440.184222852249,0,0.000226387960820862,TRUE,TRUE,0.0145158269356621,0.985484659460206,1188
"Maryland",2025-01-02,"calendar","cumulative_poisson",3212.86753255848,0,0.092547626317582,TRUE,TRUE,0.0756671254419158,0.924334100222927,1539
"Maryland",2025-01-02,"calendar","cumulative_nb",3228.77962919741,0,0.146582127724736,TRUE,TRUE,0.0755749442651059,0.924426282803954,1539
"Maryland",2025-01-02,"calendar","hurdle_ztnb",554.703968799149,0,0.000252619342101868,TRUE,TRUE,0.0136163677794501,0.986385081433421,1539
"Maryland",2025-01-02,"compressed","cumulative_poisson",1855.90647255076,0,0.0761211432042086,TRUE,TRUE,0.0819927957884898,0.918008374974792,648
"Maryland",2025-01-02,"compressed","cumulative_nb",1870.71474233018,0,0.0236711408718554,TRUE,TRUE,0.0819166833374078,0.91808448810733,648
"Maryland",2025-01-02,"compressed","hurdle_ztnb",318.588700730892,0,0.000291627668142169,TRUE,TRUE,0.00977337063371416,0.990226658599553,648
"Maryland",2025-02-15,"calendar","cumulative_poisson",4307.70272085549,0,0.192822026904432,TRUE,TRUE,0.0385040246304643,0.961496261258195,1728
"Maryland",2025-02-15,"calendar","cumulative_nb",4178.92845595098,0,0.0338379715549891,TRUE,TRUE,0.0563985781477196,0.943602325514057,1728
"Maryland",2025-02-15,"calendar","hurdle_ztnb",692.130173250688,0,4.4308800472459e-05,TRUE,TRUE,0.013884764556809,0.986117219559567,1728
"Maryland",2025-02-15,"compressed","cumulative_poisson",2319.91043914911,0,0.876825958153761,TRUE,TRUE,0.0764827850693724,0.923517830601156,783
"Maryland",2025-02-15,"compressed","cumulative_nb",2335.60279613143,0,0.0605563555842071,TRUE,TRUE,0.0764709946613933,0.923529619573916,783
"Maryland",2025-02-15,"compressed","hurdle_ztnb",413.657031710207,0,0.0483353736058226,TRUE,TRUE,0.00898275437052437,0.991017286935745,783
"Maryland",2025-03-29,"calendar","cumulative_poisson",4822.14399302056,0,0.0885088764004017,TRUE,TRUE,0.0636068529401941,0.936394136114463,1890
"Maryland",2025-03-29,"calendar","cumulative_nb",4699.9177239757,0,0.0225320852534339,TRUE,TRUE,0.0629246362983075,0.937076344236499,1890
"Maryland",2025-03-29,"calendar","hurdle_ztnb",851.743586848304,0,0.000164707467262881,TRUE,TRUE,0.011787169304625,0.988217395812894,1890
"Maryland",2025-03-29,"compressed","cumulative_poisson",2899.64172737574,0,0.0605712490331433,TRUE,TRUE,0.0687574058926518,0.931243297693316,945
"Maryland",2025-03-29,"compressed","cumulative_nb",2915.93948035965,0,0.0682887556282089,TRUE,TRUE,0.0688164850500348,0.931184213239056,945
"Maryland",2025-03-29,"compressed","hurdle_ztnb",549.737442064135,0,0.000168643902191901,TRUE,TRUE,0.0120507779573422,0.98795161810715,945
"Maryland",2025-04-26,"calendar","cumulative_poisson",5188.83518156287,0,0.00826625009604611,TRUE,TRUE,0.0684671105573409,0.931537273676372,1998
"Maryland",2025-04-26,"calendar","cumulative_nb",5090.76177684127,0,0.00249734174206967,TRUE,TRUE,0.064578679802493,0.935423981575057,1998
"Maryland",2025-04-26,"calendar","hurdle_ztnb",912.053705454143,0,0.000346186896243716,TRUE,TRUE,0.0114032882114477,0.988600986930797,1998
"Maryland",2025-04-26,"compressed","cumulative_poisson",3280.79856360932,0,0.17824893252887,TRUE,TRUE,0.0671707266890347,0.932830433429671,1053
"Maryland",2025-04-26,"compressed","cumulative_nb",3297.81851544723,0,0.0352484901262324,TRUE,TRUE,0.0671514160497072,0.932849721951643,1053
"Maryland",2025-04-26,"compressed","hurdle_ztnb",600.597732740674,0,0.00424375197043592,TRUE,TRUE,0.0107471003040284,0.989254946402554,1053
"Maryland",2025-05-31,"calendar","cumulative_poisson",5667.50519081022,0,0.0981649717969959,TRUE,TRUE,0.0715283833841209,0.928480787272173,2133
"Maryland",2025-05-31,"calendar","cumulative_nb",5603.40895326098,0,0.0473198367534335,TRUE,TRUE,0.0670579958667933,0.932947844870283,2133
"Maryland",2025-05-31,"calendar","hurdle_ztnb",967.503284451074,0,0.00053391351266352,TRUE,TRUE,0.0103288924288701,0.989674395285829,2133
"Maryland",2025-05-31,"compressed","cumulative_poisson",3738.68144009638,0,0.0181284739848274,TRUE,TRUE,0.0682803278975767,0.931721634125527,1188
"Maryland",2025-05-31,"compressed","cumulative_nb",3756.55162470916,0,0.0483669172273753,TRUE,TRUE,0.0682727170976772,0.931729207925521,1188
"Maryland",2025-05-31,"compressed","hurdle_ztnb",648.264209861371,0,0.00184871172941159,TRUE,TRUE,0.0095566182370653,0.990445150808416,1188
"Massachusetts",2025-01-02,"calendar","cumulative_poisson",3659.26263903558,0,0.299570981542155,TRUE,TRUE,0.0551144156621014,0.944889403227787,1539
"Massachusetts",2025-01-02,"calendar","cumulative_nb",3674.82773735969,0,0.218198644429632,TRUE,TRUE,0.0456622733979002,0.954337734433792,1539
"Massachusetts",2025-01-02,"calendar","hurdle_ztnb",691.856751260389,0,0.00122320882220447,TRUE,TRUE,0.114655465233935,0.885368649151261,1539
"Massachusetts",2025-01-02,"compressed","cumulative_poisson",2371.01153129967,0,0.0491030378683944,TRUE,TRUE,0.09365633790033,0.906344738798212,648
"Massachusetts",2025-01-02,"compressed","cumulative_nb",2378.36630645173,0,0.0797471402954594,TRUE,TRUE,0.0927326273611048,0.907268338846165,648
"Massachusetts",2025-01-02,"compressed","hurdle_ztnb",792.1538892022,0,0.000357468776348457,TRUE,TRUE,0.130976287381166,0.869343150189607,648
"Massachusetts",2025-02-15,"calendar","cumulative_poisson",5021.46550099836,0,0.242969120958821,TRUE,TRUE,0.0634965097097122,0.936503612531589,1728
"Massachusetts",2025-02-15,"calendar","cumulative_nb",4651.74535121221,0,0.0857044226266049,TRUE,TRUE,0.0584104700242935,0.94158955372307,1728
"Massachusetts",2025-02-15,"calendar","hurdle_ztnb",817.9953543686,0,0.00190099259027864,TRUE,TRUE,0.0830115357660287,0.917010017155098,1728
"Massachusetts",2025-02-15,"compressed","cumulative_poisson",2906.78112375489,0,9.01491901925668,TRUE,TRUE,0.085988083469693,0.914020853274593,783
"Massachusetts",2025-02-15,"compressed","cumulative_nb",2918.75974142285,0,1.58362618621785,TRUE,TRUE,0.0845927943984364,0.915414698917582,783
"Massachusetts",2025-02-15,"compressed","hurdle_ztnb",882.833414773605,0,0.00156289468857523,TRUE,TRUE,0.0947790007943106,0.905404634966517,783
"Massachusetts",2025-03-29,"calendar","cumulative_poisson",5553.11796902507,0,0.831380692952836,TRUE,TRUE,0.0404731574733714,0.959526846142931,1890
"Massachusetts",2025-03-29,"calendar","cumulative_nb",5183.36570526912,0,0.138663824753595,TRUE,TRUE,0.0426490798767168,0.957350922666043,1890
"Massachusetts",2025-03-29,"calendar","hurdle_ztnb",937.280940115209,0,0.00141086421793801,TRUE,TRUE,0.0607004047590735,0.939315794696235,1890
"Massachusetts",2025-03-29,"compressed","cumulative_poisson",3570.18467844644,0,0.172051762901149,TRUE,TRUE,0.0889504173541091,0.911073747768353,945
"Massachusetts",2025-03-29,"compressed","cumulative_nb",3583.17820794175,0,0.327594516420122,TRUE,TRUE,0.0880834545391087,0.911937872363809,945
"Massachusetts",2025-03-29,"compressed","hurdle_ztnb",994.254756652597,0,0.000205244803245463,TRUE,TRUE,0.0750002027711564,0.925134310439091,945
"Massachusetts",2025-04-26,"calendar","cumulative_poisson",5942.30755620648,0,0.0820075854813331,TRUE,TRUE,0.0335226889811223,0.966479619321842,1998
"Massachusetts",2025-04-26,"calendar","cumulative_nb",5610.55442319953,0,0.292648262855674,TRUE,TRUE,0.0352781139096794,0.964721887104555,1998
"Massachusetts",2025-04-26,"calendar","hurdle_ztnb",994.744421992578,0,0.000419947859052222,TRUE,TRUE,0.0537181697317789,0.946295513689944,1998
"Massachusetts",2025-04-26,"compressed","cumulative_poisson",3984.55752366717,0,0.261351288983891,TRUE,TRUE,0.0894190698021954,0.910606905336086,1053
"Massachusetts",2025-04-26,"compressed","cumulative_nb",4000.02795209112,0,0.131023569085091,TRUE,TRUE,0.0888529096476392,0.911171420549799,1053
"Massachusetts",2025-04-26,"compressed","hurdle_ztnb",1053.44394784107,0,0.00017594967232859,TRUE,TRUE,0.0713775283143823,0.928753363215132,1053
"Massachusetts",2025-05-31,"calendar","cumulative_poisson",6457.02458706359,0,0.21880144957648,TRUE,TRUE,0.09906036010382,0.900973845530981,2133
"Massachusetts",2025-05-31,"calendar","cumulative_nb",6180.17659497581,0,0.463780639486695,TRUE,TRUE,0.0691881367245134,0.930825647566588,2133
"Massachusetts",2025-05-31,"calendar","hurdle_ztnb",1040.58488493141,0,0.000688198951483088,TRUE,TRUE,0.0455020411487435,0.954508155744897,2133
"Massachusetts",2025-05-31,"compressed","cumulative_poisson",4478.66424076899,0,0.33370650825058,TRUE,TRUE,0.0834418014726359,0.91658008756639,1188
"Massachusetts",2025-05-31,"compressed","cumulative_nb",4495.94071916561,0,0.106731243611304,TRUE,TRUE,0.08334808763011,0.916672989906706,1188
"Massachusetts",2025-05-31,"compressed","hurdle_ztnb",1102.89860246787,0,0.000332799875809112,TRUE,TRUE,0.0610226188309569,0.939077499106727,1188
"Michigan",2025-01-02,"calendar","cumulative_poisson",5530.86128296628,0,0.137343811479366,TRUE,TRUE,0.110422357164316,0.889579833924428,1539
"Michigan",2025-01-02,"calendar","cumulative_nb",5549.60522081692,0,0.0961990879056438,TRUE,TRUE,0.110006013018796,0.889996137274754,1539
"Michigan",2025-01-02,"calendar","hurdle_ztnb",1005.02347678222,0,0.000768180645735084,TRUE,TRUE,0.0478020225766052,0.95221099275299,1539
"Michigan",2025-01-02,"compressed","cumulative_poisson",2367.45569966031,0,0.0623941068179369,TRUE,TRUE,0.239269392125683,0.760843287767205,648
"Michigan",2025-01-02,"compressed","cumulative_nb",2371.91672459402,0,0.0580827522598162,TRUE,TRUE,0.193295418370322,0.806760442938219,648
"Michigan",2025-01-02,"compressed","hurdle_ztnb",833.323837727584,0,0.00144471432198853,TRUE,TRUE,0.0708529958976771,0.929241926946907,648
"Michigan",2025-02-15,"calendar","cumulative_poisson",7241.76242265351,0,0.122645027353989,TRUE,TRUE,0.0295680473618444,0.970431977543928,1728
"Michigan",2025-02-15,"calendar","cumulative_nb",6968.44623846082,0,0.044757436171375,TRUE,TRUE,0.0794793590597735,0.920540138872521,1728
"Michigan",2025-02-15,"calendar","hurdle_ztnb",1259.5566951602,0,0.000855592171886743,TRUE,TRUE,0.0582366004971571,0.941798429322898,1728
"Michigan",2025-02-15,"compressed","cumulative_poisson",2999.28363113268,0,0.929137898987553,TRUE,TRUE,0.363692366530598,0.636846543780232,783
"Michigan",2025-02-15,"compressed","cumulative_nb",2993.26459119518,0,0.0280596285488156,TRUE,TRUE,0.299032796637256,0.701258212671274,783
"Michigan",2025-02-15,"compressed","hurdle_ztnb",978.241785425525,0,0.0038341294235774,TRUE,TRUE,0.0793708810313578,0.92074442266325,783
"Michigan",2025-03-29,"calendar","cumulative_poisson",7919.46158638739,0,0.0285403123296557,TRUE,TRUE,0.0899501800879405,0.910052040798877,1890
"Michigan",2025-03-29,"calendar","cumulative_nb",7633.97053663336,0,0.0867739367792335,TRUE,TRUE,0.0790405210568719,0.920972637320471,1890
"Michigan",2025-03-29,"calendar","hurdle_ztnb",1426.3873044736,0,0.000192981799615688,TRUE,TRUE,0.0414772832986725,0.958543396634672,1890
"Michigan",2025-03-29,"compressed","cumulative_poisson",3721.23284077935,0,1.39348706981669,TRUE,TRUE,0.409243768856219,0.591663935902717,945
"Michigan",2025-03-29,"compressed","cumulative_nb",3720.84841895647,0,0.165154947023179,TRUE,TRUE,0.369503832444308,0.631146226426003,945
"Michigan",2025-03-29,"compressed","hurdle_ztnb",1142.57973259044,0,0.00833792687412976,TRUE,TRUE,0.052760839313125,0.947304098984946,945
"Michigan",2025-04-26,"calendar","cumulative_poisson",8340.76786334185,0,0.0782724163755086,TRUE,TRUE,0.0817825683400083,0.918218231948797,1998
"Michigan",2025-04-26,"calendar","cumulative_nb",8100.38487065693,0,0.047638480910459,TRUE,TRUE,0.0754332673315486,0.924575403750871,1998
"Michigan",2025-04-26,"calendar","hurdle_ztnb",1488.00303989727,0,0.000519515586578491,TRUE,TRUE,0.0345512632430612,0.965463364936528,1998
"Michigan",2025-04-26,"compressed","cumulative_poisson",4173.50134916155,0,0.184849307896147,TRUE,TRUE,0.402219913239492,0.598708907040072,1053
"Michigan",2025-04-26,"compressed","cumulative_nb",4178.95486309063,0,0.309038598615566,TRUE,TRUE,0.373927106225398,0.626797784975196,1053
"Michigan",2025-04-26,"compressed","hurdle_ztnb",1202.93604094914,0,0.00264469486075497,TRUE,TRUE,0.0438415951212863,0.956208075397651,1053
"Michigan",2025-05-31,"calendar","cumulative_poisson",8876.67583806364,0,0.100829477087284,TRUE,TRUE,0.077239391090778,0.922761143492797,2133
"Michigan",2025-05-31,"calendar","cumulative_nb",8696.49475253458,0,0.0829159443511351,TRUE,TRUE,0.0721159682824542,0.927889647442343,2133
"Michigan",2025-05-31,"calendar","hurdle_ztnb",1564.33706330195,0,0.00148589218768991,TRUE,TRUE,0.0327209729415271,0.96729281876031,2133
"Michigan",2025-05-31,"compressed","cumulative_poisson",4714.74060646686,0,0.44911389924483,TRUE,TRUE,0.367092046541623,0.633668005995967,1188
"Michigan",2025-05-31,"compressed","cumulative_nb",4723.81094690955,0,0.0218654956243545,TRUE,TRUE,0.348601637713145,0.652028377627199,1188
"Michigan",2025-05-31,"compressed","hurdle_ztnb",1270.37368221391,0,0.000399894206268014,TRUE,TRUE,0.0383020826885227,0.961736421184222,1188
"Minnesota",2025-01-02,"calendar","cumulative_poisson",3132.27444832939,0,0.21058031607537,TRUE,TRUE,0.0722556683508734,0.927745268072253,1539
"Minnesota",2025-01-02,"calendar","cumulative_nb",3146.97652387699,0,0.545473178889368,TRUE,TRUE,0.0724719378116409,0.92752900469492,1539
"Minnesota",2025-01-02,"calendar","hurdle_ztnb",378.382842876516,0,0.00117161691550727,TRUE,TRUE,0.0156192041575747,0.984380859360659,1539
"Minnesota",2025-01-02,"compressed","cumulative_poisson",1792.45253020175,0,0.0478770137602241,TRUE,TRUE,0.0855461373204228,0.914455196234832,648
"Minnesota",2025-01-02,"compressed","cumulative_nb",1806.77216288536,0,0.56923029080459,TRUE,TRUE,0.0855895197845551,0.914411816175461,648
"Minnesota",2025-01-02,"compressed","hurdle_ztnb",246.565962176116,0,0.0907128210871457,TRUE,TRUE,0.0106871674637799,0.98931283321776,648
"Minnesota",2025-02-15,"calendar","cumulative_poisson",5509.09187666064,0,0.832321668290546,TRUE,TRUE,0.130427059883237,0.869572940116836,1728
"Minnesota",2025-02-15,"calendar","cumulative_nb",4147.39455956347,0,0.216469113104613,TRUE,TRUE,0.0798664477304053,0.92013364286223,1728
"Minnesota",2025-02-15,"calendar","hurdle_ztnb",647.528382297012,0,0.00116152459928753,TRUE,TRUE,0.0322542024446095,0.967752229085005,1728
"Minnesota",2025-02-15,"compressed","cumulative_poisson",2405.9838560365,0,0.385929009896628,TRUE,TRUE,0.166044905654869,0.833963351982227,783
"Minnesota",2025-02-15,"compressed","cumulative_nb",2397.3190674262,0,0.151917357748515,TRUE,TRUE,0.141131258939867,0.858873879498432,783
"Minnesota",2025-02-15,"compressed","hurdle_ztnb",446.322304044147,0,0.00671619759297709,TRUE,TRUE,0.0218175522009012,0.978183380234878,783
"Minnesota",2025-03-29,"calendar","cumulative_poisson",6152.91673430226,0,0.0976181540001864,TRUE,TRUE,0.125082392736479,0.874917610508578,1890
"Minnesota",2025-03-29,"calendar","cumulative_nb",4728.06641625921,0,0.0114693331859248,TRUE,TRUE,0.085848418599214,0.91415205024145,1890
"Minnesota",2025-03-29,"calendar","hurdle_ztnb",799.225955484281,0,0.00766264301334785,TRUE,TRUE,0.0168704140555686,0.983133189125505,1890
"Minnesota",2025-03-29,"compressed","cumulative_poisson",3037.97540765485,0,0.0580892754655401,TRUE,TRUE,0.132570713292549,0.86743182085942,945
"Minnesota",2025-03-29,"compressed","cumulative_nb",3028.56349570453,0,0.0376157845730091,TRUE,TRUE,0.124173772577302,0.875828371979046,945
"Minnesota",2025-03-29,"compressed","hurdle_ztnb",591.410966315771,0,0.000893623786929032,TRUE,TRUE,0.0126416217323496,0.987359409607229,945
"Minnesota",2025-04-26,"calendar","cumulative_poisson",6559.5979146032,0,0.0228460456265543,TRUE,TRUE,0.117867545676652,0.882132454346572,1998
"Minnesota",2025-04-26,"calendar","cumulative_nb",5168.82614991072,0,0.415051047035059,TRUE,TRUE,0.0875602339713818,0.9124408463749,1998
"Minnesota",2025-04-26,"calendar","hurdle_ztnb",832.413284541332,0,0.00489976396583414,TRUE,TRUE,0.0144684024044043,0.985534146122177,1998
"Minnesota",2025-04-26,"compressed","cumulative_poisson",3431.76878738708,0,0.0701360264698134,TRUE,TRUE,0.12812706245079,0.871875058351972,1053
"Minnesota",2025-04-26,"compressed","cumulative_nb",3426.37118597616,0,0.0491181302328844,TRUE,TRUE,0.121451726401588,0.878550003321615,1053
"Minnesota",2025-04-26,"compressed","hurdle_ztnb",621.447310773022,0,0.000513313761943746,TRUE,TRUE,0.011061139183934,0.988939667258921,1053
"Minnesota",2025-05-31,"calendar","cumulative_poisson",7050.5247428322,0,0.259765350828978,TRUE,TRUE,0.115769852208305,0.884230147793664,2133
"Minnesota",2025-05-31,"calendar","cumulative_nb",5725.1877182186,0,0.0803541546541371,TRUE,TRUE,0.0908724309938812,0.909129299925916,2133
"Minnesota",2025-05-31,"calendar","hurdle_ztnb",861.74029565576,0,0.00288190387264509,TRUE,TRUE,0.0132824838208117,0.986719539198582,2133
"Minnesota",2025-05-31,"compressed","cumulative_poisson",3891.2227389011,0,0.0571862958675402,TRUE,TRUE,0.126864265324382,0.873137883112668,1188
"Minnesota",2025-05-31,"compressed","cumulative_nb",3891.16346829087,0,0.0444987716576332,TRUE,TRUE,0.121075529224104,0.878926216035828,1188
"Minnesota",2025-05-31,"compressed","hurdle_ztnb",648.024862116304,0,0.000833685766512382,TRUE,TRUE,0.0104688177039528,0.989531897112463,1188
"Mississippi",2025-01-02,"calendar","cumulative_poisson",5157.82595621005,0,0.0413156646924791,TRUE,TRUE,0.101851727411803,0.898174054619627,1539
"Mississippi",2025-01-02,"calendar","cumulative_nb",5172.13288448902,0,0.106800120824498,TRUE,TRUE,0.102411169758356,0.897615286720753,1539
"Mississippi",2025-01-02,"calendar","hurdle_ztnb",751.417649904069,0,0.000383751983286773,TRUE,TRUE,0.0470873846145066,0.952918075770126,1539
"Mississippi",2025-01-02,"compressed","cumulative_poisson",1979.1700800031,0,0.0564157783323287,TRUE,TRUE,0.0907773054160254,0.909223277506762,648
"Mississippi",2025-01-02,"compressed","cumulative_nb",1993.52834587287,0,0.076806039894278,TRUE,TRUE,0.090664771414619,0.90933580709365,648
"Mississippi",2025-01-02,"compressed","hurdle_ztnb",521.884350323239,0,0.00035712138149525,TRUE,TRUE,0.0487580213072617,0.951254162667359,648
"Mississippi",2025-02-15,"calendar","cumulative_poisson",6219.43632052713,0,0.0131356443094301,TRUE,TRUE,0.125484631323574,0.87460584862924,1728
"Mississippi",2025-02-15,"calendar","cumulative_nb",6190.42572716875,0,0.0227643224178551,TRUE,TRUE,0.164668210510075,0.835571773071551,1728
"Mississippi",2025-02-15,"calendar","hurdle_ztnb",856.415762985914,0,0.000770042541324845,TRUE,TRUE,0.0445362000976106,0.955465751512659,1728
"Mississippi",2025-02-15,"compressed","cumulative_poisson",2422.63220099412,0,0.0974205162121856,TRUE,TRUE,0.0943441935510685,0.905657509333643,783
"Mississippi",2025-02-15,"compressed","cumulative_nb",2437.65119299515,0,0.113746478361664,TRUE,TRUE,0.0942047064452071,0.905796960610723,783
"Mississippi",2025-02-15,"compressed","hurdle_ztnb",586.599618388204,0,0.000328297726415266,TRUE,TRUE,0.0434430213908088,0.956566675864453,783
"Mississippi",2025-03-29,"calendar","cumulative_poisson",6725.2836887237,0,0.0460530686009857,TRUE,TRUE,0.131593725335026,0.868529768678408,1890
"Mississippi",2025-03-29,"calendar","cumulative_nb",6716.40544364404,0,0.196905974984843,TRUE,TRUE,0.166391061035282,0.833831611723598,1890
"Mississippi",2025-03-29,"calendar","hurdle_ztnb",977.860954602336,0,0.000576199380299069,TRUE,TRUE,0.0324817751260367,0.967519721634361,1890
"Mississippi",2025-03-29,"compressed","cumulative_poisson",2951.12884392315,0,0.0588785662144708,TRUE,TRUE,0.0932527772807092,0.906751871510524,945
"Mississippi",2025-03-29,"compressed","cumulative_nb",2966.95296447746,0,0.0554944356868479,TRUE,TRUE,0.0930881378678369,0.906916359634669,945
"Mississippi",2025-03-29,"compressed","hurdle_ztnb",683.085039129502,0,0.000450820933168394,TRUE,TRUE,0.0305336253175551,0.969473022286097,945
"Mississippi",2025-04-26,"calendar","cumulative_poisson",7059.65748927812,0,0.0497137557808405,TRUE,TRUE,0.136714199957742,0.863423314127498,1998
"Mississippi",2025-04-26,"calendar","cumulative_nb",7063.24653436157,0,0.0351994671671723,TRUE,TRUE,0.149600935853407,0.850577706527314,1998
"Mississippi",2025-04-26,"calendar","hurdle_ztnb",1022.59843310568,0,0.00184081953924831,TRUE,TRUE,0.0294688493129934,0.970532110251303,1998
"Mississippi",2025-04-26,"compressed","cumulative_poisson",3296.09688252488,0,0.026051213744459,TRUE,TRUE,0.0916430437047375,0.908359702536217,1053
"Mississippi",2025-04-26,"compressed","cumulative_nb",3312.42317319727,0,0.0456175291783417,TRUE,TRUE,0.0914929559994278,0.908509731896561,1053
"Mississippi",2025-04-26,"compressed","hurdle_ztnb",726.252943982756,0,0.00094881172662574,TRUE,TRUE,0.0267944408198462,0.973210824126028,1053
"Mississippi",2025-05-31,"calendar","cumulative_poisson",7493.67289399306,0,0.0989193053755757,TRUE,TRUE,0.129475316847768,0.870639471687604,2133
"Mississippi",2025-05-31,"calendar","cumulative_nb",7503.89549598055,0,0.0798553572465097,TRUE,TRUE,0.131732443718098,0.868392518669588,2133
"Mississippi",2025-05-31,"calendar","hurdle_ztnb",1076.35151712858,0,0.00026563679858764,TRUE,TRUE,0.0281593866106929,0.971841449040721,2133
"Mississippi",2025-05-31,"compressed","cumulative_poisson",3715.03471810912,0,0.0900469225533361,TRUE,TRUE,0.0869436072011502,0.913057875950562,1188
"Mississippi",2025-05-31,"compressed","cumulative_nb",3731.92292442899,0,0.220975294180905,TRUE,TRUE,0.0870156730237587,0.912985797943658,1188
"Mississippi",2025-05-31,"compressed","hurdle_ztnb",772.546154568815,0,0.000653348197126641,TRUE,TRUE,0.0258189804634055,0.974185956615957,1188
"Missouri",2025-01-02,"calendar","cumulative_poisson",4058.63007589403,0,0.196296044766076,TRUE,TRUE,0.0736650059311835,0.926336836326523,1539
"Missouri",2025-01-02,"calendar","cumulative_nb",4076.41381462367,0,0.0924086065281918,TRUE,TRUE,0.0736362907599356,0.926365549655301,1539
"Missouri",2025-01-02,"calendar","hurdle_ztnb",844.28441150386,0,0.000500477460743554,TRUE,TRUE,0.0353255480561869,0.964678672854451,1539
"Missouri",2025-01-02,"compressed","cumulative_poisson",2107.20284372668,0,0.072822717920295,TRUE,TRUE,0.0801013018885842,0.91990035369466,648
"Missouri",2025-01-02,"compressed","cumulative_nb",2123.60460504414,0,0.261693078762773,TRUE,TRUE,0.0801592793442232,0.919842369244764,648
"Missouri",2025-01-02,"compressed","hurdle_ztnb",510.81265740211,0,0.001536525349955,TRUE,TRUE,0.0173597261059662,0.982640658462211,648
"Missouri",2025-02-15,"calendar","cumulative_poisson",5654.32323718065,0,0.177653689975129,TRUE,TRUE,0.0351143251342891,0.964885684131695,1728
"Missouri",2025-02-15,"calendar","cumulative_nb",5311.00293118779,0,0.101968447508481,TRUE,TRUE,0.0578777634359867,0.942124326992445,1728
"Missouri",2025-02-15,"calendar","hurdle_ztnb",1048.0516622342,0,0.000135214641840117,TRUE,TRUE,0.0329532045206616,0.967052834804526,1728
"Missouri",2025-02-15,"compressed","cumulative_poisson",2675.83894875265,0,0.46263480533707,TRUE,TRUE,0.0673290416859823,0.932671929412101,783
"Missouri",2025-02-15,"compressed","cumulative_nb",2689.42585465225,0,0.080643169267323,TRUE,TRUE,0.0680099099368631,0.931990996396508,783
"Missouri",2025-02-15,"compressed","hurdle_ztnb",696.857258594125,0,0.00136615051542521,TRUE,TRUE,0.0196352538550982,0.980366452873577,783
"Missouri",2025-03-29,"calendar","cumulative_poisson",6355.09855956168,0,0.117168844022504,TRUE,TRUE,0.0222010965295669,0.977799913336692,1890
"Missouri",2025-03-29,"calendar","cumulative_nb",5921.54635862577,0,0.0292302889750182,TRUE,TRUE,0.0608089197185785,0.93919172448554,1890
"Missouri",2025-03-29,"calendar","hurdle_ztnb",1294.55078673765,0,0.000537768333274638,TRUE,TRUE,0.0265282086699862,0.973476589348677,1890
"Missouri",2025-03-29,"compressed","cumulative_poisson",3497.42297531538,0,0.0445429004736429,TRUE,TRUE,0.0301025199995608,0.969900557617784,945
"Missouri",2025-03-29,"compressed","cumulative_nb",3475.10830911478,0,0.0444675524149539,TRUE,TRUE,0.0259501615515422,0.97405175278162,945
"Missouri",2025-03-29,"compressed","hurdle_ztnb",925.298695362032,0,0.00168659600466825,TRUE,TRUE,0.0181255402805227,0.981876929123094,945
"Missouri",2025-04-26,"calendar","cumulative_poisson",6781.0546265608,0,0.0726675405863857,TRUE,TRUE,0.0601174302539873,0.939885498385445,1998
"Missouri",2025-04-26,"calendar","cumulative_nb",6371.4990691283,0,0.0431279758859854,TRUE,TRUE,0.0596632187025677,0.940337763249981,1998
"Missouri",2025-04-26,"calendar","hurdle_ztnb",1386.30855108097,0,0.000257563863668925,TRUE,TRUE,0.0255061773234922,0.974497730041152,1998
"Missouri",2025-04-26,"compressed","cumulative_poisson",3955.10543748598,0,0.160459598043111,TRUE,TRUE,0.0709746675268568,0.929029791104588,1053
"Missouri",2025-04-26,"compressed","cumulative_nb",3933.15665414435,0,0.0301460561635091,TRUE,TRUE,0.0186340335437735,0.981369450797794,1053
"Missouri",2025-04-26,"compressed","hurdle_ztnb",1014.30103726293,0,0.0005697043756816,TRUE,TRUE,0.0180995477151192,0.981902378540428,1053
"Missouri",2025-05-31,"calendar","cumulative_poisson",7304.23672540135,0,0.645511582446634,TRUE,TRUE,0.0350025103815832,0.964999433051751,2133
"Missouri",2025-05-31,"calendar","cumulative_nb",6952.74338404886,0,0.056397202464481,TRUE,TRUE,0.0590232657291119,0.940978197866981,2133
"Missouri",2025-05-31,"calendar","hurdle_ztnb",1467.7342693564,0,0.000350067365125106,TRUE,TRUE,0.0264985573214001,0.973504207073616,2133
"Missouri",2025-05-31,"compressed","cumulative_poisson",4472.0057073837,0,0.0313545808540847,TRUE,TRUE,0.0606896107950209,0.93931225463232,1188
"Missouri",2025-05-31,"compressed","cumulative_nb",4463.03490164371,0,0.214549977145049,TRUE,TRUE,0.0615667297620846,0.93843475828955,1188
"Missouri",2025-05-31,"compressed","hurdle_ztnb",1093.00637967889,0,0.000133020597737121,TRUE,TRUE,0.0190206817167274,0.980980738102727,1188
"Montana",2025-01-02,"calendar","cumulative_poisson",2273.27519989222,0,0.00518627245222936,TRUE,TRUE,0.0713190158462663,0.928682554804976,1539
"Montana",2025-01-02,"calendar","cumulative_nb",2286.06400209686,0,0.0206689712414718,TRUE,TRUE,0.0713270424409166,0.928674528030149,1539
"Montana",2025-01-02,"calendar","hurdle_ztnb",432.212495974172,0,0.0150020241579057,TRUE,TRUE,0.036670378824743,0.963334847090534,1539
"Montana",2025-01-02,"compressed","cumulative_poisson",1392.22306915219,0,0.00754923227541299,TRUE,TRUE,0.0717271808094347,0.928274404274866,648
"Montana",2025-01-02,"compressed","cumulative_nb",1404.05054033627,0,0.00999382960231887,TRUE,TRUE,0.0717613958331638,0.928240175228654,648
"Montana",2025-01-02,"compressed","hurdle_ztnb",289.795120110479,0,0.000156515586396289,TRUE,TRUE,0.0411812726030543,0.958820886037699,648
"Montana",2025-02-15,"calendar","cumulative_poisson",2622.95656093305,0,0.00454300908806138,TRUE,TRUE,0.0620117056247209,0.937989111345565,1728
"Montana",2025-02-15,"calendar","cumulative_nb",2635.18377584154,0,0.0212587714198009,TRUE,TRUE,0.062233483886786,0.937767313495297,1728
"Montana",2025-02-15,"calendar","hurdle_ztnb",533.393162360709,0,0.016333261128253,TRUE,TRUE,0.0383800575935329,0.961624381552403,1728
"Montana",2025-02-15,"compressed","cumulative_poisson",1753.71451802626,0,0.095231667127885,TRUE,TRUE,0.0689944880466919,0.931006740337949,783
"Montana",2025-02-15,"compressed","cumulative_nb",1766.22660451673,0,0.0699973340188477,TRUE,TRUE,0.0690489151570751,0.930952301862477,783
"Montana",2025-02-15,"compressed","hurdle_ztnb",353.82229894452,0,0.0014896673851208,TRUE,TRUE,0.0323072552855115,0.967693762272196,783
"Montana",2025-03-29,"calendar","cumulative_poisson",2948.44656577068,0,0.00208948495045013,TRUE,TRUE,0.0650146284691903,0.934986113060859,1890
"Montana",2025-03-29,"calendar","cumulative_nb",2961.26862607364,0,0.0286603505143046,TRUE,TRUE,0.0650218249295429,0.934978912908096,1890
"Montana",2025-03-29,"calendar","hurdle_ztnb",642.790983548675,0,0.000621086596751894,TRUE,TRUE,0.0409209447888807,0.959082900086059,1890
"Montana",2025-03-29,"compressed","cumulative_poisson",2194.33895229308,0,0.00797250086693435,TRUE,TRUE,0.0680361727375294,0.931965065562168,945
"Montana",2025-03-29,"compressed","cumulative_nb",2207.62789145176,0,0.0172613191907279,TRUE,TRUE,0.0680491462547797,0.93195208072244,945
"Montana",2025-03-29,"compressed","hurdle_ztnb",455.240397307105,0,0.000567971386802865,TRUE,TRUE,0.0318189148257864,0.96818255178451,945
"Montana",2025-04-26,"calendar","cumulative_poisson",3205.32305002037,0,0.104402850084989,TRUE,TRUE,0.0661623104872847,0.933838831682799,1998
"Montana",2025-04-26,"calendar","cumulative_nb",3218.67813454118,0,0.0246534328438299,TRUE,TRUE,0.0661636768538188,0.933837460156238,1998
"Montana",2025-04-26,"calendar","hurdle_ztnb",679.477266000681,0,0.000695307573679749,TRUE,TRUE,0.0369255968975822,0.963076669777413,1998
"Montana",2025-04-26,"compressed","cumulative_poisson",2485.93870524986,0,0.106228161074659,TRUE,TRUE,0.0682952399273426,0.931706062431067,1053
"Montana",2025-04-26,"compressed","cumulative_nb",2499.70669982378,0,0.0083185833361632,TRUE,TRUE,0.0683085278476706,0.931692763622028,1053
"Montana",2025-04-26,"compressed","hurdle_ztnb",487.597996415143,0,0.000209123084850438,TRUE,TRUE,0.0279899456848619,0.972010970878206,1053
"Montana",2025-05-31,"calendar","cumulative_poisson",3562.1838893747,0,0.022429538251878,TRUE,TRUE,0.0672616369290203,0.932738668529861,2133
"Montana",2025-05-31,"calendar","cumulative_nb",3575.96778131646,0,0.030508600867396,TRUE,TRUE,0.067241595236968,0.932758711706733,2133
"Montana",2025-05-31,"calendar","hurdle_ztnb",940.339301610208,0,0.0603466606381387,TRUE,TRUE,0.0665417435840217,0.933702748239222,2133
"Montana",2025-05-31,"compressed","cumulative_poisson",2841.73817141261,0,0.279507401821324,TRUE,TRUE,0.0702607904051335,0.92973970354199,1188
"Montana",2025-05-31,"compressed","cumulative_nb",2855.86225972104,0,0.11914985029915,TRUE,TRUE,0.0702168990008907,0.929783595326589,1188
"Montana",2025-05-31,"compressed","hurdle_ztnb",720.027578129706,0,0.000313545284890582,TRUE,TRUE,0.0597330120861281,0.940385076154295,1188
"Nebraska",2025-01-02,"calendar","cumulative_poisson",2500.02854993083,0,0.0134330808032207,TRUE,TRUE,0.0757902547107973,0.924210763622598,1539
"Nebraska",2025-01-02,"calendar","cumulative_nb",2512.98349828417,0,0.0224346661468482,TRUE,TRUE,0.0757576142688138,0.924243404257893,1539
"Nebraska",2025-01-02,"calendar","hurdle_ztnb",432.596536467212,0,0.00905323577497771,TRUE,TRUE,0.0342719275603408,0.965729377687686,1539
"Nebraska",2025-01-02,"compressed","cumulative_poisson",1560.17854091635,0,0.0397033940301259,TRUE,TRUE,0.0816159109696859,0.918385120010878,648
"Nebraska",2025-01-02,"compressed","cumulative_nb",1571.65776969592,0,0.0152217375281686,TRUE,TRUE,0.0816032598007281,0.918397774461032,648
"Nebraska",2025-01-02,"compressed","hurdle_ztnb",338.044270001487,0,0.00131565547775292,TRUE,TRUE,0.0395029145209734,0.96049906770104,648
"Nebraska",2025-02-15,"calendar","cumulative_poisson",3041.54060811012,0,0.0844591685755465,TRUE,TRUE,0.0664127107278321,0.933587721309798,1728
"Nebraska",2025-02-15,"calendar","cumulative_nb",3049.5589210922,0,0.0470247645993923,TRUE,TRUE,0.067214640604894,0.932785718982212,1728
"Nebraska",2025-02-15,"calendar","hurdle_ztnb",553.633310866169,0,0.000522286252249649,TRUE,TRUE,0.0351247900354308,0.964875578782109,1728
"Nebraska",2025-02-15,"compressed","cumulative_poisson",1957.64527311628,0,0.0381064761502459,TRUE,TRUE,0.0804987672170581,0.919502000936471,783
"Nebraska",2025-02-15,"compressed","cumulative_nb",1970.255107368,0,0.0614678941890655,TRUE,TRUE,0.0805041814641824,0.919496591160264,783
"Nebraska",2025-02-15,"compressed","hurdle_ztnb",398.704763934612,0,0.0106419619695405,TRUE,TRUE,0.0246139838440027,0.97538741003216,783
"Nebraska",2025-03-29,"calendar","cumulative_poisson",3438.35909468745,0,0.0239140469818981,TRUE,TRUE,0.0661693098146595,0.933831615095825,1890
"Nebraska",2025-03-29,"calendar","cumulative_nb",3448.47159428579,0,0.0338675428323766,TRUE,TRUE,0.0661243449924933,0.933876519525161,1890
"Nebraska",2025-03-29,"calendar","hurdle_ztnb",705.386429290679,0,0.000180441079666971,TRUE,TRUE,0.0194340934043476,0.980567444310434,1890
"Nebraska",2025-03-29,"compressed","cumulative_poisson",2461.41991190908,0,0.0176123078809445,TRUE,TRUE,0.0755831398495185,0.924417427835439,945
"Nebraska",2025-03-29,"compressed","cumulative_nb",2475.33568047667,0,0.0201039670241212,TRUE,TRUE,0.0756510724887082,0.924349494926986,945
"Nebraska",2025-03-29,"compressed","hurdle_ztnb",531.608574069476,0,0.000325029145041955,TRUE,TRUE,0.0209000948845088,0.97910239013192,945
"Nebraska",2025-04-26,"calendar","cumulative_poisson",3736.72388926561,0,0.0548584769279082,TRUE,TRUE,0.0686959567333763,0.931306418279843,1998
"Nebraska",2025-04-26,"calendar","cumulative_nb",3748.23747663827,0,0.0870767877561749,TRUE,TRUE,0.0685665525788738,0.93143571116717,1998
"Nebraska",2025-04-26,"calendar","hurdle_ztnb",736.676502065092,0,0.000368820803630612,TRUE,TRUE,0.01844848100669,0.981552492566637,1998
"Nebraska",2025-04-26,"compressed","cumulative_poisson",2788.99639804853,0,0.0474050178409906,TRUE,TRUE,0.0735511072214113,0.926449551265631,1053
"Nebraska",2025-04-26,"compressed","cumulative_nb",2803.59634804995,0,0.0683207495003231,TRUE,TRUE,0.0736445575244973,0.926356099803609,1053
"Nebraska",2025-04-26,"compressed","hurdle_ztnb",559.514745468088,0,0.0001302861451693,TRUE,TRUE,0.0189374512133302,0.981064149967184,1053
"Nebraska",2025-05-31,"calendar","cumulative_poisson",4125.2429628044,0,0.0717482096852164,TRUE,TRUE,0.0701437034868132,0.929859858203419,2133
"Nebraska",2025-05-31,"calendar","cumulative_nb",4138.09956187279,0,0.0433679278287417,TRUE,TRUE,0.0700299095955112,0.929973549059798,2133
"Nebraska",2025-05-31,"calendar","hurdle_ztnb",768.544304475507,0,0.000438074405907263,TRUE,TRUE,0.0172234693272225,0.982777225902792,2133
"Nebraska",2025-05-31,"compressed","cumulative_poisson",3172.21654937291,0,0.0286339256205459,TRUE,TRUE,0.072799526422871,0.927201256317036,1188
"Nebraska",2025-05-31,"compressed","cumulative_nb",3187.45922019457,0,0.0196832584159333,TRUE,TRUE,0.0728242319194722,0.927176547681172,1188
"Nebraska",2025-05-31,"compressed","hurdle_ztnb",588.616629368495,0,0.000265654015023709,TRUE,TRUE,0.0178146869500139,0.982186711360139,1188
"Nevada",2025-01-02,"calendar","cumulative_poisson",2931.46136786038,0,0.139083326462647,TRUE,TRUE,0.0734499692279317,0.926550505978133,1539
"Nevada",2025-01-02,"calendar","cumulative_nb",2945.02661228872,0,0.1600474475646,TRUE,TRUE,0.073327917370129,0.926672554530247,1539
"Nevada",2025-01-02,"calendar","hurdle_ztnb",611.774114527788,0,0.00116665400346548,TRUE,TRUE,0.0568580439518032,0.943154185957119,1539
"Nevada",2025-01-02,"compressed","cumulative_poisson",1776.86026447172,0,0.0621197401456162,TRUE,TRUE,0.0913537642371972,0.908647053280206,648
"Nevada",2025-01-02,"compressed","cumulative_nb",1789.81670400877,0,0.415231742343442,TRUE,TRUE,0.0912635282260237,0.908737285264431,648
"Nevada",2025-01-02,"compressed","hurdle_ztnb",486.615154398811,0,0.0785693619924096,TRUE,TRUE,0.052221806814836,0.94779999283331,648
"Nevada",2025-02-15,"calendar","cumulative_poisson",3729.91982285526,0,0.0740593973720284,TRUE,TRUE,0.0372114937271853,0.962788575144031,1728
"Nevada",2025-02-15,"calendar","cumulative_nb",3679.67337166196,0,0.122258937835637,TRUE,TRUE,0.0690681663923599,0.930932374651271,1728
"Nevada",2025-02-15,"calendar","hurdle_ztnb",774.777327869705,0,0.000189649107912526,TRUE,TRUE,0.0462890095451272,0.953728795153576,1728
"Nevada",2025-02-15,"compressed","cumulative_poisson",2206.15528414086,0,0.0279671375504851,TRUE,TRUE,0.0806980553614978,0.919302698405863,783
"Nevada",2025-02-15,"compressed","cumulative_nb",2219.78569128434,0,0.00486122101718585,TRUE,TRUE,0.080753463716051,0.919247279037848,783
"Nevada",2025-02-15,"compressed","hurdle_ztnb",585.259691419666,0,0.00946016307155328,TRUE,TRUE,0.0514315902169453,0.948601905569938,783
"Nevada",2025-03-29,"calendar","cumulative_poisson",4186.19832821708,0,0.0863047125352198,TRUE,TRUE,0.0632286253924114,0.936771649992092,1890
"Nevada",2025-03-29,"calendar","cumulative_nb",4149.36883189054,0,0.230270225253316,TRUE,TRUE,0.062756229964613,0.937244214396396,1890
"Nevada",2025-03-29,"calendar","hurdle_ztnb",880.105353543997,0,0.000601668730357663,TRUE,TRUE,0.037596462769007,0.96241601698741,1890
"Nevada",2025-03-29,"compressed","cumulative_poisson",2710.63690569362,0,0.160126019645942,TRUE,TRUE,0.0738989295646501,0.926101665029738,945
"Nevada",2025-03-29,"compressed","cumulative_nb",2725.16561539728,0,0.00839979277673442,TRUE,TRUE,0.0739254569529042,0.926075134161109,945
"Nevada",2025-03-29,"compressed","hurdle_ztnb",685.904788889821,0,0.00213710543184287,TRUE,TRUE,0.0422327357582124,0.957798036019961,945
"Nevada",2025-04-26,"calendar","cumulative_poisson",4525.44024991295,0,0.337531662660072,TRUE,TRUE,0.0679427362518032,0.932058244053091,1998
"Nevada",2025-04-26,"calendar","cumulative_nb",4503.10325119315,0,0.072583840023222,TRUE,TRUE,0.0654666556889211,0.934534495000559,1998
"Nevada",2025-04-26,"calendar","hurdle_ztnb",918.735431619382,0,0.0004359458384387,TRUE,TRUE,0.0346169003069641,0.965392083678464,1998
"Nevada",2025-04-26,"compressed","cumulative_poisson",3045.87112769084,0,0.0434746033214143,TRUE,TRUE,0.0718030955164015,0.928197557411367,1053
"Nevada",2025-04-26,"compressed","cumulative_nb",3060.96227037474,0,0.206513122135696,TRUE,TRUE,0.0718333019511458,0.928167347631726,1053
"Nevada",2025-04-26,"compressed","hurdle_ztnb",722.338750958856,0,0.000913280642116043,TRUE,TRUE,0.0372550170805192,0.962766542382862,1053
"Nevada",2025-05-31,"calendar","cumulative_poisson",4958.03178115124,0,0.144708318271013,TRUE,TRUE,0.0714408276245571,0.928560880026358,2133
"Nevada",2025-05-31,"calendar","cumulative_nb",4950.71981626302,0,0.12570161717992,TRUE,TRUE,0.0686089405694434,0.931392895862753,2133
"Nevada",2025-05-31,"calendar","hurdle_ztnb",958.046640868798,0,0.000285674001055725,TRUE,TRUE,0.0320962172599063,0.967910673665691,2133
"Nevada",2025-05-31,"compressed","cumulative_poisson",3458.95266962055,0,0.0914356425912808,TRUE,TRUE,0.0708232414687651,0.929177546466108,1188
"Nevada",2025-05-31,"compressed","cumulative_nb",3474.57403766694,0,0.0809349415106708,TRUE,TRUE,0.070889167974679,0.929111616245692,1188
"Nevada",2025-05-31,"compressed","hurdle_ztnb",758.399516892758,0,0.000377284214241769,TRUE,TRUE,0.0341712994904369,0.965845457173677,1188
"New Hampshire",2025-01-02,"calendar","cumulative_poisson",2101.61904200875,0,0.0892592988425238,TRUE,TRUE,0.0715841412766135,0.928416410530879,1539
"New Hampshire",2025-01-02,"calendar","cumulative_nb",2113.11345600383,0,0.0433473359988136,TRUE,TRUE,0.0715933220559657,0.928407228661389,1539
"New Hampshire",2025-01-02,"calendar","hurdle_ztnb",271.925389728526,0,0.00332782951205909,TRUE,TRUE,0.0146633084828013,0.985336694229811,1539
"New Hampshire",2025-01-02,"compressed","cumulative_poisson",1300.08581901684,0,0.00197568256726322,TRUE,TRUE,0.0829296417495087,0.917071285168688,648
"New Hampshire",2025-01-02,"compressed","cumulative_nb",1310.5287692907,0,0.00890132395213224,TRUE,TRUE,0.0828778059226816,0.917123124382282,648
"New Hampshire",2025-01-02,"compressed","hurdle_ztnb",207.122852847586,0,0.00224518081146946,TRUE,TRUE,0.0179535482945921,0.982049034448477,648
"New Hampshire",2025-02-15,"calendar","cumulative_poisson",2782.14476146569,0,0.226230658211677,TRUE,TRUE,0.177871698726061,0.822128301273947,1728
"New Hampshire",2025-02-15,"calendar","cumulative_nb",2664.77244960541,0,0.047982801399554,TRUE,TRUE,0.125342680235715,0.874657319854356,1728
"New Hampshire",2025-02-15,"calendar","hurdle_ztnb",452.066114081533,0,0.00138753625256399,TRUE,TRUE,0.0863266290375813,0.913682223852082,1728
"New Hampshire",2025-02-15,"compressed","cumulative_poisson",1668.97933585923,0,0.0668731947003167,TRUE,TRUE,0.0719845592997777,0.928016598810159,783
"New Hampshire",2025-02-15,"compressed","cumulative_nb",1680.16327739437,0,0.0438596390901239,TRUE,TRUE,0.0723389495281798,0.927662192410896,783
"New Hampshire",2025-02-15,"compressed","hurdle_ztnb",310.820130550049,0,0.023192555850869,TRUE,TRUE,0.0272696913412225,0.972733768689655,783
"New Hampshire",2025-03-29,"calendar","cumulative_poisson",3237.1782485261,0,0.126870435616117,TRUE,TRUE,0.109367755897532,0.890632244304443,1890
"New Hampshire",2025-03-29,"calendar","cumulative_nb",3087.83937285061,0,0.143749363482653,TRUE,TRUE,0.0940441580993475,0.905955843111287,1890
"New Hampshire",2025-03-29,"calendar","hurdle_ztnb",643.745724851777,0,0.000218880476826916,TRUE,TRUE,0.0320716301765079,0.967962298703801,1890
"New Hampshire",2025-03-29,"compressed","cumulative_poisson",2171.39276411783,0,0.00729626117823906,TRUE,TRUE,0.0607677741328698,0.939233048107401,945
"New Hampshire",2025-03-29,"compressed","cumulative_nb",2182.80740519278,0,0.0417094463958486,TRUE,TRUE,0.0609098599981688,0.93909093742223,945
"New Hampshire",2025-03-29,"compressed","hurdle_ztnb",490.374643754768,0,0.075502367721064,TRUE,TRUE,0.0478853721498105,0.952189033071901,945
"New Hampshire",2025-04-26,"calendar","cumulative_poisson",3613.87600173174,0,0.0370902634355237,TRUE,TRUE,0.0970215649343689,0.902978441639709,1998
"New Hampshire",2025-04-26,"calendar","cumulative_nb",3446.82792809399,0,0.038886332815235,TRUE,TRUE,0.0857269302887768,0.91427310917816,1998
"New Hampshire",2025-04-26,"calendar","hurdle_ztnb",691.331572457996,0,0.000837674838915503,TRUE,TRUE,0.0357602050591972,0.964266465617085,1998
"New Hampshire",2025-04-26,"compressed","cumulative_poisson",2538.76388627616,0,0.00262847647770225,TRUE,TRUE,0.067314960263686,0.932688430665732,1053
"New Hampshire",2025-04-26,"compressed","cumulative_nb",2549.91361065582,0,0.00754712057767493,TRUE,TRUE,0.067397739190313,0.932605605378134,1053
"New Hampshire",2025-04-26,"compressed","hurdle_ztnb",537.111674098593,0,0.000148086907128475,TRUE,TRUE,0.043544250682886,0.956501444225816,1053
"New Hampshire",2025-05-31,"calendar","cumulative_poisson",4014.96314566859,0,0.152779469670785,TRUE,TRUE,0.126126541844511,0.873874188394782,2133
"New Hampshire",2025-05-31,"calendar","cumulative_nb",3871.11011849582,0,0.10233765049632,TRUE,TRUE,0.091428778890039,0.908571302974792,2133
"New Hampshire",2025-05-31,"calendar","hurdle_ztnb",715.84079961775,0,0.00410948706208336,TRUE,TRUE,0.0325013756477091,0.967517021288293,2133
"New Hampshire",2025-05-31,"compressed","cumulative_poisson",2915.59736038145,0,0.213248961665434,TRUE,TRUE,0.067911858694495,0.932092281078418,1188
"New Hampshire",2025-05-31,"compressed","cumulative_nb",2927.73944272158,0,0.0328790936822038,TRUE,TRUE,0.0680986782126209,0.931905444548604,1188
"New Hampshire",2025-05-31,"compressed","hurdle_ztnb",560.147223714676,0,0.0002672190156967,TRUE,TRUE,0.0385100529240058,0.961521532535819,1188
"New Jersey",2025-01-02,"calendar","cumulative_poisson",6600.92107421043,0,0.0398399963881719,TRUE,TRUE,0.110559838192392,0.889460652328938,1539
"New Jersey",2025-01-02,"calendar","cumulative_nb",6778.29272971393,0,0.0133182524409788,TRUE,TRUE,0.387801228288174,0.614109969392648,1539
"New Jersey",2025-01-02,"calendar","hurdle_ztnb",700.753993026129,0,0.00721803968776663,TRUE,TRUE,0.0248955513473941,0.975105334814726,1539
"New Jersey",2025-01-02,"compressed","cumulative_poisson",2169.5364289364,0,0.135270255679622,TRUE,TRUE,0.0885864057915667,0.911414927502697,648
"New Jersey",2025-01-02,"compressed","cumulative_nb",2187.04711555084,0,0.0272833069309527,TRUE,TRUE,0.0884730896127356,0.911528246378487,648
"New Jersey",2025-01-02,"compressed","hurdle_ztnb",430.091038921132,0,0.0168151450504047,TRUE,TRUE,0.0173003641824084,0.98269981032451,648
"New Jersey",2025-02-15,"calendar","cumulative_poisson",9533.82410039662,0,0.238814472728372,TRUE,TRUE,0.12766694759273,0.872439015705452,1728
"New Jersey",2025-02-15,"calendar","cumulative_nb",7639.82967112507,0,0.013005352860233,TRUE,TRUE,0.51807718906912,0.485505497748307,1728
"New Jersey",2025-02-15,"calendar","hurdle_ztnb",835.223896476488,0,0.0011006841445127,TRUE,TRUE,0.0302002208563318,0.969800095995958,1728
"New Jersey",2025-02-15,"compressed","cumulative_poisson",2683.44132995142,0,0.315183229092219,TRUE,TRUE,0.0892712906967104,0.91072990274655,783
"New Jersey",2025-02-15,"compressed","cumulative_nb",2702.20824771808,0,0.101800780614453,TRUE,TRUE,0.0892213664446027,0.910779829815837,783
"New Jersey",2025-02-15,"compressed","hurdle_ztnb",498.620630260675,0,0.0224641157540242,TRUE,TRUE,0.0133505180011691,0.986649609281503,783
"New Jersey",2025-03-29,"calendar","cumulative_poisson",10374.1800325453,0,0.181161573395152,TRUE,TRUE,0.128375266065031,0.871678887514967,1890
"New Jersey",2025-03-29,"calendar","cumulative_nb",8475.4620487611,0,0.00857778418685484,TRUE,TRUE,0.595244373406593,0.409291222379773,1890
"New Jersey",2025-03-29,"calendar","hurdle_ztnb",982.338428976252,0,0.000371973577296129,TRUE,TRUE,0.0320923546704958,0.967908434038118,1890
"New Jersey",2025-03-29,"compressed","cumulative_poisson",3456.58757723732,0,0.183994639685733,TRUE,TRUE,0.0863455432288751,0.913655450854518,945
"New Jersey",2025-03-29,"compressed","cumulative_nb",3476.00732335626,0,0.0586239501818603,TRUE,TRUE,0.0863017241016637,0.913699269863557,945
"New Jersey",2025-03-29,"compressed","hurdle_ztnb",637.453473934329,0,0.00106703066492952,TRUE,TRUE,0.0189004311186876,0.981099781967127,945
"New Jersey",2025-04-26,"calendar","cumulative_poisson",10839.3500719177,0,0.0498458047269392,TRUE,TRUE,0.140370203693638,0.859744347350525,1998
"New Jersey",2025-04-26,"calendar","cumulative_nb",9079.01046264159,0,0.0018066443307268,TRUE,TRUE,0.620398731361613,0.384334882645756,1998
"New Jersey",2025-04-26,"calendar","hurdle_ztnb",1020.29570358132,0,0.000863900060857681,TRUE,TRUE,0.03060233520542,0.969398282069162,1998
"New Jersey",2025-04-26,"compressed","cumulative_poisson",3931.02547698316,0,0.0822182876463467,TRUE,TRUE,0.0879254449111756,0.912075442962734,1053
"New Jersey",2025-04-26,"compressed","cumulative_nb",3950.83067343543,0,0.0798500887408456,TRUE,TRUE,0.0876743280452566,0.912326552878437,1053
"New Jersey",2025-04-26,"compressed","hurdle_ztnb",676.135827100677,0,0.000575018171259558,TRUE,TRUE,0.017827160271525,0.982173001704394,1053
"New Jersey",2025-05-31,"calendar","cumulative_poisson",11382.6873927932,0,0.0487705903578374,TRUE,TRUE,0.138995248566393,0.861107308959821,2133
"New Jersey",2025-05-31,"calendar","cumulative_nb",9852.17885427953,0,0.0128153631640574,TRUE,TRUE,0.622725016147763,0.381708431137853,2133
"New Jersey",2025-05-31,"calendar","hurdle_ztnb",1145.57514090706,0,0.000269212226591098,TRUE,TRUE,0.0278401744732253,0.972161372650303,2133
"New Jersey",2025-05-31,"compressed","cumulative_poisson",4449.47874273793,0,0.430342482398945,TRUE,TRUE,0.0852984426724338,0.914702450034202,1188
"New Jersey",2025-05-31,"compressed","cumulative_nb",4470.08809223899,0,0.153559841983248,TRUE,TRUE,0.0852148084764762,0.914786081295833,1188
"New Jersey",2025-05-31,"compressed","hurdle_ztnb",792.210680321677,0,0.000222757051469014,TRUE,TRUE,0.0163137019485549,0.983687290979625,1188
"New Mexico",2025-01-02,"calendar","cumulative_poisson",3165.58148563204,0,0.0915580237209895,TRUE,TRUE,0.069297082979194,0.930703561138866,1539
"New Mexico",2025-01-02,"calendar","cumulative_nb",3179.78373877489,0,0.151000316668733,TRUE,TRUE,0.0692463287919992,0.93075431243977,1539
"New Mexico",2025-01-02,"calendar","hurdle_ztnb",572.165341503484,0,0.000550232327292909,TRUE,TRUE,0.0134170920334367,0.986584688466896,1539
"New Mexico",2025-01-02,"compressed","cumulative_poisson",1747.32902209829,0,0.0466330840414715,TRUE,TRUE,0.0772026649540578,0.922798744179662,648
"New Mexico",2025-01-02,"compressed","cumulative_nb",1761.10671515077,0,0.0665118965572725,TRUE,TRUE,0.0771279717220342,0.922873432737547,648
"New Mexico",2025-01-02,"compressed","hurdle_ztnb",344.979779783907,0,0.000199704231188536,TRUE,TRUE,0.00994298691421464,0.990057348395715,648
"New Mexico",2025-02-15,"calendar","cumulative_poisson",3958.55659365803,0,0.0421298940959892,TRUE,TRUE,0.0744185704308047,0.925582099073767,1728
"New Mexico",2025-02-15,"calendar","cumulative_nb",3931.570321944,0,0.0488539598031008,TRUE,TRUE,0.0686960059707259,0.931304138491123,1728
"New Mexico",2025-02-15,"calendar","hurdle_ztnb",740.869143487743,0,0.000228352748982694,TRUE,TRUE,0.016205200597944,0.983796723446804,1728
"New Mexico",2025-02-15,"compressed","cumulative_poisson",2189.99321939444,0,0.0961417063275354,TRUE,TRUE,0.0715174507856016,0.928482947669622,783
"New Mexico",2025-02-15,"compressed","cumulative_nb",2204.29840277344,0,0.0342804854929749,TRUE,TRUE,0.0714824784812096,0.928517923293949,783
"New Mexico",2025-02-15,"compressed","hurdle_ztnb",504.259523579546,0,9.4224917099428e-05,TRUE,TRUE,0.013962028890496,0.986040122746841,783
"New Mexico",2025-03-29,"calendar","cumulative_poisson",4428.28084617129,0,0.138925052047377,TRUE,TRUE,0.065706846744045,0.934293256958551,1890
"New Mexico",2025-03-29,"calendar","cumulative_nb",4411.08387830358,0,0.0151038432750707,TRUE,TRUE,0.0649461863089089,0.935054019362105,1890
"New Mexico",2025-03-29,"calendar","hurdle_ztnb",857.49773032804,0,0.000345572565605252,TRUE,TRUE,0.0160183779753987,0.98398301826025,1890
"New Mexico",2025-03-29,"compressed","cumulative_poisson",2736.46539489529,0,0.221149388555217,TRUE,TRUE,0.0686317350144199,0.93136862716932,945
"New Mexico",2025-03-29,"compressed","cumulative_nb",2751.20387520283,0,0.0703207006984165,TRUE,TRUE,0.068588457056676,0.931411901088333,945
"New Mexico",2025-03-29,"compressed","hurdle_ztnb",615.956703984165,0,0.000354910553712715,TRUE,TRUE,0.012883600955402,0.987117830537494,945
"New Mexico",2025-04-26,"calendar","cumulative_poisson",4777.36176745808,0,0.106872240641218,TRUE,TRUE,0.0757927203147661,0.924207753698763,1998
"New Mexico",2025-04-26,"calendar","cumulative_nb",4772.75042350619,0,0.0832743072290918,TRUE,TRUE,0.072880520243683,0.927119994647839,1998
"New Mexico",2025-04-26,"calendar","hurdle_ztnb",964.074955234221,0,0.000563937781292699,TRUE,TRUE,0.0188549827496291,0.981147056247806,1998
"New Mexico",2025-04-26,"compressed","cumulative_poisson",3092.40054678506,0,0.074174337790254,TRUE,TRUE,0.066362267257389,0.933637971433161,1053
"New Mexico",2025-04-26,"compressed","cumulative_nb",3107.65686678692,0,0.179730623466044,TRUE,TRUE,0.0663672290212478,0.933633010339563,1053
"New Mexico",2025-04-26,"compressed","hurdle_ztnb",714.369233321856,0,0.000312305338028326,TRUE,TRUE,0.013164624723082,0.986837918407736,1053
"New Mexico",2025-05-31,"calendar","cumulative_poisson",5219.68525561088,0,0.348049159111674,TRUE,TRUE,0.0810915628211053,0.918909671979455,2133
"New Mexico",2025-05-31,"calendar","cumulative_nb",5225.64142489582,0,0.522871396959055,TRUE,TRUE,0.0786206391500471,0.921380578144443,2133
"New Mexico",2025-05-31,"calendar","hurdle_ztnb",1026.65281244111,0,0.000618426417657858,TRUE,TRUE,0.0170060480657502,0.982995613843901,2133
"New Mexico",2025-05-31,"compressed","cumulative_poisson",3516.11796941568,0,0.0944749888121744,TRUE,TRUE,0.0648064439208604,0.935193944455125,1188
"New Mexico",2025-05-31,"compressed","cumulative_nb",3531.99827466871,0,0.0723182842895709,TRUE,TRUE,0.0647844895403896,0.935215899187212,1188
"New Mexico",2025-05-31,"compressed","hurdle_ztnb",773.858189997033,0,0.000246631360655281,TRUE,TRUE,0.0125324538509712,0.987469517723066,1188
"New York",2025-01-02,"calendar","cumulative_poisson",5334.72288265025,0,0.148729383383386,TRUE,TRUE,0.0735285576841756,0.926472785581144,1539
"New York",2025-01-02,"calendar","cumulative_nb",5355.15549720618,0,0.138667987397089,TRUE,TRUE,0.0734277112452059,0.926573628288769,1539
"New York",2025-01-02,"calendar","hurdle_ztnb",901.693804533914,0,0.000350909679109945,TRUE,TRUE,0.0131566953604491,0.986844483848901,1539
"New York",2025-01-02,"compressed","cumulative_poisson",2429.69437011117,0,2.20037825563646,TRUE,TRUE,0.0871486404814141,0.912854792050848,648
"New York",2025-01-02,"compressed","cumulative_nb",2449.32483654717,0,0.838217024564483,TRUE,TRUE,0.0870020831513224,0.913001325224261,648
"New York",2025-01-02,"compressed","hurdle_ztnb",633.163027896539,0,0.0594199019408892,TRUE,TRUE,0.00871438848012792,0.99128631543832,648
"New York",2025-02-15,"calendar","cumulative_poisson",9953.62506448551,0,0.437415037588455,TRUE,TRUE,0.0238887058367104,0.976111294425207,1728
"New York",2025-02-15,"calendar","cumulative_nb",6933.38851408504,0,0.0707166898013526,TRUE,TRUE,0.0685228000996173,0.931489058538963,1728
"New York",2025-02-15,"calendar","hurdle_ztnb",1073.36432356115,0,0.000495128039025905,TRUE,TRUE,0.0133966777694123,0.986604041336242,1728
"New York",2025-02-15,"compressed","cumulative_poisson",3010.91792806163,0,3.95865203816558,TRUE,TRUE,0.0769254669309118,0.923077596828052,783
"New York",2025-02-15,"compressed","cumulative_nb",3031.35357004371,0,0.491815015582174,TRUE,TRUE,0.0770320605211779,0.92297098890118,783
"New York",2025-02-15,"compressed","hurdle_ztnb",749.647097950647,0,0.000867608736551981,TRUE,TRUE,0.00798557630570569,0.992014833672575,783
"New York",2025-03-29,"calendar","cumulative_poisson",10782.4920977233,0,1.14721738375993,TRUE,TRUE,0.0668324762987281,0.933167716884065,1890
"New York",2025-03-29,"calendar","cumulative_nb",7663.55491406683,0,0.074694957122225,TRUE,TRUE,0.0720558013959961,0.92795940509588,1890
"New York",2025-03-29,"calendar","hurdle_ztnb",1354.76626792882,0,0.000203982643921297,TRUE,TRUE,0.0126230576678218,0.987378000845727,1890
"New York",2025-03-29,"compressed","cumulative_poisson",3727.88861746346,0,0.309590994541852,TRUE,TRUE,0.0702612315417437,0.929739941666914,945
"New York",2025-03-29,"compressed","cumulative_nb",3749.26143546011,0,1.78693823726676,TRUE,TRUE,0.0705458962086883,0.929455300038308,945
"New York",2025-03-29,"compressed","hurdle_ztnb",991.124994069759,0,0.00344790274761164,TRUE,TRUE,0.00762027892685076,0.992380162180375,945
"New York",2025-04-26,"calendar","cumulative_poisson",11285.1214574678,0,0.305788486248532,TRUE,TRUE,0.077331614957144,0.922669978023176,1998
"New York",2025-04-26,"calendar","cumulative_nb",8220.51613803727,0,0.0457582387412173,TRUE,TRUE,0.0739257927758969,0.926090699664104,1998
"New York",2025-04-26,"calendar","hurdle_ztnb",1484.774035136,0,0.00135211634261212,TRUE,TRUE,0.011746981957978,0.988253862386727,1998
"New York",2025-04-26,"compressed","cumulative_poisson",4188.99452669565,0,0.312062921869896,TRUE,TRUE,0.0710216188279924,0.928979858916921,1053
"New York",2025-04-26,"compressed","cumulative_nb",4211.18990887872,0,0.627665334771731,TRUE,TRUE,0.0708049330615639,0.929196542306699,1053
"New York",2025-04-26,"compressed","hurdle_ztnb",1112.06160735731,0,0.000906169661628903,TRUE,TRUE,0.00725322731858875,0.992747142544939,1053
"New York",2025-05-31,"calendar","cumulative_poisson",11896.0500797026,0,0.278401696336034,TRUE,TRUE,0.0868942914608208,0.913109770540981,2133
"New York",2025-05-31,"calendar","cumulative_nb",8945.30229287443,0,0.0555176210163069,TRUE,TRUE,0.0748101395407118,0.925206344964538,2133
"New York",2025-05-31,"calendar","hurdle_ztnb",1657.00984721465,0,0.000450865924449428,TRUE,TRUE,0.0123822949975187,0.987620066449171,2133
"New York",2025-05-31,"compressed","cumulative_poisson",4747.33863058366,0,0.978656807470756,TRUE,TRUE,0.0722361515046205,0.927765924719853,1188
"New York",2025-05-31,"compressed","cumulative_nb",4770.45242559608,0,5.23546259722085,TRUE,TRUE,0.0721125976926767,0.92788946849722,1188
"New York",2025-05-31,"compressed","hurdle_ztnb",1271.28169924666,0,0.00164848176477714,TRUE,TRUE,0.00730082460682614,0.992700288683834,1188
"North Carolina",2025-01-02,"calendar","cumulative_poisson",4082.67515290606,0,0.0452290901893095,TRUE,TRUE,0.0778886748543675,0.92211260939315,1539
"North Carolina",2025-01-02,"calendar","cumulative_nb",4100.34152829401,0,0.0881079314105511,TRUE,TRUE,0.0777365618620123,0.922264735422631,1539
"North Carolina",2025-01-02,"calendar","hurdle_ztnb",482.892970525281,0,0.0033377573022122,TRUE,TRUE,0.00310817121123169,0.996891941046403,1539
"North Carolina",2025-01-02,"compressed","cumulative_poisson",2149.44946673769,0,0.0418730726302476,TRUE,TRUE,0.0861900942192327,0.913811077223251,648
"North Carolina",2025-01-02,"compressed","cumulative_nb",2167.1084987092,0,0.106415666714451,TRUE,TRUE,0.0862435769773575,0.913757598562234,648
"North Carolina",2025-01-02,"compressed","hurdle_ztnb",276.014324108841,0,0.00238729860172771,TRUE,TRUE,0.00207536123432003,0.997924639157063,648
"North Carolina",2025-02-15,"calendar","cumulative_poisson",6208.44709020242,0,0.170958864332396,TRUE,TRUE,0.0296953264945012,0.970305962845668,1728
"North Carolina",2025-02-15,"calendar","cumulative_nb",5244.60427741782,0,0.014752340949157,TRUE,TRUE,0.060618841665064,0.939384011344073,1728
"North Carolina",2025-02-15,"calendar","hurdle_ztnb",663.73034903455,0,0.000110697015849093,TRUE,TRUE,0.00239415127872519,0.997605911007624,1728
"North Carolina",2025-02-15,"compressed","cumulative_poisson",2643.09928292608,0,1.45768429219375,TRUE,TRUE,0.0823775305402557,0.917623260353844,783
"North Carolina",2025-02-15,"compressed","cumulative_nb",2661.6284469225,0,1.90246706800197,TRUE,TRUE,0.0822936657720302,0.917707121237245,783
"North Carolina",2025-02-15,"compressed","hurdle_ztnb",407.493098753402,0,0.0529978176062687,TRUE,TRUE,0.00137658769151591,0.998623416039176,783
"North Carolina",2025-03-29,"calendar","cumulative_poisson",6850.32829446308,0,0.4705537813885,TRUE,TRUE,0.0676801554926905,0.932321290903212,1890
"North Carolina",2025-03-29,"calendar","cumulative_nb",5899.21703164617,0,0.0251227119392176,TRUE,TRUE,0.0666373858297227,0.933368763880661,1890
"North Carolina",2025-03-29,"calendar","hurdle_ztnb",821.342025439531,0,0.000184467416714185,TRUE,TRUE,0.00212404387667765,0.997876150286815,1890
"North Carolina",2025-03-29,"compressed","cumulative_poisson",3248.28585745931,0,0.0923427400985473,TRUE,TRUE,0.0753205080898529,0.924680231451757,945
"North Carolina",2025-03-29,"compressed","cumulative_nb",3267.76211695831,0,0.174021207184102,TRUE,TRUE,0.0751944894094473,0.924806245256199,945
"North Carolina",2025-03-29,"compressed","hurdle_ztnb",569.589195937888,0,0.000177755635519028,TRUE,TRUE,0.00938851674913117,0.99061754451765,945
"North Carolina",2025-04-26,"calendar","cumulative_poisson",7281.27040624566,0,0.496320631390557,TRUE,TRUE,0.0709505752858648,0.929052902115847,1998
"North Carolina",2025-04-26,"calendar","cumulative_nb",6401.10522601264,0,0.0313110992196728,TRUE,TRUE,0.0692380803379838,0.930769462835647,1998
"North Carolina",2025-04-26,"calendar","hurdle_ztnb",895.829842616548,0,0.000250934455732765,TRUE,TRUE,0.00188017582232397,0.998119977287168,1998
"North Carolina",2025-04-26,"compressed","cumulative_poisson",3649.99009406477,0,0.0731724587234035,TRUE,TRUE,0.0743046505160029,0.925696463801425,1053
"North Carolina",2025-04-26,"compressed","cumulative_nb",3670.13342483305,0,0.0630697549544743,TRUE,TRUE,0.0741545315404643,0.925846560895285,1053
"North Carolina",2025-04-26,"compressed","hurdle_ztnb",653.167862965851,0,0.000579185689276345,TRUE,TRUE,0.00349049528155009,0.996510792903,1053
"North Carolina",2025-05-31,"calendar","cumulative_poisson",7800.61637534309,0,0.165134063089891,TRUE,TRUE,0.0706064857074604,0.929397502141754,2133
"North Carolina",2025-05-31,"calendar","cumulative_nb",7016.24237925245,0,0.748817079947429,TRUE,TRUE,0.0690924887013071,0.930914501805384,2133
"North Carolina",2025-05-31,"calendar","hurdle_ztnb",937.160803171701,0,0.000353086367237521,TRUE,TRUE,0.00185296514778302,0.99814716179792,2133
"North Carolina",2025-05-31,"compressed","cumulative_poisson",4136.28515231692,0,0.280728555512364,TRUE,TRUE,0.0754956132233942,0.924506086095736,1188
"North Carolina",2025-05-31,"compressed","cumulative_nb",4157.30615207725,0,0.332532396558327,TRUE,TRUE,0.0754147757062487,0.924586891524889,1188
"North Carolina",2025-05-31,"compressed","hurdle_ztnb",690.970814585122,0,0.000588645606558497,TRUE,TRUE,0.00322028390494875,0.996780760177474,1188
"North Dakota",2025-01-02,"calendar","cumulative_poisson",2043.99029716544,0,0.00502305816517978,TRUE,TRUE,0.0665906408387934,0.933412086107301,1539
"North Dakota",2025-01-02,"calendar","cumulative_nb",2055.20279563056,0,0.00701983128860723,TRUE,TRUE,0.066569454617831,0.933433256906613,1539
"North Dakota",2025-01-02,"calendar","hurdle_ztnb",400.060809378456,0,0.0419090963821618,TRUE,TRUE,0.0325537751769169,0.967452213383264,1539
"North Dakota",2025-01-02,"compressed","cumulative_poisson",1302.37570742632,0,0.00100279532888981,TRUE,TRUE,0.067494684523574,0.932508306379731,648
"North Dakota",2025-01-02,"compressed","cumulative_nb",1312.49512966133,0,0.0142577662050423,TRUE,TRUE,0.0674570626285319,0.932545897026473,648
"North Dakota",2025-01-02,"compressed","hurdle_ztnb",293.183610373492,0,0.00354551525336932,TRUE,TRUE,0.0317273038694531,0.968275790655368,648
"North Dakota",2025-02-15,"calendar","cumulative_poisson",2333.7131128546,0,0.0140125218360023,TRUE,TRUE,0.0626263231934774,0.937374578123043,1728
"North Dakota",2025-02-15,"calendar","cumulative_nb",2344.46310323528,0,0.0121408648003714,TRUE,TRUE,0.0626805827624199,0.937320309358717,1728
"North Dakota",2025-02-15,"calendar","hurdle_ztnb",472.325945371635,0,0.0047671330420811,TRUE,TRUE,0.0303409412984729,0.969664506624158,1728
"North Dakota",2025-02-15,"compressed","cumulative_poisson",1631.84324533003,0,0.00944391904896325,TRUE,TRUE,0.0710567933278794,0.928946683607404,783
"North Dakota",2025-02-15,"compressed","cumulative_nb",1642.76185413391,0,0.0609140858131496,TRUE,TRUE,0.0709168048369897,0.929086631607085,783
"North Dakota",2025-02-15,"compressed","hurdle_ztnb",330.812549719953,0,0.00483646604722854,TRUE,TRUE,0.0240142298014402,0.975988018438922,783
"North Dakota",2025-03-29,"calendar","cumulative_poisson",2636.59441294739,0,0.0484916390319478,TRUE,TRUE,0.0653462409478413,0.93465632895622,1890
"North Dakota",2025-03-29,"calendar","cumulative_nb",2647.98396072095,0,0.0382953966239739,TRUE,TRUE,0.0652929481672307,0.93470959449301,1890
"North Dakota",2025-03-29,"calendar","hurdle_ztnb",540.174069839147,0,0.00294313541810964,TRUE,TRUE,0.0243313988984714,0.975672146450162,1890
"North Dakota",2025-03-29,"compressed","cumulative_poisson",2052.09202210491,0,0.00499490788751955,TRUE,TRUE,0.0711841559909473,0.928819093153828,945
"North Dakota",2025-03-29,"compressed","cumulative_nb",2063.86016570403,0,0.0103239976085248,TRUE,TRUE,0.0711037171386438,0.928899510652979,945
"North Dakota",2025-03-29,"compressed","hurdle_ztnb",391.464776056134,0,0.00175316725989555,TRUE,TRUE,0.0187883673836703,0.981213395593601,945
"North Dakota",2025-04-26,"calendar","cumulative_poisson",2878.40011623096,0,0.00978654566425097,TRUE,TRUE,0.0663270487535679,0.933676049166829,1998
"North Dakota",2025-04-26,"calendar","cumulative_nb",2890.24744733634,0,0.00349186612070173,TRUE,TRUE,0.0662870598306435,0.933716020352298,1998
"North Dakota",2025-04-26,"calendar","hurdle_ztnb",561.814163672678,0,0.000949408671159517,TRUE,TRUE,0.022613536458334,0.977388873200737,1998
"North Dakota",2025-04-26,"compressed","cumulative_poisson",2328.82249010396,0,0.0066957170605455,TRUE,TRUE,0.0712996877353757,0.928703509586269,1053
"North Dakota",2025-04-26,"compressed","cumulative_nb",2341.03349229963,0,0.00476210697804294,TRUE,TRUE,0.0712430292135939,0.928760155261132,1053
"North Dakota",2025-04-26,"compressed","hurdle_ztnb",410.863110380555,0,0.00131905168226731,TRUE,TRUE,0.0173831777619181,0.982618152304697,1053
"North Dakota",2025-05-31,"calendar","cumulative_poisson",3204.4631741524,0,0.0255639086525316,TRUE,TRUE,0.0668078371342701,0.933195352586275,2133
"North Dakota",2025-05-31,"calendar","cumulative_nb",3216.82972321064,0,0.0139977957440361,TRUE,TRUE,0.0667832708807791,0.933219911777057,2133
"North Dakota",2025-05-31,"calendar","hurdle_ztnb",580.805744895618,0,0.00183426489243432,TRUE,TRUE,0.0213284943147722,0.978673319812913,2133
"North Dakota",2025-05-31,"compressed","cumulative_poisson",2656.54903177913,0,0.0759595316989468,TRUE,TRUE,0.0714766691648305,0.928526428320546,1188
"North Dakota",2025-05-31,"compressed","cumulative_nb",2669.20448215966,0,0.0101239894058005,TRUE,TRUE,0.0714571889559317,0.928545902118412,1188
"North Dakota",2025-05-31,"compressed","hurdle_ztnb",427.718162441883,1,0.0146360677811833,TRUE,TRUE,0.016507674987832,0.983493438259289,1188
"Ohio",2025-01-02,"calendar","cumulative_poisson",8349.57162825747,0,0.0460669271317926,TRUE,TRUE,0.11816338841402,0.881915920095252,1539
"Ohio",2025-01-02,"calendar","cumulative_nb",5885.60794038541,0,0.0209957718991874,TRUE,TRUE,0.103066332085288,0.896990165977369,1539
"Ohio",2025-01-02,"calendar","hurdle_ztnb",913.528998977988,0,0.000418802985830563,TRUE,TRUE,0.0223583863506592,0.977644877829126,1539
"Ohio",2025-01-02,"compressed","cumulative_poisson",2788.59783883942,0,7.89190012482437,TRUE,TRUE,0.113425392607094,0.886580356151771,648
"Ohio",2025-01-02,"compressed","cumulative_nb",2720.23852310813,0,0.0872297938469664,TRUE,TRUE,0.141554692326145,0.858454194553392,648
"Ohio",2025-01-02,"compressed","hurdle_ztnb",622.75792800333,0,0.000326687375818979,TRUE,TRUE,0.0170213961751621,0.98298085223324,648
"Ohio",2025-02-15,"calendar","cumulative_poisson",12049.7074150857,0,0.167010145147752,TRUE,TRUE,0.0618522414005604,0.938147759391698,1728
"Ohio",2025-02-15,"calendar","cumulative_nb",6788.11489094888,0,0.0140612919679602,TRUE,TRUE,0.166533666353764,0.833610441450435,1728
"Ohio",2025-02-15,"calendar","hurdle_ztnb",1078.86500885783,0,0.000261949060567601,TRUE,TRUE,0.0190037491967263,0.980996819019421,1728
"Ohio",2025-02-15,"compressed","cumulative_poisson",3492.79677737634,0,0.128501894208783,TRUE,TRUE,0.0853341697451287,0.914668578856178,783
"Ohio",2025-02-15,"compressed","cumulative_nb",3444.26147499742,0,0.0958305237990629,TRUE,TRUE,0.126125570479515,0.873879880545981,783
"Ohio",2025-02-15,"compressed","hurdle_ztnb",718.692973201624,0,0.000116545249360889,TRUE,TRUE,0.0135747195221879,0.986426538487673,783
"Ohio",2025-03-29,"calendar","cumulative_poisson",13292.313126341,0,0.375261811513353,TRUE,TRUE,0.0792719273629345,0.920729234329689,1890
"Ohio",2025-03-29,"calendar","cumulative_nb",7646.36816602057,0,0.00615607678314289,TRUE,TRUE,0.121258000201925,0.87874200169809,1890
"Ohio",2025-03-29,"calendar","hurdle_ztnb",1294.56159051854,0,0.000453703865821109,TRUE,TRUE,0.0169049056972866,0.983096155342895,1890
"Ohio",2025-03-29,"compressed","cumulative_poisson",4260.18562326747,0,6.77761961011852,TRUE,TRUE,0.0764978182400362,0.923503318167091,945
"Ohio",2025-03-29,"compressed","cumulative_nb",4270.90842425239,0,7.56365967729595,TRUE,TRUE,0.0811467572799363,0.918854775750317,945
"Ohio",2025-03-29,"compressed","hurdle_ztnb",966.268119691366,0,0.000905830821102405,TRUE,TRUE,0.0164731526649266,0.983536199975983,945
"Ohio",2025-04-26,"calendar","cumulative_poisson",13973.1291626484,0,0.875657743560957,TRUE,TRUE,0.0552374155441116,0.944762869888147,1998
"Ohio",2025-04-26,"calendar","cumulative_nb",8295.97336646785,0,0.00646335539671932,TRUE,TRUE,0.139002648039589,0.860997353210063,1998
"Ohio",2025-04-26,"calendar","hurdle_ztnb",1352.33598130494,0,0.000850766210853948,TRUE,TRUE,0.0143712754099598,0.985629282342341,1998
"Ohio",2025-04-26,"compressed","cumulative_poisson",4732.60004906492,0,0.100050156054768,TRUE,TRUE,0.0765280542129326,0.923473215908513,1053
"Ohio",2025-04-26,"compressed","cumulative_nb",4749.08019808263,0,0.363173975689422,TRUE,TRUE,0.0771340526399283,0.922867257012856,1053
"Ohio",2025-04-26,"compressed","hurdle_ztnb",1024.66686573048,0,0.000380447192869227,TRUE,TRUE,0.0148783106267496,0.985129511463991,1053
"Ohio",2025-05-31,"calendar","cumulative_poisson",14653.2884924546,0,0.592317233272568,TRUE,TRUE,0.0583946470029094,0.941606143645932,2133
"Ohio",2025-05-31,"calendar","cumulative_nb",9099.19288626404,0,0.0267791694622521,TRUE,TRUE,0.141755396247091,0.858244612081846,2133
"Ohio",2025-05-31,"calendar","hurdle_ztnb",1601.62783948644,0,0.00122650126659818,TRUE,TRUE,0.0238503287219145,0.976171358985166,2133
"Ohio",2025-05-31,"compressed","cumulative_poisson",5322.73374324636,0,2.26828220271203,TRUE,TRUE,0.0780125861706528,0.921988699773989,1188
"Ohio",2025-05-31,"compressed","cumulative_nb",5341.6308883955,0,2.11256043126933,TRUE,TRUE,0.07863102456553,0.921370295735186,1188
"Ohio",2025-05-31,"compressed","hurdle_ztnb",1223.79287450714,0,0.000665404905173084,TRUE,TRUE,0.0264907307903655,0.973542607645979,1188
"Oklahoma",2025-01-02,"calendar","cumulative_poisson",3590.60633230977,0,0.0116001804078065,TRUE,TRUE,0.0772431734878582,0.922757815762824,1539
"Oklahoma",2025-01-02,"calendar","cumulative_nb",3607.31237052764,0,0.337506350195804,TRUE,TRUE,0.0771758028241443,0.922825188484347,1539
"Oklahoma",2025-01-02,"calendar","hurdle_ztnb",806.915080204033,0,0.00017004345192273,TRUE,TRUE,0.0568689868054462,0.943146308674162,1539
"Oklahoma",2025-01-02,"compressed","cumulative_poisson",2014.6329479741,0,0.0835206852154287,TRUE,TRUE,0.0881044024411709,0.911896291772258,648
"Oklahoma",2025-01-02,"compressed","cumulative_nb",2030.05429578865,0,0.00589584553666078,TRUE,TRUE,0.0880709619546403,0.911929733620492,648
"Oklahoma",2025-01-02,"compressed","hurdle_ztnb",572.686502339891,0,0.000463729084054343,TRUE,TRUE,0.037347269066509,0.962655724656598,648
"Oklahoma",2025-02-15,"calendar","cumulative_poisson",4696.18896931473,0,0.111129852515807,TRUE,TRUE,0.0353374508251796,0.964662552270777,1728
"Oklahoma",2025-02-15,"calendar","cumulative_nb",4590.58928112753,0,0.0384614330542296,TRUE,TRUE,0.0453387752802778,0.954662033040548,1728
"Oklahoma",2025-02-15,"calendar","hurdle_ztnb",973.942301472596,0,0.000158287216160957,TRUE,TRUE,0.0560790422786916,0.943938134389167,1728
"Oklahoma",2025-02-15,"compressed","cumulative_poisson",2546.5920422214,0,0.0737291988292669,TRUE,TRUE,0.0886747153991524,0.911325456054098,783
"Oklahoma",2025-02-15,"compressed","cumulative_nb",2559.95597084778,0,0.136769091992715,TRUE,TRUE,0.0877768863664057,0.912223304196458,783
"Oklahoma",2025-02-15,"compressed","hurdle_ztnb",706.269398139492,0,0.000532934697138832,TRUE,TRUE,0.039528715347785,0.9604758075278,783
"Oklahoma",2025-03-29,"calendar","cumulative_poisson",5247.62322404982,0,0.149436704681067,TRUE,TRUE,0.026189998570301,0.973810758644003,1890
"Oklahoma",2025-03-29,"calendar","cumulative_nb",5114.23943601343,0,0.0341082508456839,TRUE,TRUE,0.0622326374959951,0.937768083122803,1890
"Oklahoma",2025-03-29,"calendar","hurdle_ztnb",1162.63827074611,0,0.000759179079053041,TRUE,TRUE,0.0495723311640756,0.950442380125375,1890
"Oklahoma",2025-03-29,"compressed","cumulative_poisson",3212.89465157001,0,0.198907086348124,TRUE,TRUE,0.0343464178649729,0.965654358727273,945
"Oklahoma",2025-03-29,"compressed","cumulative_nb",3220.42187085207,0,0.146610282557572,TRUE,TRUE,0.0330180386826173,0.966982556666945,945
"Oklahoma",2025-03-29,"compressed","hurdle_ztnb",889.762854181532,0,0.000212899539207445,TRUE,TRUE,0.0386254654930021,0.96138162844698,945
"Oklahoma",2025-04-26,"calendar","cumulative_poisson",5604.20086282595,0,0.0693033278765074,TRUE,TRUE,0.0492047381971073,0.950803086486539,1998
"Oklahoma",2025-04-26,"calendar","cumulative_nb",5488.27093030658,0,0.0350658369345641,TRUE,TRUE,0.0601200018891274,0.939880660954544,1998
"Oklahoma",2025-04-26,"calendar","hurdle_ztnb",1229.30046986494,0,0.000681160289660809,TRUE,TRUE,0.050278036542347,0.949733293622672,1998
"Oklahoma",2025-04-26,"compressed","cumulative_poisson",3597.47566885023,0,0.174588934626159,TRUE,TRUE,0.0247822864040495,0.975218910422109,1053
"Oklahoma",2025-04-26,"compressed","cumulative_nb",3606.67057934441,0,0.148982553506536,TRUE,TRUE,0.0240688769358906,0.975932068891238,1053
"Oklahoma",2025-04-26,"compressed","hurdle_ztnb",957.24931932767,0,0.000319105932006958,TRUE,TRUE,0.0394889038609002,0.960516765256496,1053
"Oklahoma",2025-05-31,"calendar","cumulative_poisson",6056.69608231679,0,0.0500057402994524,TRUE,TRUE,0.0588814952064444,0.941119692041388,2133
"Oklahoma",2025-05-31,"calendar","cumulative_nb",5971.59684160978,0,0.0518780369690894,TRUE,TRUE,0.0591820869323588,0.940818574621986,2133
"Oklahoma",2025-05-31,"calendar","hurdle_ztnb",1295.66967091639,0,0.000862412345152552,TRUE,TRUE,0.0508752875372918,0.949132254183264,2133
"Oklahoma",2025-05-31,"compressed","cumulative_poisson",4044.09871267883,0,0.0487076091372066,TRUE,TRUE,0.0711126523556659,0.928890418468947,1188
"Oklahoma",2025-05-31,"compressed","cumulative_nb",4055.35586772695,0,0.0378923510995212,TRUE,TRUE,0.0705923764724031,0.929410242308152,1188
"Oklahoma",2025-05-31,"compressed","hurdle_ztnb",1019.90923277115,0,0.000951388972592837,TRUE,TRUE,0.041119194958844,0.958885419127024,1188
"Oregon",2025-01-02,"calendar","cumulative_poisson",3942.36579093583,0,0.0157267206853056,TRUE,TRUE,0.0650293154729744,0.934973076422594,1539
"Oregon",2025-01-02,"calendar","cumulative_nb",3955.12197330012,0,0.0996991356349503,TRUE,TRUE,0.0645591214838929,0.935443433735243,1539
"Oregon",2025-01-02,"calendar","hurdle_ztnb",683.729028727285,0,0.00041941186334829,TRUE,TRUE,0.0298060914766065,0.970198863508566,1539
"Oregon",2025-01-02,"compressed","cumulative_poisson",1761.65479048672,0,0.078037945902853,TRUE,TRUE,0.0782999828645004,0.921700688169962,648
"Oregon",2025-01-02,"compressed","cumulative_nb",1774.28219433399,0,0.379051424550558,TRUE,TRUE,0.0778800003801697,0.922120683565155,648
"Oregon",2025-01-02,"compressed","hurdle_ztnb",329.196992615242,0,0.0325016369063213,TRUE,TRUE,0.0229561885635399,0.977043828774123,648
"Oregon",2025-02-15,"calendar","cumulative_poisson",5061.48914245488,0,0.0570684085183841,TRUE,TRUE,0.0644423234790896,0.93555786221687,1728
"Oregon",2025-02-15,"calendar","cumulative_nb",4857.90157858406,0,0.0313284999874585,TRUE,TRUE,0.0744346492072044,0.925575914094395,1728
"Oregon",2025-02-15,"calendar","hurdle_ztnb",833.780964463754,0,0.000922451499185961,TRUE,TRUE,0.025791341694342,0.974211901747465,1728
"Oregon",2025-02-15,"compressed","cumulative_poisson",2218.13501396344,0,0.0405415881143856,TRUE,TRUE,0.0699942947478559,0.930006158898744,783
"Oregon",2025-02-15,"compressed","cumulative_nb",2231.67946621519,0,0.0993446025508633,TRUE,TRUE,0.0700529670090704,0.929947484753947,783
"Oregon",2025-02-15,"compressed","hurdle_ztnb",430.539586053391,0,0.00155603331326487,TRUE,TRUE,0.01900452482176,0.980995491875389,783
"Oregon",2025-03-29,"calendar","cumulative_poisson",5615.37779569191,0,0.041126206773616,TRUE,TRUE,0.111262179682084,0.888754217194319,1890
"Oregon",2025-03-29,"calendar","cumulative_nb",5432.06558256518,0,0.0300075781410671,TRUE,TRUE,0.0930774779805757,0.906956353069853,1890
"Oregon",2025-03-29,"calendar","hurdle_ztnb",965.055269699119,0,0.000235405403712391,TRUE,TRUE,0.0262024864239053,0.973800398576138,1890
"Oregon",2025-03-29,"compressed","cumulative_poisson",2795.48685926461,0,0.0857257726508857,TRUE,TRUE,0.0679289611175124,0.93207179716429,945
"Oregon",2025-03-29,"compressed","cumulative_nb",2810.11472401621,0,0.0680383960476602,TRUE,TRUE,0.0679836206345872,0.932017127405518,945
"Oregon",2025-03-29,"compressed","hurdle_ztnb",556.202946124187,0,0.000204513628754288,TRUE,TRUE,0.0209480780314431,0.979051969046374,945
"Oregon",2025-04-26,"calendar","cumulative_poisson",5992.06950670496,0,0.00599570727061782,TRUE,TRUE,0.128575056311407,0.871463133007129,1998
"Oregon",2025-04-26,"calendar","cumulative_nb",5845.65690863903,0,0.0209015931277137,TRUE,TRUE,0.102003469323928,0.898045268821058,1998
"Oregon",2025-04-26,"calendar","hurdle_ztnb",1042.99954753972,0,0.000406263740843001,TRUE,TRUE,0.026072066405338,0.973930602283796,1998
"Oregon",2025-04-26,"compressed","cumulative_poisson",3174.9936438008,0,0.0549411387525562,TRUE,TRUE,0.0665193194872637,0.933481710881685,1053
"Oregon",2025-04-26,"compressed","cumulative_nb",3190.45784859662,0,0.0864113804068511,TRUE,TRUE,0.0665841656370476,0.933416848705419,1053
"Oregon",2025-04-26,"compressed","hurdle_ztnb",628.645655225954,0,0.000204066673706038,TRUE,TRUE,0.0198278477114234,0.980172237236538,1053
"Oregon",2025-05-31,"calendar","cumulative_poisson",6466.39599398247,0,0.151031064211996,TRUE,TRUE,0.131456494645945,0.868585467865724,2133
"Oregon",2025-05-31,"calendar","cumulative_nb",6365.05210267534,0,0.0686488028452231,TRUE,TRUE,0.108090658606325,0.891961400605834,2133
"Oregon",2025-05-31,"calendar","hurdle_ztnb",1144.64690792682,0,0.000469947713003904,TRUE,TRUE,0.0239852343681591,0.976018668231451,2133
"Oregon",2025-05-31,"compressed","cumulative_poisson",3630.74617614378,0,0.0766692658752424,TRUE,TRUE,0.0664688842664136,0.933532996065428,1188
"Oregon",2025-05-31,"compressed","cumulative_nb",3647.10279967654,0,0.0606288770324501,TRUE,TRUE,0.0664558096882223,0.933546043022712,1188
"Oregon",2025-05-31,"compressed","hurdle_ztnb",741.975799805535,0,0.00038566758982897,TRUE,TRUE,0.0206227686908003,0.979377655343709,1188
"Pennsylvania",2025-01-02,"calendar","cumulative_poisson",13519.1965192176,0,0.120958065374956,TRUE,TRUE,0.252832069870444,0.747491310484597,1539
"Pennsylvania",2025-01-02,"calendar","cumulative_nb",7984.57244023913,0,0.0035070116886538,TRUE,TRUE,0.125273546212309,0.875322168219098,1539
"Pennsylvania",2025-01-02,"calendar","hurdle_ztnb",863.120692151631,0,0.000604070232768761,TRUE,TRUE,0.0173805982919794,0.982620472116774,1539
"Pennsylvania",2025-01-02,"compressed","cumulative_poisson",2352.10921211333,0,0.114855056205903,TRUE,TRUE,0.098290825561543,0.901710368607572,648
"Pennsylvania",2025-01-02,"compressed","cumulative_nb",2369.94732894082,0,0.0752371398491986,TRUE,TRUE,0.097856647182089,0.902144499690775,648
"Pennsylvania",2025-01-02,"compressed","hurdle_ztnb",645.247874907035,0,0.000209581603097198,TRUE,TRUE,0.027117806193176,0.972890742171792,648
"Pennsylvania",2025-02-15,"calendar","cumulative_poisson",18564.4709797666,0,0.139134627749074,TRUE,TRUE,0.247094772028266,0.754218207339181,1728
"Pennsylvania",2025-02-15,"calendar","cumulative_nb",9139.88038106019,0,0.00311756129059881,TRUE,TRUE,0.214671854260635,0.786611239746833,1728
"Pennsylvania",2025-02-15,"calendar","hurdle_ztnb",1045.32037827497,0,0.00101345994898672,TRUE,TRUE,0.015432820632049,0.9845683768994,1728
"Pennsylvania",2025-02-15,"compressed","cumulative_poisson",2905.71550214507,0,1.50490197659296,TRUE,TRUE,0.109406728333534,0.890596511431566,783
"Pennsylvania",2025-02-15,"compressed","cumulative_nb",2924.68403437033,0,0.0930326975951394,TRUE,TRUE,0.109006316380764,0.890996769139249,783
"Pennsylvania",2025-02-15,"compressed","hurdle_ztnb",737.795496737932,0,0.0123034699199909,TRUE,TRUE,0.02186335088043,0.978143144507254,783
"Pennsylvania",2025-03-29,"calendar","cumulative_poisson",19697.7265784485,0,0.276181880504626,TRUE,TRUE,0.424395045123084,0.577516739676967,1890
"Pennsylvania",2025-03-29,"calendar","cumulative_nb",10265.9874913959,0,0.0106589845820839,TRUE,TRUE,0.322749227162656,0.679371795903057,1890
"Pennsylvania",2025-03-29,"calendar","hurdle_ztnb",1241.85267737531,0,0.00109246891894144,TRUE,TRUE,0.012797660354978,0.987203731311338,1890
"Pennsylvania",2025-03-29,"compressed","cumulative_poisson",3642.76490748496,0,0.806106184810338,TRUE,TRUE,0.0919021202609781,0.908099085641957,945
"Pennsylvania",2025-03-29,"compressed","cumulative_nb",3663.31588870529,0,0.406937020801856,TRUE,TRUE,0.091875945012255,0.908125254829529,945
"Pennsylvania",2025-03-29,"compressed","hurdle_ztnb",928.114331878093,0,0.00031871122972843,TRUE,TRUE,0.0259940766688796,0.97402319749977,945
"Pennsylvania",2025-04-26,"calendar","cumulative_poisson",20264.0759447842,0,0.220665112504443,TRUE,TRUE,0.524194510572592,0.479406901212878,1998
"Pennsylvania",2025-04-26,"calendar","cumulative_nb",11063.0342976845,0,0.0116886331854234,TRUE,TRUE,0.376294294065541,0.626229552458341,1998
"Pennsylvania",2025-04-26,"calendar","hurdle_ztnb",1309.89860958411,0,0.00218994389291322,TRUE,TRUE,0.0100987368498881,0.989902152788564,1998
"Pennsylvania",2025-04-26,"compressed","cumulative_poisson",4139.00484244674,0,0.189016400155201,TRUE,TRUE,0.0849947299209781,0.915006091983108,1053
"Pennsylvania",2025-04-26,"compressed","cumulative_nb",4160.54795005908,0,0.146129077382812,TRUE,TRUE,0.0849617230328781,0.915039103341634,1053
"Pennsylvania",2025-04-26,"compressed","hurdle_ztnb",997.583474113211,0,0.000241239356965919,TRUE,TRUE,0.0208214805385896,0.979191719726023,1053
"Pennsylvania",2025-05-31,"calendar","cumulative_poisson",20988.0756627663,0,1.11983573479296,TRUE,TRUE,0.533304975135054,0.471221762878049,2133
"Pennsylvania",2025-05-31,"calendar","cumulative_nb",12088.5344568162,0,0.00872110686582908,TRUE,TRUE,0.423139422059121,0.579700779238011,2133
"Pennsylvania",2025-05-31,"calendar","hurdle_ztnb",1397.75080615605,0,0.00144434310356595,TRUE,TRUE,0.00975567998525552,0.990245152081754,2133
"Pennsylvania",2025-05-31,"compressed","cumulative_poisson",4792.52260865119,0,0.732833268639566,TRUE,TRUE,0.0824959645940143,0.917505033370646,1188
"Pennsylvania",2025-05-31,"compressed","cumulative_nb",4814.88970420751,0,0.674442325520219,TRUE,TRUE,0.0824544718580287,0.91754652249017,1188
"Pennsylvania",2025-05-31,"compressed","hurdle_ztnb",1088.55805245373,0,0.000272384953077243,TRUE,TRUE,0.0186443599131844,0.981367794364382,1188
"Puerto Rico",2025-01-02,"calendar","cumulative_poisson",4945.24795613911,0,0.0323961673588489,TRUE,TRUE,0.0691589851859912,0.93084454246383,1539
"Puerto Rico",2025-01-02,"calendar","cumulative_nb",4903.86643215412,0,0.0622071193833167,TRUE,TRUE,0.0648534695650539,0.935152173319181,1539
"Puerto Rico",2025-01-02,"calendar","hurdle_ztnb",641.925845631243,0,0.00137156561879636,TRUE,TRUE,0.0413615237470815,0.958643632589752,1539
"Puerto Rico",2025-01-02,"compressed","cumulative_poisson",2059.93629272229,0,0.0205456332022849,TRUE,TRUE,0.0907121235499218,0.909289069265649,648
"Puerto Rico",2025-01-02,"compressed","cumulative_nb",2074.52891443233,0,0.00944768691840834,TRUE,TRUE,0.0906392144534545,0.909361975401069,648
"Puerto Rico",2025-01-02,"compressed","hurdle_ztnb",349.946725875867,0,0.00015808178694122,TRUE,TRUE,0.0173703030839288,0.982630524885903,648
"Puerto Rico",2025-02-15,"calendar","cumulative_poisson",7381.86608262108,0,0.0586097613792736,TRUE,TRUE,0.085759293810802,0.914240736068997,1728
"Puerto Rico",2025-02-15,"calendar","cumulative_nb",6020.83729673519,0,0.0137779807599027,TRUE,TRUE,0.0784931894778594,0.921560639653473,1728
"Puerto Rico",2025-02-15,"calendar","hurdle_ztnb",1043.96111479003,0,0.000188152712475631,TRUE,TRUE,0.0241000300568377,0.975911540236723,1728
"Puerto Rico",2025-02-15,"compressed","cumulative_poisson",3139.0322742523,0,0.0157197451017722,TRUE,TRUE,0.080710480350684,0.919291240398346,783
"Puerto Rico",2025-02-15,"compressed","cumulative_nb",2980.4166031657,0,0.00161331684946489,TRUE,TRUE,0.0721826459075076,0.927818367664541,783
"Puerto Rico",2025-02-15,"compressed","hurdle_ztnb",605.300510547471,0,0.000191690749641926,TRUE,TRUE,0.0175415388243713,0.982463639211468,783
"Puerto Rico",2025-03-29,"calendar","cumulative_poisson",11246.0917945187,0,0.0643545244525398,TRUE,TRUE,0.163442912782681,0.836805755907075,1890
"Puerto Rico",2025-03-29,"calendar","cumulative_nb",7027.13383179517,0,0.00703395368710745,TRUE,TRUE,0.241007264869588,0.759556577002483,1890
"Puerto Rico",2025-03-29,"calendar","hurdle_ztnb",1391.24763997791,0,0.00119858730349318,TRUE,TRUE,0.0122366614285999,0.987770837765455,1890
"Puerto Rico",2025-03-29,"compressed","cumulative_poisson",6543.0431176946,0,0.0706925630937359,TRUE,TRUE,0.23365535513976,0.766430709708313,945
"Puerto Rico",2025-03-29,"compressed","cumulative_nb",4219.24974707142,0,0.0209195067814128,TRUE,TRUE,0.0784115947590984,0.921597705089097,945
"Puerto Rico",2025-03-29,"compressed","hurdle_ztnb",886.511918412279,0,0.000182380148070737,TRUE,TRUE,0.0130527324895122,0.986957350655682,945
"Puerto Rico",2025-04-26,"calendar","cumulative_poisson",13158.0703511307,0,0.185550954404085,TRUE,TRUE,0.277555887785261,0.723482716079883,1998
"Puerto Rico",2025-04-26,"calendar","cumulative_nb",7655.02176330336,0,0.013095038132267,TRUE,TRUE,0.341997616197428,0.659129016723593,1998
"Puerto Rico",2025-04-26,"calendar","hurdle_ztnb",1462.91609351614,0,0.000283068858694502,TRUE,TRUE,0.0134833338696598,0.986525382890969,1998
"Puerto Rico",2025-04-26,"compressed","cumulative_poisson",8095.41171830799,0,0.0173387100950022,TRUE,TRUE,0.357581410416259,0.642800314625144,1053
"Puerto Rico",2025-04-26,"compressed","cumulative_nb",4811.96385028035,0,0.0276349503895096,TRUE,TRUE,0.10016098475797,0.899860732418885,1053
"Puerto Rico",2025-04-26,"compressed","hurdle_ztnb",955.977089311523,0,0.000347825624519404,TRUE,TRUE,0.0154430557826472,0.984572017200275,1053
"Puerto Rico",2025-05-31,"calendar","cumulative_poisson",14518.5058089441,0,0.168432376797297,TRUE,TRUE,0.380726136576825,0.621100809190448,2133
"Puerto Rico",2025-05-31,"calendar","cumulative_nb",8428.9322918793,0,0.0261876159975441,TRUE,TRUE,0.397769477088161,0.603761154265532,2133
"Puerto Rico",2025-05-31,"calendar","hurdle_ztnb",1563.00835850617,0,0.00490582176295806,TRUE,TRUE,0.0155043403808083,0.984503895881269,2133
"Puerto Rico",2025-05-31,"compressed","cumulative_poisson",9221.20838766561,0,0.108551409723513,TRUE,TRUE,0.421749475880148,0.579000953417246,1188
"Puerto Rico",2025-05-31,"compressed","cumulative_nb",5514.92059217692,0,0.0279602469902296,TRUE,TRUE,0.13010787719825,0.869936428569546,1188
"Puerto Rico",2025-05-31,"compressed","hurdle_ztnb",1052.77332033758,0,0.000551690994142068,TRUE,TRUE,0.0162822295673588,0.983731280851602,1188
"Rhode Island",2025-01-02,"calendar","cumulative_poisson",1918.02414308167,0,0.0213823817838725,TRUE,TRUE,0.0791404152250163,0.920860567229638,1539
"Rhode Island",2025-01-02,"calendar","cumulative_nb",1928.8560660228,0,0.0477537746039289,TRUE,TRUE,0.0790818770876557,0.920919103041165,1539
"Rhode Island",2025-01-02,"calendar","hurdle_ztnb",297.854780155331,0,0.0192133127083378,TRUE,TRUE,0.0266582987549666,0.973343454288103,1539
"Rhode Island",2025-01-02,"compressed","cumulative_poisson",1178.08007473746,0,0.000523752280715994,TRUE,TRUE,0.0908117789227713,0.909189155781525,648
"Rhode Island",2025-01-02,"compressed","cumulative_nb",1187.85677602446,0,0.00140240629626653,TRUE,TRUE,0.0907389230034744,0.90926201330553,648
"Rhode Island",2025-01-02,"compressed","hurdle_ztnb",230.340964997086,0,0.0290439484036412,TRUE,TRUE,0.0379149184176074,0.962088239621832,648
"Rhode Island",2025-02-15,"calendar","cumulative_poisson",2284.68671366408,0,0.0297500788170371,TRUE,TRUE,0.0646194205155872,0.935381232834078,1728
"Rhode Island",2025-02-15,"calendar","cumulative_nb",2293.34215161327,0,0.176688137937257,TRUE,TRUE,0.0648899764602475,0.935110618454527,1728
"Rhode Island",2025-02-15,"calendar","hurdle_ztnb",393.31017032354,0,0.000792091486491898,TRUE,TRUE,0.0533511401204477,0.946658202390646,1728
"Rhode Island",2025-02-15,"compressed","cumulative_poisson",1519.58611081244,0,0.0327629477244997,TRUE,TRUE,0.0607780555776627,0.939223843924529,783
"Rhode Island",2025-02-15,"compressed","cumulative_nb",1530.27033539187,0,0.00137029275090117,TRUE,TRUE,0.061157124122376,0.938844732188502,783
"Rhode Island",2025-02-15,"compressed","hurdle_ztnb",302.968563536253,0,0.0646203468661981,TRUE,TRUE,0.0592343541128459,0.940773635316744,783
"Rhode Island",2025-03-29,"calendar","cumulative_poisson",2606.31203093403,0,0.0208760911836565,TRUE,TRUE,0.0626852497275661,0.937315184932724,1890
"Rhode Island",2025-03-29,"calendar","cumulative_nb",2616.57437422197,0,0.0686302583025292,TRUE,TRUE,0.0627782500323633,0.937222172913172,1890
"Rhode Island",2025-03-29,"calendar","hurdle_ztnb",465.576484871283,0,0.00147783505908464,TRUE,TRUE,0.0462335001436503,0.953776224771997,1890
"Rhode Island",2025-03-29,"compressed","cumulative_poisson",1948.08538157553,0,0.00349644402872062,TRUE,TRUE,0.0723429702284731,0.927657647322293,945
"Rhode Island",2025-03-29,"compressed","cumulative_nb",1959.93126595094,0,0.00159980024939799,TRUE,TRUE,0.0725181334597578,0.927482475043077,945
"Rhode Island",2025-03-29,"compressed","hurdle_ztnb",379.931651447052,0,0.0430439255396927,TRUE,TRUE,0.0979520761123323,0.902088820441389,945
"Rhode Island",2025-04-26,"calendar","cumulative_poisson",2871.04860616801,0,0.0295989456283358,TRUE,TRUE,0.062064084981647,0.937936576618343,1998
"Rhode Island",2025-04-26,"calendar","cumulative_nb",2882.28654915296,0,0.0910441223957752,TRUE,TRUE,0.0621004045608209,0.937900246426925,1998
"Rhode Island",2025-04-26,"calendar","hurdle_ztnb",537.083053063953,0,0.000775665908874235,TRUE,TRUE,0.0271442192053624,0.972865826195405,1998
"Rhode Island",2025-04-26,"compressed","cumulative_poisson",2238.08002622805,0,0.0208793788414696,TRUE,TRUE,0.0690963523258267,0.930904440737345,1053
"Rhode Island",2025-04-26,"compressed","cumulative_nb",2250.54279460252,0,0.00340916407469188,TRUE,TRUE,0.0691736813647532,0.930827100168676,1053
"Rhode Island",2025-04-26,"compressed","hurdle_ztnb",459.401090786793,0,0.0915680612391925,TRUE,TRUE,0.111319858129212,0.888814061221099,1053
"Rhode Island",2025-05-31,"calendar","cumulative_poisson",3232.50032977123,0,0.0206577834815127,TRUE,TRUE,0.06130951289264,0.938691776129791,2133
"Rhode Island",2025-05-31,"calendar","cumulative_nb",3244.6780728707,0,0.099012310687159,TRUE,TRUE,0.061330583693449,0.938670700488679,2133
"Rhode Island",2025-05-31,"calendar","hurdle_ztnb",557.881513664648,0,0.00602288221720299,TRUE,TRUE,0.0289204549477131,0.971088112961532,2133
"Rhode Island",2025-05-31,"compressed","cumulative_poisson",2591.53337218563,0,0.00864082610713157,TRUE,TRUE,0.0681382655502195,0.93186325052071,1188
"Rhode Island",2025-05-31,"compressed","cumulative_nb",2604.60868513811,0,0.00476513312360778,TRUE,TRUE,0.0681020469705512,0.931899454464935,1188
"Rhode Island",2025-05-31,"compressed","hurdle_ztnb",478.660894135936,1,0.0321500415718879,TRUE,TRUE,0.0967254446180461,0.903364684132888,1188
"South Carolina",2025-01-02,"calendar","cumulative_poisson",5953.23634616384,0,0.171960622101108,TRUE,TRUE,0.131819253950888,0.868223389817862,1539
"South Carolina",2025-01-02,"calendar","cumulative_nb",6233.32857379671,0,0.0226628201735175,TRUE,TRUE,0.440178911719433,0.561821893232614,1539
"South Carolina",2025-01-02,"calendar","hurdle_ztnb",721.089149502994,0,0.000374885754421683,TRUE,TRUE,0.0257231606759879,0.974281367908986,1539
"South Carolina",2025-01-02,"compressed","cumulative_poisson",2093.34817154229,0,0.0473255065238766,TRUE,TRUE,0.0823937765203837,0.917607491098258,648
"South Carolina",2025-01-02,"compressed","cumulative_nb",2109.4876819968,0,0.0469690413667896,TRUE,TRUE,0.0824219380225037,0.91757933074464,648
"South Carolina",2025-01-02,"compressed","hurdle_ztnb",401.320065271662,0,0.000356145620066028,TRUE,TRUE,0.0222645605789336,0.977736744522696,648
"South Carolina",2025-02-15,"calendar","cumulative_poisson",7523.73796808525,0,0.0904478180726588,TRUE,TRUE,0.106120820837209,0.894065527147675,1728
"South Carolina",2025-02-15,"calendar","cumulative_nb",6968.44136962786,0,0.0178233811009522,TRUE,TRUE,0.540116914691715,0.463418757789061,1728
"South Carolina",2025-02-15,"calendar","hurdle_ztnb",868.079758313051,0,0.000208051519997809,TRUE,TRUE,0.0210401692441914,0.978962242387564,1728
"South Carolina",2025-02-15,"compressed","cumulative_poisson",2555.1918438967,0,0.0696342054290394,TRUE,TRUE,0.0795738509454619,0.920426947794475,783
"South Carolina",2025-02-15,"compressed","cumulative_nb",2572.17664173136,0,0.0733056942072188,TRUE,TRUE,0.0794663900229102,0.920534404610381,783
"South Carolina",2025-02-15,"compressed","hurdle_ztnb",503.155818678784,0,0.000825924447062809,TRUE,TRUE,0.0199791715913733,0.980022865674022,783
"South Carolina",2025-03-29,"calendar","cumulative_poisson",8078.12740419909,0,0.0593694741323993,TRUE,TRUE,0.107176577634591,0.892906905240905,1890
"South Carolina",2025-03-29,"calendar","cumulative_nb",7651.87797149841,0,0.0532777288386357,TRUE,TRUE,0.603053941753079,0.401171751311827,1890
"South Carolina",2025-03-29,"calendar","hurdle_ztnb",1005.53474003844,0,0.000487521013929682,TRUE,TRUE,0.0119402105661898,0.988062014348403,1890
"South Carolina",2025-03-29,"compressed","cumulative_poisson",3115.51778992617,0,0.0943717066864428,TRUE,TRUE,0.0783232310771445,0.921677773829439,945
"South Carolina",2025-03-29,"compressed","cumulative_nb",3133.53330749987,0,0.230896456644115,TRUE,TRUE,0.0782845357356727,0.921716462111357,945
"South Carolina",2025-03-29,"compressed","hurdle_ztnb",608.485569213783,0,0.000425952863952084,TRUE,TRUE,0.0113708434708459,0.988630602502095,945
"South Carolina",2025-04-26,"calendar","cumulative_poisson",8456.08987036393,0,0.029880399236635,TRUE,TRUE,0.123912051837465,0.876217338377619,1998
"South Carolina",2025-04-26,"calendar","cumulative_nb",8131.65947233936,0,0.0343335988488569,TRUE,TRUE,0.507129862638435,0.495374402136263,1998
"South Carolina",2025-04-26,"calendar","hurdle_ztnb",1060.01104890263,0,0.000298631014883116,TRUE,TRUE,0.0105668438954328,0.989434892482797,1998
"South Carolina",2025-04-26,"compressed","cumulative_poisson",3485.15066396537,0,0.0994068127155275,TRUE,TRUE,0.0780006745711881,0.922000443844527,1053
"South Carolina",2025-04-26,"compressed","cumulative_nb",3503.7476642063,0,0.0444927185468995,TRUE,TRUE,0.077904338610779,0.922096771350504,1053
"South Carolina",2025-04-26,"compressed","hurdle_ztnb",656.496166144745,0,8.48596741144237e-05,TRUE,TRUE,0.00979188807704176,0.990209335572898,1053
"South Carolina",2025-05-31,"calendar","cumulative_poisson",8928.91283314587,0,0.238172222376983,TRUE,TRUE,0.119217684111192,0.880912503161582,2133
"South Carolina",2025-05-31,"calendar","cumulative_nb",8680.33606716143,0,0.0572598563148798,TRUE,TRUE,0.371236950325843,0.629950835911078,2133
"South Carolina",2025-05-31,"calendar","hurdle_ztnb",1103.67407559034,0,0.000826122514704597,TRUE,TRUE,0.0105634209913381,0.989438145685607,2133
"South Carolina",2025-05-31,"compressed","cumulative_poisson",3932.59499287772,0,0.0879669459106387,TRUE,TRUE,0.0772965241134753,0.92270464818712,1188
"South Carolina",2025-05-31,"compressed","cumulative_nb",3951.88204233586,0,0.0875854576366421,TRUE,TRUE,0.0773701874972593,0.922630980034488,1188
"South Carolina",2025-05-31,"compressed","hurdle_ztnb",698.194969042299,0,0.000444287991565307,TRUE,TRUE,0.00942583967703289,0.990575221845825,1188
"South Dakota",2025-01-02,"calendar","cumulative_poisson",2116.16788247825,0,0.00230156951859157,TRUE,TRUE,0.0821706646672483,0.917830922281312,1539
"South Dakota",2025-01-02,"calendar","cumulative_nb",2127.69090047214,0,0.00577362569122064,TRUE,TRUE,0.0821037439137452,0.917897842760643,1539
"South Dakota",2025-01-02,"calendar","hurdle_ztnb",338.965499751995,0,0.00180357600562908,TRUE,TRUE,0.016858643415091,0.983142302310576,1539
"South Dakota",2025-01-02,"compressed","cumulative_poisson",1244.94574436751,0,0.00781300899749127,TRUE,TRUE,0.0879012696969345,0.912100156723767,648
"South Dakota",2025-01-02,"compressed","cumulative_nb",1255.15644125705,0,0.00712896796450681,TRUE,TRUE,0.0878761602147519,0.912125263785501,648
"South Dakota",2025-01-02,"compressed","hurdle_ztnb",194.719126233143,0,0.0575455768509184,TRUE,TRUE,0.0162546366466299,0.983745369797476,648
"South Dakota",2025-02-15,"calendar","cumulative_poisson",2437.90550798218,0,0.0235838716895884,TRUE,TRUE,0.0693886324602979,0.930611885604106,1728
"South Dakota",2025-02-15,"calendar","cumulative_nb",2449.242302507,0,0.0229946284521311,TRUE,TRUE,0.0693756793181313,0.930624839485688,1728
"South Dakota",2025-02-15,"calendar","hurdle_ztnb",413.067971114339,0,0.000326660276365409,TRUE,TRUE,0.0266626288654547,0.973338744148959,1728
"South Dakota",2025-02-15,"compressed","cumulative_poisson",1591.89653663065,0,0.0149931744233891,TRUE,TRUE,0.0855733967640867,0.914427894533584,783
"South Dakota",2025-02-15,"compressed","cumulative_nb",1603.02235328499,0,0.0193678790358085,TRUE,TRUE,0.0856060750210928,0.914395217691262,783
"South Dakota",2025-02-15,"compressed","hurdle_ztnb",230.233227178294,0,0.0409014210788574,TRUE,TRUE,0.0149775147739057,0.985022493524447,783
"South Dakota",2025-03-29,"calendar","cumulative_poisson",2757.52387154895,0,0.0454565323426592,TRUE,TRUE,0.066325460331789,0.933675617979018,1890
"South Dakota",2025-03-29,"calendar","cumulative_nb",2769.46313251364,0,0.0020293778897057,TRUE,TRUE,0.0663421339082555,0.93365893396073,1890
"South Dakota",2025-03-29,"calendar","hurdle_ztnb",554.322844238706,0,0.000143242588010073,TRUE,TRUE,0.0242416076269727,0.975761714627352,1890
"South Dakota",2025-03-29,"compressed","cumulative_poisson",2034.60902591745,0,0.0143656550602475,TRUE,TRUE,0.0725175801910214,0.927483331023795,945
"South Dakota",2025-03-29,"compressed","cumulative_nb",2046.63848824632,0,0.0199072083068126,TRUE,TRUE,0.0726144134970409,0.927386493485487,945
"South Dakota",2025-03-29,"compressed","hurdle_ztnb",377.645566537739,0,0.0664177941709738,TRUE,TRUE,0.0195119555153452,0.98048904383349,945
"South Dakota",2025-04-26,"calendar","cumulative_poisson",2994.31473602987,0,0.0461029416715135,TRUE,TRUE,0.0662333112732982,0.933768630667136,1998
"South Dakota",2025-04-26,"calendar","cumulative_nb",3006.75592076974,0,0.0113649264609041,TRUE,TRUE,0.0662112869720095,0.933790631800115,1998
"South Dakota",2025-04-26,"calendar","hurdle_ztnb",580.308247270553,0,0.00240241486197323,TRUE,TRUE,0.0238253332731306,0.976177107991505,1998
"South Dakota",2025-04-26,"compressed","cumulative_poisson",2316.51539164715,0,0.00533709543444897,TRUE,TRUE,0.0705958966529658,0.92940548363534,1053
"South Dakota",2025-04-26,"compressed","cumulative_nb",2329.11182354694,0,0.0466687625177755,TRUE,TRUE,0.0706417190015684,0.929359646076608,1053
"South Dakota",2025-04-26,"compressed","hurdle_ztnb",401.021407811675,0,0.0315669473657331,TRUE,TRUE,0.0189586338452395,0.981042152760844,1053
"South Dakota",2025-05-31,"calendar","cumulative_poisson",3310.0403697954,0,0.0313765403098207,TRUE,TRUE,0.0675748432614805,0.932428309913054,2133
"South Dakota",2025-05-31,"calendar","cumulative_nb",3323.03760944268,0,0.0304151533101664,TRUE,TRUE,0.0675271810783485,0.932475939391829,2133
"South Dakota",2025-05-31,"calendar","hurdle_ztnb",688.641814542729,0,0.000678128806035794,TRUE,TRUE,0.0364527451668026,0.963565959870306,2133
"South Dakota",2025-05-31,"compressed","cumulative_poisson",2644.57135506303,0,0.0127499439054923,TRUE,TRUE,0.0712540148904864,0.928748114613561,1188
"South Dakota",2025-05-31,"compressed","cumulative_nb",2657.70023311748,0,0.00840459215880502,TRUE,TRUE,0.0712375602890011,0.928764543624818,1188
"South Dakota",2025-05-31,"compressed","hurdle_ztnb",565.741878284298,1,0.0784412368093014,TRUE,TRUE,0.0318641491768096,0.968159849103713,1188
"Tennessee",2025-01-02,"calendar","cumulative_poisson",5820.31684517267,0,0.0600857507283654,TRUE,TRUE,0.0686604978409995,0.93134367166424,1539
"Tennessee",2025-01-02,"calendar","cumulative_nb",5836.76994782177,0,0.372422110672109,TRUE,TRUE,0.0686500470274652,0.931354213958424,1539
"Tennessee",2025-01-02,"calendar","hurdle_ztnb",919.748231088815,0,0.00307698843495968,TRUE,TRUE,0.0347055032718994,0.965297434417631,1539
"Tennessee",2025-01-02,"compressed","cumulative_poisson",2159.64091331589,0,0.076901737928554,TRUE,TRUE,0.0896938433662324,0.910306925162785,648
"Tennessee",2025-01-02,"compressed","cumulative_nb",2176.14232301523,0,0.477038020014653,TRUE,TRUE,0.0895835823639662,0.910417183847805,648
"Tennessee",2025-01-02,"compressed","hurdle_ztnb",586.175111852361,0,0.00338476731875914,TRUE,TRUE,0.0295226574631807,0.970481006292386,648
"Tennessee",2025-02-15,"calendar","cumulative_poisson",7806.29934627289,0,0.406798945013934,TRUE,TRUE,0.0687322617552127,0.931267986145572,1728
"Tennessee",2025-02-15,"calendar","cumulative_nb",7118.19269229036,0,0.0959812667754693,TRUE,TRUE,0.195373043963419,0.804997561570497,1728
"Tennessee",2025-02-15,"calendar","hurdle_ztnb",1084.7229152207,0,0.00043015142697872,TRUE,TRUE,0.033757539419654,0.966244381601009,1728
"Tennessee",2025-02-15,"compressed","cumulative_poisson",2664.20227228877,0,0.134008798101677,TRUE,TRUE,0.0870555732159056,0.91294549128708,783
"Tennessee",2025-02-15,"compressed","cumulative_nb",2681.33909335584,0,0.0300231347622371,TRUE,TRUE,0.0871719770483777,0.912829070153175,783
"Tennessee",2025-02-15,"compressed","hurdle_ztnb",696.620209142039,0,0.000603832442138685,TRUE,TRUE,0.0267510077653321,0.973252075637229,783
"Tennessee",2025-03-29,"calendar","cumulative_poisson",8436.94154756189,0,0.197117921755152,TRUE,TRUE,0.0800811379299578,0.919924302985542,1890
"Tennessee",2025-03-29,"calendar","cumulative_nb",7792.07610282616,0,0.0866091493978342,TRUE,TRUE,0.172676356611488,0.827573562148625,1890
"Tennessee",2025-03-29,"calendar","hurdle_ztnb",1228.31980111237,0,0.000267592246422588,TRUE,TRUE,0.0261376819548277,0.973863999832463,1890
"Tennessee",2025-03-29,"compressed","cumulative_poisson",3274.28107359718,0,0.0852533576907038,TRUE,TRUE,0.0835114608217809,0.916489868482688,945
"Tennessee",2025-03-29,"compressed","cumulative_nb",3292.32680926285,0,0.0183622199526714,TRUE,TRUE,0.083443380060905,0.916557921697985,945
"Tennessee",2025-03-29,"compressed","hurdle_ztnb",839.908782153789,0,0.000649828719048867,TRUE,TRUE,0.0207592239973132,0.979244123400804,945
"Tennessee",2025-04-26,"calendar","cumulative_poisson",8852.37670933643,0,0.396646190261331,TRUE,TRUE,0.0966977760421449,0.903321687976609,1998
"Tennessee",2025-04-26,"calendar","cumulative_nb",8271.97053691847,0,0.0796895513483395,TRUE,TRUE,0.156932379858202,0.843266076637195,1998
"Tennessee",2025-04-26,"calendar","hurdle_ztnb",1309.65384686968,0,0.000699343009700648,TRUE,TRUE,0.0268769877303202,0.973125440209194,1998
"Tennessee",2025-04-26,"compressed","cumulative_poisson",3675.0014970305,0,0.0665234275028644,TRUE,TRUE,0.0785247711357127,0.921476106113791,1053
"Tennessee",2025-04-26,"compressed","cumulative_nb",3693.68258722132,0,0.0977723352060981,TRUE,TRUE,0.0785072287251197,0.921493641104811,1053
"Tennessee",2025-04-26,"compressed","hurdle_ztnb",907.845429764836,0,0.000480813023002152,TRUE,TRUE,0.0196479167014982,0.98035480212621,1053
"Tennessee",2025-05-31,"calendar","cumulative_poisson",9362.85425748297,0,0.0437139029321928,TRUE,TRUE,0.105168651723238,0.894859723870292,2133
"Tennessee",2025-05-31,"calendar","cumulative_nb",8865.23168652473,0,0.0751340568670467,TRUE,TRUE,0.12775042857133,0.872382698473,2133
"Tennessee",2025-05-31,"calendar","hurdle_ztnb",1355.27187111496,0,0.00226246031931809,TRUE,TRUE,0.0251119377469759,0.97488983334528,2133
"Tennessee",2025-05-31,"compressed","cumulative_poisson",4160.80633791038,0,0.0739708193167784,TRUE,TRUE,0.0758660061068738,0.924134725159055,1188
"Tennessee",2025-05-31,"compressed","cumulative_nb",4180.19033392967,0,0.0756724235110005,TRUE,TRUE,0.0760318632762521,0.923968868929247,1188
"Tennessee",2025-05-31,"compressed","hurdle_ztnb",952.265586709098,0,0.000534901442050373,TRUE,TRUE,0.0183854706053055,0.981616597153302,1188
"Texas",2025-01-02,"calendar","cumulative_poisson",7197.86826587357,0,3.01014812064275,TRUE,TRUE,0.134324090418232,0.865688134663459,1539
"Texas",2025-01-02,"calendar","cumulative_nb",6717.79388100357,0,0.0394518321446526,TRUE,TRUE,0.0620216888878073,0.937979674476676,1539
"Texas",2025-01-02,"calendar","hurdle_ztnb",1124.9651000764,0,0.000207351741643436,TRUE,TRUE,0.0747800458092369,0.925225002894855,1539
"Texas",2025-01-02,"compressed","cumulative_poisson",4763.25351500831,0,0.473641938155282,TRUE,TRUE,0.814244956170524,0.19580899990696,648
"Texas",2025-01-02,"compressed","cumulative_nb",3473.09166092761,0,1.79218538965445,TRUE,TRUE,0.397724673282361,0.602905380173956,648
"Texas",2025-01-02,"compressed","hurdle_ztnb",1032.78970055563,0,0.0200458646992205,TRUE,TRUE,0.111039440782173,0.889159120398763,648
"Texas",2025-02-15,"calendar","cumulative_poisson",12162.7718334907,0,0.23505942528306,TRUE,TRUE,0.0437015625868502,0.956298449400605,1728
"Texas",2025-02-15,"calendar","cumulative_nb",7690.8601860895,0,0.0204082928012824,TRUE,TRUE,0.0622742423611497,0.937731373714844,1728
"Texas",2025-02-15,"calendar","hurdle_ztnb",1366.11203791401,0,0.000407928764786708,TRUE,TRUE,0.0626258925158804,0.937377054641267,1728
"Texas",2025-02-15,"compressed","cumulative_poisson",5625.34718833671,0,0.881914475739913,TRUE,TRUE,0.863845993988199,0.150184693747804,783
"Texas",2025-02-15,"compressed","cumulative_nb",4262.13119238511,0,0.0831584420276627,TRUE,TRUE,0.625811317655059,0.37743315665181,783
"Texas",2025-02-15,"compressed","hurdle_ztnb",1195.56797505441,0,0.00908534628186199,TRUE,TRUE,0.0731292268868441,0.926969556579623,783
"Texas",2025-03-29,"calendar","cumulative_poisson",13099.3751031053,0,0.198361863086999,TRUE,TRUE,0.135350727610431,0.864697006115603,1890
"Texas",2025-03-29,"calendar","cumulative_nb",8557.62789979327,0,0.0760706240913378,TRUE,TRUE,0.0664004714584144,0.933608025426359,1890
"Texas",2025-03-29,"calendar","hurdle_ztnb",1674.35090231136,0,0.000341906787545476,TRUE,TRUE,0.0509372582117053,0.949066021310987,1890
"Texas",2025-03-29,"compressed","cumulative_poisson",6480.02014103781,0,0.309524099808912,TRUE,TRUE,0.851470588140189,0.163239255006705,945
"Texas",2025-03-29,"compressed","cumulative_nb",5140.16816732284,0,0.519079550805856,TRUE,TRUE,0.682912463780231,0.321912279352616,945
"Texas",2025-03-29,"compressed","hurdle_ztnb",1483.33869979355,0,0.00742300667039603,TRUE,TRUE,0.0496793071765243,0.95036230623561,945
"Texas",2025-04-26,"calendar","cumulative_poisson",13637.1181906873,0,0.284623034155429,TRUE,TRUE,0.0951713248233052,0.904831262695479,1998
"Texas",2025-04-26,"calendar","cumulative_nb",9203.06979467477,0,0.0294027315178462,TRUE,TRUE,0.067045084156817,0.932963549868743,1998
"Texas",2025-04-26,"calendar","hurdle_ztnb",1761.08966136887,0,0.000614980606012061,TRUE,TRUE,0.0424921536937034,0.957509967338715,1998
"Texas",2025-04-26,"compressed","cumulative_poisson",7079.219726884,0,0.580203252204813,TRUE,TRUE,0.851832963636323,0.163551165604946,1053
"Texas",2025-04-26,"compressed","cumulative_nb",5703.52272461265,0,0.531676603279178,TRUE,TRUE,0.678585018158134,0.326360329728181,1053
"Texas",2025-04-26,"compressed","hurdle_ztnb",1565.07280051935,0,0.0129543225792578,TRUE,TRUE,0.040893327106749,0.959136620555602,1053
"Texas",2025-05-31,"calendar","cumulative_poisson",14259.6375614098,0,0.233016668282359,TRUE,TRUE,0.0697249680163128,0.930275104348529,2133
"Texas",2025-05-31,"calendar","cumulative_nb",10013.0666230136,0,0.0516807399452564,TRUE,TRUE,0.066211536369228,0.933795485842188,2133
"Texas",2025-05-31,"calendar","hurdle_ztnb",1998.0631722966,0,0.000955618241899325,TRUE,TRUE,0.0347661643691812,0.965240057577804,2133
"Texas",2025-05-31,"compressed","cumulative_poisson",7940.1187905006,0,38.3088583867492,TRUE,TRUE,0.84663562439307,0.169687017390061,1188
"Texas",2025-05-31,"compressed","cumulative_nb",6390.65025298704,0,1.82208685805344,TRUE,TRUE,0.652011246947506,0.352538372475909,1188
"Texas",2025-05-31,"compressed","hurdle_ztnb",1789.21347923137,0,0.00278621522814625,TRUE,TRUE,0.0409376330950954,0.959134065980716,1188
"US",2025-01-02,"calendar","cumulative_poisson",81567.404225778,0,2.92663419984074,TRUE,TRUE,0.0741927525118318,0.92592096357939,1539
"US",2025-01-02,"calendar","cumulative_nb",11811.2655018853,0,0.00144149622338459,TRUE,TRUE,0.0739772298954911,0.926264011576238,1539
"US",2025-01-02,"calendar","hurdle_ztnb",2572.69777780598,0,0.0649952392671238,TRUE,TRUE,0.0156172881145373,0.984385620226296,1539
"US",2025-01-02,"compressed","cumulative_poisson",3964.83986648487,0,18.2222814323234,TRUE,TRUE,0.439609212458314,0.562691816453196,648
"US",2025-01-02,"compressed","cumulative_nb",3859.59069659765,0,0.348319913815547,TRUE,TRUE,0.217566109236569,0.782669554276187,648
"US",2025-01-02,"compressed","hurdle_ztnb",2155.30659860634,0,0.0127241257810891,TRUE,TRUE,0.043422910213454,0.956672664863851,648
"US",2025-02-15,"calendar","cumulative_poisson",145230.945549246,0,4.17739290823792,TRUE,TRUE,0.409968891199033,0.593789327258947,1728
"US",2025-02-15,"calendar","cumulative_nb",13492.1076065641,0,0.0102916720443538,TRUE,TRUE,0.0864685615209951,0.913889557870276,1728
"US",2025-02-15,"calendar","hurdle_ztnb",3234.31665676161,0,0.011559623287301,TRUE,TRUE,0.0131666640478555,0.986836494771795,1728
"US",2025-02-15,"compressed","cumulative_poisson",5104.83585943565,0,3.63818664042297,TRUE,TRUE,0.553249941813955,0.452295878525997,783
"US",2025-02-15,"compressed","cumulative_nb",4807.91315385477,0,2.06109529955365,TRUE,TRUE,0.36066335674885,0.640527835515104,783
"US",2025-02-15,"compressed","hurdle_ztnb",2583.0529253329,0,0.0184360055689494,TRUE,TRUE,0.0437686593509021,0.956337300788017,783
"US",2025-03-29,"calendar","cumulative_poisson",150582.285327674,0,10.8390227741016,TRUE,TRUE,0.0688186997014474,0.931184255345864,1890
"US",2025-03-29,"calendar","cumulative_nb",15108.7554497139,0,0.00254474108738112,TRUE,TRUE,0.0991870886438905,0.901237262218914,1890
"US",2025-03-29,"calendar","hurdle_ztnb",3921.57558548742,0,0.0389578984679191,TRUE,TRUE,0.0127555576727888,0.987247340761899,1890
"US",2025-03-29,"compressed","cumulative_poisson",6419.48853308237,0,0.75609112152297,TRUE,TRUE,0.484826672450473,0.519626210512093,945
"US",2025-03-29,"compressed","cumulative_nb",5908.24523688566,0,8.87483042806068,TRUE,TRUE,0.318707062460732,0.682253561885111,945
"US",2025-03-29,"compressed","hurdle_ztnb",3161.38747065985,0,0.0536082578677892,TRUE,TRUE,0.0353358965072674,0.964746302909337,945
"US",2025-04-26,"calendar","cumulative_poisson",152130.113334275,0,0.791884017311381,TRUE,TRUE,0.165619082427483,0.834425611379911,1998
"US",2025-04-26,"calendar","cumulative_nb",16248.4084763921,0,0.00528722631727718,TRUE,TRUE,0.107399656580716,0.893045584712947,1998
"US",2025-04-26,"calendar","hurdle_ztnb",4317.54551920605,0,0.105127339287853,TRUE,TRUE,0.0126073874638461,0.987394492911276,1998
"US",2025-04-26,"compressed","cumulative_poisson",7111.61322510806,0,1.28599429091633,TRUE,TRUE,0.384568263119477,0.617648398608679,1053
"US",2025-04-26,"compressed","cumulative_nb",6611.25164845893,0,0.798847629653605,TRUE,TRUE,0.272787527535519,0.727857926503968,1053
"US",2025-04-26,"compressed","hurdle_ztnb",3517.56623490776,0,0.0357180391220257,TRUE,TRUE,0.0270064353826799,0.973035934091307,1053
"US",2025-05-31,"calendar","cumulative_poisson",153487.429532818,0,23.2142248663099,TRUE,TRUE,0.241773745678721,0.75841688275301,2133
"US",2025-05-31,"calendar","cumulative_nb",17688.1980548453,0,0.00554693678790556,TRUE,TRUE,0.117713736715128,0.882745121031639,2133
"US",2025-05-31,"calendar","hurdle_ztnb",4970.60144669307,0,0.16011681523723,TRUE,TRUE,0.0121215960655385,0.987881706652222,2133
"US",2025-05-31,"compressed","cumulative_poisson",7933.72909138483,0,1.5177534296953,TRUE,TRUE,0.368659949164508,0.633474200402976,1188
"US",2025-05-31,"compressed","cumulative_nb",7461.38096349341,0,0.227159778907518,TRUE,TRUE,0.255571967573976,0.745011999530988,1188
"US",2025-05-31,"compressed","hurdle_ztnb",4120.26603878041,0,0.0413997130357619,TRUE,TRUE,0.026129424571889,0.973918227380435,1188
"Utah",2025-01-02,"calendar","cumulative_poisson",2267.46026364325,0,0.271810654720113,TRUE,TRUE,0.0652597422723869,0.934740844960949,1539
"Utah",2025-01-02,"calendar","cumulative_nb",2278.32620374004,0,0.0473434268243357,TRUE,TRUE,0.0653103918500639,0.934690187907396,1539
"Utah",2025-01-02,"calendar","hurdle_ztnb",350.54744727474,0,0.000550467608375738,TRUE,TRUE,0.0360468492590069,0.963953884943588,1539
"Utah",2025-01-02,"compressed","cumulative_poisson",1464.36704596901,0,0.0826277940926359,TRUE,TRUE,0.0822412412344751,0.917759782293719,648
"Utah",2025-01-02,"compressed","cumulative_nb",1474.95901686074,0,0.027607346034585,TRUE,TRUE,0.0823797011339633,0.917621329074822,648
"Utah",2025-01-02,"compressed","hurdle_ztnb",245.628749660826,0,0.0465417886924236,TRUE,TRUE,0.039573294037186,0.960428017913885,648
"Utah",2025-02-15,"calendar","cumulative_poisson",2987.82802832861,0,0.0517195220476631,TRUE,TRUE,0.0450668525741189,0.954933155067783,1728
"Utah",2025-02-15,"calendar","cumulative_nb",2874.25107962105,0,0.264861213873582,TRUE,TRUE,0.0663845958927304,0.933615600235582,1728
"Utah",2025-02-15,"calendar","hurdle_ztnb",446.346024164988,0,0.00142633345115084,TRUE,TRUE,0.0393950611553526,0.960605876435448,1728
"Utah",2025-02-15,"compressed","cumulative_poisson",1817.37942951472,0,0.173035617300778,TRUE,TRUE,0.0761986886554452,0.923801953173546,783
"Utah",2025-02-15,"compressed","cumulative_nb",1829.11342461909,0,0.0374998695856368,TRUE,TRUE,0.0763432119285707,0.923657437124616,783
"Utah",2025-02-15,"compressed","hurdle_ztnb",302.868711452397,0,0.0908604913930061,TRUE,TRUE,0.0294382103701121,0.970562043069566,783
"Utah",2025-03-29,"calendar","cumulative_poisson",3424.89232667647,0,0.0294868542294526,TRUE,TRUE,0.0715864297682434,0.928414141994977,1890
"Utah",2025-03-29,"calendar","cumulative_nb",3326.22703223975,0,0.0521752122969926,TRUE,TRUE,0.0644181768161764,0.935582322788805,1890
"Utah",2025-03-29,"calendar","hurdle_ztnb",531.150148266706,0,0.000946852593386845,TRUE,TRUE,0.0229320603850233,0.977068336525956,1890
"Utah",2025-03-29,"compressed","cumulative_poisson",2258.3266155307,0,0.00538000915967185,TRUE,TRUE,0.0764733817069239,0.923527468742661,945
"Utah",2025-03-29,"compressed","cumulative_nb",2271.46879627631,0,0.0414420258452849,TRUE,TRUE,0.0765774130207073,0.923423438467936,945
"Utah",2025-03-29,"compressed","hurdle_ztnb",367.187894858269,0,0.00248585465205931,TRUE,TRUE,0.0190591979937982,0.980940958004301,945
"Utah",2025-04-26,"calendar","cumulative_poisson",3753.05063951647,0,0.109238692142714,TRUE,TRUE,0.0792820993364046,0.920719388188949,1998
"Utah",2025-04-26,"calendar","cumulative_nb",3678.95385442035,0,0.0989617912590992,TRUE,TRUE,0.0667961432833317,0.933204882020867,1998
"Utah",2025-04-26,"calendar","hurdle_ztnb",562.149387564232,0,0.000194568827835612,TRUE,TRUE,0.0196588782562338,0.980341338068285,1998
"Utah",2025-04-26,"compressed","cumulative_poisson",2562.22155776927,0,0.0494986194023729,TRUE,TRUE,0.0764324047458435,0.923568459211083,1053
"Utah",2025-04-26,"compressed","cumulative_nb",2576.10750608675,0,0.0676681677219704,TRUE,TRUE,0.0764785099873436,0.923522353945138,1053
"Utah",2025-04-26,"compressed","hurdle_ztnb",395.064540642543,0,0.000429740876398521,TRUE,TRUE,0.0163116181576788,0.983688486958489,1053
"Utah",2025-05-31,"calendar","cumulative_poisson",4177.23143562419,0,0.184518525927738,TRUE,TRUE,0.0802635234295152,0.919738074050423,2133
"Utah",2025-05-31,"calendar","cumulative_nb",4131.9656992594,0,0.168231834723295,TRUE,TRUE,0.0689820252802129,0.931019302247896,2133
"Utah",2025-05-31,"calendar","hurdle_ztnb",586.66716093985,0,0.000181636807959157,TRUE,TRUE,0.0186982755536725,0.981301886930137,2133
"Utah",2025-05-31,"compressed","cumulative_poisson",2946.9559827881,0,0.0211252860447649,TRUE,TRUE,0.0764645219299751,0.923536366363203,1188
"Utah",2025-05-31,"compressed","cumulative_nb",2961.59672917248,0,0.084912839073129,TRUE,TRUE,0.0765101902302143,0.923490698731158,1188
"Utah",2025-05-31,"compressed","hurdle_ztnb",416.302903371841,0,0.00156577171244476,TRUE,TRUE,0.0154405761408314,0.98455951599784,1188
"Vermont",2025-01-02,"calendar","cumulative_poisson",1811.52804592953,0,0.013152147072313,TRUE,TRUE,0.0877816467500213,0.912219727645134,1539
"Vermont",2025-01-02,"calendar","cumulative_nb",1821.70988947508,0,0.00985188430374628,TRUE,TRUE,0.0877179389011399,0.912283433497707,1539
"Vermont",2025-01-02,"calendar","hurdle_ztnb",263.238471283497,1,0.0579805316073536,TRUE,TRUE,0.0274736044788884,0.972527352814478,1539
"Vermont",2025-01-02,"compressed","cumulative_poisson",1134.26238303409,0,0.00480678020270795,TRUE,TRUE,0.0890982308169365,0.910903159881918,648
"Vermont",2025-01-02,"compressed","cumulative_nb",1143.30194528258,0,0.0057731578911504,TRUE,TRUE,0.0890177972608494,0.910983590129627,648
"Vermont",2025-01-02,"compressed","hurdle_ztnb",175.887716638891,0,0.0515203068242963,TRUE,TRUE,0.0248083711290014,0.97519164716357,648
"Vermont",2025-02-15,"calendar","cumulative_poisson",2038.80448554211,0,0.019729765958024,TRUE,TRUE,0.0646268684688642,0.935373946555597,1728
"Vermont",2025-02-15,"calendar","cumulative_nb",2048.91867743554,0,0.0542987396876891,TRUE,TRUE,0.0648700881873441,0.935130706755329,1728
"Vermont",2025-02-15,"calendar","hurdle_ztnb",336.568721529483,0,0.0133916278175634,TRUE,TRUE,0.031826294311206,0.968174817572925,1728
"Vermont",2025-02-15,"compressed","cumulative_poisson",1454.57659363051,0,0.00992016586769678,TRUE,TRUE,0.081588486483935,0.918412532173301,783
"Vermont",2025-02-15,"compressed","cumulative_nb",1464.45424899379,0,0.0309289548816136,TRUE,TRUE,0.0816594204360556,0.918341603111607,783
"Vermont",2025-02-15,"compressed","hurdle_ztnb",214.479498681563,0,0.092875525911967,TRUE,TRUE,0.0221182897775713,0.977881731807726,783
"Vermont",2025-03-29,"calendar","cumulative_poisson",2305.66401532985,0,0.0982272600643481,TRUE,TRUE,0.0647262199875005,0.935274243857976,1890
"Vermont",2025-03-29,"calendar","cumulative_nb",2316.552983163,0,0.0278713087756387,TRUE,TRUE,0.0648074998688597,0.93519295930975,1890
"Vermont",2025-03-29,"calendar","hurdle_ztnb",427.575688605658,0,0.0121732575701481,TRUE,TRUE,0.0213986655888845,0.978603178381744,1890
"Vermont",2025-03-29,"compressed","cumulative_poisson",1865.08207931765,0,0.00974799683182323,TRUE,TRUE,0.06858192013871,0.931418737692909,945
"Vermont",2025-03-29,"compressed","cumulative_nb",1875.97731641493,0,0.00857284516223049,TRUE,TRUE,0.0687311995969845,0.931269456750741,945
"Vermont",2025-03-29,"compressed","hurdle_ztnb",303.253600720017,0,0.00317008914770422,TRUE,TRUE,0.0190052885220017,0.980995464512169,945
"Vermont",2025-04-26,"calendar","cumulative_poisson",2529.73048235202,0,0.00274987288418949,TRUE,TRUE,0.063860357539657,0.936140537208178,1998
"Vermont",2025-04-26,"calendar","cumulative_nb",2541.17137325036,0,0.00212410989003089,TRUE,TRUE,0.0639158102921327,0.936085074708741,1998
"Vermont",2025-04-26,"calendar","hurdle_ztnb",447.930951159368,0,0.02795285570701,TRUE,TRUE,0.020005937343157,0.979995265160809,1998
"Vermont",2025-04-26,"compressed","cumulative_poisson",2137.24903147982,0,0.00340383398968299,TRUE,TRUE,0.0672524300251,0.93274863905968,1053
"Vermont",2025-04-26,"compressed","cumulative_nb",2148.7373929857,0,0.0852641321062227,TRUE,TRUE,0.0673618020860687,0.932639257891434,1053
"Vermont",2025-04-26,"compressed","hurdle_ztnb",321.512198439425,0,0.0223545435536564,TRUE,TRUE,0.0175613180090298,0.982439200350093,1053
"Vermont",2025-05-31,"calendar","cumulative_poisson",2835.04439466934,0,0.0550285066866314,TRUE,TRUE,0.0641999482018688,0.935801325216215,2133
"Vermont",2025-05-31,"calendar","cumulative_nb",2847.08153115306,0,0.00512836180379684,TRUE,TRUE,0.0642260149190687,0.935775246771673,2133
"Vermont",2025-05-31,"calendar","hurdle_ztnb",475.220866970733,0,0.0365538398707679,TRUE,TRUE,0.0184110388004021,0.981590000619004,2133
"Vermont",2025-05-31,"compressed","cumulative_poisson",2457.49468665546,0,0.0138156574830667,TRUE,TRUE,0.0672778003401152,0.93272362917951,1188
"Vermont",2025-05-31,"compressed","cumulative_nb",2469.55699527256,0,0.00315637633609167,TRUE,TRUE,0.0673463173294292,0.932655099760307,1188
"Vermont",2025-05-31,"compressed","hurdle_ztnb",348.063574522821,0,0.00621254380515801,TRUE,TRUE,0.0162521457511267,0.983748495433723,1188
"Virginia",2025-01-02,"calendar","cumulative_poisson",7261.18431919243,0,0.169514157504357,TRUE,TRUE,0.126602628126907,0.87344253453809,1539
"Virginia",2025-01-02,"calendar","cumulative_nb",7044.75378645669,0,0.00160765814051483,TRUE,TRUE,0.315107764231335,0.686469921993224,1539
"Virginia",2025-01-02,"calendar","hurdle_ztnb",720.296192952187,0,0.000392754016501129,TRUE,TRUE,0.0180132043920043,0.981987533565973,1539
"Virginia",2025-01-02,"compressed","cumulative_poisson",2240.98662438212,0,0.0296375513899942,TRUE,TRUE,0.087245506470411,0.912755216698721,648
"Virginia",2025-01-02,"compressed","cumulative_nb",2257.86341747573,0,0.0205729444369763,TRUE,TRUE,0.0872198204747192,0.91278090023676,648
"Virginia",2025-01-02,"compressed","hurdle_ztnb",477.096750954322,0,0.00027335424575714,TRUE,TRUE,0.0183550324572242,0.981646306996504,648
"Virginia",2025-02-15,"calendar","cumulative_poisson",8991.55819159851,0,0.0529209007594262,TRUE,TRUE,0.117159102569641,0.883006846711245,1728
"Virginia",2025-02-15,"calendar","cumulative_nb",7910.09531486912,0,0.0180573130225161,TRUE,TRUE,0.470074835140817,0.533212890175171,1728
"Virginia",2025-02-15,"calendar","hurdle_ztnb",859.245746709035,0,0.000462602666048251,TRUE,TRUE,0.0144057139105904,0.985594618714986,1728
"Virginia",2025-02-15,"compressed","cumulative_poisson",2735.42998626621,0,0.0855635236810547,TRUE,TRUE,0.0911917986117025,0.908809770408146,783
"Virginia",2025-02-15,"compressed","cumulative_nb",2753.13944858681,0,0.0756968948919691,TRUE,TRUE,0.0910918934615784,0.90890965550264,783
"Virginia",2025-02-15,"compressed","hurdle_ztnb",567.527666223654,0,0.000475206540911044,TRUE,TRUE,0.0166357960308939,0.983365798245956,783
"Virginia",2025-03-29,"calendar","cumulative_poisson",9610.84116846281,0,0.114714348552311,TRUE,TRUE,0.0905095458123596,0.909540293871703,1890
"Virginia",2025-03-29,"calendar","cumulative_nb",8741.13066431876,0,0.0130057189452158,TRUE,TRUE,0.555409743743888,0.448880209211029,1890
"Virginia",2025-03-29,"calendar","hurdle_ztnb",1065.33068086563,0,0.000278155442154926,TRUE,TRUE,0.0120481527466515,0.987952796641724,1890
"Virginia",2025-03-29,"compressed","cumulative_poisson",3384.65046201955,0,0.14642731644845,TRUE,TRUE,0.0916167073114266,0.908386589321008,945
"Virginia",2025-03-29,"compressed","cumulative_nb",3401.75523141101,0,0.0938868337628159,TRUE,TRUE,0.0912379621127155,0.908765303709213,945
"Virginia",2025-03-29,"compressed","hurdle_ztnb",748.463425255822,0,0.000228652091798731,TRUE,TRUE,0.0225993129888829,0.9774115440436,945
"Virginia",2025-04-26,"calendar","cumulative_poisson",10010.276646962,0,0.0958873305021946,TRUE,TRUE,0.108234708386757,0.891851169465357,1998
"Virginia",2025-04-26,"calendar","cumulative_nb",9338.14289057549,0,0.0234504119096054,TRUE,TRUE,0.589945322235863,0.414681431156977,1998
"Virginia",2025-04-26,"calendar","hurdle_ztnb",1115.1603422357,0,0.000744030044264044,TRUE,TRUE,0.0111977189645176,0.988802977064486,1998
"Virginia",2025-04-26,"compressed","cumulative_poisson",3789.74826587207,0,0.0562988011725138,TRUE,TRUE,0.0815296301832008,0.918472109942434,1053
"Virginia",2025-04-26,"compressed","cumulative_nb",3807.57682191214,0,0.0922179711213269,TRUE,TRUE,0.0811279650636796,0.91887373877289,1053
"Virginia",2025-04-26,"compressed","hurdle_ztnb",799.346094280693,0,0.000438441806288936,TRUE,TRUE,0.0210157712606228,0.978993772054314,1053
"Virginia",2025-05-31,"calendar","cumulative_poisson",10507.0984575547,0,0.105383284908785,TRUE,TRUE,0.113601567592539,0.886511190781195,2133
"Virginia",2025-05-31,"calendar","cumulative_nb",10083.839683879,0,0.00561670119808639,TRUE,TRUE,0.616949126491462,0.387860394218597,2133
"Virginia",2025-05-31,"calendar","hurdle_ztnb",1157.74871145821,0,0.00093134419775559,TRUE,TRUE,0.0106942037316018,0.989306318913904,2133
"Virginia",2025-05-31,"compressed","cumulative_poisson",4271.57245407213,0,0.0838648097520309,TRUE,TRUE,0.0773437323885743,0.922657757277105,1188
"Virginia",2025-05-31,"compressed","cumulative_nb",4290.28959823118,0,0.0574692034899335,TRUE,TRUE,0.0770707985499411,0.922930655333977,1188
"Virginia",2025-05-31,"compressed","hurdle_ztnb",840.968092738807,0,0.000534691722498482,TRUE,TRUE,0.0191054909568329,0.980901574609885,1188
"Washington",2025-01-02,"calendar","cumulative_poisson",6171.63359316548,0,0.0159948583744557,TRUE,TRUE,0.0483384066771351,0.951679456699742,1539
"Washington",2025-01-02,"calendar","cumulative_nb",5854.24347971341,0,0.00357631026656333,TRUE,TRUE,0.120782417827604,0.87935843164413,1539
"Washington",2025-01-02,"calendar","hurdle_ztnb",736.167277637391,0,0.000357002586946431,TRUE,TRUE,0.0529762614891071,0.947042465537849,1539
"Washington",2025-01-02,"compressed","cumulative_poisson",2392.34689206922,0,0.0489364812828492,TRUE,TRUE,0.0879713612012643,0.91203653842,648
"Washington",2025-01-02,"compressed","cumulative_nb",2404.41367000563,0,0.0866356951934473,TRUE,TRUE,0.0898355627528167,0.910172564300552,648
"Washington",2025-01-02,"compressed","hurdle_ztnb",390.26788899122,0,0.000350358309599286,TRUE,TRUE,0.0920913940682411,0.907910373221757,648
"Washington",2025-02-15,"calendar","cumulative_poisson",7613.79176787199,0,0.027265639009463,TRUE,TRUE,0.152713737784041,0.847419266215286,1728
"Washington",2025-02-15,"calendar","cumulative_nb",6613.89229388484,0,0.00703557030336442,TRUE,TRUE,0.243261235988634,0.757371808825208,1728
"Washington",2025-02-15,"calendar","hurdle_ztnb",950.705759262215,0,0.000845479612856914,TRUE,TRUE,0.0423720713455057,0.957647375043904,1728
"Washington",2025-02-15,"compressed","cumulative_poisson",2868.54367455295,0,0.108938549272953,TRUE,TRUE,0.0899302276218118,0.910078958254088,783
"Washington",2025-02-15,"compressed","cumulative_nb",2880.87935534228,0,0.0981629850967737,TRUE,TRUE,0.0899123325666133,0.910096813130323,783
"Washington",2025-02-15,"compressed","hurdle_ztnb",528.192344809179,0,0.00141016803407909,TRUE,TRUE,0.0616444510910719,0.938372487591554,783
"Washington",2025-03-29,"calendar","cumulative_poisson",8236.15208821098,0,0.0106295439931839,TRUE,TRUE,0.171103680551898,0.829155257693311,1890
"Washington",2025-03-29,"calendar","cumulative_nb",7356.39078128554,0,0.00713454102478238,TRUE,TRUE,0.344133776658126,0.65701888728353,1890
"Washington",2025-03-29,"calendar","hurdle_ztnb",1051.78776450477,0,0.000272730886336892,TRUE,TRUE,0.0318683195155983,0.968144026893428,1890
"Washington",2025-03-29,"compressed","cumulative_poisson",3470.54238887359,0,0.033248258544313,TRUE,TRUE,0.0829444756479206,0.917061028372553,945
"Washington",2025-03-29,"compressed","cumulative_nb",3482.17874360307,0,0.0734539578272547,TRUE,TRUE,0.0839176131417867,0.916087962739086,945
"Washington",2025-03-29,"compressed","hurdle_ztnb",624.547622682047,0,0.00025558813447718,TRUE,TRUE,0.0423707795113081,0.957642146895578,945
"Washington",2025-04-26,"calendar","cumulative_poisson",8620.76305135319,0,0.111953645202066,TRUE,TRUE,0.166247189455835,0.833986786897903,1998
"Washington",2025-04-26,"calendar","cumulative_nb",7886.66162045809,0,0.0167713898289348,TRUE,TRUE,0.364176758937227,0.637052818889495,1998
"Washington",2025-04-26,"calendar","hurdle_ztnb",1143.41944194372,0,0.00178396135622411,TRUE,TRUE,0.0371995895649869,0.962820238115101,1998
"Washington",2025-04-26,"compressed","cumulative_poisson",3856.53630297419,0,0.116625944072156,TRUE,TRUE,0.0763157502514647,0.923690336037801,1053
"Washington",2025-04-26,"compressed","cumulative_nb",3869.41412401608,0,0.294370891978672,TRUE,TRUE,0.0768965059212609,0.923109583981245,1053
"Washington",2025-04-26,"compressed","hurdle_ztnb",713.294785444808,0,0.000114202167806637,TRUE,TRUE,0.0399502053820586,0.960059979909951,1053
"Washington",2025-05-31,"calendar","cumulative_poisson",9627.40273797071,0,0.363348852541208,TRUE,TRUE,0.0875091029524788,0.91249345457247,2133
"Washington",2025-05-31,"calendar","cumulative_nb",8563.90724165461,0,0.0178449983589474,TRUE,TRUE,0.248474296158572,0.752001506591374,2133
"Washington",2025-05-31,"calendar","hurdle_ztnb",1504.53537543744,0,0.00160434376477911,TRUE,TRUE,0.105450806037551,0.895179709273959,2133
"Washington",2025-05-31,"compressed","cumulative_poisson",4708.37297874951,0,0.114358585909496,TRUE,TRUE,0.117022616757331,0.882977798298088,1188
"Washington",2025-05-31,"compressed","cumulative_nb",4588.32094222199,0,0.129153835003918,TRUE,TRUE,0.126575801696661,0.873449757652884,1188
"Washington",2025-05-31,"compressed","hurdle_ztnb",986.568904894729,0,0.000206980660763634,TRUE,TRUE,0.130681051787502,0.869523866656208,1188
"West Virginia",2025-01-02,"calendar","cumulative_poisson",2625.51242470493,0,0.14366950443067,TRUE,TRUE,0.0847508236792874,0.91525033221217,1539
"West Virginia",2025-01-02,"calendar","cumulative_nb",2640.49427037588,0,0.749543897925356,TRUE,TRUE,0.0846226655179438,0.915378487937593,1539
"West Virginia",2025-01-02,"calendar","hurdle_ztnb",341.766860458739,0,0.00261588288988895,TRUE,TRUE,0.0130539128891035,0.986946104050591,1539
"West Virginia",2025-01-02,"compressed","cumulative_poisson",1692.37410888351,0,0.0409503923988839,TRUE,TRUE,0.0893177241535484,0.910683763721629,648
"West Virginia",2025-01-02,"compressed","cumulative_nb",1706.01698339107,0,0.0136490386147573,TRUE,TRUE,0.0892560770023791,0.910745409445186,648
"West Virginia",2025-01-02,"compressed","hurdle_ztnb",220.411294062464,0,0.00687966358531417,TRUE,TRUE,0.00692386939923475,0.993076131698847,648
"West Virginia",2025-02-15,"calendar","cumulative_poisson",3135.74496286181,0,0.034871784176103,TRUE,TRUE,0.0666343146353663,0.93336644678155,1728
"West Virginia",2025-02-15,"calendar","cumulative_nb",3148.00530154914,0,0.144235892410945,TRUE,TRUE,0.0672218399368802,0.932778875174743,1728
"West Virginia",2025-02-15,"calendar","hurdle_ztnb",425.331256702091,0,0.00038831980073134,TRUE,TRUE,0.0106482809726451,0.98935173255705,1728
"West Virginia",2025-02-15,"compressed","cumulative_poisson",2109.46621088612,0,0.156410596916337,TRUE,TRUE,0.0877045373939678,0.912296791923115,783
"West Virginia",2025-02-15,"compressed","cumulative_nb",2124.06847931839,0,0.146748512605551,TRUE,TRUE,0.0876930900482129,0.912308240756462,783
"West Virginia",2025-02-15,"compressed","hurdle_ztnb",258.007196023457,0,0.00286798913769476,TRUE,TRUE,0.00500838748007005,0.994991613379955,783
"West Virginia",2025-03-29,"calendar","cumulative_poisson",3502.7055768103,0,0.0744440000668918,TRUE,TRUE,0.0701059382770797,0.929894699071808,1890
"West Virginia",2025-03-29,"calendar","cumulative_nb",3516.3698082925,0,0.20064695891087,TRUE,TRUE,0.0701739647930963,0.929826656055135,1890
"West Virginia",2025-03-29,"calendar","hurdle_ztnb",527.119918783422,0,0.000471773248164796,TRUE,TRUE,0.00666118291774689,0.993338960591687,1890
"West Virginia",2025-03-29,"compressed","cumulative_poisson",2632.09872701138,0,0.153187005915746,TRUE,TRUE,0.0853444775881126,0.914656711595035,945
"West Virginia",2025-03-29,"compressed","cumulative_nb",2647.99417835688,0,0.0991836348159492,TRUE,TRUE,0.0852667054020608,0.914734484063171,945
"West Virginia",2025-03-29,"compressed","hurdle_ztnb",346.912549495168,0,0.00198787620576701,TRUE,TRUE,0.00329120795262269,0.996708826954613,945
"West Virginia",2025-04-26,"calendar","cumulative_poisson",3804.93227801388,0,0.496235634636867,TRUE,TRUE,0.0708462784648257,0.929154639178938,1998
"West Virginia",2025-04-26,"calendar","cumulative_nb",3819.64121277333,0,0.101938400096664,TRUE,TRUE,0.070714544739498,0.929286358419983,1998
"West Virginia",2025-04-26,"calendar","hurdle_ztnb",551.385892605801,0,0.00579263040505137,TRUE,TRUE,0.00591935472972475,0.994080723560746,1998
"West Virginia",2025-04-26,"compressed","cumulative_poisson",2978.36615591776,0,0.0414136563230093,TRUE,TRUE,0.0846993762142677,0.915301862387703,1053
"West Virginia",2025-04-26,"compressed","cumulative_nb",2994.95203226214,0,0.0209778421567812,TRUE,TRUE,0.0847103444507131,0.915290894634623,1053
"West Virginia",2025-04-26,"compressed","hurdle_ztnb",369.137173165626,0,0.00117414655382964,TRUE,TRUE,0.00297237217124321,0.997027654919322,1053
"West Virginia",2025-05-31,"calendar","cumulative_poisson",4214.28652871605,0,0.0467941758137095,TRUE,TRUE,0.0712221141892476,0.928778866125681,2133
"West Virginia",2025-05-31,"calendar","cumulative_nb",4230.06832511475,0,0.174818314025775,TRUE,TRUE,0.0710064268297162,0.928994544868452,2133
"West Virginia",2025-05-31,"calendar","hurdle_ztnb",568.108931918779,0,0.00125460837673422,TRUE,TRUE,0.00555195195950382,0.994448106109989,2133
"West Virginia",2025-05-31,"compressed","cumulative_poisson",3384.18451119296,0,0.0719805071518391,TRUE,TRUE,0.0847020263847006,0.915299269743817,1188
"West Virginia",2025-05-31,"compressed","cumulative_nb",3401.43312184529,0,0.0416989568798574,TRUE,TRUE,0.084708305627434,0.915292990872338,1188
"West Virginia",2025-05-31,"compressed","hurdle_ztnb",383.310598999974,0,0.0395015194590881,TRUE,TRUE,0.00292126861351267,0.997078756707835,1188
"Wisconsin",2025-01-02,"calendar","cumulative_poisson",3405.3217733917,0,0.0393961309160071,TRUE,TRUE,0.0751070055560998,0.924894280134568,1539
"Wisconsin",2025-01-02,"calendar","cumulative_nb",3421.67823116148,0,0.0139993434341322,TRUE,TRUE,0.07505058378254,0.924950706444392,1539
"Wisconsin",2025-01-02,"calendar","hurdle_ztnb",623.662770150167,0,0.000447098084008979,TRUE,TRUE,0.0190238959708579,0.980977954381437,1539
"Wisconsin",2025-01-02,"compressed","cumulative_poisson",1863.58861080572,0,0.228877372611437,TRUE,TRUE,0.0813711535375423,0.918629813810888,648
"Wisconsin",2025-01-02,"compressed","cumulative_nb",1878.60234052883,0,0.98612515147794,TRUE,TRUE,0.0813545022818944,0.918646469881954,648
"Wisconsin",2025-01-02,"compressed","hurdle_ztnb",391.449433533064,0,0.000273794369649694,TRUE,TRUE,0.0150303572869528,0.984969892419819,648
"Wisconsin",2025-02-15,"calendar","cumulative_poisson",4605.52301069185,0,0.483792079592309,TRUE,TRUE,0.0605445405750027,0.939457063881339,1728
"Wisconsin",2025-02-15,"calendar","cumulative_nb",4441.07201715661,0,0.0110236940654191,TRUE,TRUE,0.0673741464520757,0.932626194304628,1728
"Wisconsin",2025-02-15,"calendar","hurdle_ztnb",753.920468793394,0,0.000376328060512243,TRUE,TRUE,0.0156512787525806,0.984350215765316,1728
"Wisconsin",2025-02-15,"compressed","cumulative_poisson",2328.06186893475,0,1.61207225607957,TRUE,TRUE,0.0811544893328899,0.918846358877468,783
"Wisconsin",2025-02-15,"compressed","cumulative_nb",2344.23756626914,0,2.38844829437194,TRUE,TRUE,0.0812623106957877,0.918738541493077,783
"Wisconsin",2025-02-15,"compressed","hurdle_ztnb",468.173929166271,0,0.0885313534293908,TRUE,TRUE,0.00981680398279453,0.990183388873809,783
"Wisconsin",2025-03-29,"calendar","cumulative_poisson",5128.69165747803,0,0.223086914598088,TRUE,TRUE,0.069570098701632,0.930431978876894,1890
"Wisconsin",2025-03-29,"calendar","cumulative_nb",4967.87996345464,0,0.06732428769417,TRUE,TRUE,0.0665296610610033,0.933472213697124,1890
"Wisconsin",2025-03-29,"calendar","hurdle_ztnb",906.340701457343,0,0.000310974433429589,TRUE,TRUE,0.0103577208017427,0.989643810922323,1890
"Wisconsin",2025-03-29,"compressed","cumulative_poisson",2912.44477617745,0,0.104454786993785,TRUE,TRUE,0.0777958601295317,0.922205415914232,945
"Wisconsin",2025-03-29,"compressed","cumulative_nb",2929.80646403964,0,0.0946883166704697,TRUE,TRUE,0.0776426127746091,0.922358641962791,945
"Wisconsin",2025-03-29,"compressed","hurdle_ztnb",639.110902249856,0,0.000499309377905766,TRUE,TRUE,0.0186053838272066,0.981403422341474,945
"Wisconsin",2025-04-26,"calendar","cumulative_poisson",5494.30390187281,0,0.22728605608391,TRUE,TRUE,0.0741987244338916,0.92580638103777,1998
"Wisconsin",2025-04-26,"calendar","cumulative_nb",5364.85898725547,0,0.023644596245316,TRUE,TRUE,0.069580910758274,0.930422629535295,1998
"Wisconsin",2025-04-26,"calendar","hurdle_ztnb",956.065998463111,0,0.000343493848309784,TRUE,TRUE,0.010590044611852,0.989411378819421,1998
"Wisconsin",2025-04-26,"compressed","cumulative_poisson",3295.97200406546,0,0.0519720800987316,TRUE,TRUE,0.0796630872370731,0.920339099408189,1053
"Wisconsin",2025-04-26,"compressed","cumulative_nb",3314.08041579355,0,0.0272504144231544,TRUE,TRUE,0.0793967314509038,0.920605397275126,1053
"Wisconsin",2025-04-26,"compressed","hurdle_ztnb",686.349373687529,0,5.6084087766417e-05,TRUE,TRUE,0.0172182816466927,0.982789193337873,1053
"Wisconsin",2025-05-31,"calendar","cumulative_poisson",5961.29795812053,0,0.0491932207573464,TRUE,TRUE,0.0745538856931014,0.925452399432416,2133
"Wisconsin",2025-05-31,"calendar","cumulative_nb",5871.40822701312,0,0.00602920971734267,TRUE,TRUE,0.0709266081491173,0.92907786069243,2133
"Wisconsin",2025-05-31,"calendar","hurdle_ztnb",1000.96966737866,0,0.000576107737158438,TRUE,TRUE,0.0101351239193544,0.989866062783506,2133
"Wisconsin",2025-05-31,"compressed","cumulative_poisson",3752.00280269688,0,0.136358712529943,TRUE,TRUE,0.0813242738938205,0.918678674880377,1188
"Wisconsin",2025-05-31,"compressed","cumulative_nb",3770.87340894289,0,0.0384801819786372,TRUE,TRUE,0.0810565239368738,0.918946356013247,1188
"Wisconsin",2025-05-31,"compressed","hurdle_ztnb",725.711474075774,0,5.61613894786706e-05,TRUE,TRUE,0.015125292490854,0.984880239321158,1188
"Wyoming",2025-01-02,"calendar","cumulative_poisson",2470.68162823837,0,0.0559914575920951,TRUE,TRUE,0.0753767154381299,0.924625798839963,1539
"Wyoming",2025-01-02,"calendar","cumulative_nb",2482.32617651295,0,0.00223425562745139,TRUE,TRUE,0.0752818610163872,0.924720660385632,1539
"Wyoming",2025-01-02,"calendar","hurdle_ztnb",466.084271142869,0,0.000152382866118481,TRUE,TRUE,0.0278030377157273,0.972204315676771,1539
"Wyoming",2025-01-02,"compressed","cumulative_poisson",1417.92930796749,0,0.0107538628214896,TRUE,TRUE,0.08633596494931,0.913664985273387,648
"Wyoming",2025-01-02,"compressed","cumulative_nb",1428.90182297816,0,0.0264413023790953,TRUE,TRUE,0.0862434490471823,0.913757502896041,648
"Wyoming",2025-01-02,"compressed","hurdle_ztnb",265.140133246139,0,0.00103260403361638,TRUE,TRUE,0.0294320293855754,0.970568958092942,648
"Wyoming",2025-02-15,"calendar","cumulative_poisson",2962.91505999505,0,0.0470631273955531,TRUE,TRUE,0.0755586975636056,0.924441383264666,1728
"Wyoming",2025-02-15,"calendar","cumulative_nb",2972.36643206181,0,0.0983108817168578,TRUE,TRUE,0.0755634605484777,0.924436636645465,1728
"Wyoming",2025-02-15,"calendar","hurdle_ztnb",560.26553628998,0,0.000338402698011775,TRUE,TRUE,0.0430405715480201,0.95697429214027,1728
"Wyoming",2025-02-15,"compressed","cumulative_poisson",1759.04435528427,0,0.0252798354657213,TRUE,TRUE,0.0824389808902969,0.917561682224757,783
"Wyoming",2025-02-15,"compressed","cumulative_nb",1770.63097073129,0,0.00223336977701027,TRUE,TRUE,0.082381032041614,0.917619634834251,783
"Wyoming",2025-02-15,"compressed","hurdle_ztnb",332.765327482273,0,0.0393679479029396,TRUE,TRUE,0.0333256617760592,0.966675683420895,783
"Wyoming",2025-03-29,"calendar","cumulative_poisson",3310.80824437256,0,0.0625913314213014,TRUE,TRUE,0.075507183556857,0.924493936075616,1890
"Wyoming",2025-03-29,"calendar","cumulative_nb",3321.26963311083,0,0.00881338277220878,TRUE,TRUE,0.0754073319952023,0.924593880893871,1890
"Wyoming",2025-03-29,"calendar","hurdle_ztnb",674.02212063371,0,0.000383471276482972,TRUE,TRUE,0.055903344974177,0.9441254488903,1890
"Wyoming",2025-03-29,"compressed","cumulative_poisson",2171.35053895275,0,0.0292151255919246,TRUE,TRUE,0.0792420640690152,0.92075850860275,945
"Wyoming",2025-03-29,"compressed","cumulative_nb",2183.62114452,0,0.0141659762424151,TRUE,TRUE,0.0792176582955411,0.920782918318811,945
"Wyoming",2025-03-29,"compressed","hurdle_ztnb",426.200094592932,0,0.000123951826790369,TRUE,TRUE,0.0392769087351158,0.960727659878457,945
"Wyoming",2025-04-26,"calendar","cumulative_poisson",3569.82569574881,0,0.011267577894776,TRUE,TRUE,0.0772781425165818,0.922723190651786,1998
"Wyoming",2025-04-26,"calendar","cumulative_nb",3581.00914068635,0,0.017217068265132,TRUE,TRUE,0.0771982055613351,0.922803219184695,1998
"Wyoming",2025-04-26,"calendar","hurdle_ztnb",697.740720066693,0,0.00140667693578686,TRUE,TRUE,0.0515640239730938,0.948457409751618,1998
"Wyoming",2025-04-26,"compressed","cumulative_poisson",2435.58973722945,0,0.0156636530766845,TRUE,TRUE,0.0788012385121678,0.921199350048068,1053
"Wyoming",2025-04-26,"compressed","cumulative_nb",2448.24366670074,0,0.0115501448091444,TRUE,TRUE,0.0787819903468537,0.921218601963848,1053
"Wyoming",2025-04-26,"compressed","hurdle_ztnb",444.777481353106,0,0.000486351452814948,TRUE,TRUE,0.0355475707080869,0.964455566735154,1053
"Wyoming",2025-05-31,"calendar","cumulative_poisson",3901.38412589814,0,0.00652791476492653,TRUE,TRUE,0.0755946347958503,0.924406415994456,2133
"Wyoming",2025-05-31,"calendar","cumulative_nb",3913.3073500007,0,0.0084423662360924,TRUE,TRUE,0.0755361291319161,0.924464983182898,2133
"Wyoming",2025-05-31,"calendar","hurdle_ztnb",724.121332555962,0,0.000207224808189708,TRUE,TRUE,0.0486260283070987,0.951391866271906,2133
"Wyoming",2025-05-31,"compressed","cumulative_poisson",2750.89816400679,0,0.0379223429730708,TRUE,TRUE,0.0781610487799396,0.921839541776112,1188
"Wyoming",2025-05-31,"compressed","cumulative_nb",2763.96176947958,0,0.0248811298683436,TRUE,TRUE,0.0781379039315301,0.921862689663856,1188
"Wyoming",2025-05-31,"compressed","hurdle_ztnb",468.464100583363,0,0.000688976626019966,TRUE,TRUE,0.0351936757437507,0.964809474049158,1188
