"location","origin","clock","model","nll","convergence","max_gradient","finite_fit","leakage_ok","retract_mass","q_terminal","n_cells"
"Alabama",2025-01-02,"calendar","cumulative_poisson",3481.04922211586,0,7.15849832236826e-05,TRUE,TRUE,0.0742591204515767,0.925741409293651,1539
"Alabama",2025-01-02,"calendar","cumulative_nb",3496.43658142619,0,6.75415142801228e-05,TRUE,TRUE,0.0741490805738019,0.925851445555663,1539
"Alabama",2025-01-02,"compressed","cumulative_poisson",2107.58950845779,0,2.63327060868318e-05,TRUE,TRUE,0.0900880590797666,0.909912963256991,648
"Alabama",2025-01-02,"compressed","cumulative_nb",2122.39522350739,0,1.39437514261043e-05,TRUE,TRUE,0.0900922245676276,0.909908798638899,648
"Alabama",2025-02-15,"calendar","cumulative_poisson",4861.93000203606,0,0.00128367419472109,TRUE,TRUE,0.0734601828180922,0.926542468689823,1728
"Alabama",2025-02-15,"calendar","cumulative_nb",4501.63953567793,0,0.000319399991929278,TRUE,TRUE,0.0677582957521375,0.932241920132453,1728
"Alabama",2025-02-15,"compressed","cumulative_poisson",2582.37765459674,0,0.000676579083111473,TRUE,TRUE,0.0899348905651754,0.910065923318596,783
"Alabama",2025-02-15,"compressed","cumulative_nb",2598.18422247304,0,0.000123080264497033,TRUE,TRUE,0.0899402997755501,0.910060513202919,783
"Alabama",2025-03-29,"calendar","cumulative_poisson",5405.5978841363,0,0.000501110182709208,TRUE,TRUE,0.0693023505040133,0.930697792081531,1890
"Alabama",2025-03-29,"calendar","cumulative_nb",5070.31658287043,0,0.00205942119146137,TRUE,TRUE,0.0658269785793102,0.934173480690419,1890
"Alabama",2025-03-29,"compressed","cumulative_poisson",3153.7249752219,0,0.000331468605976881,TRUE,TRUE,0.0867823038318246,0.913218424750118,945
"Alabama",2025-03-29,"compressed","cumulative_nb",3170.69497382687,0,0.00108237414788859,TRUE,TRUE,0.0867998692199574,0.913200857239742,945
"Alabama",2025-04-26,"calendar","cumulative_poisson",5797.06825453627,0,0.00605136292557673,TRUE,TRUE,0.0718218540400113,0.928178398492032,1998
"Alabama",2025-04-26,"calendar","cumulative_nb",5504.88478185062,0,0.000365188944041694,TRUE,TRUE,0.0670559984916986,0.932944621245169,1998
"Alabama",2025-04-26,"compressed","cumulative_poisson",3533.79193847845,0,0.00051124429200991,TRUE,TRUE,0.0860986710671196,0.913902069853351,1053
"Alabama",2025-04-26,"compressed","cumulative_nb",3551.42351490669,0,0.000496322709159003,TRUE,TRUE,0.0860926772026344,0.91390806100055,1053
"Alabama",2025-05-31,"calendar","cumulative_poisson",6290.36395165228,0,0.000659877707358203,TRUE,TRUE,0.0726421231754598,0.927358150254839,2133
"Alabama",2025-05-31,"calendar","cumulative_nb",6052.41237649535,0,4.2668645724883e-05,TRUE,TRUE,0.0679191506100143,0.932081487879764,2133
"Alabama",2025-05-31,"compressed","cumulative_poisson",3996.73508290675,0,0.000170685608691157,TRUE,TRUE,0.0847028166668202,0.915297893167447,1188
"Alabama",2025-05-31,"compressed","cumulative_nb",4015.05779075307,0,0.00043163120143852,TRUE,TRUE,0.0846952257442375,0.915305482013137,1188
"Alaska",2025-01-02,"calendar","cumulative_poisson",2598.28811512217,0,1.51652135980118e-05,TRUE,TRUE,0.0653229857342614,0.934681061778758,1539
"Alaska",2025-01-02,"calendar","cumulative_nb",2608.01317164056,0,7.37555098817566e-05,TRUE,TRUE,0.0653082376296416,0.934695841467508,1539
"Alaska",2025-01-02,"compressed","cumulative_poisson",1438.73988291256,0,6.26693499228281e-06,TRUE,TRUE,0.0812664883869402,0.918734717392826,648
"Alaska",2025-01-02,"compressed","cumulative_nb",1448.12105596003,0,0.000717571277534634,TRUE,TRUE,0.0812711296732914,0.918730075303631,648
"Alaska",2025-02-15,"calendar","cumulative_poisson",3014.11694709583,0,8.17830338450953e-05,TRUE,TRUE,0.0668247170546844,0.933178713343514,1728
"Alaska",2025-02-15,"calendar","cumulative_nb",3023.46592658401,0,3.8236074310305e-05,TRUE,TRUE,0.0667518535353972,0.933251730684641,1728
"Alaska",2025-02-15,"compressed","cumulative_poisson",1725.01392523313,0,0.000321484090652524,TRUE,TRUE,0.0790863206167126,0.920914669828116,783
"Alaska",2025-02-15,"compressed","cumulative_nb",1734.76490552153,0,2.22735115314454e-05,TRUE,TRUE,0.0791048559998385,0.920896135441027,783
"Alaska",2025-03-29,"calendar","cumulative_poisson",3383.99653906674,0,3.25817347510693e-05,TRUE,TRUE,0.0728361827340127,0.927177149669687,1890
"Alaska",2025-03-29,"calendar","cumulative_nb",3393.95905176918,0,0.00614614980974171,TRUE,TRUE,0.0726857769251013,0.927327618445132,1890
"Alaska",2025-03-29,"compressed","cumulative_poisson",2110.15812674823,0,0.000256755981664969,TRUE,TRUE,0.0713684810725146,0.928632373490321,945
"Alaska",2025-03-29,"compressed","cumulative_nb",2120.42623765101,0,0.000249977537379209,TRUE,TRUE,0.0714179533813712,0.928582902640589,945
"Alaska",2025-04-26,"calendar","cumulative_poisson",3655.40374222296,0,1.42604962221071e-05,TRUE,TRUE,0.0750400833057494,0.924978480867603,1998
"Alaska",2025-04-26,"calendar","cumulative_nb",3665.85906607017,0,0.000257086848133005,TRUE,TRUE,0.0748820559969635,0.925136495683548,1998
"Alaska",2025-04-26,"compressed","cumulative_poisson",2376.58773375984,0,0.000359678774913025,TRUE,TRUE,0.0678681578763371,0.932132876031552,1053
"Alaska",2025-04-26,"compressed","cumulative_nb",2387.25206199672,0,0.000589208955875664,TRUE,TRUE,0.0679042819841452,0.932096748912868,1053
"Alaska",2025-05-31,"calendar","cumulative_poisson",3996.21628544356,0,0.00026436752343173,TRUE,TRUE,0.075336425603988,0.924683873864868,2133
"Alaska",2025-05-31,"calendar","cumulative_nb",4007.24612031447,0,0.00285070628644757,TRUE,TRUE,0.0751968049794042,0.924823455127834,2133
"Alaska",2025-05-31,"compressed","cumulative_poisson",2700.55013185941,0,0.000162142308588242,TRUE,TRUE,0.0668225597451258,0.933179113281413,1188
"Alaska",2025-05-31,"compressed","cumulative_nb",2711.68497041877,0,0.000108289996993194,TRUE,TRUE,0.0668343302226028,0.933167335495868,1188
"Arizona",2025-01-02,"calendar","cumulative_poisson",10991.0965791793,0,0.00465724579199386,TRUE,TRUE,0.112153229928289,0.887849218032913,1539
"Arizona",2025-01-02,"calendar","cumulative_nb",7403.31512175234,0,0.000261089768284262,TRUE,TRUE,0.171235807278462,0.829595905673607,1539
"Arizona",2025-01-02,"compressed","cumulative_poisson",2670.44622969733,0,0.00161298269616594,TRUE,TRUE,0.0860841522170826,0.9139158762895,648
"Arizona",2025-01-02,"compressed","cumulative_nb",2608.20016341238,0,0.000239789830354997,TRUE,TRUE,0.0822361827217775,0.91776395407935,648
"Arizona",2025-02-15,"calendar","cumulative_poisson",16803.8589547934,0,0.00604268647822437,TRUE,TRUE,0.195234141808663,0.804784916067364,1728
"Arizona",2025-02-15,"calendar","cumulative_nb",8512.30200683313,0,0.000606010119806766,TRUE,TRUE,0.301003860995657,0.700872190479728,1728
"Arizona",2025-02-15,"compressed","cumulative_poisson",4406.70916885329,0,0.00134810735566693,TRUE,TRUE,0.0701573048890215,0.929842836727634,783
"Arizona",2025-02-15,"compressed","cumulative_nb",3476.36897539597,0,9.12220473499037e-05,TRUE,TRUE,0.0783912172828441,0.9216090588685,783
"Arizona",2025-03-29,"calendar","cumulative_poisson",17908.6757875276,0,0.00296376033678203,TRUE,TRUE,0.201399505840599,0.798714795857217,1890
"Arizona",2025-03-29,"calendar","cumulative_nb",9567.25787372199,0,0.00138549903402641,TRUE,TRUE,0.414644070080619,0.588232494740724,1890
"Arizona",2025-03-29,"compressed","cumulative_poisson",5196.07795896188,0,0.000841017558655621,TRUE,TRUE,0.0951588347150967,0.904842504540925,945
"Arizona",2025-03-29,"compressed","cumulative_nb",4233.60070545452,0,0.000359337652642067,TRUE,TRUE,0.0737215037696745,0.926278919991438,945
"Arizona",2025-04-26,"calendar","cumulative_poisson",18438.4123430607,0,0.00929353600743787,TRUE,TRUE,0.207581207195109,0.792554352653566,1998
"Arizona",2025-04-26,"calendar","cumulative_nb",10304.1817392127,0,0.000527335516334659,TRUE,TRUE,0.461022728202533,0.54222982566545,1998
"Arizona",2025-04-26,"compressed","cumulative_poisson",5644.70097496959,0,5.87450250385535e-05,TRUE,TRUE,0.0965842705610615,0.903417395523302,1053
"Arizona",2025-04-26,"compressed","cumulative_nb",4716.20599099495,0,0.000101701028894126,TRUE,TRUE,0.0735005238554911,0.926499928110631,1053
"Arizona",2025-05-31,"calendar","cumulative_poisson",19042.9390360294,0,0.00118687869214096,TRUE,TRUE,0.201767675370711,0.798343281201585,2133
"Arizona",2025-05-31,"calendar","cumulative_nb",11210.1036859667,0,0.00064968693157752,TRUE,TRUE,0.501067622176327,0.502458424235366,2133
"Arizona",2025-05-31,"compressed","cumulative_poisson",6181.12301957223,0,0.00107984957433049,TRUE,TRUE,0.0958830523088968,0.904118711809733,1188
"Arizona",2025-05-31,"compressed","cumulative_nb",5300.61721115343,0,0.000465980629288931,TRUE,TRUE,0.0732200074957548,0.926780450127837,1188
"Arkansas",2025-01-02,"calendar","cumulative_poisson",3999.76342562132,0,0.000320514117608361,TRUE,TRUE,0.0779318759940348,0.92207231373563,1539
"Arkansas",2025-01-02,"calendar","cumulative_nb",4016.02106225611,0,0.000508370744779052,TRUE,TRUE,0.0779523864263459,0.922051841830517,1539
"Arkansas",2025-01-02,"compressed","cumulative_poisson",2042.50685557581,0,2.85819804966003e-05,TRUE,TRUE,0.0767936061904728,0.92320807240878,648
"Arkansas",2025-01-02,"compressed","cumulative_nb",2057.16071640279,0,0.000580465804030705,TRUE,TRUE,0.0767615171132243,0.923240169330622,648
"Arkansas",2025-02-15,"calendar","cumulative_poisson",4892.75165567496,0,0.0014364896885839,TRUE,TRUE,0.0623642367014403,0.937641736289252,1728
"Arkansas",2025-02-15,"calendar","cumulative_nb",4904.04814926487,0,2.80832478811166e-05,TRUE,TRUE,0.0622947337668754,0.937711750235735,1728
"Arkansas",2025-02-15,"compressed","cumulative_poisson",2541.44825849011,0,1.36133008089463e-05,TRUE,TRUE,0.0703306466666406,0.929670031995333,783
"Arkansas",2025-02-15,"compressed","cumulative_nb",2556.05786417076,0,0.000141998617579464,TRUE,TRUE,0.0705269217256575,0.929473748948608,783
"Arkansas",2025-03-29,"calendar","cumulative_poisson",5414.28320838678,0,0.00155165042522887,TRUE,TRUE,0.0601712710874626,0.939829426803125,1890
"Arkansas",2025-03-29,"calendar","cumulative_nb",5423.5020611316,0,0.00089670505503392,TRUE,TRUE,0.0605338734965268,0.939466907855994,1890
"Arkansas",2025-03-29,"compressed","cumulative_poisson",3175.40953206381,0,0.000482651682538915,TRUE,TRUE,0.0691842910973768,0.930817221710129,945
"Arkansas",2025-03-29,"compressed","cumulative_nb",3188.48437117023,0,1.69863356243027e-05,TRUE,TRUE,0.025659849456581,0.974343233643946,945
"Arkansas",2025-04-26,"calendar","cumulative_poisson",5762.03955149641,0,0.00523044946272644,TRUE,TRUE,0.0605492825537292,0.939452307129408,1998
"Arkansas",2025-04-26,"calendar","cumulative_nb",5773.423502872,0,0.00239797287676446,TRUE,TRUE,0.0607615686751144,0.939240284131,1998
"Arkansas",2025-04-26,"compressed","cumulative_poisson",3553.86497448697,0,0.000216385213356096,TRUE,TRUE,0.0642231850351307,0.935777830115723,1053
"Arkansas",2025-04-26,"compressed","cumulative_nb",3568.80508145336,0,0.000980608688854745,TRUE,TRUE,0.0642579593004233,0.935743027682084,1053
"Arkansas",2025-05-31,"calendar","cumulative_poisson",6213.21362218201,0,0.00343521973176597,TRUE,TRUE,0.0585033998867294,0.941500752984066,2133
"Arkansas",2025-05-31,"calendar","cumulative_nb",6226.62567666187,0,0.00112143796379034,TRUE,TRUE,0.0573429452298528,0.942661833429717,2133
"Arkansas",2025-05-31,"compressed","cumulative_poisson",3999.44738957858,0,0.00113200118149459,TRUE,TRUE,0.0620525892220221,0.937948290513613,1188
"Arkansas",2025-05-31,"compressed","cumulative_nb",4015.26864327738,0,0.000989194479276811,TRUE,TRUE,0.0621035796783013,0.93789728523229,1188
"California",2025-01-02,"calendar","cumulative_poisson",12169.2635474736,0,9.75691701745607e-05,TRUE,TRUE,0.070183443908879,0.929857602988367,1539
"California",2025-01-02,"calendar","cumulative_nb",8116.77201360099,0,0.00116399996630179,TRUE,TRUE,0.142476986903794,0.858193706308861,1539
"California",2025-01-02,"compressed","cumulative_poisson",2641.24032814262,0,0.00160949881700878,TRUE,TRUE,0.269898136591096,0.730467538638737,648
"California",2025-01-02,"compressed","cumulative_nb",2659.6948854479,0,0.000303091285182466,TRUE,TRUE,0.2603424295493,0.739982414220055,648
"California",2025-02-15,"calendar","cumulative_poisson",19005.288684164,0,0.0142105306396647,TRUE,TRUE,0.0646611180898563,0.935339310441477,1728
"California",2025-02-15,"calendar","cumulative_nb",9309.44329175525,0,0.000304187642047538,TRUE,TRUE,0.253002556618355,0.748501487782921,1728
"California",2025-02-15,"compressed","cumulative_poisson",3260.83708931808,0,0.000168272491412047,TRUE,TRUE,0.356941110042246,0.644160478125164,783
"California",2025-02-15,"compressed","cumulative_nb",3279.10822947557,0,0.00944237207643361,TRUE,TRUE,0.344796743020372,0.656184342104435,783
"California",2025-03-29,"calendar","cumulative_poisson",20182.8361102902,0,0.00652876416617332,TRUE,TRUE,0.111177737750353,0.888840233990106,1890
"California",2025-03-29,"calendar","cumulative_nb",10470.3792528054,0,0.000140792420494307,TRUE,TRUE,0.364392940499101,0.637999765374922,1890
"California",2025-03-29,"compressed","cumulative_poisson",3980.74849878388,0,0.000279214499354197,TRUE,TRUE,0.288569754311039,0.712097312134564,945
"California",2025-03-29,"compressed","cumulative_nb",4000.95500334572,0,0.00569411185083757,TRUE,TRUE,0.28446012114626,0.716172818337434,945
"California",2025-04-26,"calendar","cumulative_poisson",20778.0614818342,0,0.0020466625938016,TRUE,TRUE,0.159676684805181,0.840395590608572,1998
"California",2025-04-26,"calendar","cumulative_nb",11297.5662694422,0,0.00350733512727253,TRUE,TRUE,0.413817508906721,0.588956968970156,1998
"California",2025-04-26,"compressed","cumulative_poisson",4456.80610198946,0,0.00165403143876697,TRUE,TRUE,0.252939731861063,0.747553519688465,1053
"California",2025-04-26,"compressed","cumulative_nb",4478.19358737859,0,0.0108181041535236,TRUE,TRUE,0.25034562107001,0.750128994154244,1053
"California",2025-05-31,"calendar","cumulative_poisson",21465.2993119762,0,0.00962137259250007,TRUE,TRUE,0.1781289204116,0.821975512278675,2133
"California",2025-05-31,"calendar","cumulative_nb",12339.5684339403,0,0.00195361892736834,TRUE,TRUE,0.458018210540629,0.545055448499603,2133
"California",2025-05-31,"compressed","cumulative_poisson",5047.57144136511,0,0.000478883053973145,TRUE,TRUE,0.18847998590787,0.811755185326368,1188
"California",2025-05-31,"compressed","cumulative_nb",5070.15028676684,0,0.00277877286701056,TRUE,TRUE,0.188325501589782,0.811906849700729,1188
"Colorado",2025-01-02,"calendar","cumulative_poisson",4019.93864465334,0,0.000251211631678294,TRUE,TRUE,0.0731821606805095,0.926818591320496,1539
"Colorado",2025-01-02,"calendar","cumulative_nb",4035.98415174263,0,5.68880481773004e-05,TRUE,TRUE,0.0730644060386782,0.926936350310831,1539
"Colorado",2025-01-02,"compressed","cumulative_poisson",2111.15397336835,0,0.000353082063168197,TRUE,TRUE,0.0826644392878794,0.917337052398123,648
"Colorado",2025-01-02,"compressed","cumulative_nb",2126.45623315163,0,2.7658029519825e-05,TRUE,TRUE,0.0826607399317028,0.917340747141663,648
"Colorado",2025-02-15,"calendar","cumulative_poisson",5468.71157064597,0,0.000589891784803509,TRUE,TRUE,0.0296857028582708,0.97031429721788,1728
"Colorado",2025-02-15,"calendar","cumulative_nb",5136.83940088757,0,5.56450713466994e-05,TRUE,TRUE,0.0659135131394077,0.93408742638597,1728
"Colorado",2025-02-15,"compressed","cumulative_poisson",2595.08551353415,0,0.000290678607294592,TRUE,TRUE,0.0776289823108386,0.92237233949383,783
"Colorado",2025-02-15,"compressed","cumulative_nb",2611.08792180666,0,4.13936892713351e-05,TRUE,TRUE,0.0776852378083073,0.922316074564713,783
"Colorado",2025-03-29,"calendar","cumulative_poisson",6025.52060181932,0,0.001661961261894,TRUE,TRUE,0.0704810977465507,0.929519091377224,1890
"Colorado",2025-03-29,"calendar","cumulative_nb",5705.02159159475,0,0.00283198387214923,TRUE,TRUE,0.0672407315092447,0.93276213429077,1890
"Colorado",2025-03-29,"compressed","cumulative_poisson",3173.73736668488,0,0.000294652334147827,TRUE,TRUE,0.0760231692420418,0.923977803746106,945
"Colorado",2025-03-29,"compressed","cumulative_nb",3190.78342032494,0,0.00129379163753623,TRUE,TRUE,0.0760467679850194,0.923954206855585,945
"Colorado",2025-04-26,"calendar","cumulative_poisson",6411.45581351382,0,0.00352181486784087,TRUE,TRUE,0.0772364070780378,0.922764357971871,1998
"Colorado",2025-04-26,"calendar","cumulative_nb",6128.55956529127,0,0.000298666912896262,TRUE,TRUE,0.069607598651202,0.930396970486052,1998
"Colorado",2025-04-26,"compressed","cumulative_poisson",3553.1526602745,0,0.000399610141690487,TRUE,TRUE,0.0754154634828711,0.924585649245215,1053
"Colorado",2025-04-26,"compressed","cumulative_nb",3570.79578240447,0,0.00199742200585556,TRUE,TRUE,0.0754490616563254,0.924552050009128,1053
"Colorado",2025-05-31,"calendar","cumulative_poisson",6897.17502364428,0,0.00813302676894301,TRUE,TRUE,0.0801437536795034,0.919857392254613,2133
"Colorado",2025-05-31,"calendar","cumulative_nb",6662.95070058127,0,0.000243979241963177,TRUE,TRUE,0.0705299918671413,0.929474715800694,2133
"Colorado",2025-05-31,"compressed","cumulative_poisson",4012.83365467352,0,0.000193928050704451,TRUE,TRUE,0.0752720465206825,0.924729181178412,1188
"Colorado",2025-05-31,"compressed","cumulative_nb",4031.10367851043,0,0.00018717463442286,TRUE,TRUE,0.0752981855186374,0.924703039437927,1188
"Connecticut",2025-01-02,"calendar","cumulative_poisson",3559.84027814536,0,0.000212581547543111,TRUE,TRUE,0.0810482433309746,0.918954118078506,1539
"Connecticut",2025-01-02,"calendar","cumulative_nb",3575.257373655,0,0.000174412191876083,TRUE,TRUE,0.0809860086896059,0.919016362215127,1539
"Connecticut",2025-01-02,"compressed","cumulative_poisson",1887.5947236235,0,0.000254639845671395,TRUE,TRUE,0.0875290573962867,0.912472282044027,648
"Connecticut",2025-01-02,"compressed","cumulative_nb",1901.67472266576,0,0.00113560659831591,TRUE,TRUE,0.0875075657130736,0.912493775748734,648
"Connecticut",2025-02-15,"calendar","cumulative_poisson",4452.27528314929,0,0.000219101424945967,TRUE,TRUE,0.0673158655699473,0.932684833777919,1728
"Connecticut",2025-02-15,"calendar","cumulative_nb",4433.58997908086,0,0.000486547135941484,TRUE,TRUE,0.0686804136028406,0.93132070405336,1728
"Connecticut",2025-02-15,"compressed","cumulative_poisson",2346.4489273674,0,0.000239006632993533,TRUE,TRUE,0.0900012027393806,0.910000316795695,783
"Connecticut",2025-02-15,"compressed","cumulative_nb",2361.41510340551,0,0.000113006799464939,TRUE,TRUE,0.0899614693583951,0.910040046874702,783
"Connecticut",2025-03-29,"calendar","cumulative_poisson",4912.11154127112,0,0.00179384130304416,TRUE,TRUE,0.0691062021940953,0.93089655797801,1890
"Connecticut",2025-03-29,"calendar","cumulative_nb",4903.17466990895,0,0.000953566222264168,TRUE,TRUE,0.0696542554057237,0.930348793384715,1890
"Connecticut",2025-03-29,"compressed","cumulative_poisson",2903.94350524599,0,3.52639850011993e-05,TRUE,TRUE,0.089812317826634,0.910188951251016,945
"Connecticut",2025-03-29,"compressed","cumulative_nb",2920.02162829794,0,0.000254083247165138,TRUE,TRUE,0.0898103754934835,0.910190895247423,945
"Connecticut",2025-04-26,"calendar","cumulative_poisson",5248.49523497952,0,0.000593796663070467,TRUE,TRUE,0.0693759317076943,0.930628043602855,1998
"Connecticut",2025-04-26,"calendar","cumulative_nb",5249.7104296174,0,0.000915660103394611,TRUE,TRUE,0.0698881530881134,0.93011588463469,1998
"Connecticut",2025-04-26,"compressed","cumulative_poisson",3265.83431232,0,0.00047086799862861,TRUE,TRUE,0.0895940621169355,0.910407195569297,1053
"Connecticut",2025-04-26,"compressed","cumulative_nb",3282.49910025255,0,0.00068154716750185,TRUE,TRUE,0.0895982358460352,0.910403021919706,1053
"Connecticut",2025-05-31,"calendar","cumulative_poisson",5682.54563743899,0,9.00042859273142e-05,TRUE,TRUE,0.0692468645435285,0.930757111710934,2133
"Connecticut",2025-05-31,"calendar","cumulative_nb",5691.38755288129,0,0.00117496156212771,TRUE,TRUE,0.069458781696121,0.930545243719615,2133
"Connecticut",2025-05-31,"compressed","cumulative_poisson",3699.00255428446,0,0.00078351012451755,TRUE,TRUE,0.0899632337339348,0.910038066707974,1188
"Connecticut",2025-05-31,"compressed","cumulative_nb",3716.24374921567,0,0.000204627952109071,TRUE,TRUE,0.0899702276549441,0.910031072735166,1188
"Delaware",2025-01-02,"calendar","cumulative_poisson",1940.57718321511,0,7.39376532408187e-05,TRUE,TRUE,0.0801350095989855,0.919866183012031,1539
"Delaware",2025-01-02,"calendar","cumulative_nb",1951.31025919691,0,5.88656924502273e-05,TRUE,TRUE,0.0801309850788273,0.919870205665986,1539
"Delaware",2025-01-02,"compressed","cumulative_poisson",1236.51561258775,0,2.6499249416112e-05,TRUE,TRUE,0.0875320080809902,0.912469477028321,648
"Delaware",2025-01-02,"compressed","cumulative_nb",1246.25874243865,0,0.000362665066253493,TRUE,TRUE,0.0875264858035466,0.912474997933771,648
"Delaware",2025-02-15,"calendar","cumulative_poisson",2390.61602501441,0,0.000306176296758665,TRUE,TRUE,0.0797690458333369,0.920231009576234,1728
"Delaware",2025-02-15,"calendar","cumulative_nb",2389.43708830288,0,0.000312479613136074,TRUE,TRUE,0.0803365950090193,0.919663450874014,1728
"Delaware",2025-02-15,"compressed","cumulative_poisson",1597.43116524013,0,8.6975932896971e-05,TRUE,TRUE,0.0809844486714671,0.919016593641304,783
"Delaware",2025-02-15,"compressed","cumulative_nb",1607.93741007393,0,0.000319567372435436,TRUE,TRUE,0.0810573971343379,0.918943654226603,783
"Delaware",2025-03-29,"calendar","cumulative_poisson",2740.03003745372,0,0.000644151977198248,TRUE,TRUE,0.0713853902437389,0.928614869044992,1890
"Delaware",2025-03-29,"calendar","cumulative_nb",2743.59413689022,0,1.2452882245384e-06,TRUE,TRUE,0.0707219849967851,0.929278271899616,1890
"Delaware",2025-03-29,"compressed","cumulative_poisson",2044.66373928727,0,6.44772254982939e-05,TRUE,TRUE,0.0745466051575681,0.925454643234176,945
"Delaware",2025-03-29,"compressed","cumulative_nb",2056.24022242573,0,0.000102453039495011,TRUE,TRUE,0.074662200910753,0.925339045975551,945
"Delaware",2025-04-26,"calendar","cumulative_poisson",3007.16086038412,0,0.00137152127518281,TRUE,TRUE,0.0761172232706474,0.923883536764631,1998
"Delaware",2025-04-26,"calendar","cumulative_nb",3014.36115502109,0,0.000146926813693105,TRUE,TRUE,0.0748219541888164,0.925178764838748,1998
"Delaware",2025-04-26,"compressed","cumulative_poisson",2335.10505566974,0,0.000282825600533609,TRUE,TRUE,0.0738264542791378,0.926175293752073,1053
"Delaware",2025-04-26,"compressed","cumulative_nb",2347.28632634486,0,0.000530796513240839,TRUE,TRUE,0.0738882918573715,0.926113444493496,1053
"Delaware",2025-05-31,"calendar","cumulative_poisson",3356.92053893041,0,0.00154920022466709,TRUE,TRUE,0.0791117325508359,0.920889593848626,2133
"Delaware",2025-05-31,"calendar","cumulative_nb",3366.56128125682,0,0.000408288616403185,TRUE,TRUE,0.0782269342180384,0.921774360045769,2133
"Delaware",2025-05-31,"compressed","cumulative_poisson",2671.6810819061,0,0.000195207814071507,TRUE,TRUE,0.0742561336423494,0.92574608180846,1188
"Delaware",2025-05-31,"compressed","cumulative_nb",2684.47696167816,0,0.000242631527197446,TRUE,TRUE,0.0742804390240165,0.925721760161278,1188
"District of Columbia",2025-01-02,"calendar","cumulative_poisson",2227.27549402197,0,0.000104173719522427,TRUE,TRUE,0.0687587140308468,0.931243003559897,1539
"District of Columbia",2025-01-02,"calendar","cumulative_nb",2238.13783754603,0,0.000234509986793996,TRUE,TRUE,0.0687478533056081,0.931253868610766,1539
"District of Columbia",2025-01-02,"compressed","cumulative_poisson",1326.99414888692,0,7.29951884786278e-05,TRUE,TRUE,0.0711737896778797,0.928827569830594,648
"District of Columbia",2025-01-02,"compressed","cumulative_nb",1336.84321468447,0,5.7554461016851e-05,TRUE,TRUE,0.0711937483834053,0.9288076114413,648
"District of Columbia",2025-02-15,"calendar","cumulative_poisson",2642.44767060816,0,1.46179665705404e-06,TRUE,TRUE,0.0638295397669486,0.936170854329963,1728
"District of Columbia",2025-02-15,"calendar","cumulative_nb",2651.95290049895,0,0.000204691620833586,TRUE,TRUE,0.0640340410556515,0.935966339942819,1728
"District of Columbia",2025-02-15,"compressed","cumulative_poisson",1684.18526234408,0,4.47552286845232e-05,TRUE,TRUE,0.0689481687158367,0.931052730585889,783
"District of Columbia",2025-02-15,"compressed","cumulative_nb",1694.87542980936,0,9.2673413897626e-05,TRUE,TRUE,0.0689650099953415,0.931035892053188,783
"District of Columbia",2025-03-29,"calendar","cumulative_poisson",3000.02523347105,0,0.00104611143644151,TRUE,TRUE,0.0641670117113733,0.935835063178296,1890
"District of Columbia",2025-03-29,"calendar","cumulative_nb",3010.65027544897,0,0.000750724578640893,TRUE,TRUE,0.0640073413249894,0.93599468165105,1890
"District of Columbia",2025-03-29,"compressed","cumulative_poisson",2136.55138905548,0,0.000357081581753294,TRUE,TRUE,0.0655255451096835,0.934475663575469,945
"District of Columbia",2025-03-29,"compressed","cumulative_nb",2148.23131335634,0,4.07424677473234e-05,TRUE,TRUE,0.0655242438913811,0.934476953287658,945
"District of Columbia",2025-04-26,"calendar","cumulative_poisson",3274.94292822158,0,0.000424155230991818,TRUE,TRUE,0.0692639484545721,0.930738815438127,1998
"District of Columbia",2025-04-26,"calendar","cumulative_nb",3286.384908462,0,0.00171055103473905,TRUE,TRUE,0.0690813996157058,0.930921313595475,1998
"District of Columbia",2025-04-26,"compressed","cumulative_poisson",2439.13990701538,0,0.000255477696781803,TRUE,TRUE,0.0679829837562931,0.932018194174206,1053
"District of Columbia",2025-04-26,"compressed","cumulative_nb",2451.44374854077,0,4.4107414229444e-05,TRUE,TRUE,0.0679862432312766,0.93201491995914,1053
"District of Columbia",2025-05-31,"calendar","cumulative_poisson",3633.34346667474,0,1.01575382296382e-05,TRUE,TRUE,0.0681442862618763,0.931856845113734,2133
"District of Columbia",2025-05-31,"calendar","cumulative_nb",3645.69348909204,0,0.000169883587853513,TRUE,TRUE,0.068070044988513,0.931931072158736,2133
"District of Columbia",2025-05-31,"compressed","cumulative_poisson",2793.12935681094,0,0.000257708507443,TRUE,TRUE,0.0692523379328606,0.930748304452827,1188
"District of Columbia",2025-05-31,"compressed","cumulative_nb",2806.11615376438,0,9.64011464343884e-05,TRUE,TRUE,0.0692893385390519,0.930711297554662,1188
"Florida",2025-01-02,"calendar","cumulative_poisson",16604.2298602915,0,0.000249971248897474,TRUE,TRUE,0.0753746022558854,0.924671396595615,1539
"Florida",2025-01-02,"calendar","cumulative_nb",8986.66744552309,0,0.00324729418350778,TRUE,TRUE,0.106901768629906,0.893593124745691,1539
"Florida",2025-01-02,"compressed","cumulative_poisson",2768.90390436718,0,7.42378338902117e-05,TRUE,TRUE,0.080514890093688,0.919486202663497,648
"Florida",2025-01-02,"compressed","cumulative_nb",2789.92761522064,0,0.000180668010799134,TRUE,TRUE,0.0805110561689725,0.91949003444468,648
"Florida",2025-02-15,"calendar","cumulative_poisson",22415.705011973,0,0.0154963345114707,TRUE,TRUE,0.205952846355815,0.794712114078278,1728
"Florida",2025-02-15,"calendar","cumulative_nb",10239.5400331973,0,0.000353235418927511,TRUE,TRUE,0.163341115600454,0.837575237487821,1728
"Florida",2025-02-15,"compressed","cumulative_poisson",3412.88855566204,0,0.000104737705470037,TRUE,TRUE,0.0289152681096808,0.971086887629162,783
"Florida",2025-02-15,"compressed","cumulative_nb",3432.69781545813,0,7.20071219753038e-05,TRUE,TRUE,0.0285949287875941,0.971407184673817,783
"Florida",2025-03-29,"calendar","cumulative_poisson",23565.2068731675,0,0.00656206713611951,TRUE,TRUE,0.184406703247214,0.815835717099347,1890
"Florida",2025-03-29,"calendar","cumulative_nb",11433.1590783657,0,0.000459087298252669,TRUE,TRUE,0.239197221967629,0.762212067456117,1890
"Florida",2025-03-29,"compressed","cumulative_poisson",4229.71548411187,0,0.00141180936491259,TRUE,TRUE,0.0811406442877045,0.918861153560473,945
"Florida",2025-03-29,"compressed","cumulative_nb",4246.76770346126,0,0.00104086011135962,TRUE,TRUE,0.0803811124527205,0.919620540301744,945
"Florida",2025-04-26,"calendar","cumulative_poisson",24162.2799037721,0,0.00458329732181184,TRUE,TRUE,0.204707052241206,0.795678492898419,1998
"Florida",2025-04-26,"calendar","cumulative_nb",12272.7740292185,0,0.00117081697729521,TRUE,TRUE,0.285696840438999,0.715992420578629,1998
"Florida",2025-04-26,"compressed","cumulative_poisson",4728.15556044923,0,0.00112968972581762,TRUE,TRUE,0.0711388079662905,0.928861919985824,1053
"Florida",2025-04-26,"compressed","cumulative_nb",4746.45350130137,0,0.0034142933102459,TRUE,TRUE,0.0714417110992908,0.928559035278648,1053
"Florida",2025-05-31,"calendar","cumulative_poisson",24849.2863608638,0,0.0193581786666117,TRUE,TRUE,0.221618712363427,0.778923309506665,2133
"Florida",2025-05-31,"calendar","cumulative_nb",13330.1596314029,0,0.000132029216800333,TRUE,TRUE,0.334709151972026,0.667253317349493,2133
"Florida",2025-05-31,"compressed","cumulative_poisson",5324.16412625327,0,0.00339691143880794,TRUE,TRUE,0.0680828353030324,0.931917891826908,1188
"Florida",2025-05-31,"compressed","cumulative_nb",5344.26809486999,0,0.0006002186606755,TRUE,TRUE,0.0682807863197831,0.931719943255031,1188
"Georgia",2025-01-02,"calendar","cumulative_poisson",4451.45541469371,0,0.00131822003403292,TRUE,TRUE,0.0606739981125419,0.939327105372502,1539
"Georgia",2025-01-02,"calendar","cumulative_nb",4467.22169645172,0,0.000518329940875084,TRUE,TRUE,0.0607372462111921,0.939263890739772,1539
"Georgia",2025-01-02,"compressed","cumulative_poisson",2434.48873663902,0,0.000121002519356428,TRUE,TRUE,0.0624087477400682,0.937592321928811,648
"Georgia",2025-01-02,"compressed","cumulative_nb",2447.98091760437,0,0.000226630973087616,TRUE,TRUE,0.0626375222997372,0.93736362001348,648
"Georgia",2025-02-15,"calendar","cumulative_poisson",6546.10182259566,0,0.00103324128549542,TRUE,TRUE,0.0543992427896072,0.945602143378985,1728
"Georgia",2025-02-15,"calendar","cumulative_nb",5742.36467944262,0,0.00039382021378562,TRUE,TRUE,0.0631449130845267,0.93686003472203,1728
"Georgia",2025-02-15,"compressed","cumulative_poisson",2954.70461815973,0,9.65274898018231e-05,TRUE,TRUE,0.0637199311404145,0.936281155504796,783
"Georgia",2025-02-15,"compressed","cumulative_nb",2970.06008081604,0,0.000692944592146305,TRUE,TRUE,0.0637615114522812,0.936239586140411,783
"Georgia",2025-03-29,"calendar","cumulative_poisson",7200.00382466284,0,0.000763628515268649,TRUE,TRUE,0.0666516467896161,0.933348846322463,1890
"Georgia",2025-03-29,"calendar","cumulative_nb",6376.76820727009,0,0.00172629037415897,TRUE,TRUE,0.0653633300390464,0.934644290639894,1890
"Georgia",2025-03-29,"compressed","cumulative_poisson",3614.35635242556,0,0.00186869754326124,TRUE,TRUE,0.0630945242940008,0.936906278654875,945
"Georgia",2025-03-29,"compressed","cumulative_nb",3629.79450927349,0,0.000970594729490459,TRUE,TRUE,0.0631038270931364,0.93689698353634,945
"Georgia",2025-04-26,"calendar","cumulative_poisson",7625.92678829354,0,0.00526823614153837,TRUE,TRUE,0.0771177921654836,0.922884788134368,1998
"Georgia",2025-04-26,"calendar","cumulative_nb",6843.30134854423,0,8.69288262112244e-05,TRUE,TRUE,0.0685347044144617,0.931476389048153,1998
"Georgia",2025-04-26,"compressed","cumulative_poisson",4024.1332413693,0,0.000784103538766345,TRUE,TRUE,0.062559069081407,0.937441796728595,1053
"Georgia",2025-04-26,"compressed","cumulative_nb",4040.58330124904,0,0.000195816079193722,TRUE,TRUE,0.0625989390195392,0.937401935919895,1053
"Georgia",2025-05-31,"calendar","cumulative_poisson",8152.41349263805,0,0.00694616989894925,TRUE,TRUE,0.0835715210425078,0.916433405179133,2133
"Georgia",2025-05-31,"calendar","cumulative_nb",7437.02654653545,0,0.000522955940560461,TRUE,TRUE,0.0684675069056161,0.931543591425292,2133
"Georgia",2025-05-31,"compressed","cumulative_poisson",4515.26203243756,0,0.00861099269076337,TRUE,TRUE,0.0626999513314339,0.937301128536205,1188
"Georgia",2025-05-31,"compressed","cumulative_nb",4532.87473552055,0,0.000840244715621913,TRUE,TRUE,0.0626972811278668,0.93730380384969,1188
"Hawaii",2025-01-02,"calendar","cumulative_poisson",3014.00347677345,0,5.69018025364798e-05,TRUE,TRUE,0.067837153124214,0.932168501680355,1539
"Hawaii",2025-01-02,"calendar","cumulative_nb",3024.8825664042,0,7.4873997505609e-05,TRUE,TRUE,0.0678309228962595,0.932174765428473,1539
"Hawaii",2025-01-02,"compressed","cumulative_poisson",1607.254947796,0,0.000200034460703793,TRUE,TRUE,0.0768803753265112,0.923120597706101,648
"Hawaii",2025-01-02,"compressed","cumulative_nb",1617.59005895879,0,8.50593005319311e-05,TRUE,TRUE,0.0768851348938762,0.923115838465169,648
"Hawaii",2025-02-15,"calendar","cumulative_poisson",3596.59307920778,0,0.00081503230987412,TRUE,TRUE,0.0575751496115283,0.94242696632099,1728
"Hawaii",2025-02-15,"calendar","cumulative_nb",3603.10237560829,0,0.00025525125463477,TRUE,TRUE,0.0582267256869557,0.941775551054569,1728
"Hawaii",2025-02-15,"compressed","cumulative_poisson",1957.03438525748,0,7.0925587139524e-05,TRUE,TRUE,0.0729215486198663,0.927079005141452,783
"Hawaii",2025-02-15,"compressed","cumulative_nb",1967.81673842385,0,0.000918263294746535,TRUE,TRUE,0.0729763147027904,0.927024244522932,783
"Hawaii",2025-03-29,"calendar","cumulative_poisson",4010.13752117648,0,0.00027282569198217,TRUE,TRUE,0.0645610583925611,0.935450567384052,1890
"Hawaii",2025-03-29,"calendar","cumulative_nb",4017.7989191768,0,0.00132349060006831,TRUE,TRUE,0.0648601318837778,0.93515166341009,1890
"Hawaii",2025-03-29,"compressed","cumulative_poisson",2387.55656186114,0,0.000787649004293289,TRUE,TRUE,0.0692242498177186,0.930776512024778,945
"Hawaii",2025-03-29,"compressed","cumulative_nb",2399.05641914446,0,8.2227993859818e-05,TRUE,TRUE,0.0692843221470982,0.930716434946647,945
"Hawaii",2025-04-26,"calendar","cumulative_poisson",4310.86706451782,0,0.000393287272062892,TRUE,TRUE,0.0695942994241423,0.930424786892905,1998
"Hawaii",2025-04-26,"calendar","cumulative_nb",4319.88606551136,0,0.000114136895215999,TRUE,TRUE,0.0697254731166517,0.93029355376269,1998
"Hawaii",2025-04-26,"compressed","cumulative_poisson",2682.69315780296,0,0.000742212844228485,TRUE,TRUE,0.0682020688366019,0.931799295283703,1053
"Hawaii",2025-04-26,"compressed","cumulative_nb",2694.69077305116,0,8.23975122177245e-05,TRUE,TRUE,0.0682270914956425,0.93177425136229,1053
"Hawaii",2025-05-31,"calendar","cumulative_poisson",4708.18418791101,0,0.00204912911924371,TRUE,TRUE,0.0713819436062794,0.928640114955898,2133
"Hawaii",2025-05-31,"calendar","cumulative_nb",4718.59359196041,0,0.00186971268131009,TRUE,TRUE,0.0714736551201053,0.928548300904691,2133
"Hawaii",2025-05-31,"compressed","cumulative_poisson",3059.10214863336,0,0.000402088654945287,TRUE,TRUE,0.0683369128067361,0.931665091273372,1188
"Hawaii",2025-05-31,"compressed","cumulative_nb",3071.69896213254,0,0.00116510760802746,TRUE,TRUE,0.0683290375550688,0.931672934118712,1188
"Idaho",2025-01-02,"calendar","cumulative_poisson",2736.06598803285,0,0.000274972179534871,TRUE,TRUE,0.0462680792957725,0.953734503704715,1539
"Idaho",2025-01-02,"calendar","cumulative_nb",2749.10833253808,0,0.000767428151447924,TRUE,TRUE,0.0464020540277842,0.953600530576857,1539
"Idaho",2025-01-02,"compressed","cumulative_poisson",1706.30726122357,0,0.000128050274780356,TRUE,TRUE,0.0812910908471141,0.918710021451267,648
"Idaho",2025-01-02,"compressed","cumulative_nb",1718.65596278963,0,0.000139228733156527,TRUE,TRUE,0.0813300028313697,0.918671111254706,648
"Idaho",2025-02-15,"calendar","cumulative_poisson",3393.23681560063,0,0.000399360730482412,TRUE,TRUE,0.0745539793210782,0.925446363840211,1728
"Idaho",2025-02-15,"calendar","cumulative_nb",3392.21261784681,0,0.000158108019093994,TRUE,TRUE,0.0719615434713677,0.928038691641025,1728
"Idaho",2025-02-15,"compressed","cumulative_poisson",2144.1621410922,0,3.80006840511871e-05,TRUE,TRUE,0.0780661520979336,0.921934583866404,783
"Idaho",2025-02-15,"compressed","cumulative_nb",2157.38018933027,0,0.000373973871053535,TRUE,TRUE,0.0780754335762699,0.921925305187438,783
"Idaho",2025-03-29,"calendar","cumulative_poisson",3852.61139230022,0,0.000137086479829795,TRUE,TRUE,0.068836457328783,0.931163708899344,1890
"Idaho",2025-03-29,"calendar","cumulative_nb",3856.03886729347,0,0.000195801944871565,TRUE,TRUE,0.0681855349481626,0.931814651849116,1890
"Idaho",2025-03-29,"compressed","cumulative_poisson",2681.17346248499,0,9.18291290217255e-05,TRUE,TRUE,0.0738932806230325,0.926107454480486,945
"Idaho",2025-03-29,"compressed","cumulative_nb",2695.06580052619,0,0.000304494227528429,TRUE,TRUE,0.0739381646212689,0.926062568681103,945
"Idaho",2025-04-26,"calendar","cumulative_poisson",4195.91367542241,0,0.000419285709973849,TRUE,TRUE,0.0724224605278831,0.927577844013917,1998
"Idaho",2025-04-26,"calendar","cumulative_nb",4203.42565087133,0,0.00203199148400146,TRUE,TRUE,0.0717464090052605,0.928253898761624,1998
"Idaho",2025-04-26,"compressed","cumulative_poisson",3032.92287680976,0,0.000178648519519931,TRUE,TRUE,0.0724239946453406,0.927576745108709,1053
"Idaho",2025-04-26,"compressed","cumulative_nb",3047.3016906495,0,7.1607953936792e-05,TRUE,TRUE,0.072461131314949,0.927539604889607,1053
"Idaho",2025-05-31,"calendar","cumulative_poisson",4623.15785387255,0,0.0016731203597331,TRUE,TRUE,0.0730203351497962,0.926979964726784,2133
"Idaho",2025-05-31,"calendar","cumulative_nb",4633.72682264616,0,0.000297916954606237,TRUE,TRUE,0.0726604366953623,0.927339862375578,2133
"Idaho",2025-05-31,"compressed","cumulative_poisson",3443.18763972101,0,8.4758258197426e-05,TRUE,TRUE,0.0723739836837218,0.927626629218867,1188
"Idaho",2025-05-31,"compressed","cumulative_nb",3458.11774588416,0,0.000552594173570564,TRUE,TRUE,0.0723954545978949,0.927605155435969,1188
"Illinois",2025-01-02,"calendar","cumulative_poisson",4838.74459713265,0,0.00168744843780111,TRUE,TRUE,0.0694129286082799,0.930588361110424,1539
"Illinois",2025-01-02,"calendar","cumulative_nb",4856.61626951472,0,0.0016609728076612,TRUE,TRUE,0.0693391486464381,0.930662149193475,1539
"Illinois",2025-01-02,"compressed","cumulative_poisson",2264.03189092018,0,0.000100682188936774,TRUE,TRUE,0.0779887962359264,0.922012528333804,648
"Illinois",2025-01-02,"compressed","cumulative_nb",2280.87467391763,0,0.000105257513977164,TRUE,TRUE,0.0780009881144311,0.922000338027147,648
"Illinois",2025-02-15,"calendar","cumulative_poisson",7728.3848611036,0,0.0007210199484875,TRUE,TRUE,0.0292686474938096,0.970731411739327,1728
"Illinois",2025-02-15,"calendar","cumulative_nb",6317.377198608,0,0.000932062135654665,TRUE,TRUE,0.0697940757540763,0.930221936909101,1728
"Illinois",2025-02-15,"compressed","cumulative_poisson",2801.56213068859,0,0.00106143960809302,TRUE,TRUE,0.0753034989009024,0.924697360678386,783
"Illinois",2025-02-15,"compressed","cumulative_nb",2819.60378331424,0,0.000145068373293089,TRUE,TRUE,0.0753315368306585,0.924669329770768,783
"Illinois",2025-03-29,"calendar","cumulative_poisson",8472.53100620101,0,0.00258894564569823,TRUE,TRUE,0.0684952429643867,0.931506026636128,1890
"Illinois",2025-03-29,"calendar","cumulative_nb",7026.2624061122,0,0.000157026718780768,TRUE,TRUE,0.0759915799860406,0.924029828216627,1890
"Illinois",2025-03-29,"compressed","cumulative_poisson",3482.52963260511,0,1.61198534021079e-05,TRUE,TRUE,0.0707149405482151,0.929285828987527,945
"Illinois",2025-03-29,"compressed","cumulative_nb",3501.21677371897,0,0.000295185109341234,TRUE,TRUE,0.0708385314280119,0.929162238218762,945
"Illinois",2025-04-26,"calendar","cumulative_poisson",8931.84189981632,0,0.000839889539883065,TRUE,TRUE,0.0735334105297888,0.926469927424597,1998
"Illinois",2025-04-26,"calendar","cumulative_nb",7547.61471365239,0,0.00211539549375972,TRUE,TRUE,0.0786315069944126,0.921392521004338,1998
"Illinois",2025-04-26,"compressed","cumulative_poisson",3928.054083522,0,0.000861889509026104,TRUE,TRUE,0.0704554380247599,0.929545533498725,1053
"Illinois",2025-04-26,"compressed","cumulative_nb",3947.5973288291,0,0.0024520258753995,TRUE,TRUE,0.0703575568776618,0.929643403525564,1053
"Illinois",2025-05-31,"calendar","cumulative_poisson",9517.34419687581,0,0.00126412529891118,TRUE,TRUE,0.0703470020717366,0.929654678314188,2133
"Illinois",2025-05-31,"calendar","cumulative_nb",8218.48523927864,0,0.000361358277675153,TRUE,TRUE,0.0760088530309827,0.924012111920767,2133
"Illinois",2025-05-31,"compressed","cumulative_poisson",4476.183289962,0,0.0044208155858626,TRUE,TRUE,0.0700037983532769,0.929996871001117,1188
"Illinois",2025-05-31,"compressed","cumulative_nb",4496.68518295642,0,0.00195974055550374,TRUE,TRUE,0.070023153869757,0.929977524909486,1188
"Indiana",2025-01-02,"calendar","cumulative_poisson",4258.56177892916,0,0.000231637415918362,TRUE,TRUE,0.0861114702140754,0.913899794925872,1539
"Indiana",2025-01-02,"calendar","cumulative_nb",4275.42055441355,0,0.000378101027514566,TRUE,TRUE,0.0858456137323158,0.914165548916899,1539
"Indiana",2025-01-02,"compressed","cumulative_poisson",2645.43604373816,0,0.00217017802552899,TRUE,TRUE,0.517996104136691,0.483648436902361,648
"Indiana",2025-01-02,"compressed","cumulative_nb",2576.41806569552,0,0.0016102060590204,TRUE,TRUE,0.226125873113783,0.773977607395265,648
"Indiana",2025-02-15,"calendar","cumulative_poisson",5927.19293088344,0,0.000243618232262599,TRUE,TRUE,0.0659135050904893,0.934086537121102,1728
"Indiana",2025-02-15,"calendar","cumulative_nb",5497.04309387675,0,0.00196024754165913,TRUE,TRUE,0.0699582154295044,0.930043117408918,1728
"Indiana",2025-02-15,"compressed","cumulative_poisson",3229.14550255051,0,0.00163025600528233,TRUE,TRUE,0.688006392244094,0.31695196367182,783
"Indiana",2025-02-15,"compressed","cumulative_nb",3185.08715078447,0,0.000489142802346465,TRUE,TRUE,0.553948187810215,0.448252436977874,783
"Indiana",2025-03-29,"calendar","cumulative_poisson",6580.14354936787,0,0.000519502049852849,TRUE,TRUE,0.0373145902676874,0.96268541099785,1890
"Indiana",2025-03-29,"calendar","cumulative_nb",6135.81731309193,0,0.000100387714648667,TRUE,TRUE,0.0289636924564184,0.971036310123007,1890
"Indiana",2025-03-29,"compressed","cumulative_poisson",3917.23574581982,0,0.000799654504645142,TRUE,TRUE,0.655836660913088,0.349240581284923,945
"Indiana",2025-03-29,"compressed","cumulative_nb",3893.85868479737,0,0.00289125423716463,TRUE,TRUE,0.606311383330609,0.397095138500266,945
"Indiana",2025-04-26,"calendar","cumulative_poisson",7022.22181612062,0,0.00182996223612952,TRUE,TRUE,0.109711333061257,0.890312242378229,1998
"Indiana",2025-04-26,"calendar","cumulative_nb",6599.17347671639,0,0.000505821260820154,TRUE,TRUE,0.0799576638062324,0.920043143847169,1998
"Indiana",2025-04-26,"compressed","cumulative_poisson",4350.88869634165,0,0.0032965692969229,TRUE,TRUE,0.641296609416235,0.363557441490556,1053
"Indiana",2025-04-26,"compressed","cumulative_nb",4341.64935932666,0,0.0179744801033439,TRUE,TRUE,0.604114929104441,0.399420950042662,1053
"Indiana",2025-05-31,"calendar","cumulative_poisson",7544.87973327447,0,0.00246640808904752,TRUE,TRUE,0.073192966215136,0.926807285054267,2133
"Indiana",2025-05-31,"calendar","cumulative_nb",7183.1719139138,0,0.000462951126494748,TRUE,TRUE,0.0764195458158185,0.923580873492546,2133
"Indiana",2025-05-31,"compressed","cumulative_poisson",4875.77162224469,0,0.00180008651947539,TRUE,TRUE,0.620944204494344,0.383767379802297,1188
"Indiana",2025-05-31,"compressed","cumulative_nb",4870.92488230229,0,0.000896190757816662,TRUE,TRUE,0.590825685936865,0.412693116851603,1188
"Iowa",2025-01-02,"calendar","cumulative_poisson",2972.45581337236,0,7.09297261661801e-05,TRUE,TRUE,0.0684073078372527,0.931593700889518,1539
"Iowa",2025-01-02,"calendar","cumulative_nb",2986.93799201567,0,3.39891512093349e-05,TRUE,TRUE,0.0683843151987276,0.931616697074875,1539
"Iowa",2025-01-02,"compressed","cumulative_poisson",1765.33475131842,0,9.38803903072216e-05,TRUE,TRUE,0.0704777324072678,0.92952320258099,648
"Iowa",2025-01-02,"compressed","cumulative_nb",1778.22035503711,0,0.00014872364039098,TRUE,TRUE,0.0704710959851842,0.929529840394838,648
"Iowa",2025-02-15,"calendar","cumulative_poisson",3667.71326622497,0,0.00136554908758524,TRUE,TRUE,0.0560043961563128,0.943996578157397,1728
"Iowa",2025-02-15,"calendar","cumulative_nb",3675.76262378097,0,0.000956956303061696,TRUE,TRUE,0.0610783256108536,0.938922254266558,1728
"Iowa",2025-02-15,"compressed","cumulative_poisson",2207.15910766796,0,0.000176361456807328,TRUE,TRUE,0.0704684482281393,0.929532425310563,783
"Iowa",2025-02-15,"compressed","cumulative_nb",2221.10852184804,0,0.000136282840830781,TRUE,TRUE,0.0704651371502533,0.929535737076244,783
"Iowa",2025-03-29,"calendar","cumulative_poisson",4115.96622697353,0,0.000162691865856823,TRUE,TRUE,0.0651432041243309,0.934858147992391,1890
"Iowa",2025-03-29,"calendar","cumulative_nb",4126.58945684288,0,0.000634158586527267,TRUE,TRUE,0.0649778749495929,0.935023376081874,1890
"Iowa",2025-03-29,"compressed","cumulative_poisson",2759.48724329883,0,0.00122409731884809,TRUE,TRUE,0.0689300388763122,0.931071181801348,945
"Iowa",2025-03-29,"compressed","cumulative_nb",2774.71583423794,0,8.91610385824748e-05,TRUE,TRUE,0.0689274750128007,0.931073728914178,945
"Iowa",2025-04-26,"calendar","cumulative_poisson",4438.88159781007,0,0.000883517507946685,TRUE,TRUE,0.0689400035564128,0.931063397968373,1998
"Iowa",2025-04-26,"calendar","cumulative_nb",4451.4362368338,0,0.00151784061385296,TRUE,TRUE,0.0686597499748325,0.931343495461002,1998
"Iowa",2025-04-26,"compressed","cumulative_poisson",3114.52934555468,0,0.000115539948047319,TRUE,TRUE,0.0706988576502302,0.929303298464587,1053
"Iowa",2025-04-26,"compressed","cumulative_nb",3130.46030739206,0,0.000454032300198137,TRUE,TRUE,0.0705590450399138,0.929443065955237,1053
"Iowa",2025-05-31,"calendar","cumulative_poisson",4845.05779711918,0,0.00116438504388183,TRUE,TRUE,0.0708331053874167,0.92917189735222,2133
"Iowa",2025-05-31,"calendar","cumulative_nb",4859.18583277267,0,0.000928552002332106,TRUE,TRUE,0.0706362613483043,0.929368612504916,2133
"Iowa",2025-05-31,"compressed","cumulative_poisson",3521.22401745242,0,0.000553119112754907,TRUE,TRUE,0.073214094914453,0.926789090464702,1188
"Iowa",2025-05-31,"compressed","cumulative_nb",3537.83372147773,0,0.000217772629555246,TRUE,TRUE,0.073007795840484,0.926995327869842,1188
"Kansas",2025-01-02,"calendar","cumulative_poisson",3214.96889611299,0,9.09969130664656e-05,TRUE,TRUE,0.0663625119193526,0.933638741550474,1539
"Kansas",2025-01-02,"calendar","cumulative_nb",3229.01964513986,0,0.000213652169632095,TRUE,TRUE,0.0663363504403532,0.933664907231689,1539
"Kansas",2025-01-02,"compressed","cumulative_poisson",1890.68769760271,0,0.000215754976353455,TRUE,TRUE,0.0724051945496661,0.927594960294918,648
"Kansas",2025-01-02,"compressed","cumulative_nb",1900.63078868954,0,0.000363340709216731,TRUE,TRUE,0.0705859898388732,0.929414213887297,648
"Kansas",2025-02-15,"calendar","cumulative_poisson",4033.06988524219,0,0.000610646414505922,TRUE,TRUE,0.0680436693176873,0.93195654997298,1728
"Kansas",2025-02-15,"calendar","cumulative_nb",4002.8124511993,0,0.000269568251907937,TRUE,TRUE,0.0670950055055656,0.932905230721215,1728
"Kansas",2025-02-15,"compressed","cumulative_poisson",2370.87096361377,0,1.04510801222091e-05,TRUE,TRUE,0.0865417911723687,0.913458209434738,783
"Kansas",2025-02-15,"compressed","cumulative_nb",2381.18055311882,0,7.86968067080229e-05,TRUE,TRUE,0.0848447861414503,0.915155214774874,783
"Kansas",2025-03-29,"calendar","cumulative_poisson",4505.56907198755,0,0.00420679814654012,TRUE,TRUE,0.0697624032682725,0.930238642194232,1890
"Kansas",2025-03-29,"calendar","cumulative_nb",4487.66671808765,0,0.000740703785816033,TRUE,TRUE,0.067334648682977,0.932666404653045,1890
"Kansas",2025-03-29,"compressed","cumulative_poisson",2948.48749179268,0,0.000352964245226794,TRUE,TRUE,0.0906011793438783,0.90939893529263,945
"Kansas",2025-03-29,"compressed","cumulative_nb",2960.71626173339,0,0.00137886547433497,TRUE,TRUE,0.0896080916708517,0.91039201968242,945
"Kansas",2025-04-26,"calendar","cumulative_poisson",4848.22825218344,0,0.000652587760835682,TRUE,TRUE,0.0765429642986727,0.923460022464972,1998
"Kansas",2025-04-26,"calendar","cumulative_nb",4843.85427757866,0,0.000208966909005737,TRUE,TRUE,0.0729502925474527,0.927052418043927,1998
"Kansas",2025-04-26,"compressed","cumulative_poisson",3316.13124083218,0,0.000392559332947684,TRUE,TRUE,0.0761482084571395,0.923851981982669,1053
"Kansas",2025-04-26,"compressed","cumulative_nb",3329.40094111738,0,0.000366449335025831,TRUE,TRUE,0.0756063658803435,0.92439381886268,1053
"Kansas",2025-05-31,"calendar","cumulative_poisson",5284.75221576717,0,0.000115537818708544,TRUE,TRUE,0.0779609449697937,0.922042474960414,2133
"Kansas",2025-05-31,"calendar","cumulative_nb",5287.27423766489,0,0.00182054742233562,TRUE,TRUE,0.0766379076625629,0.923365487373064,2133
"Kansas",2025-05-31,"compressed","cumulative_poisson",3750.60484539462,0,0.000167410373795196,TRUE,TRUE,0.0564747204279563,0.943528253520748,1188
"Kansas",2025-05-31,"compressed","cumulative_nb",3764.62728213645,0,0.000327917560218771,TRUE,TRUE,0.0560526550834154,0.943949531320911,1188
"Kentucky",2025-01-02,"calendar","cumulative_poisson",3686.31667488905,0,0.000773893031839723,TRUE,TRUE,0.0779376394055824,0.922063499549414,1539
"Kentucky",2025-01-02,"calendar","cumulative_nb",3702.84393619702,0,0.000102859432068669,TRUE,TRUE,0.0778615620531029,0.922139578273796,1539
"Kentucky",2025-01-02,"compressed","cumulative_poisson",2069.95876400081,0,5.13954712016429e-05,TRUE,TRUE,0.0905947183777974,0.909406220367797,648
"Kentucky",2025-01-02,"compressed","cumulative_nb",2085.13617575982,0,4.2537545322574e-05,TRUE,TRUE,0.0905632904917685,0.909437652836698,648
"Kentucky",2025-02-15,"calendar","cumulative_poisson",4938.07094354641,0,0.000631713306076032,TRUE,TRUE,0.0316052531187187,0.968394762228022,1728
"Kentucky",2025-02-15,"calendar","cumulative_nb",4729.31206826445,0,0.000763263529901553,TRUE,TRUE,0.065746851117526,0.934253531824349,1728
"Kentucky",2025-02-15,"compressed","cumulative_poisson",2563.53454185963,0,0.00037738300544149,TRUE,TRUE,0.0853342759298225,0.914666400112289,783
"Kentucky",2025-02-15,"compressed","cumulative_nb",2579.57529777881,0,0.000486557306190794,TRUE,TRUE,0.0853861884181475,0.91461448410614,783
"Kentucky",2025-03-29,"calendar","cumulative_poisson",5477.26203979543,0,0.00415577220868202,TRUE,TRUE,0.0646199345693221,0.935380773818738,1890
"Kentucky",2025-03-29,"calendar","cumulative_nb",5282.45682746783,0,7.21078983337564e-05,TRUE,TRUE,0.0638632524221399,0.936137736572185,1890
"Kentucky",2025-03-29,"compressed","cumulative_poisson",3190.5729061611,0,0.000377611610581252,TRUE,TRUE,0.0733097278977628,0.926690921951326,945
"Kentucky",2025-03-29,"compressed","cumulative_nb",3207.50369534547,0,0.00179757603270914,TRUE,TRUE,0.073450740218601,0.9265499055794,945
"Kentucky",2025-04-26,"calendar","cumulative_poisson",5873.04971650418,0,0.000778741693822173,TRUE,TRUE,0.0742777187999787,0.925727866998403,1998
"Kentucky",2025-04-26,"calendar","cumulative_nb",5710.43525433572,0,0.00131971213953097,TRUE,TRUE,0.0663528593497833,0.933650345542889,1998
"Kentucky",2025-04-26,"compressed","cumulative_poisson",3602.2507197661,0,0.000137934440859411,TRUE,TRUE,0.0699259278349307,0.930075325316031,1053
"Kentucky",2025-04-26,"compressed","cumulative_nb",3619.93610408851,0,6.43260153563412e-05,TRUE,TRUE,0.0698707404176043,0.930130492053894,1053
"Kentucky",2025-05-31,"calendar","cumulative_poisson",6369.12788392406,0,0.00136502780867809,TRUE,TRUE,0.0807719407606281,0.919242609598696,2133
"Kentucky",2025-05-31,"calendar","cumulative_nb",6252.11730737951,0,0.000174012872049878,TRUE,TRUE,0.0706466536499646,0.929361014558973,2133
"Kentucky",2025-05-31,"compressed","cumulative_poisson",4080.96366418502,0,0.000557564940310951,TRUE,TRUE,0.0772495573017711,0.922754038465017,1188
"Kentucky",2025-05-31,"compressed","cumulative_nb",4099.53203643787,0,0.000106969007900637,TRUE,TRUE,0.0770311210005245,0.922972416685362,1188
"Louisiana",2025-01-02,"calendar","cumulative_poisson",4548.85008565162,0,8.20086994259839e-05,TRUE,TRUE,0.0656977688366672,0.934303030259713,1539
"Louisiana",2025-01-02,"calendar","cumulative_nb",4563.10745432009,0,0.000130342375298853,TRUE,TRUE,0.0655828780681497,0.934417935136529,1539
"Louisiana",2025-01-02,"compressed","cumulative_poisson",2123.74790145117,0,0.000294191422080897,TRUE,TRUE,0.0834831676601831,0.916517772971994,648
"Louisiana",2025-01-02,"compressed","cumulative_nb",2138.91662133196,0,0.00081403767738486,TRUE,TRUE,0.083421144858575,0.916579798558234,648
"Louisiana",2025-02-15,"calendar","cumulative_poisson",6029.57619277344,0,0.00487289426678439,TRUE,TRUE,0.0703097145979255,0.929690369846635,1728
"Louisiana",2025-02-15,"calendar","cumulative_nb",5679.67852988194,0,0.000294629955443347,TRUE,TRUE,0.0781967644670628,0.921818929475951,1728
"Louisiana",2025-02-15,"compressed","cumulative_poisson",2614.73081809513,0,0.000118854703993587,TRUE,TRUE,0.0782780126738991,0.921722570711722,783
"Louisiana",2025-02-15,"compressed","cumulative_nb",2630.02308682589,0,0.000100266645216229,TRUE,TRUE,0.0782690398185334,0.921731538883658,783
"Louisiana",2025-03-29,"calendar","cumulative_poisson",6686.46739042065,0,0.00210857083540672,TRUE,TRUE,0.0936388600140916,0.906367690508673,1890
"Louisiana",2025-03-29,"calendar","cumulative_nb",6324.88369036035,0,0.000103116666248959,TRUE,TRUE,0.0840938348744249,0.915932106848999,1890
"Louisiana",2025-03-29,"compressed","cumulative_poisson",3218.22341381,0,0.000135264419243053,TRUE,TRUE,0.0693535857037976,0.930646826363666,945
"Louisiana",2025-03-29,"compressed","cumulative_nb",3233.82583563935,0,4.85306376099004e-05,TRUE,TRUE,0.069500041260521,0.930500372555804,945
"Louisiana",2025-04-26,"calendar","cumulative_poisson",7163.61867135966,0,0.000279280392736947,TRUE,TRUE,0.125383996211362,0.874652549872057,1998
"Louisiana",2025-04-26,"calendar","cumulative_nb",6801.35616322892,0,0.000626674701452751,TRUE,TRUE,0.0996635499264586,0.900378988086658,1998
"Louisiana",2025-04-26,"compressed","cumulative_poisson",3630.84433613945,0,0.00079739797282985,TRUE,TRUE,0.0747027053877369,0.925299338523286,1053
"Louisiana",2025-04-26,"compressed","cumulative_nb",3646.67630695702,0,0.00032703508201537,TRUE,TRUE,0.0744863018286804,0.925515690981078,1053
"Louisiana",2025-05-31,"calendar","cumulative_poisson",7712.82462374942,0,0.0090889938293448,TRUE,TRUE,0.135384206958189,0.864668110508004,2133
"Louisiana",2025-05-31,"calendar","cumulative_nb",7389.46082148126,0,0.000382264115215204,TRUE,TRUE,0.102149484524995,0.897895422447315,2133
"Louisiana",2025-05-31,"compressed","cumulative_poisson",4119.29606283186,0,9.40764628263313e-05,TRUE,TRUE,0.07443018162368,0.925572089794184,1188
"Louisiana",2025-05-31,"compressed","cumulative_nb",4135.91117690608,0,0.00161771812959743,TRUE,TRUE,0.0742880883182194,0.925714134036217,1188
"Maine",2025-01-02,"calendar","cumulative_poisson",2643.73259012118,0,0.000466894566201692,TRUE,TRUE,0.0907129949543059,0.909290545433111,1539
"Maine",2025-01-02,"calendar","cumulative_nb",2655.81423537559,0,0.000136705161013051,TRUE,TRUE,0.0906595630327852,0.909343984930321,1539
"Maine",2025-01-02,"compressed","cumulative_poisson",1493.01007511851,0,0.000117249015114118,TRUE,TRUE,0.0930523372917302,0.906949313733381,648
"Maine",2025-01-02,"compressed","cumulative_nb",1503.82313502002,0,6.90154630737501e-05,TRUE,TRUE,0.0930739026562293,0.906927747013387,648
"Maine",2025-02-15,"calendar","cumulative_poisson",3105.9713847473,0,0.000243208335106715,TRUE,TRUE,0.0708716088513398,0.929129974458695,1728
"Maine",2025-02-15,"calendar","cumulative_nb",3116.73263563282,0,0.00112760523723154,TRUE,TRUE,0.0710292512210109,0.928972397082265,1728
"Maine",2025-02-15,"compressed","cumulative_poisson",1865.1008773437,0,4.3289578250949e-05,TRUE,TRUE,0.0867494468784436,0.913251883813998,783
"Maine",2025-02-15,"compressed","cumulative_nb",1876.74578393012,0,1.26053206552651e-05,TRUE,TRUE,0.0867862105186824,0.913215122555245,783
"Maine",2025-03-29,"calendar","cumulative_poisson",3444.89917520603,0,0.00089821846467375,TRUE,TRUE,0.0718140189513272,0.928191107426565,1890
"Maine",2025-03-29,"calendar","cumulative_nb",3456.77086307679,0,0.000276935521850818,TRUE,TRUE,0.0717993227282366,0.928205826215519,1890
"Maine",2025-03-29,"compressed","cumulative_poisson",2332.87302616585,0,5.02353957371193e-05,TRUE,TRUE,0.078329061188046,0.921672108779142,945
"Maine",2025-03-29,"compressed","cumulative_nb",2345.75409770072,0,0.000100966710750328,TRUE,TRUE,0.0784304267439483,0.921570745145081,945
"Maine",2025-04-26,"calendar","cumulative_poisson",3703.85247168779,0,0.000147545562759976,TRUE,TRUE,0.0745377731483147,0.92546903618951,1998
"Maine",2025-04-26,"calendar","cumulative_nb",3716.58297431733,0,0.000807093957960747,TRUE,TRUE,0.0745390635780373,0.925467771685356,1998
"Maine",2025-04-26,"compressed","cumulative_poisson",2640.31698977233,0,2.2359665237337e-05,TRUE,TRUE,0.0773478603844903,0.922653633219264,1053
"Maine",2025-04-26,"compressed","cumulative_nb",2653.88814592551,0,0.000164829386719784,TRUE,TRUE,0.0774085604779392,0.922592929138166,1053
"Maine",2025-05-31,"calendar","cumulative_poisson",4059.73599993256,0,1.42501509698967e-05,TRUE,TRUE,0.0746979410415493,0.925309056386172,2133
"Maine",2025-05-31,"calendar","cumulative_nb",4073.34375194504,0,0.000453451538575345,TRUE,TRUE,0.074757205234975,0.925249838572453,2133
"Maine",2025-05-31,"compressed","cumulative_poisson",3001.78062571049,0,6.08860385577798e-05,TRUE,TRUE,0.0773593088356899,0.922642444788744,1188
"Maine",2025-05-31,"compressed","cumulative_nb",3016.03346868724,0,0.000111379538521028,TRUE,TRUE,0.0773967623452102,0.922604986617542,1188
"Maryland",2025-01-02,"calendar","cumulative_poisson",3316.40696286853,0,7.46537964020355e-05,TRUE,TRUE,0.0757520427163585,0.924249184790233,1539
"Maryland",2025-01-02,"calendar","cumulative_nb",3332.18056122589,0,6.02875236077605e-05,TRUE,TRUE,0.0756669325723358,0.924334296741427,1539
"Maryland",2025-01-02,"compressed","cumulative_poisson",1926.80255933297,0,0.000118123445849661,TRUE,TRUE,0.082133115874897,0.917868070619496,648
"Maryland",2025-01-02,"compressed","cumulative_nb",1941.42104183827,0,1.06590641451021e-05,TRUE,TRUE,0.0820817273180275,0.917919460734283,648
"Maryland",2025-02-15,"calendar","cumulative_poisson",4439.55435721485,0,0.0032578316934746,TRUE,TRUE,0.0385163976808163,0.961483888605982,1728
"Maryland",2025-02-15,"calendar","cumulative_nb",4296.25818124885,0,0.00057170554186925,TRUE,TRUE,0.0579089948631946,0.942091759294586,1728
"Maryland",2025-02-15,"compressed","cumulative_poisson",2409.95794508936,0,4.71678104929651e-05,TRUE,TRUE,0.0764556242812203,0.923544990278236,783
"Maryland",2025-02-15,"compressed","cumulative_nb",2425.34768197808,0,0.000189415391643577,TRUE,TRUE,0.0764253890145286,0.923575223798457,783
"Maryland",2025-03-29,"calendar","cumulative_poisson",4975.78227885938,0,0.00914749136487547,TRUE,TRUE,0.0636499319867441,0.936351057056834,1890
"Maryland",2025-03-29,"calendar","cumulative_nb",4837.010138482,0,0.000181126996793068,TRUE,TRUE,0.0630118585256134,0.93698918078833,1890
"Maryland",2025-03-29,"compressed","cumulative_poisson",3007.63590010979,0,0.000149212097943607,TRUE,TRUE,0.0686903205412514,0.93131037861052,945
"Maryland",2025-03-29,"compressed","cumulative_nb",3023.60857526471,0,0.00106980433494708,TRUE,TRUE,0.068823442398703,0.93117725216511,945
"Maryland",2025-04-26,"calendar","cumulative_poisson",5354.13806016581,0,0.000632922856256046,TRUE,TRUE,0.0684955363657999,0.931508847771174,1998
"Maryland",2025-04-26,"calendar","cumulative_nb",5240.79497370404,0,0.00133815281833582,TRUE,TRUE,0.0645780677896571,0.935424614749334,1998
"Maryland",2025-04-26,"compressed","cumulative_poisson",3397.82122398087,0,0.000110280787212647,TRUE,TRUE,0.0671800300771231,0.932821125477991,1053
"Maryland",2025-04-26,"compressed","cumulative_nb",3414.55083941956,0,0.000147885717399043,TRUE,TRUE,0.0672090547406373,0.932792078080835,1053
"Maryland",2025-05-31,"calendar","cumulative_poisson",5844.48200728332,0,0.00119072040394186,TRUE,TRUE,0.0715378004530249,0.928471370997037,2133
"Maryland",2025-05-31,"calendar","cumulative_nb",5767.79214689945,0,0.00049205868129909,TRUE,TRUE,0.0669618706341183,0.933043826261035,2133
"Maryland",2025-05-31,"compressed","cumulative_poisson",3867.40656006138,0,0.000429470198168858,TRUE,TRUE,0.0682972683049929,0.931704695946117,1188
"Maryland",2025-05-31,"compressed","cumulative_nb",3885.01801475165,0,0.00157161752758617,TRUE,TRUE,0.0682285782471229,0.93177334551929,1188
"Massachusetts",2025-01-02,"calendar","cumulative_poisson",3763.09560894354,0,0.000728513044943035,TRUE,TRUE,0.0550822336016825,0.944921554708114,1539
"Massachusetts",2025-01-02,"calendar","cumulative_nb",3778.37748596022,0,0.000157266861298244,TRUE,TRUE,0.0456618220701034,0.954338185717367,1539
"Massachusetts",2025-01-02,"compressed","cumulative_poisson",2457.53488876008,0,0.000200968154287717,TRUE,TRUE,0.0935933226385254,0.906407748123266,648
"Massachusetts",2025-01-02,"compressed","cumulative_nb",2462.75704170113,0,0.000279678965160914,TRUE,TRUE,0.0924454936599478,0.907555444772186,648
"Massachusetts",2025-02-15,"calendar","cumulative_poisson",5151.87856770235,0,0.000469687289471055,TRUE,TRUE,0.0635025444103274,0.936497578054428,1728
"Massachusetts",2025-02-15,"calendar","cumulative_nb",4756.1928109681,0,0.000341383682946894,TRUE,TRUE,0.0581772856811008,0.941822735361169,1728
"Massachusetts",2025-02-15,"compressed","cumulative_poisson",3013.66541862629,0,0.000537666066001696,TRUE,TRUE,0.0857433054380252,0.914265636667118,783
"Massachusetts",2025-02-15,"compressed","cumulative_nb",3024.06614119397,0,0.000128051604369073,TRUE,TRUE,0.0837061805475152,0.916300829139884,783
"Massachusetts",2025-03-29,"calendar","cumulative_poisson",5705.94928127623,0,0.00190976518827013,TRUE,TRUE,0.0404734749140572,0.959526528701263,1890
"Massachusetts",2025-03-29,"calendar","cumulative_nb",5306.93746559187,0,0.000124517282663564,TRUE,TRUE,0.0427889808052394,0.957211022705271,1890
"Massachusetts",2025-03-29,"compressed","cumulative_poisson",3696.73459016791,0,0.000686393545563546,TRUE,TRUE,0.088591555791314,0.911432488536459,945
"Massachusetts",2025-03-29,"compressed","cumulative_nb",3708.29545750884,0,0.00059512389947769,TRUE,TRUE,0.0874887651697756,0.912531645724495,945
"Massachusetts",2025-04-26,"calendar","cumulative_poisson",6111.13024648789,0,0.00408449494404384,TRUE,TRUE,0.091972287561359,0.908108297629979,1998
"Massachusetts",2025-04-26,"calendar","cumulative_nb",5747.34679352915,0,0.00115720205345962,TRUE,TRUE,0.0353849949044863,0.964615006170526,1998
"Massachusetts",2025-04-26,"compressed","cumulative_poisson",4120.68851502898,0,0.00175100897708869,TRUE,TRUE,0.0890398882376843,0.910985882672981,1053
"Massachusetts",2025-04-26,"compressed","cumulative_nb",4135.356290452,0,0.000166873520788258,TRUE,TRUE,0.0883303032727633,0.911693484881462,1053
"Massachusetts",2025-05-31,"calendar","cumulative_poisson",6634.28749721351,0,0.00193138377065183,TRUE,TRUE,0.099287523977486,0.900746775242736,2133
"Massachusetts",2025-05-31,"calendar","cumulative_nb",6331.7729684125,0,0.000799463223549957,TRUE,TRUE,0.0286485800183759,0.971351421117081,2133
"Massachusetts",2025-05-31,"compressed","cumulative_poisson",4624.19792797088,0,0.00015569362503598,TRUE,TRUE,0.0834062187523315,0.916615641443503,1188
"Massachusetts",2025-05-31,"compressed","cumulative_nb",4640.95662380844,0,0.000310163822927478,TRUE,TRUE,0.0832374378419109,0.916783482204737,1188
"Michigan",2025-01-02,"calendar","cumulative_poisson",5683.482679966,0,8.86869129690382e-05,TRUE,TRUE,0.110531548225928,0.889470645903957,1539
"Michigan",2025-01-02,"calendar","cumulative_nb",5702.03110590573,0,0.00061658120038377,TRUE,TRUE,0.110012247892654,0.889989901184861,1539
"Michigan",2025-01-02,"compressed","cumulative_poisson",2457.41729397821,0,0.000165776086530511,TRUE,TRUE,0.238954052948409,0.761158053910428,648
"Michigan",2025-01-02,"compressed","cumulative_nb",2459.23124947599,0,0.000116422198840338,TRUE,TRUE,0.185640508485589,0.814408153778629,648
"Michigan",2025-02-15,"calendar","cumulative_poisson",7424.83365000648,0,0.000432810235220404,TRUE,TRUE,0.0295666181646098,0.970433406657846,1728
"Michigan",2025-02-15,"calendar","cumulative_nb",7120.17710005671,0,0.000326854466022763,TRUE,TRUE,0.0873380388660737,0.912690457809639,1728
"Michigan",2025-02-15,"compressed","cumulative_poisson",3107.39147210998,0,0.000164506170908574,TRUE,TRUE,0.362782960581021,0.637753704071203,783
"Michigan",2025-02-15,"compressed","cumulative_nb",3096.61496866256,0,0.000172322719886792,TRUE,TRUE,0.288689064040668,0.711571662972735,783
"Michigan",2025-03-29,"calendar","cumulative_poisson",8126.83379374735,0,0.000164772786883371,TRUE,TRUE,0.0899606681220635,0.910041554656307,1890
"Michigan",2025-03-29,"calendar","cumulative_nb",7807.10532013561,0,0.000213343221548066,TRUE,TRUE,0.0850384862398233,0.91498029615927,1890
"Michigan",2025-03-29,"compressed","cumulative_poisson",3849.5208138281,0,0.00337802814793253,TRUE,TRUE,0.408448770611243,0.592456213949291,945
"Michigan",2025-03-29,"compressed","cumulative_nb",3844.57903370789,0,0.00143896064334559,TRUE,TRUE,0.360958820132416,0.639645102855087,945
"Michigan",2025-04-26,"calendar","cumulative_poisson",8560.78140043149,0,0.00301502417842314,TRUE,TRUE,0.0817918108291033,0.918208989750791,1998
"Michigan",2025-04-26,"calendar","cumulative_nb",8289.03990632054,0,0.00047535005839152,TRUE,TRUE,0.07882135546008,0.921190336629874,1998
"Michigan",2025-04-26,"compressed","cumulative_poisson",4314.36573330753,0,0.00118136134883695,TRUE,TRUE,0.401484262260649,0.599441717157359,1053
"Michigan",2025-04-26,"compressed","cumulative_nb",4316.49219132853,0,0.0182672194242959,TRUE,TRUE,0.36721780861543,0.633465635834133,1053
"Michigan",2025-05-31,"calendar","cumulative_poisson",9109.9642541359,0,0.000406049239340178,TRUE,TRUE,0.0772673450243935,0.922733189359883,2133
"Michigan",2025-05-31,"calendar","cumulative_nb",8903.29640065914,0,0.000797180309609105,TRUE,TRUE,0.0734089769553639,0.926598159844674,2133
"Michigan",2025-05-31,"compressed","cumulative_poisson",4865.45000665357,0,0.00459366563053409,TRUE,TRUE,0.366980666311945,0.633778806701501,1188
"Michigan",2025-05-31,"compressed","cumulative_nb",4872.17342791527,0,0.00310100610618314,TRUE,TRUE,0.343714968101106,0.656885595541083,1188
"Minnesota",2025-01-02,"calendar","cumulative_poisson",3219.31480343953,0,0.00148121173045068,TRUE,TRUE,0.0727235958369018,0.927277348994518,1539
"Minnesota",2025-01-02,"calendar","cumulative_nb",3233.77773022793,0,0.000178944865923958,TRUE,TRUE,0.07262118512772,0.927379760091036,1539
"Minnesota",2025-01-02,"compressed","cumulative_poisson",1864.35106313553,0,0.000197621472775467,TRUE,TRUE,0.0859648545855401,0.914036511924925,648
"Minnesota",2025-01-02,"compressed","cumulative_nb",1878.42469820532,0,0.000191363512820425,TRUE,TRUE,0.0859683632740668,0.914033005016866,648
"Minnesota",2025-02-15,"calendar","cumulative_poisson",5622.07529911897,0,0.00314691805402711,TRUE,TRUE,0.130610657522097,0.869389342477982,1728
"Minnesota",2025-02-15,"calendar","cumulative_nb",4228.51124263017,0,2.02733461023286e-05,TRUE,TRUE,0.0796924285244857,0.920307667716882,1728
"Minnesota",2025-02-15,"compressed","cumulative_poisson",2495.54772334422,0,1.44213426089834e-05,TRUE,TRUE,0.165910166881652,0.834098069000749,783
"Minnesota",2025-02-15,"compressed","cumulative_nb",2483.92587465327,0,0.000499987147015485,TRUE,TRUE,0.139213703352395,0.860791233860471,783
"Minnesota",2025-03-29,"calendar","cumulative_poisson",6284.87260777518,0,0.00252145228823686,TRUE,TRUE,0.125134666492878,0.874865336774848,1890
"Minnesota",2025-03-29,"calendar","cumulative_nb",4824.83958241924,0,0.00197114351176314,TRUE,TRUE,0.0854673893656083,0.914533085476261,1890
"Minnesota",2025-03-29,"compressed","cumulative_poisson",3145.58987534491,0,0.000565031934154359,TRUE,TRUE,0.132445944775709,0.867556582779793,945
"Minnesota",2025-03-29,"compressed","cumulative_nb",3133.17279741757,0,3.0664974516259e-05,TRUE,TRUE,0.123403065796999,0.876599041717027,945
"Minnesota",2025-04-26,"calendar","cumulative_poisson",6701.71151790111,0,0.00125114212599131,TRUE,TRUE,0.117975694550585,0.882024305472979,1998
"Minnesota",2025-04-26,"calendar","cumulative_nb",5276.66249969628,0,0.00102729479376136,TRUE,TRUE,0.087048733916208,0.912952374201859,1998
"Minnesota",2025-04-26,"compressed","cumulative_poisson",3547.9573008973,0,7.91734332863392e-05,TRUE,TRUE,0.1280317420454,0.871970372212723,1053
"Minnesota",2025-04-26,"compressed","cumulative_nb",3540.01755168763,0,0.00148527755282046,TRUE,TRUE,0.120876007276155,0.879125687742739,1053
"Minnesota",2025-05-31,"calendar","cumulative_poisson",7202.74026132682,0,0.00145740156482366,TRUE,TRUE,0.115698618331213,0.884301381670741,2133
"Minnesota",2025-05-31,"calendar","cumulative_nb",5845.65178469762,0,0.000153700532643547,TRUE,TRUE,0.0901770037052205,0.909824778363712,2133
"Minnesota",2025-05-31,"compressed","cumulative_poisson",4016.71866133511,0,0.00129885343566949,TRUE,TRUE,0.126872238902355,0.873129906676425,1188
"Minnesota",2025-05-31,"compressed","cumulative_nb",4014.68917856698,0,0.000405750164670651,TRUE,TRUE,0.120651587542391,0.879350123773888,1188
"Mississippi",2025-01-02,"calendar","cumulative_poisson",5291.54867551292,0,0.000288741470427123,TRUE,TRUE,0.101915635514351,0.898110150687505,1539
"Mississippi",2025-01-02,"calendar","cumulative_nb",5305.6442796278,0,0.000678016477311472,TRUE,TRUE,0.102537749240474,0.897488763831491,1539
"Mississippi",2025-01-02,"compressed","cumulative_poisson",2044.72207998237,0,0.000559583309744094,TRUE,TRUE,0.0911386053632599,0.9088619918467,648
"Mississippi",2025-01-02,"compressed","cumulative_nb",2058.88978896512,0,0.00017020148338729,TRUE,TRUE,0.0910439526509407,0.908956640605426,648
"Mississippi",2025-02-15,"calendar","cumulative_poisson",6380.60839675223,0,0.000327806339164294,TRUE,TRUE,0.125501323511595,0.874589166282135,1728
"Mississippi",2025-02-15,"calendar","cumulative_nb",6337.79991941631,0,0.00070108954762893,TRUE,TRUE,0.185043645037721,0.815260785246196,1728
"Mississippi",2025-02-15,"compressed","cumulative_poisson",2502.8286573018,0,0.000394425225601291,TRUE,TRUE,0.0942793352820369,0.905722337893816,783
"Mississippi",2025-02-15,"compressed","cumulative_nb",2517.60211414584,0,0.000189882632617766,TRUE,TRUE,0.0941047502089887,0.905896884890673,783
"Mississippi",2025-03-29,"calendar","cumulative_poisson",6905.7700826241,0,0.0016050598685271,TRUE,TRUE,0.131597677700935,0.86852579563057,1890
"Mississippi",2025-03-29,"calendar","cumulative_nb",6887.09363770649,0,0.00082957780713655,TRUE,TRUE,0.183366080476147,0.816905422751164,1890
"Mississippi",2025-03-29,"compressed","cumulative_poisson",3047.20923957209,0,9.86032480193577e-05,TRUE,TRUE,0.0930230123738553,0.906981732850306,945
"Mississippi",2025-03-29,"compressed","cumulative_nb",3062.79942351321,0,0.000638081672928559,TRUE,TRUE,0.0929058095160062,0.907098776025858,945
"Mississippi",2025-04-26,"calendar","cumulative_poisson",7249.96419216431,0,0.00276089880559915,TRUE,TRUE,0.136712163487482,0.863425330147255,1998
"Mississippi",2025-04-26,"calendar","cumulative_nb",7248.29883410022,0,0.000294607530130886,TRUE,TRUE,0.15891419599768,0.841290139667632,1998
"Mississippi",2025-04-26,"compressed","cumulative_poisson",3399.20515416633,0,0.00164253194894681,TRUE,TRUE,0.0916681942964994,0.908334592617664,1053
"Mississippi",2025-04-26,"compressed","cumulative_nb",3415.32291272217,0,0.000573386302855639,TRUE,TRUE,0.0915467823773179,0.908455944842269,1053
"Mississippi",2025-05-31,"calendar","cumulative_poisson",7694.13537072317,0,0.000958408965852975,TRUE,TRUE,0.129454258013225,0.870660503166705,2133
"Mississippi",2025-05-31,"calendar","cumulative_nb",7702.73371678376,0,0.00199932158248251,TRUE,TRUE,0.133026682829155,0.867103603038677,2133
"Mississippi",2025-05-31,"compressed","cumulative_poisson",3825.27776812088,0,8.8603623222161e-05,TRUE,TRUE,0.0869502688310795,0.913051226924876,1188
"Mississippi",2025-05-31,"compressed","cumulative_nb",3841.95825272945,0,0.000201894646746581,TRUE,TRUE,0.0869061962551976,0.91309528155054,1188
"Missouri",2025-01-02,"calendar","cumulative_poisson",4190.21638189692,0,0.000194234845496966,TRUE,TRUE,0.0737520517339085,0.9262497934639,1539
"Missouri",2025-01-02,"calendar","cumulative_nb",4207.84773408326,0,0.000769217445745429,TRUE,TRUE,0.0737065142255858,0.926295329133799,1539
"Missouri",2025-01-02,"compressed","cumulative_poisson",2188.68779085229,0,0.000448494526943455,TRUE,TRUE,0.080191510652467,0.919810166165753,648
"Missouri",2025-01-02,"compressed","cumulative_nb",2204.85286007926,0,0.000120873961471146,TRUE,TRUE,0.0802196662329247,0.91978200269748,648
"Missouri",2025-02-15,"calendar","cumulative_poisson",5815.65251903395,0,0.00153134623844231,TRUE,TRUE,0.0351179093958967,0.964882099873028,1728
"Missouri",2025-02-15,"calendar","cumulative_nb",5449.86537607512,0,0.00089165983656958,TRUE,TRUE,0.0581159423808293,0.941886125793084,1728
"Missouri",2025-02-15,"compressed","cumulative_poisson",2774.01069175575,0,0.000163264789683426,TRUE,TRUE,0.0673473091858114,0.932653671675727,783
"Missouri",2025-02-15,"compressed","cumulative_nb",2786.86346810059,0,0.00127612761989376,TRUE,TRUE,0.0680955111514948,0.931905393515928,783
"Missouri",2025-03-29,"calendar","cumulative_poisson",6539.5510697994,0,7.91838474254458e-05,TRUE,TRUE,0.0222040542110414,0.977796955512768,1890
"Missouri",2025-03-29,"calendar","cumulative_nb",6078.62957779102,0,0.000324433091382692,TRUE,TRUE,0.0608984169235644,0.939102290901326,1890
"Missouri",2025-03-29,"compressed","cumulative_poisson",3615.00300321301,0,0.000183821712567589,TRUE,TRUE,0.0301245413368519,0.969878505895946,945
"Missouri",2025-03-29,"compressed","cumulative_nb",3587.46127724345,0,0.000344093394375966,TRUE,TRUE,0.0258084162885507,0.97419343865388,945
"Missouri",2025-04-26,"calendar","cumulative_poisson",6977.30375294791,0,0.00634042374136357,TRUE,TRUE,0.0601533716388791,0.939849562760045,1998
"Missouri",2025-04-26,"calendar","cumulative_nb",6540.8656834308,0,0.00169060500061791,TRUE,TRUE,0.0598171527278076,0.940183912129582,1998
"Missouri",2025-04-26,"compressed","cumulative_poisson",4082.67998204442,0,0.00292523165182046,TRUE,TRUE,0.0710102071106689,0.928994300020767,1053
"Missouri",2025-04-26,"compressed","cumulative_nb",4056.72346665526,0,0.0017571638613868,TRUE,TRUE,0.067206429376719,0.932795690200388,1053
"Missouri",2025-05-31,"calendar","cumulative_poisson",7512.53185268828,0,0.00728233661268707,TRUE,TRUE,0.0350023785455817,0.964999563497691,2133
"Missouri",2025-05-31,"calendar","cumulative_nb",7136.45248657391,0,0.00195196564050271,TRUE,TRUE,0.0591320228884435,0.940869546295868,2133
"Missouri",2025-05-31,"compressed","cumulative_poisson",4607.97842275658,0,0.000835929397447366,TRUE,TRUE,0.0606729550668729,0.939328910134061,1188
"Missouri",2025-05-31,"compressed","cumulative_nb",4595.01624148973,0,0.00694017059172725,TRUE,TRUE,0.0616431557790278,0.938358298421131,1188
"Montana",2025-01-02,"calendar","cumulative_poisson",2334.91930283296,0,3.18650554054223e-07,TRUE,TRUE,0.0714321057339336,0.928569468962277,1539
"Montana",2025-01-02,"calendar","cumulative_nb",2347.59097799163,0,0.000267021590495631,TRUE,TRUE,0.071439121403156,0.928562453230872,1539
"Montana",2025-01-02,"compressed","cumulative_poisson",1452.3304090237,0,5.56107617484258e-05,TRUE,TRUE,0.0717654660657654,0.928236121137671,648
"Montana",2025-01-02,"compressed","cumulative_nb",1463.99885482862,0,8.32875713749903e-05,TRUE,TRUE,0.071799975355601,0.928201597077294,648
"Montana",2025-02-15,"calendar","cumulative_poisson",2704.02453663686,0,0.00105520268356352,TRUE,TRUE,0.0620527289930388,0.93794809077275,1728
"Montana",2025-02-15,"calendar","cumulative_nb",2716.03559158493,0,0.000297479547975099,TRUE,TRUE,0.0622956939409148,0.93770510509922,1728
"Montana",2025-02-15,"compressed","cumulative_poisson",1828.47040350083,0,0.000411938688622882,TRUE,TRUE,0.0690496885520332,0.930951541214436,783
"Montana",2025-02-15,"compressed","cumulative_nb",1840.80060159506,0,0.000117567512859296,TRUE,TRUE,0.0690885978129837,0.930912620207285,783
"Montana",2025-03-29,"calendar","cumulative_poisson",3047.90685392933,0,0.000781594808342723,TRUE,TRUE,0.0650761371403761,0.934924604388678,1890
"Montana",2025-03-29,"calendar","cumulative_nb",3060.46597110146,0,0.000181788652149351,TRUE,TRUE,0.0650744511625044,0.934926286319279,1890
"Montana",2025-03-29,"compressed","cumulative_poisson",2287.1415134451,0,0.000171993007134774,TRUE,TRUE,0.068057105229468,0.931944130049071,945
"Montana",2025-03-29,"compressed","cumulative_nb",2300.21652722715,0,0.000144526437282522,TRUE,TRUE,0.0680704422042765,0.931930780526446,945
"Montana",2025-04-26,"calendar","cumulative_poisson",3313.38581715399,0,0.000627658002488207,TRUE,TRUE,0.0662067048471825,0.933794436816212,1998
"Montana",2025-04-26,"calendar","cumulative_nb",3326.51070350209,0,0.000643499287939386,TRUE,TRUE,0.066207055462632,0.933794081002909,1998
"Montana",2025-04-26,"compressed","cumulative_poisson",2586.95756007932,0,8.66920066673604e-05,TRUE,TRUE,0.0683124348691319,0.93168886369864,1053
"Montana",2025-04-26,"compressed","cumulative_nb",2600.53531677458,0,0.000102453492948351,TRUE,TRUE,0.0683168028902112,0.931684484107915,1053
"Montana",2025-05-31,"calendar","cumulative_poisson",3675.0805047241,0,0.00140808004503723,TRUE,TRUE,0.0673081983017682,0.932692107440321,2133
"Montana",2025-05-31,"calendar","cumulative_nb",3688.66207834026,0,0.000873339524515737,TRUE,TRUE,0.0672724876355945,0.932727819429959,2133
"Montana",2025-05-31,"compressed","cumulative_poisson",2948.75234910811,0,0.000363760569275895,TRUE,TRUE,0.0702451108960168,0.929755383177674,1188
"Montana",2025-05-31,"compressed","cumulative_nb",2962.70772597089,0,2.11129798712018e-05,TRUE,TRUE,0.0702369600969632,0.929763534855681,1188
"Nebraska",2025-01-02,"calendar","cumulative_poisson",2573.75164067578,0,6.06356930639151e-05,TRUE,TRUE,0.076039566702733,0.923961455728836,1539
"Nebraska",2025-01-02,"calendar","cumulative_nb",2586.57735464689,0,2.26959721807418e-05,TRUE,TRUE,0.0760088589518048,0.923992163678478,1539
"Nebraska",2025-01-02,"compressed","cumulative_poisson",1622.83928661542,0,0.000145638605995452,TRUE,TRUE,0.0819805575797163,0.918020492055211,648
"Nebraska",2025-01-02,"compressed","cumulative_nb",1634.11243829214,0,0.000105102221999135,TRUE,TRUE,0.0819737555719607,0.918027298259962,648
"Nebraska",2025-02-15,"calendar","cumulative_poisson",3138.70847017887,0,0.000372431222952052,TRUE,TRUE,0.0666870806535748,0.933313353637297,1728
"Nebraska",2025-02-15,"calendar","cumulative_nb",3145.41452421354,0,0.000558526194134767,TRUE,TRUE,0.067670402258103,0.932329940447769,1728
"Nebraska",2025-02-15,"compressed","cumulative_poisson",2035.6120681612,0,9.2092576841396e-05,TRUE,TRUE,0.0806710408669132,0.91932972931195,783
"Nebraska",2025-02-15,"compressed","cumulative_nb",2047.9469111937,0,0.00028745056536561,TRUE,TRUE,0.0806739478842382,0.919326827275527,783
"Nebraska",2025-03-29,"calendar","cumulative_poisson",3553.79437813234,0,0.000672906366924853,TRUE,TRUE,0.066271299257977,0.933729626765004,1890
"Nebraska",2025-03-29,"calendar","cumulative_nb",3562.98518037538,0,0.000274569924229917,TRUE,TRUE,0.0662178085142124,0.933783041438505,1890
"Nebraska",2025-03-29,"compressed","cumulative_poisson",2554.59051423639,0,7.15479679313513e-05,TRUE,TRUE,0.0756221940862828,0.92437837050445,945
"Nebraska",2025-03-29,"compressed","cumulative_nb",2568.26239017804,0,0.000236639349783352,TRUE,TRUE,0.0756786286764135,0.924321935360105,945
"Nebraska",2025-04-26,"calendar","cumulative_poisson",3860.31518530165,0,0.00032428179438071,TRUE,TRUE,0.0688123457499068,0.931190032292479,1998
"Nebraska",2025-04-26,"calendar","cumulative_nb",3871.24231425248,0,0.000134030029781608,TRUE,TRUE,0.0686195349903508,0.931382710059433,1998
"Nebraska",2025-04-26,"compressed","cumulative_poisson",2889.33483520621,0,0.00019231199691977,TRUE,TRUE,0.0735614283767234,0.926439229230574,1053
"Nebraska",2025-04-26,"compressed","cumulative_nb",2903.7318789732,0,0.000635033885310776,TRUE,TRUE,0.0736256804829367,0.926374975559348,1053
"Nebraska",2025-05-31,"calendar","cumulative_poisson",4256.09789927088,0,0.00142603178452694,TRUE,TRUE,0.0702323468919038,0.929771219900447,2133
"Nebraska",2025-05-31,"calendar","cumulative_nb",4268.5683356422,0,0.000232380955015404,TRUE,TRUE,0.0700886269421228,0.929914822744762,2133
"Nebraska",2025-05-31,"compressed","cumulative_poisson",3280.99051186299,0,0.000856606437781626,TRUE,TRUE,0.0727791144268445,0.927221666602524,1188
"Nebraska",2025-05-31,"compressed","cumulative_nb",3296.06826276378,0,0.000607679969012176,TRUE,TRUE,0.072836960321174,0.9271638178579,1188
"Nevada",2025-01-02,"calendar","cumulative_poisson",3023.1050471476,0,0.000221743103197225,TRUE,TRUE,0.0736857167381469,0.926314759323005,1539
"Nevada",2025-01-02,"calendar","cumulative_nb",3036.48576168499,0,0.000281987501438791,TRUE,TRUE,0.0735797322264213,0.926420740465191,1539
"Nevada",2025-01-02,"compressed","cumulative_poisson",1834.60874244429,0,1.13384274353923e-05,TRUE,TRUE,0.0918861055093326,0.908114731208092,648
"Nevada",2025-01-02,"compressed","cumulative_nb",1847.36277639259,0,3.14823252697983e-05,TRUE,TRUE,0.0918687612450082,0.908132071811074,648
"Nevada",2025-02-15,"calendar","cumulative_poisson",3844.58107871009,0,0.000196654450845823,TRUE,TRUE,0.037225002723152,0.962775066326376,1728
"Nevada",2025-02-15,"calendar","cumulative_nb",3785.3950894382,0,0.00012961710219983,TRUE,TRUE,0.0689785642081957,0.931021882809057,1728
"Nevada",2025-02-15,"compressed","cumulative_poisson",2276.76274166764,0,0.000174325298135436,TRUE,TRUE,0.0369521756522481,0.963051246794819,783
"Nevada",2025-02-15,"compressed","cumulative_nb",2290.1080426637,0,0.000427036754764076,TRUE,TRUE,0.0809225117653669,0.919078235594281,783
"Nevada",2025-03-29,"calendar","cumulative_poisson",4318.67003668303,0,0.000168909721468991,TRUE,TRUE,0.0633299614805115,0.936670314632825,1890
"Nevada",2025-03-29,"calendar","cumulative_nb",4273.57797940853,0,0.00120489316979744,TRUE,TRUE,0.0628934531489695,0.937107014716881,1890
"Nevada",2025-03-29,"compressed","cumulative_poisson",2793.40217013954,0,3.38873649752269e-05,TRUE,TRUE,0.0739803350816353,0.926020258956768,945
"Nevada",2025-03-29,"compressed","cumulative_nb",2807.71077796944,0,0.000186261367003948,TRUE,TRUE,0.0740644438849262,0.925936147346223,945
"Nevada",2025-04-26,"calendar","cumulative_poisson",4668.1022618885,0,0.00119695409788356,TRUE,TRUE,0.0680992514174144,0.931901732105343,1998
"Nevada",2025-04-26,"calendar","cumulative_nb",4639.1374543908,0,0.0017581899487229,TRUE,TRUE,0.0653697384129093,0.934631435981272,1998
"Nevada",2025-04-26,"compressed","cumulative_poisson",3136.11239136283,0,1.4712730412203e-05,TRUE,TRUE,0.0718094155835907,0.928191229663675,1053
"Nevada",2025-04-26,"compressed","cumulative_nb",3150.96884987628,0,4.86697764575661e-05,TRUE,TRUE,0.0718829158226975,0.928117726548982,1053
"Nevada",2025-05-31,"calendar","cumulative_poisson",5111.80451200275,0,0.000382732137378217,TRUE,TRUE,0.0715469186013966,0.928454793006875,2133
"Nevada",2025-05-31,"calendar","cumulative_nb",5099.90634851853,0,0.000596404440989851,TRUE,TRUE,0.0683501097903359,0.931651744014497,2133
"Nevada",2025-05-31,"compressed","cumulative_poisson",3557.12994981273,0,4.88046776678797e-05,TRUE,TRUE,0.0708674661264781,0.92913332004624,1188
"Nevada",2025-05-31,"compressed","cumulative_nb",3572.57628430019,0,0.000139628396828045,TRUE,TRUE,0.0709247815538154,0.929076000402769,1188
"New Hampshire",2025-01-02,"calendar","cumulative_poisson",2154.93906089783,0,0.000200359655018856,TRUE,TRUE,0.0719901006289243,0.928010454416069,1539
"New Hampshire",2025-01-02,"calendar","cumulative_nb",2166.31731954245,0,0.000508332165850334,TRUE,TRUE,0.0719430800272555,0.928057473530894,1539
"New Hampshire",2025-01-02,"compressed","cumulative_poisson",1356.18705720173,0,1.45269059668163e-05,TRUE,TRUE,0.0831228762099988,0.91687805706118,648
"New Hampshire",2025-01-02,"compressed","cumulative_nb",1366.46815323036,0,4.95815931536026e-05,TRUE,TRUE,0.0830701855463235,0.91693075134965,648
"New Hampshire",2025-02-15,"calendar","cumulative_poisson",2854.40623401632,0,3.20804419544629e-05,TRUE,TRUE,0.177989676171453,0.822010323828556,1728
"New Hampshire",2025-02-15,"calendar","cumulative_nb",2729.6282870194,0,0.000855372744740068,TRUE,TRUE,0.123821798478472,0.876178201642074,1728
"New Hampshire",2025-02-15,"compressed","cumulative_poisson",1739.20688371843,0,8.18482709624702e-06,TRUE,TRUE,0.0722204808199093,0.927780676127336,783
"New Hampshire",2025-02-15,"compressed","cumulative_nb",1750.16818846217,0,5.5288526357139e-05,TRUE,TRUE,0.0725904909517613,0.927410649236674,783
"New Hampshire",2025-03-29,"calendar","cumulative_poisson",3327.65517549164,0,0.00147227028062225,TRUE,TRUE,0.109559358002574,0.890440642207799,1890
"New Hampshire",2025-03-29,"calendar","cumulative_nb",3167.66777545668,0,0.00040465176042459,TRUE,TRUE,0.0936149476817748,0.906385053761286,1890
"New Hampshire",2025-03-29,"compressed","cumulative_poisson",2259.46219151393,0,4.26747168389419e-05,TRUE,TRUE,0.060799024832663,0.939201807570117,945
"New Hampshire",2025-03-29,"compressed","cumulative_nb",2270.5189201432,0,0.000116281137526264,TRUE,TRUE,0.0609568588200716,0.939043945757416,945
"New Hampshire",2025-04-26,"calendar","cumulative_poisson",3712.28276056683,0,0.000945451856713575,TRUE,TRUE,0.0974215444290559,0.90257846265501,1998
"New Hampshire",2025-04-26,"calendar","cumulative_nb",3534.01786693823,0,0.000120853004643706,TRUE,TRUE,0.0852935957923057,0.914706447107145,1998
"New Hampshire",2025-04-26,"compressed","cumulative_poisson",2633.73726314874,0,0.000529703887190092,TRUE,TRUE,0.0672655389310913,0.932737833511378,1053
"New Hampshire",2025-04-26,"compressed","cumulative_nb",2644.49372634281,0,1.38660114408218e-05,TRUE,TRUE,0.0673646606870206,0.932638660014123,1053
"New Hampshire",2025-05-31,"calendar","cumulative_poisson",4120.75100346482,0,0.0156363720727704,TRUE,TRUE,0.127679174768531,0.872321678431591,2133
"New Hampshire",2025-05-31,"calendar","cumulative_nb",3967.01629077705,0,0.000306358774626703,TRUE,TRUE,0.0909443896292828,0.909055698059443,2133
"New Hampshire",2025-05-31,"compressed","cumulative_poisson",3016.82316449001,0,2.86633578816531e-05,TRUE,TRUE,0.067989007254024,0.932015134201862,1188
"New Hampshire",2025-05-31,"compressed","cumulative_nb",3028.68235277131,0,6.39718272431589e-05,TRUE,TRUE,0.0681555116753286,0.931848608918008,1188
"New Jersey",2025-01-02,"calendar","cumulative_poisson",6755.46240145193,0,5.34860947900562e-05,TRUE,TRUE,0.110591510891878,0.889428989334563,1539
"New Jersey",2025-01-02,"calendar","cumulative_nb",6841.13375800204,0,0.000262537764779136,TRUE,TRUE,0.348207728931506,0.653438558776786,1539
"New Jersey",2025-01-02,"compressed","cumulative_poisson",2259.54357661128,0,0.000444587061129487,TRUE,TRUE,0.0886013987292792,0.911399944627964,648
"New Jersey",2025-01-02,"compressed","cumulative_nb",2276.83380618348,0,0.000169671493780055,TRUE,TRUE,0.0885574490466753,0.911443898654483,648
"New Jersey",2025-02-15,"calendar","cumulative_poisson",9720.85493588411,0,0.0104458842101027,TRUE,TRUE,0.127757910478861,0.87234837499374,1728
"New Jersey",2025-02-15,"calendar","cumulative_nb",7714.85038824265,0,1.77134723152728e-05,TRUE,TRUE,0.48638894064089,0.51683527875646,1728
"New Jersey",2025-02-15,"compressed","cumulative_poisson",2792.66412424532,0,0.000354606202983943,TRUE,TRUE,0.0889228027049921,0.911078383298566,783
"New Jersey",2025-02-15,"compressed","cumulative_nb",2811.12201812038,0,0.000139442445422522,TRUE,TRUE,0.0888836629242327,0.911117526337221,783
"New Jersey",2025-03-29,"calendar","cumulative_poisson",10584.4521991653,0,0.00307839704641966,TRUE,TRUE,0.128377909182574,0.871676240476574,1890
"New Jersey",2025-03-29,"calendar","cumulative_nb",8568.52887396421,0,0.000235114426256899,TRUE,TRUE,0.570090481996673,0.434101140868255,1890
"New Jersey",2025-03-29,"compressed","cumulative_poisson",3586.05434953297,0,0.000525261132185761,TRUE,TRUE,0.0862184616371946,0.91378252686818,945
"New Jersey",2025-03-29,"compressed","cumulative_nb",3605.15188541288,0,0.000136407813579372,TRUE,TRUE,0.0861103194178352,0.913890668195613,945
"New Jersey",2025-04-26,"calendar","cumulative_poisson",11062.5675210118,0,0.000896389065747627,TRUE,TRUE,0.14037516220544,0.85973937948826,1998
"New Jersey",2025-04-26,"calendar","cumulative_nb",9187.08540176238,0,0.000633461443965581,TRUE,TRUE,0.599640886475481,0.404802802061649,1998
"New Jersey",2025-04-26,"compressed","cumulative_poisson",4070.00562116816,0,0.000415492714702925,TRUE,TRUE,0.0877452885551564,0.912255594835635,1053
"New Jersey",2025-04-26,"compressed","cumulative_nb",4089.51065845896,0,0.00382877539199783,TRUE,TRUE,0.0875850720335342,0.912415806076733,1053
"New Jersey",2025-05-31,"calendar","cumulative_poisson",11618.7323602724,0,0.0132616624545467,TRUE,TRUE,0.138996886420908,0.861105651820034,2133
"New Jersey",2025-05-31,"calendar","cumulative_nb",9986.2815270919,0,0.000363634066928853,TRUE,TRUE,0.618461707141709,0.385998978267218,2133
"New Jersey",2025-05-31,"compressed","cumulative_poisson",4598.52875903023,0,0.00216773301084466,TRUE,TRUE,0.0851561929459663,0.914844697234757,1188
"New Jersey",2025-05-31,"compressed","cumulative_nb",4618.86166768628,0,0.00106826158387235,TRUE,TRUE,0.0850533667951473,0.91494751987706,1188
"New Mexico",2025-01-02,"calendar","cumulative_poisson",3263.03121803091,0,0.000978836399506355,TRUE,TRUE,0.0694374130076469,0.930563233084818,1539
"New Mexico",2025-01-02,"calendar","cumulative_nb",3277.05312918322,0,6.35915547324006e-05,TRUE,TRUE,0.0693627799687727,0.930637862683399,1539
"New Mexico",2025-01-02,"compressed","cumulative_poisson",1814.27635190902,0,0.000501451823044952,TRUE,TRUE,0.0774134951483847,0.922587938071109,648
"New Mexico",2025-01-02,"compressed","cumulative_nb",1827.85932897328,0,0.000391906545013976,TRUE,TRUE,0.0773686305515542,0.922632798384428,648
"New Mexico",2025-02-15,"calendar","cumulative_poisson",4079.5761778542,0,0.000434188344303532,TRUE,TRUE,0.0745123036715775,0.925488369450008,1728
"New Mexico",2025-02-15,"calendar","cumulative_nb",4044.50702525076,0,0.00268676182322414,TRUE,TRUE,0.0682783623181787,0.93172177184982,1728
"New Mexico",2025-02-15,"compressed","cumulative_poisson",2270.20371766273,0,8.74535933387266e-05,TRUE,TRUE,0.0715259287271938,0.928474468398549,783
"New Mexico",2025-02-15,"compressed","cumulative_nb",2284.30179066714,0,9.00803070560396e-05,TRUE,TRUE,0.0715150350720466,0.928485365706272,783
"New Mexico",2025-03-29,"calendar","cumulative_poisson",4568.67771019337,0,0.00126561504996059,TRUE,TRUE,0.0657158013600628,0.934284302304817,1890
"New Mexico",2025-03-29,"calendar","cumulative_nb",4543.5994000726,0,0.000545458025743129,TRUE,TRUE,0.0649111011307921,0.935089129482777,1890
"New Mexico",2025-03-29,"compressed","cumulative_poisson",2832.05482825804,0,0.000446596558670853,TRUE,TRUE,0.068656371730739,0.931343986907429,945
"New Mexico",2025-03-29,"compressed","cumulative_nb",2846.54170454384,0,0.000230223403657082,TRUE,TRUE,0.0686106809190283,0.931389673274106,945
"New Mexico",2025-04-26,"calendar","cumulative_poisson",4928.25628624553,0,0.00152421651868639,TRUE,TRUE,0.0758229660471337,0.924177508042243,1998
"New Mexico",2025-04-26,"calendar","cumulative_nb",4917.90630350751,0,6.5517165046769e-05,TRUE,TRUE,0.072458988327122,0.927541545180396,1998
"New Mexico",2025-04-26,"compressed","cumulative_poisson",3196.11866689709,0,0.000204731347781317,TRUE,TRUE,0.0663402886159573,0.9336599549853,1053
"New Mexico",2025-04-26,"compressed","cumulative_nb",3211.14079840549,0,0.000420436064009544,TRUE,TRUE,0.0663480357295769,0.933652208593061,1053
"New Mexico",2025-05-31,"calendar","cumulative_poisson",5381.17059336563,0,0.00277312799545015,TRUE,TRUE,0.0810963279744177,0.918904905962396,2133
"New Mexico",2025-05-31,"calendar","cumulative_nb",5384.22314622948,0,0.00362400765171489,TRUE,TRUE,0.0779529751368639,0.92204824533357,2133
"New Mexico",2025-05-31,"compressed","cumulative_poisson",3628.63782198739,0,0.000848347816797435,TRUE,TRUE,0.064867404530524,0.93513298020469,1188
"New Mexico",2025-05-31,"compressed","cumulative_nb",3644.30016438027,0,0.000151278718426795,TRUE,TRUE,0.0648773496277965,0.935123035759061,1188
"New York",2025-01-02,"calendar","cumulative_poisson",5490.78874378593,0,0.000583472135322505,TRUE,TRUE,0.0735646154955936,0.9264367288222,1539
"New York",2025-01-02,"calendar","cumulative_nb",5510.98815322356,0,0.00167124983785638,TRUE,TRUE,0.0734442754317884,0.926557064384847,1539
"New York",2025-01-02,"compressed","cumulative_poisson",2531.64418174188,0,0.000476974842289701,TRUE,TRUE,0.0869508883139936,0.913052547800557,648
"New York",2025-01-02,"compressed","cumulative_nb",2551.00273021496,0,2.58543936204614e-06,TRUE,TRUE,0.0868587126868009,0.913144699861508,648
"New York",2025-02-15,"calendar","cumulative_poisson",10146.4506893398,0,0.00363259936462179,TRUE,TRUE,0.0767892509382476,0.923217398776801,1728
"New York",2025-02-15,"calendar","cumulative_nb",7066.80887623421,0,0.001025592657664,TRUE,TRUE,0.0693101934608408,0.930703430795667,1728
"New York",2025-02-15,"compressed","cumulative_poisson",3132.55750417595,0,5.058677106895e-05,TRUE,TRUE,0.0767621509427955,0.923240914487149,783
"New York",2025-02-15,"compressed","cumulative_nb",3152.61193454854,0,0.000615809787674226,TRUE,TRUE,0.0768732455913085,0.923129805544533,783
"New York",2025-03-29,"calendar","cumulative_poisson",10997.7962414447,0,0.00385465864565293,TRUE,TRUE,0.0668536969064355,0.933146496267984,1890
"New York",2025-03-29,"calendar","cumulative_nb",7817.00854108964,0,0.000452262040320117,TRUE,TRUE,0.0730161007099945,0.927000821558307,1890
"New York",2025-03-29,"compressed","cumulative_poisson",3870.20014427413,0,0.000364162686040337,TRUE,TRUE,0.0700245465417985,0.929976619432318,945
"New York",2025-03-29,"compressed","cumulative_nb",3891.16983956766,0,0.000943617439375211,TRUE,TRUE,0.0701372141798349,0.92986397345182,945
"New York",2025-04-26,"calendar","cumulative_poisson",11515.2405257931,0,0.00637300467341095,TRUE,TRUE,0.0773152022897077,0.922686389844699,1998
"New York",2025-04-26,"calendar","cumulative_nb",8388.17221059977,0,0.0015315768263362,TRUE,TRUE,0.0747881042441435,0.925229820250316,1998
"New York",2025-04-26,"compressed","cumulative_poisson",4342.90221968975,0,8.76766304640508e-05,TRUE,TRUE,0.070568525444549,0.929432942028187,1053
"New York",2025-04-26,"compressed","cumulative_nb",4364.78034046017,0,0.00336379015588373,TRUE,TRUE,0.0705734324148638,0.929428036519329,1053
"New York",2025-05-31,"calendar","cumulative_poisson",12140.491997378,0,0.0153136668804525,TRUE,TRUE,0.0869278170213101,0.913076245927997,2133
"New York",2025-05-31,"calendar","cumulative_nb",9129.95446154038,0,0.00105497284119827,TRUE,TRUE,0.0754191500150123,0.924598369245965,2133
"New York",2025-05-31,"compressed","cumulative_poisson",4912.80278673414,0,0.00336190125068536,TRUE,TRUE,0.072094230946386,0.927907838184529,1188
"New York",2025-05-31,"compressed","cumulative_nb",4935.64847178944,0,0.00104084695010731,TRUE,TRUE,0.0720578503848155,0.9279442102099,1188
"North Carolina",2025-01-02,"calendar","cumulative_poisson",4199.94303910157,0,0.000866506645768039,TRUE,TRUE,0.0780247244674032,0.921976562738201,1539
"North Carolina",2025-01-02,"calendar","cumulative_nb",4217.41405452212,0,0.000165570709540264,TRUE,TRUE,0.0778512136710049,0.922150086960541,1539
"North Carolina",2025-01-02,"compressed","cumulative_poisson",2236.6533631248,0,0.000286821269011139,TRUE,TRUE,0.0861704073511883,0.913830773571381,648
"North Carolina",2025-01-02,"compressed","cumulative_nb",2254.09537032897,0,7.15155253977473e-05,TRUE,TRUE,0.0861252179967824,0.913875965398828,648
"North Carolina",2025-02-15,"calendar","cumulative_poisson",6355.5713944872,0,0.000938158763388514,TRUE,TRUE,0.0296978749765995,0.970303414622054,1728
"North Carolina",2025-02-15,"calendar","cumulative_nb",5352.14310876033,0,0.000860016292998367,TRUE,TRUE,0.0607394131649666,0.939263627492441,1728
"North Carolina",2025-02-15,"compressed","cumulative_poisson",2750.63852716354,0,9.47427125090883e-05,TRUE,TRUE,0.0820824865169694,0.917918297077009,783
"North Carolina",2025-02-15,"compressed","cumulative_nb",2768.8563486819,0,0.00035123004015819,TRUE,TRUE,0.0819967108675948,0.918004068766515,783
"North Carolina",2025-03-29,"calendar","cumulative_poisson",7020.85506513181,0,0.00344558509803794,TRUE,TRUE,0.0677911132009083,0.932210334359066,1890
"North Carolina",2025-03-29,"calendar","cumulative_nb",6026.24714534218,0,0.000392669536815493,TRUE,TRUE,0.0667211222728433,0.933285263802134,1890
"North Carolina",2025-03-29,"compressed","cumulative_poisson",3375.70939263894,0,7.11419116171674e-05,TRUE,TRUE,0.075199206441298,0.92480152915379,945
"North Carolina",2025-03-29,"compressed","cumulative_nb",3394.83919046709,0,3.26009180552341e-05,TRUE,TRUE,0.0752654118938043,0.924735321396974,945
"North Carolina",2025-04-26,"calendar","cumulative_poisson",7463.66391372014,0,0.00239357970839404,TRUE,TRUE,0.0710874389252929,0.928916041807287,1998
"North Carolina",2025-04-26,"calendar","cumulative_nb",6541.89779258609,0,0.000243179646616076,TRUE,TRUE,0.0692780940105273,0.930729649311857,1998
"North Carolina",2025-04-26,"compressed","cumulative_poisson",3787.76833078166,0,0.00034044474799777,TRUE,TRUE,0.0741867133138347,0.925814395562461,1053
"North Carolina",2025-04-26,"compressed","cumulative_nb",3807.6486078219,0,0.000383847987342256,TRUE,TRUE,0.074092439027627,0.925908647451987,1053
"North Carolina",2025-05-31,"calendar","cumulative_poisson",7994.7043733994,0,0.0014035697823247,TRUE,TRUE,0.0706825256703743,0.929321464994154,2133
"North Carolina",2025-05-31,"calendar","cumulative_nb",7172.44950493823,0,0.00115741621638721,TRUE,TRUE,0.0692166237541244,0.930790547825285,2133
"North Carolina",2025-05-31,"compressed","cumulative_poisson",4282.68739467368,0,0.000407519546795854,TRUE,TRUE,0.0753530701317946,0.924648624265185,1188
"North Carolina",2025-05-31,"compressed","cumulative_nb",4303.41702984656,0,0.00274838338992545,TRUE,TRUE,0.0751779484151165,0.924823710770333,1188
"North Dakota",2025-01-02,"calendar","cumulative_poisson",2092.94850916452,0,0.000211304147741842,TRUE,TRUE,0.0668701034299826,0.933132638846957,1539
"North Dakota",2025-01-02,"calendar","cumulative_nb",2104.05578162503,0,0.000154833773519769,TRUE,TRUE,0.0668461206096438,0.933156605737174,1539
"North Dakota",2025-01-02,"compressed","cumulative_poisson",1356.69899866541,0,0.000176411060766268,TRUE,TRUE,0.0675421708736311,0.932460826544092,648
"North Dakota",2025-01-02,"compressed","cumulative_nb",1366.66571113331,0,0.000385915613924759,TRUE,TRUE,0.0675141031274917,0.93248886247693,648
"North Dakota",2025-02-15,"calendar","cumulative_poisson",2400.92932039145,0,0.000321126233405522,TRUE,TRUE,0.0628036567392319,0.937197247715669,1728
"North Dakota",2025-02-15,"calendar","cumulative_nb",2411.45228083139,0,5.34406041883262e-05,TRUE,TRUE,0.0628607171849817,0.937140177240775,1728
"North Dakota",2025-02-15,"compressed","cumulative_poisson",1700.40597822099,0,2.59416025777393e-05,TRUE,TRUE,0.0710830718770753,0.928920401514133,783
"North Dakota",2025-02-15,"compressed","cumulative_nb",1711.13006868744,0,0.000202754995171528,TRUE,TRUE,0.0709308650157625,0.929072564716773,783
"North Dakota",2025-03-29,"calendar","cumulative_poisson",2718.74366698559,0,0.000163626290710539,TRUE,TRUE,0.0654614149777787,0.934541156228101,1890
"North Dakota",2025-03-29,"calendar","cumulative_nb",2729.9128432613,0,0.00018523820567462,TRUE,TRUE,0.0654120652848646,0.9345904779655,1890
"North Dakota",2025-03-29,"compressed","cumulative_poisson",2134.4203421417,0,5.24543429154534e-05,TRUE,TRUE,0.0711861509398223,0.928817090209656,945
"North Dakota",2025-03-29,"compressed","cumulative_nb",2146.010815594,0,0.000191289373546732,TRUE,TRUE,0.0710992293612228,0.928903989427729,945
"North Dakota",2025-04-26,"calendar","cumulative_poisson",2968.76323960816,0,7.23885165976323e-05,TRUE,TRUE,0.0664307894393616,0.933572311009295,1998
"North Dakota",2025-04-26,"calendar","cumulative_nb",2980.41345449618,0,0.000276364010630914,TRUE,TRUE,0.0663853161075365,0.93361776518116,1998
"North Dakota",2025-04-26,"compressed","cumulative_poisson",2418.24251439304,0,0.000380197924029879,TRUE,TRUE,0.0713009254017874,0.928702267177527,1053
"North Dakota",2025-04-26,"compressed","cumulative_nb",2430.29224391076,0,0.000254020737269989,TRUE,TRUE,0.0712381242438196,0.928765054285144,1053
"North Dakota",2025-05-31,"calendar","cumulative_poisson",3302.56910126839,0,0.000126884660804905,TRUE,TRUE,0.0668923808300153,0.933110811012215,2133
"North Dakota",2025-05-31,"calendar","cumulative_nb",3314.76601049713,0,0.000129967055735758,TRUE,TRUE,0.0668652660335248,0.933137918081556,2133
"North Dakota",2025-05-31,"compressed","cumulative_poisson",2752.98676240118,0,0.000249459668872354,TRUE,TRUE,0.0714445976254353,0.928558491543774,1188
"North Dakota",2025-05-31,"compressed","cumulative_nb",2765.50041868618,0,0.000199336452635701,TRUE,TRUE,0.0714017571154004,0.928601324432646,1188
"Ohio",2025-01-02,"calendar","cumulative_poisson",8495.36344027968,0,0.000359315784708825,TRUE,TRUE,0.118170498409587,0.881908824380613,1539
"Ohio",2025-01-02,"calendar","cumulative_nb",5974.40802913367,0,0.000342598167667241,TRUE,TRUE,0.0996889784320869,0.900364825057649,1539
"Ohio",2025-01-02,"compressed","cumulative_poisson",2878.5533136551,0,3.47861760028323e-05,TRUE,TRUE,0.113764027264539,0.886241767443374,648
"Ohio",2025-01-02,"compressed","cumulative_nb",2793.94339667938,0,0.000112444418978553,TRUE,TRUE,0.143446540530753,0.856562408632363,648
"Ohio",2025-02-15,"calendar","cumulative_poisson",12227.7912290939,0,0.000409400308979624,TRUE,TRUE,0.0618553494893271,0.938144651303439,1728
"Ohio",2025-02-15,"calendar","cumulative_nb",6881.44496982553,0,0.00038528276860017,TRUE,TRUE,0.160332112127897,0.839803878398417,1728
"Ohio",2025-02-15,"compressed","cumulative_poisson",3600.56006746732,0,0.000346366815057397,TRUE,TRUE,0.0851446331480837,0.914858118178305,783
"Ohio",2025-02-15,"compressed","cumulative_nb",3530.2204949048,0,0.000129309315858875,TRUE,TRUE,0.129643433317746,0.870362072237953,783
"Ohio",2025-03-29,"calendar","cumulative_poisson",13496.1201036627,0,0.000531528533078029,TRUE,TRUE,0.0793043577113326,0.920696806447042,1890
"Ohio",2025-03-29,"calendar","cumulative_nb",7750.7845902969,0,0.000634309052444541,TRUE,TRUE,0.117508012010727,0.882491990301401,1890
"Ohio",2025-03-29,"compressed","cumulative_poisson",4389.55094842956,0,0.00215445302782025,TRUE,TRUE,0.0762718689642999,0.923729259456368,945
"Ohio",2025-03-29,"compressed","cumulative_nb",4384.83251650092,0,5.07305353707466e-05,TRUE,TRUE,0.095954575074927,0.904047953627633,945
"Ohio",2025-04-26,"calendar","cumulative_poisson",14189.1849568695,0,0.00131090679862211,TRUE,TRUE,0.0551840596880405,0.944816223966403,1998
"Ohio",2025-04-26,"calendar","cumulative_nb",8408.78536130528,0,0.000422288564735807,TRUE,TRUE,0.135497215347572,0.864502785985385,1998
"Ohio",2025-04-26,"compressed","cumulative_poisson",4872.89435656591,0,0.0031360929622678,TRUE,TRUE,0.0764354483649703,0.923565817087497,1053
"Ohio",2025-04-26,"compressed","cumulative_nb",4888.11489843775,0,0.000644891691028604,TRUE,TRUE,0.0773423452082653,0.922658976704465,1053
"Ohio",2025-05-31,"calendar","cumulative_poisson",14881.8026160295,0,0.00438638736986685,TRUE,TRUE,0.058386367736834,0.941614421146828,2133
"Ohio",2025-05-31,"calendar","cumulative_nb",9223.46158500445,0,0.000184112316542695,TRUE,TRUE,0.138843428088459,0.861156580399539,2133
"Ohio",2025-05-31,"compressed","cumulative_poisson",5477.89845405217,0,0.00270813135173531,TRUE,TRUE,0.0779370607815372,0.922064219171549,1188
"Ohio",2025-05-31,"compressed","cumulative_nb",5496.13928193785,0,0.000469195449298132,TRUE,TRUE,0.07845520743287,0.921546108707448,1188
"Oklahoma",2025-01-02,"calendar","cumulative_poisson",3705.11839825663,0,5.3061406182664e-05,TRUE,TRUE,0.0773140838316045,0.922686906767656,1539
"Oklahoma",2025-01-02,"calendar","cumulative_nb",3721.6617776416,0,0.000556774127838167,TRUE,TRUE,0.0772125078925082,0.922788484281357,1539
"Oklahoma",2025-01-02,"compressed","cumulative_poisson",2094.80058998213,0,0.000375542520465066,TRUE,TRUE,0.0882512015333437,0.911749500075667,648
"Oklahoma",2025-01-02,"compressed","cumulative_nb",2110.01723483674,0,0.000193352737376778,TRUE,TRUE,0.0882219732407249,0.911778730074681,648
"Oklahoma",2025-02-15,"calendar","cumulative_poisson",4838.25155826878,0,0.00112909084444968,TRUE,TRUE,0.0353398802682782,0.964660122828369,1728
"Oklahoma",2025-02-15,"calendar","cumulative_nb",4718.42459739425,0,0.000805520141546751,TRUE,TRUE,0.0464899210807209,0.953511092540271,1728
"Oklahoma",2025-02-15,"compressed","cumulative_poisson",2645.52001584837,0,0.00140722821630634,TRUE,TRUE,0.0886434902746257,0.911356678109618,783
"Oklahoma",2025-02-15,"compressed","cumulative_nb",2658.27798800643,0,0.00114424786119272,TRUE,TRUE,0.0875943332246881,0.912405857029927,783
"Oklahoma",2025-03-29,"calendar","cumulative_poisson",5409.45462534441,0,0.00212556375300554,TRUE,TRUE,0.026192349358406,0.973808407925334,1890
"Oklahoma",2025-03-29,"calendar","cumulative_nb",5259.64094416144,0,0.000977491220043591,TRUE,TRUE,0.0619231641697209,0.938077480925053,1890
"Oklahoma",2025-03-29,"compressed","cumulative_poisson",3328.54804986603,0,0.00104283737308097,TRUE,TRUE,0.0344011567361409,0.965599623868704,945
"Oklahoma",2025-03-29,"compressed","cumulative_nb",3334.31250213738,0,0.000945708579864868,TRUE,TRUE,0.0328800965462134,0.967120478560196,945
"Oklahoma",2025-04-26,"calendar","cumulative_poisson",5775.00581468939,0,0.00720788440551678,TRUE,TRUE,0.049223720166266,0.950784113845982,1998
"Oklahoma",2025-04-26,"calendar","cumulative_nb",5644.02189967806,0,0.000397914530949173,TRUE,TRUE,0.0600617891858008,0.939938848448078,1998
"Oklahoma",2025-04-26,"compressed","cumulative_poisson",3721.41682934401,0,0.000260132769552279,TRUE,TRUE,0.0248084418710903,0.975192754354342,1053
"Oklahoma",2025-04-26,"compressed","cumulative_nb",3729.1804042115,0,0.000321725586049926,TRUE,TRUE,0.023979482910679,0.976021423558464,1053
"Oklahoma",2025-05-31,"calendar","cumulative_poisson",6237.6157172487,0,0.00666622298461617,TRUE,TRUE,0.0588978857040963,0.941103302780401,2133
"Oklahoma",2025-05-31,"calendar","cumulative_nb",6139.69878165228,0,0.00010580088067047,TRUE,TRUE,0.0592555472127885,0.940745113356198,2133
"Oklahoma",2025-05-31,"compressed","cumulative_poisson",4175.96005874517,0,0.00350198847477678,TRUE,TRUE,0.0710369706026569,0.928966099601745,1188
"Oklahoma",2025-05-31,"compressed","cumulative_nb",4186.14985810705,0,0.00137197275657264,TRUE,TRUE,0.0704618802137051,0.929540667764546,1188
"Oregon",2025-01-02,"calendar","cumulative_poisson",4058.07174226215,0,0.000483654087297003,TRUE,TRUE,0.0650644863367808,0.934937912524114,1539
"Oregon",2025-01-02,"calendar","cumulative_nb",4070.52083840062,0,0.000442555479261086,TRUE,TRUE,0.0645517664628644,0.935450812270295,1539
"Oregon",2025-01-02,"compressed","cumulative_poisson",1828.02088158986,0,8.41064847063588e-05,TRUE,TRUE,0.0783913988736123,0.921609303475602,648
"Oregon",2025-01-02,"compressed","cumulative_nb",1840.3790726328,0,6.74255473209762e-05,TRUE,TRUE,0.0780170774956394,0.921983639341724,648
"Oregon",2025-02-15,"calendar","cumulative_poisson",5205.18659263607,0,0.0011465799271444,TRUE,TRUE,0.0644713898809953,0.935528796021619,1728
"Oregon",2025-02-15,"calendar","cumulative_nb",4982.94772798476,0,0.000183642370161802,TRUE,TRUE,0.0749639694566609,0.925049053634177,1728
"Oregon",2025-02-15,"compressed","cumulative_poisson",2300.52683503378,0,0.000518527243497768,TRUE,TRUE,0.070031985109327,0.929968465991115,783
"Oregon",2025-02-15,"compressed","cumulative_nb",2313.68333749164,0,3.71730531538716e-05,TRUE,TRUE,0.0700961114684536,0.929904337633347,783
"Oregon",2025-03-29,"calendar","cumulative_poisson",5779.24898060531,0,0.000953200825762668,TRUE,TRUE,0.111266227445812,0.888750160170285,1890
"Oregon",2025-03-29,"calendar","cumulative_nb",5576.63526555448,0,0.000254095779083252,TRUE,TRUE,0.0924486456896989,0.907587518832566,1890
"Oregon",2025-03-29,"compressed","cumulative_poisson",2894.08411215648,0,0.000539222092779457,TRUE,TRUE,0.067900010543319,0.932100736631062,945
"Oregon",2025-03-29,"compressed","cumulative_nb",2908.34216792008,0,0.00100900859406461,TRUE,TRUE,0.0679423887932423,0.932058347036797,945
"Oregon",2025-04-26,"calendar","cumulative_poisson",6166.44071535208,0,0.00183337733680888,TRUE,TRUE,0.128570465555011,0.871467694760705,1998
"Oregon",2025-04-26,"calendar","cumulative_nb",6002.83327234083,0,8.61756135035474e-05,TRUE,TRUE,0.100805025643315,0.899245177496103,1998
"Oregon",2025-04-26,"compressed","cumulative_poisson",3281.26400449499,0,5.5966640993943e-05,TRUE,TRUE,0.0665364955340784,0.933464523919095,1053
"Oregon",2025-04-26,"compressed","cumulative_nb",3296.41965956558,0,1.38489249312812e-05,TRUE,TRUE,0.0665481212406736,0.933452880112499,1053
"Oregon",2025-05-31,"calendar","cumulative_poisson",6651.33246809927,0,0.00431081113639653,TRUE,TRUE,0.131516610462468,0.86852535722214,2133
"Oregon",2025-05-31,"calendar","cumulative_nb",6536.08165059645,0,0.000215488675045068,TRUE,TRUE,0.106721728833992,0.893331204940992,2133
"Oregon",2025-05-31,"compressed","cumulative_poisson",3745.46700056985,0,0.000395286924308902,TRUE,TRUE,0.066565437830523,0.933436438589349,1188
"Oregon",2025-05-31,"compressed","cumulative_nb",3761.58565873068,0,7.99279382782681e-05,TRUE,TRUE,0.0665646595118485,0.933437187643149,1188
"Pennsylvania",2025-01-02,"calendar","cumulative_poisson",13702.5732657079,0,0.0020360073751523,TRUE,TRUE,0.252859811067985,0.747463659690403,1539
"Pennsylvania",2025-01-02,"calendar","cumulative_nb",8018.05403124561,0,0.000701853346096681,TRUE,TRUE,0.115703757203973,0.884827007974455,1539
"Pennsylvania",2025-01-02,"compressed","cumulative_poisson",2441.7760344766,0,0.000171103187160349,TRUE,TRUE,0.0982931417000223,0.901708050680114,648
"Pennsylvania",2025-01-02,"compressed","cumulative_nb",2459.31988357027,0,0.000165787694755004,TRUE,TRUE,0.0978520881614975,0.902149055292483,648
"Pennsylvania",2025-02-15,"calendar","cumulative_poisson",18783.1511131209,0,0.00144689810046295,TRUE,TRUE,0.247211523450353,0.75410223598423,1728
"Pennsylvania",2025-02-15,"calendar","cumulative_nb",9181.82570183541,0,0.000249539579963043,TRUE,TRUE,0.189373900646111,0.811709841900954,1728
"Pennsylvania",2025-02-15,"compressed","cumulative_poisson",3016.57753567211,0,0.00122072875960366,TRUE,TRUE,0.109640211609554,0.890363040726749,783
"Pennsylvania",2025-02-15,"compressed","cumulative_nb",3035.29304321632,0,0.0014881423244793,TRUE,TRUE,0.108574229028826,0.891428805626269,783
"Pennsylvania",2025-03-29,"calendar","cumulative_poisson",19942.9729961903,0,0.0130495000504478,TRUE,TRUE,0.424712190427316,0.577201364561655,1890
"Pennsylvania",2025-03-29,"calendar","cumulative_nb",10316.2979322202,0,0.00120153978984172,TRUE,TRUE,0.287543641375481,0.71424388357655,1890
"Pennsylvania",2025-03-29,"compressed","cumulative_poisson",3774.96939877466,0,0.00241639241274538,TRUE,TRUE,0.0918673728097464,0.908133837015349,945
"Pennsylvania",2025-03-29,"compressed","cumulative_nb",3795.0099240687,0,0.00172850001183039,TRUE,TRUE,0.0918117416741097,0.908189459856469,945
"Pennsylvania",2025-04-26,"calendar","cumulative_poisson",20523.5390742064,0,0.0455528124332538,TRUE,TRUE,0.524164496604691,0.479436746587226,1998
"Pennsylvania",2025-04-26,"calendar","cumulative_nb",11119.2703554069,0,0.000133295000734834,TRUE,TRUE,0.341490123358011,0.660670886657823,1998
"Pennsylvania",2025-04-26,"compressed","cumulative_poisson",4283.06626373384,0,0.00108320902601494,TRUE,TRUE,0.0848531301428159,0.915147688308809,1053
"Pennsylvania",2025-04-26,"compressed","cumulative_nb",4304.18973741848,0,0.000148229080338458,TRUE,TRUE,0.0848630451951792,0.915137778645599,1053
"Pennsylvania",2025-05-31,"calendar","cumulative_poisson",21263.6828399697,0,0.00384963904336644,TRUE,TRUE,0.532934776895103,0.471586737821662,2133
"Pennsylvania",2025-05-31,"calendar","cumulative_nb",12152.524631796,0,0.000855554661987612,TRUE,TRUE,0.390706624883971,0.611766465214744,2133
"Pennsylvania",2025-05-31,"compressed","cumulative_poisson",4949.80215360358,0,0.00145887035678161,TRUE,TRUE,0.0823937113484781,0.917607283475227,1188
"Pennsylvania",2025-05-31,"compressed","cumulative_nb",4971.82469677036,0,6.21004705223527e-05,TRUE,TRUE,0.0823280124682299,0.917672980236118,1188
"Puerto Rico",2025-01-02,"calendar","cumulative_poisson",5078.27916156101,0,0.000372215827486366,TRUE,TRUE,0.0691611721135194,0.930842370024778,1539
"Puerto Rico",2025-01-02,"calendar","cumulative_nb",5030.16261251186,0,0.000238971046011449,TRUE,TRUE,0.0648874422960622,0.935118505996164,1539
"Puerto Rico",2025-01-02,"compressed","cumulative_poisson",2140.13307074529,0,0.000361851104454358,TRUE,TRUE,0.0903193041224163,0.909681875772848,648
"Puerto Rico",2025-01-02,"compressed","cumulative_nb",2154.54338233954,0,0.000425402945680275,TRUE,TRUE,0.0902372390926394,0.909763937390996,648
"Puerto Rico",2025-02-15,"calendar","cumulative_poisson",7543.78795626037,0,0.00590971526289286,TRUE,TRUE,0.11022337014517,0.889777532175882,1728
"Puerto Rico",2025-02-15,"calendar","cumulative_nb",6142.22937182454,0,4.86415212890834e-05,TRUE,TRUE,0.0808173589289937,0.919242754242848,1728
"Puerto Rico",2025-02-15,"compressed","cumulative_poisson",3245.04074883348,0,2.77724837841609e-05,TRUE,TRUE,0.080746972412685,0.919254744276548,783
"Puerto Rico",2025-02-15,"compressed","cumulative_nb",3072.94098628361,0,0.000469900083202614,TRUE,TRUE,0.0436307907565997,0.956374851504689,783
"Puerto Rico",2025-03-29,"calendar","cumulative_poisson",11430.6641411184,0,0.00241538576528022,TRUE,TRUE,0.163435289240656,0.836813334526298,1890
"Puerto Rico",2025-03-29,"calendar","cumulative_nb",7139.69092666869,0,0.0014108868708993,TRUE,TRUE,0.244326684354974,0.756259111836197,1890
"Puerto Rico",2025-03-29,"compressed","cumulative_poisson",6655.82048393168,0,6.73795783190378e-05,TRUE,TRUE,0.233513499720499,0.76657234110405,945
"Puerto Rico",2025-03-29,"compressed","cumulative_nb",4287.49225987701,0,0.00022937840505699,TRUE,TRUE,0.0762056379337022,0.923802690940617,945
"Puerto Rico",2025-04-26,"calendar","cumulative_poisson",13355.8308484023,0,0.0121908705629004,TRUE,TRUE,0.277496887333975,0.723541428280762,1998
"Puerto Rico",2025-04-26,"calendar","cumulative_nb",7772.5081499744,0,0.0052087864485144,TRUE,TRUE,0.342636097482747,0.658502504472615,1998
"Puerto Rico",2025-04-26,"compressed","cumulative_poisson",8214.04823101974,0,0.00887798628084013,TRUE,TRUE,0.357438563188598,0.642942737759644,1053
"Puerto Rico",2025-04-26,"compressed","cumulative_nb",4879.04162985962,0,9.13686586478946e-05,TRUE,TRUE,0.0963527633273214,0.903666725971745,1053
"Puerto Rico",2025-05-31,"calendar","cumulative_poisson",14732.1641409425,0,0.0657310807309663,TRUE,TRUE,0.380731583973922,0.621095160248111,2133
"Puerto Rico",2025-05-31,"calendar","cumulative_nb",8556.93847404232,0,0.000303164635588438,TRUE,TRUE,0.397160756054281,0.604368086716452,2133
"Puerto Rico",2025-05-31,"compressed","cumulative_poisson",9351.4331988778,0,0.000575535544971473,TRUE,TRUE,0.421492610224352,0.579256815781772,1188
"Puerto Rico",2025-05-31,"compressed","cumulative_nb",5588.39941103527,0,0.00139478447143291,TRUE,TRUE,0.126098623366152,0.873941993897918,1188
"Rhode Island",2025-01-02,"calendar","cumulative_poisson",1963.89397885053,0,0.00016600216229179,TRUE,TRUE,0.0795573062472782,0.920443682141694,1539
"Rhode Island",2025-01-02,"calendar","cumulative_nb",1974.61361591601,0,0.000182900917399795,TRUE,TRUE,0.0794952552937033,0.920505730713506,1539
"Rhode Island",2025-01-02,"compressed","cumulative_poisson",1229.33941166601,0,0.000125045265133295,TRUE,TRUE,0.0908740328156499,0.909126901586232,648
"Rhode Island",2025-01-02,"compressed","cumulative_nb",1238.95718745181,0,1.45056820732858e-07,TRUE,TRUE,0.0907982443379906,0.909202691775377,648
"Rhode Island",2025-02-15,"calendar","cumulative_poisson",2350.17516018224,0,0.000545868692337415,TRUE,TRUE,0.0648231665811673,0.935177499064618,1728
"Rhode Island",2025-02-15,"calendar","cumulative_nb",2360.53133273572,0,0.000278639803284358,TRUE,TRUE,0.064810525763726,0.935190049546769,1728
"Rhode Island",2025-02-15,"compressed","cumulative_poisson",1586.68381850899,0,8.98916234050029e-05,TRUE,TRUE,0.0808453710427735,0.919155261120923,783
"Rhode Island",2025-02-15,"compressed","cumulative_nb",1597.09966352755,0,3.78491146635351e-06,TRUE,TRUE,0.0612368026146271,0.938765052292632,783
"Rhode Island",2025-03-29,"calendar","cumulative_poisson",2687.12382519854,0,0.000171395047256606,TRUE,TRUE,0.0629022169908747,0.937098220038299,1890
"Rhode Island",2025-03-29,"calendar","cumulative_nb",2696.93470730318,0,0.00028523339939443,TRUE,TRUE,0.0630630182417198,0.936937405579913,1890
"Rhode Island",2025-03-29,"compressed","cumulative_poisson",2031.35152587077,0,1.22617388385038e-05,TRUE,TRUE,0.0723610547863627,0.927639562642011,945
"Rhode Island",2025-03-29,"compressed","cumulative_nb",2042.96873636872,0,1.25912205913847e-05,TRUE,TRUE,0.072550399325836,0.927450208404039,945
"Rhode Island",2025-04-26,"calendar","cumulative_poisson",2959.79726782994,0,0.000733809988991307,TRUE,TRUE,0.062218961843509,0.937781701489085,1998
"Rhode Island",2025-04-26,"calendar","cumulative_nb",2970.70108627319,0,0.000755206838185973,TRUE,TRUE,0.0622956361415766,0.937705016086954,1998
"Rhode Island",2025-04-26,"compressed","cumulative_poisson",2329.4397201282,0,0.000568745392081627,TRUE,TRUE,0.0690959078053322,0.93090488453571,1053
"Rhode Island",2025-04-26,"compressed","cumulative_nb",2341.7074478869,0,5.40123776688883e-05,TRUE,TRUE,0.0691826510860087,0.930818129107567,1053
"Rhode Island",2025-05-31,"calendar","cumulative_poisson",3328.33536097232,0,0.00160666425761957,TRUE,TRUE,0.0614356689660333,0.938565622001394,2133
"Rhode Island",2025-05-31,"calendar","cumulative_nb",3340.26650866354,0,0.0003550773029799,TRUE,TRUE,0.061458114543492,0.938543171411248,2133
"Rhode Island",2025-05-31,"compressed","cumulative_poisson",2689.95848266023,0,2.61782256618659e-05,TRUE,TRUE,0.0681332456951243,0.931868269391994,1188
"Rhode Island",2025-05-31,"compressed","cumulative_nb",2702.86924018967,0,2.59732750307329e-07,TRUE,TRUE,0.0680947717495863,0.931906727882458,1188
"South Carolina",2025-01-02,"calendar","cumulative_poisson",6091.89801308476,0,0.000126970747189148,TRUE,TRUE,0.131953766763505,0.868088927411585,1539
"South Carolina",2025-01-02,"calendar","cumulative_nb",6304.65255643482,0,0.000656060604105058,TRUE,TRUE,0.40051432936753,0.601237154071366,1539
"South Carolina",2025-01-02,"compressed","cumulative_poisson",2171.33787015553,0,0.000108099282000507,TRUE,TRUE,0.0826246467589871,0.917376647350766,648
"South Carolina",2025-01-02,"compressed","cumulative_nb",2187.29418272017,0,0.000114516758085659,TRUE,TRUE,0.082653689150964,0.917347606508307,648
"South Carolina",2025-02-15,"calendar","cumulative_poisson",7692.14246897361,0,0.00237449960478431,TRUE,TRUE,0.106189592989995,0.893996886327731,1728
"South Carolina",2025-02-15,"calendar","cumulative_nb",7050.39736901474,0,0.000142805077742336,TRUE,TRUE,0.509931341773042,0.493259174855786,1728
"South Carolina",2025-02-15,"compressed","cumulative_poisson",2652.29433272895,0,0.000109261917709602,TRUE,TRUE,0.0793641778637764,0.920636612840571,783
"South Carolina",2025-02-15,"compressed","cumulative_nb",2669.01753659143,0,5.60446846788465e-05,TRUE,TRUE,0.0793689464790424,0.920631842036301,783
"South Carolina",2025-03-29,"calendar","cumulative_poisson",8267.44623086482,0,0.000933314429143461,TRUE,TRUE,0.107150573673912,0.892932859348121,1890
"South Carolina",2025-03-29,"calendar","cumulative_nb",7757.28436728483,0,9.46823855354495e-05,TRUE,TRUE,0.582810426061897,0.42117180782397,1890
"South Carolina",2025-03-29,"compressed","cumulative_poisson",3229.87431299253,0,0.000406309483543921,TRUE,TRUE,0.0782156859523975,0.921785313216258,945
"South Carolina",2025-03-29,"compressed","cumulative_nb",3247.644616924,0,0.000623755264956338,TRUE,TRUE,0.0782029444616808,0.921798047722925,945
"South Carolina",2025-04-26,"calendar","cumulative_poisson",8655.28229624578,0,0.00324719627340508,TRUE,TRUE,0.123901112686132,0.876228229710806,1998
"South Carolina",2025-04-26,"calendar","cumulative_nb",8274.1423863601,0,0.000790472020571364,TRUE,TRUE,0.605310316252245,0.398801080584243,1998
"South Carolina",2025-04-26,"compressed","cumulative_poisson",3608.55249581629,0,0.000260036471811387,TRUE,TRUE,0.0778570922914612,0.922144020766183,1053
"South Carolina",2025-04-26,"compressed","cumulative_nb",3626.94805665338,0,0.0002339599263676,TRUE,TRUE,0.077849770857441,0.922151335112596,1053
"South Carolina",2025-05-31,"calendar","cumulative_poisson",9137.68702727215,0,0.000309049285321272,TRUE,TRUE,0.119189474330479,0.880940614839637,2133
"South Carolina",2025-05-31,"calendar","cumulative_nb",8859.39159599396,0,0.000935263003702891,TRUE,TRUE,0.408772346491577,0.592714976303288,2133
"South Carolina",2025-05-31,"compressed","cumulative_poisson",4063.90508043943,0,0.000674026977395659,TRUE,TRUE,0.0772151555368889,0.922786016987754,1188
"South Carolina",2025-05-31,"compressed","cumulative_nb",4082.96081377997,0,0.000100492736612168,TRUE,TRUE,0.0772117876164874,0.922789378413409,1188
"South Dakota",2025-01-02,"calendar","cumulative_poisson",2170.29850554893,0,0.000138589353577079,TRUE,TRUE,0.0823289597728685,0.917672631182443,1539
"South Dakota",2025-01-02,"calendar","cumulative_nb",2181.71495343415,0,7.74921636328456e-05,TRUE,TRUE,0.0822613012170743,0.917740289126401,1539
"South Dakota",2025-01-02,"compressed","cumulative_poisson",1300.09139478667,0,9.73205019365597e-05,TRUE,TRUE,0.0879391628478139,0.912062262185505,648
"South Dakota",2025-01-02,"compressed","cumulative_nb",1310.13636085827,0,5.65243483652556e-05,TRUE,TRUE,0.0879142267660528,0.912087195666017,648
"South Dakota",2025-02-15,"calendar","cumulative_poisson",2512.01142224252,0,0.000506305314749156,TRUE,TRUE,0.0694991158019132,0.930501403265845,1728
"South Dakota",2025-02-15,"calendar","cumulative_nb",2523.12135393406,0,3.48809085009005e-05,TRUE,TRUE,0.0694864341073057,0.93051408565169,1728
"South Dakota",2025-02-15,"compressed","cumulative_poisson",1662.35518105965,0,5.03112832126451e-05,TRUE,TRUE,0.0856479287402735,0.914353362202706,783
"South Dakota",2025-02-15,"compressed","cumulative_nb",1673.25357727504,0,0.000177382823451648,TRUE,TRUE,0.0856839538771566,0.914317338649532,783
"South Dakota",2025-03-29,"calendar","cumulative_poisson",2846.25292374524,0,0.000270075028690586,TRUE,TRUE,0.0663806385466053,0.933620439376186,1890
"South Dakota",2025-03-29,"calendar","cumulative_nb",2857.96406656471,0,1.11153492277468e-05,TRUE,TRUE,0.0663995100426717,0.933601556585791,1890
"South Dakota",2025-03-29,"compressed","cumulative_poisson",2119.89490873529,0,6.74138936775925e-05,TRUE,TRUE,0.0725200665471301,0.927480843202058,945
"South Dakota",2025-03-29,"compressed","cumulative_nb",2131.71650600327,0,1.60149191060654e-05,TRUE,TRUE,0.0726239228028596,0.92737698249125,945
"South Dakota",2025-04-26,"calendar","cumulative_poisson",3090.09561153742,0,0.00112288009264061,TRUE,TRUE,0.0662825108674669,0.933719432052433,1998
"South Dakota",2025-04-26,"calendar","cumulative_nb",3102.33757894653,0,0.000130287629679593,TRUE,TRUE,0.0662638602265009,0.933738057219211,1998
"South Dakota",2025-04-26,"compressed","cumulative_poisson",2408.93356335087,0,0.000165860358646963,TRUE,TRUE,0.0705913698475259,0.929410008941793,1053
"South Dakota",2025-04-26,"compressed","cumulative_nb",2421.35180611766,0,3.53401036679024e-06,TRUE,TRUE,0.0706325707784027,0.929368791721468,1053
"South Dakota",2025-05-31,"calendar","cumulative_poisson",3412.99676442898,0,0.000101519419245077,TRUE,TRUE,0.0676200426591873,0.932383111244223,2133
"South Dakota",2025-05-31,"calendar","cumulative_nb",3425.82410679614,0,0.00157563066402333,TRUE,TRUE,0.0675789249643449,0.932424195453236,2133
"South Dakota",2025-05-31,"compressed","cumulative_poisson",2744.1847936302,0,0.000221945196321904,TRUE,TRUE,0.0712450525771785,0.928757075710161,1188
"South Dakota",2025-05-31,"compressed","cumulative_nb",2757.1605532709,0,3.1041776483498e-05,TRUE,TRUE,0.0712284321813801,0.928773669454548,1188
"Tennessee",2025-01-02,"calendar","cumulative_poisson",5969.14059457393,0,9.01247438801489e-05,TRUE,TRUE,0.0686972460607286,0.931306927376755,1539
"Tennessee",2025-01-02,"calendar","cumulative_nb",5985.2961937055,0,0.00228106020767216,TRUE,TRUE,0.0686520780693681,0.931352190468084,1539
"Tennessee",2025-01-02,"compressed","cumulative_poisson",2241.01949071422,0,0.000371364074298997,TRUE,TRUE,0.0898435869201777,0.910157188802288,648
"Tennessee",2025-01-02,"compressed","cumulative_nb",2257.27329746253,0,7.51772522825239e-05,TRUE,TRUE,0.0898159235621942,0.910184851310812,648
"Tennessee",2025-02-15,"calendar","cumulative_poisson",7983.93421042427,0,0.000913564145393231,TRUE,TRUE,0.0687299318963335,0.931270315210496,1728
"Tennessee",2025-02-15,"calendar","cumulative_nb",7249.47208349382,0,0.000350618084997478,TRUE,TRUE,0.247700881590832,0.752888164899164,1728
"Tennessee",2025-02-15,"compressed","cumulative_poisson",2762.14535999361,0,0.000712804698435487,TRUE,TRUE,0.0870736182213035,0.912927442327093,783
"Tennessee",2025-02-15,"compressed","cumulative_nb",2779.01210967171,0,0.000301954920841674,TRUE,TRUE,0.0869918634908537,0.913009172854031,783
"Tennessee",2025-03-29,"calendar","cumulative_poisson",8635.47898989885,0,0.00155874314501002,TRUE,TRUE,0.0800951361356727,0.919910298572996,1890
"Tennessee",2025-03-29,"calendar","cumulative_nb",7948.08894577625,0,0.00555473356366032,TRUE,TRUE,0.197703552250056,0.802626531103397,1890
"Tennessee",2025-03-29,"compressed","cumulative_poisson",3389.5336340763,0,3.68464107850519e-05,TRUE,TRUE,0.0834555377904125,0.916545796625504,945
"Tennessee",2025-03-29,"compressed","cumulative_nb",3407.28560100702,0,0.0023370500700699,TRUE,TRUE,0.083330805728762,0.916670496764936,945
"Tennessee",2025-04-26,"calendar","cumulative_poisson",9061.29286242513,0,0.00365081593967176,TRUE,TRUE,0.096656163565657,0.903363280898721,1998
"Tennessee",2025-04-26,"calendar","cumulative_nb",8443.3708490255,0,0.000518725020579813,TRUE,TRUE,0.172114900786907,0.828123862399541,1998
"Tennessee",2025-04-26,"compressed","cumulative_poisson",3799.99043785144,0,0.00117157509034105,TRUE,TRUE,0.0784747605748135,0.92152612245111,1053
"Tennessee",2025-04-26,"compressed","cumulative_nb",3818.41014237972,0,0.000534001831027642,TRUE,TRUE,0.0785136392520565,0.921487237228548,1053
"Tennessee",2025-05-31,"calendar","cumulative_poisson",9583.29389479546,0,0.0017132991214468,TRUE,TRUE,0.105144224907556,0.894884131348625,2133
"Tennessee",2025-05-31,"calendar","cumulative_nb",9053.31229849608,0,0.0021931566356681,TRUE,TRUE,0.136316774167605,0.863833137917332,2133
"Tennessee",2025-05-31,"compressed","cumulative_poisson",4295.32274060566,0,6.32880060643104e-05,TRUE,TRUE,0.0758537272611269,0.924147004489542,1188
"Tennessee",2025-05-31,"compressed","cumulative_nb",4314.48055882156,0,0.000415165393605144,TRUE,TRUE,0.0759250470546434,0.92407568353692,1188
"Texas",2025-01-02,"calendar","cumulative_poisson",7365.69059924091,0,0.00489864592902056,TRUE,TRUE,0.133920970487789,0.866091200515817,1539
"Texas",2025-01-02,"calendar","cumulative_nb",6824.03994619385,0,0.000242701513313161,TRUE,TRUE,0.0617447602351626,0.938256809728406,1539
"Texas",2025-01-02,"compressed","cumulative_poisson",4861.0915435112,0,0.00344546109510269,TRUE,TRUE,0.813756443836189,0.196282880356799,648
"Texas",2025-01-02,"compressed","cumulative_nb",3539.97088116527,0,0.000104996424701742,TRUE,TRUE,0.379067166830924,0.62146616415219,648
"Texas",2025-02-15,"calendar","cumulative_poisson",12365.6886079716,0,0.00602150925850642,TRUE,TRUE,0.0437014078108177,0.956298604173047,1728
"Texas",2025-02-15,"calendar","cumulative_nb",7800.67246482522,0,9.20967939581629e-05,TRUE,TRUE,0.0627338169030834,0.937272504179991,1728
"Texas",2025-02-15,"compressed","cumulative_poisson",5745.13083700647,0,0.0702734946249048,TRUE,TRUE,0.863667914235838,0.150359137702144,783
"Texas",2025-02-15,"compressed","cumulative_nb",4344.3277700985,0,0.000694108040326213,TRUE,TRUE,0.611929449048411,0.391079236460446,783
"Texas",2025-03-29,"calendar","cumulative_poisson",13318.0212521159,0,0.00302725633497314,TRUE,TRUE,0.0194725278632913,0.980527472151005,1890
"Texas",2025-03-29,"calendar","cumulative_nb",8686.12178386441,0,0.000388245479719274,TRUE,TRUE,0.0670164189817939,0.932992931233764,1890
"Texas",2025-03-29,"compressed","cumulative_poisson",6618.95019566829,0,0.00464974904499904,TRUE,TRUE,0.851473800671217,0.163238615768912,945
"Texas",2025-03-29,"compressed","cumulative_nb",5239.82079233454,0,0.00197624215743541,TRUE,TRUE,0.672597835909616,0.331966553447953,945
"Texas",2025-04-26,"calendar","cumulative_poisson",13879.7730534701,0,0.00605283099701426,TRUE,TRUE,0.095637210930188,0.904365398854409,1998
"Texas",2025-04-26,"calendar","cumulative_nb",9345.19673737031,0,0.000366988626950691,TRUE,TRUE,0.0677094655982965,0.932300000948516,1998
"Texas",2025-04-26,"compressed","cumulative_poisson",7229.34824092107,0,0.00876122553037462,TRUE,TRUE,0.851633188009457,0.16374111433204,1053
"Texas",2025-04-26,"compressed","cumulative_nb",5813.75210533068,0,0.00340623267653717,TRUE,TRUE,0.668746179153909,0.335940085100477,1053
"Texas",2025-05-31,"calendar","cumulative_poisson",14518.6205346299,0,0.00631821642993402,TRUE,TRUE,0.0697540532758447,0.93024601921671,2133
"Texas",2025-05-31,"calendar","cumulative_nb",10172.8408357798,0,0.00107793317368147,TRUE,TRUE,0.0668455769403647,0.933162163561856,2133
"Texas",2025-05-31,"compressed","cumulative_poisson",8101.48161420187,0,0.00616939216023837,TRUE,TRUE,0.84642365793064,0.169892406857664,1188
"Texas",2025-05-31,"compressed","cumulative_nb",6511.99947672311,0,0.00276542106397859,TRUE,TRUE,0.642662295879966,0.361648471232877,1188
"US",2025-01-02,"calendar","cumulative_poisson",81846.0389660851,0,0.0374024006880707,TRUE,TRUE,0.0725254210203756,0.927583221272105,1539
"US",2025-01-02,"calendar","cumulative_nb",11827.5766647259,0,0.00120110719023736,TRUE,TRUE,0.0725592564513381,0.927664202785079,1539
"US",2025-01-02,"compressed","cumulative_poisson",4107.63774540883,0,0.0119112582877459,TRUE,TRUE,0.437659536548312,0.564619785512353,648
"US",2025-01-02,"compressed","cumulative_nb",3988.9820464972,0,0.00181489110300948,TRUE,TRUE,0.205575433653815,0.794620431455075,648
"US",2025-02-15,"calendar","cumulative_poisson",145587.099791736,0,0.0225978548772896,TRUE,TRUE,0.0154566236063113,0.984543376494288,1728
"US",2025-02-15,"calendar","cumulative_nb",13515.3177506995,0,0.00080971543525088,TRUE,TRUE,0.08397720623305,0.91635508543969,1728
"US",2025-02-15,"compressed","cumulative_poisson",5272.59894372259,0,0.055061137786554,TRUE,TRUE,0.552994789843225,0.452546006858281,783
"US",2025-02-15,"compressed","cumulative_nb",4954.65260758827,0,0.0051168869478222,TRUE,TRUE,0.346430518124827,0.654616835217015,783
"US",2025-03-29,"calendar","cumulative_poisson",150939.912277868,0,0.170954273745012,TRUE,TRUE,0.0692525481480938,0.930750423946764,1890
"US",2025-03-29,"calendar","cumulative_nb",15138.5909860702,0,1.83418718585626e-06,TRUE,TRUE,0.0954714928109791,0.904921102379728,1890
"US",2025-03-29,"compressed","cumulative_poisson",6614.58961821854,0,0.0107401530463975,TRUE,TRUE,0.485113176787419,0.519345083004565,945
"US",2025-03-29,"compressed","cumulative_nb",6078.40582715898,0,0.0150430270584342,TRUE,TRUE,0.30443939971558,0.696404219852812,945
"US",2025-04-26,"calendar","cumulative_poisson",152507.614439649,0,0.0863307154779789,TRUE,TRUE,0.165492859705962,0.834551794803731,1998
"US",2025-04-26,"calendar","cumulative_nb",16282.7969342782,0,0.000666540018464445,TRUE,TRUE,0.102728595168818,0.897681452720239,1998
"US",2025-04-26,"compressed","cumulative_poisson",7324.21995661133,0,0.0283410265153479,TRUE,TRUE,0.382730979785755,0.619470638245614,1053
"US",2025-04-26,"compressed","cumulative_nb",6797.80214295881,0,0.00279288415752144,TRUE,TRUE,0.264019850676745,0.736565342933855,1053
"US",2025-05-31,"calendar","cumulative_poisson",153886.597385295,0,0.0864794246171634,TRUE,TRUE,0.241813967899946,0.758376970463455,2133
"US",2025-05-31,"calendar","cumulative_nb",17728.5091435209,0,7.25947536714955e-05,TRUE,TRUE,0.11173297453401,0.888686630903964,2133
"US",2025-05-31,"compressed","cumulative_poisson",8162.27331934727,0,0.01531605517197,TRUE,TRUE,0.371497354446655,0.630663144942479,1188
"US",2025-05-31,"compressed","cumulative_nb",7665.48157873009,0,0.0102552113747483,TRUE,TRUE,0.250525948547631,0.750018036359153,1188
"Utah",2025-01-02,"calendar","cumulative_poisson",2330.53048762575,0,6.60952503032108e-05,TRUE,TRUE,0.0655312480932307,0.934469340952894,1539
"Utah",2025-01-02,"calendar","cumulative_nb",2341.16865822012,0,0.000470011794589276,TRUE,TRUE,0.065577503992788,0.934423076748533,1539
"Utah",2025-01-02,"compressed","cumulative_poisson",1519.74114968249,0,8.00328243431014e-05,TRUE,TRUE,0.0831653482462985,0.916835708843339,648
"Utah",2025-01-02,"compressed","cumulative_nb",1530.13170918929,0,1.84234909901271e-05,TRUE,TRUE,0.0832112280865819,0.916789835139529,648
"Utah",2025-02-15,"calendar","cumulative_poisson",3072.66711525422,0,0.00128875111888571,TRUE,TRUE,0.0451211262903276,0.954878881386874,1728
"Utah",2025-02-15,"calendar","cumulative_nb",2948.25781627584,0,0.000727292723153289,TRUE,TRUE,0.0666022170866581,0.93339797642705,1728
"Utah",2025-02-15,"compressed","cumulative_poisson",1887.41664815088,0,6.62867657073418e-06,TRUE,TRUE,0.0764682700679269,0.923532370862147,783
"Utah",2025-02-15,"compressed","cumulative_nb",1898.86717578245,0,6.23923747113952e-05,TRUE,TRUE,0.0766374684025302,0.9233631805244,783
"Utah",2025-03-29,"calendar","cumulative_poisson",3526.78381393999,0,0.000739216827146949,TRUE,TRUE,0.0718329663254766,0.928167610038281,1890
"Utah",2025-03-29,"calendar","cumulative_nb",3416.73986156825,0,0.00107459268101479,TRUE,TRUE,0.0646287349501898,0.93537176951612,1890
"Utah",2025-03-29,"compressed","cumulative_poisson",2343.28770964789,0,0.000234216633502093,TRUE,TRUE,0.0765500955425843,0.923450747219681,945
"Utah",2025-03-29,"compressed","cumulative_nb",2356.16911802939,0,0.000106012088007423,TRUE,TRUE,0.0766470624142495,0.923353781032217,945
"Utah",2025-04-26,"calendar","cumulative_poisson",3864.15466520667,0,0.00182350359544348,TRUE,TRUE,0.0795702966345713,0.920431206125484,1998
"Utah",2025-04-26,"calendar","cumulative_nb",3780.22658297563,0,0.000371954221360382,TRUE,TRUE,0.0668155536217364,0.933185456764344,1998
"Utah",2025-04-26,"compressed","cumulative_poisson",2654.96296028077,0,0.000300354706117056,TRUE,TRUE,0.0764691581543061,0.923531699570003,1053
"Utah",2025-04-26,"compressed","cumulative_nb",2668.63235169593,0,0.000169022606839653,TRUE,TRUE,0.0765374106868719,0.923463447212521,1053
"Utah",2025-05-31,"calendar","cumulative_poisson",4297.6748275727,0,0.00066260655715733,TRUE,TRUE,0.080578828705843,0.919422790585002,2133
"Utah",2025-05-31,"calendar","cumulative_nb",4244.89374691723,0,0.000101101447254592,TRUE,TRUE,0.0688245778914177,0.931176734746262,2133
"Utah",2025-05-31,"compressed","cumulative_poisson",3047.00083484277,0,0.000388399803318507,TRUE,TRUE,0.076526028039046,0.923474860324132,1188
"Utah",2025-05-31,"compressed","cumulative_nb",3061.46761296293,0,0.00022779580397092,TRUE,TRUE,0.0765704232600645,0.923430465349308,1188
"Vermont",2025-01-02,"calendar","cumulative_poisson",1849.64744316287,0,7.85672229446366e-05,TRUE,TRUE,0.0883120850451139,0.911689299053003,1539
"Vermont",2025-01-02,"calendar","cumulative_nb",1859.73031356423,0,6.23057374795621e-05,TRUE,TRUE,0.0882471524498637,0.911754229527686,1539
"Vermont",2025-01-02,"compressed","cumulative_poisson",1182.37331056953,0,0.00013758678182052,TRUE,TRUE,0.0892370146954369,0.910764377412807,648
"Vermont",2025-01-02,"compressed","cumulative_nb",1191.26183637583,0,7.54748405802363e-05,TRUE,TRUE,0.0891534238667294,0.910847964773399,648
"Vermont",2025-02-15,"calendar","cumulative_poisson",2093.06666984259,0,0.000170430696634583,TRUE,TRUE,0.0648512689939181,0.935149552704756,1728
"Vermont",2025-02-15,"calendar","cumulative_nb",2102.97123599333,0,0.000165785638081672,TRUE,TRUE,0.0651151416420734,0.934885657672757,1728
"Vermont",2025-02-15,"compressed","cumulative_poisson",1516.69516842979,0,5.49849342118911e-05,TRUE,TRUE,0.0817472081775559,0.918253812595309,783
"Vermont",2025-02-15,"compressed","cumulative_nb",1526.3608482396,0,0.000145555531970099,TRUE,TRUE,0.0818267839696235,0.918174241880468,783
"Vermont",2025-03-29,"calendar","cumulative_poisson",2374.47022783609,0,0.000332476673258864,TRUE,TRUE,0.0649108939429612,0.93508957177864,1890
"Vermont",2025-03-29,"calendar","cumulative_nb",2385.13878161525,0,0.000105090584980871,TRUE,TRUE,0.0649960938727517,0.935004366563002,1890
"Vermont",2025-03-29,"compressed","cumulative_poisson",1941.91284939937,0,1.66261610303753e-05,TRUE,TRUE,0.0686238751910229,0.931376780386334,945
"Vermont",2025-03-29,"compressed","cumulative_nb",1952.60148567116,0,9.34173269543416e-05,TRUE,TRUE,0.0687843547787292,0.931216299225551,945
"Vermont",2025-04-26,"calendar","cumulative_poisson",2606.17954038716,0,0.00112072915455164,TRUE,TRUE,0.0639947736284613,0.9360061231329,1998
"Vermont",2025-04-26,"calendar","cumulative_nb",2617.42717347534,0,0.00090364117974584,TRUE,TRUE,0.064048489911743,0.935952395981035,1998
"Vermont",2025-04-26,"compressed","cumulative_poisson",2222.00721673866,0,4.63641687713373e-05,TRUE,TRUE,0.0672723533355657,0.932728714690894,1053
"Vermont",2025-04-26,"compressed","cumulative_nb",2233.31605124698,0,0.000437157023456813,TRUE,TRUE,0.0673860937812799,0.932614964648101,1053
"Vermont",2025-05-31,"calendar","cumulative_poisson",2916.81599095162,0,0.000797265676240055,TRUE,TRUE,0.0642819748176228,0.935719298601066,2133
"Vermont",2025-05-31,"calendar","cumulative_nb",2928.69340065598,0,0.00057225014454021,TRUE,TRUE,0.0643157351155937,0.935685526065705,2133
"Vermont",2025-05-31,"compressed","cumulative_poisson",2547.87171040683,0,8.31042526261427e-06,TRUE,TRUE,0.0672764519947538,0.932724975929419,1188
"Vermont",2025-05-31,"compressed","cumulative_nb",2559.783930336,0,1.84353899541634e-05,TRUE,TRUE,0.0673487982446361,0.93265261696426,1188
"Virginia",2025-01-02,"calendar","cumulative_poisson",7417.91062911484,0,0.00279209203405029,TRUE,TRUE,0.126682823484999,0.873362364420711,1539
"Virginia",2025-01-02,"calendar","cumulative_nb",7098.90853653062,0,0.000745244557739,TRUE,TRUE,0.27885973007605,0.722477479598281,1539
"Virginia",2025-01-02,"compressed","cumulative_poisson",2322.81580149995,0,5.74067809484546e-05,TRUE,TRUE,0.0872911183976643,0.912709605981821,648
"Virginia",2025-01-02,"compressed","cumulative_nb",2339.49180002772,0,0.000981510300524208,TRUE,TRUE,0.0872985725459571,0.912702150028869,648
"Virginia",2025-02-15,"calendar","cumulative_poisson",9177.45667791029,0,0.001040500501861,TRUE,TRUE,0.117175665314578,0.882990298940057,1728
"Virginia",2025-02-15,"calendar","cumulative_nb",7976.49378814344,0,0.000149775563553334,TRUE,TRUE,0.437053620494788,0.565863964032646,1728
"Virginia",2025-02-15,"compressed","cumulative_poisson",2834.97476067904,0,0.000326439847924298,TRUE,TRUE,0.0910397863342955,0.908961768615942,783
"Virginia",2025-02-15,"compressed","cumulative_nb",2852.41824272979,0,0.000261036611548804,TRUE,TRUE,0.0909804091255814,0.909021125987206,783
"Virginia",2025-03-29,"calendar","cumulative_poisson",9818.48010752731,0,0.00672751289861617,TRUE,TRUE,0.0905252287902171,0.909524603393562,1890
"Virginia",2025-03-29,"calendar","cumulative_nb",8822.51511043217,0,0.00135454634104723,TRUE,TRUE,0.528027312172148,0.475891298496588,1890
"Virginia",2025-03-29,"compressed","cumulative_poisson",3502.59225961115,0,0.00201194272588279,TRUE,TRUE,0.0917264587981912,0.908276883288652,945
"Virginia",2025-03-29,"compressed","cumulative_nb",3519.2318555564,0,9.96211816339798e-05,TRUE,TRUE,0.0914215389388889,0.908581780591881,945
"Virginia",2025-04-26,"calendar","cumulative_poisson",10228.4259148686,0,0.000447667897446546,TRUE,TRUE,0.108199180516274,0.891886631534328,1998
"Virginia",2025-04-26,"calendar","cumulative_nb",9431.10322666731,0,0.00172649817726668,TRUE,TRUE,0.565256815621052,0.43901764337356,1998
"Virginia",2025-04-26,"compressed","cumulative_poisson",3917.81818574657,0,0.000790691565868751,TRUE,TRUE,0.0815175010038141,0.918484242618888,1053
"Virginia",2025-04-26,"compressed","cumulative_nb",3935.29344145178,0,0.00353471028639951,TRUE,TRUE,0.0810634379629264,0.918938265479702,1053
"Virginia",2025-05-31,"calendar","cumulative_poisson",10735.8244858359,0,0.00175827650745397,TRUE,TRUE,0.11360472205207,0.886507969989463,2133
"Virginia",2025-05-31,"calendar","cumulative_nb",10193.35656475,0,0.00105707978897129,TRUE,TRUE,0.596457532276097,0.408047622237629,2133
"Virginia",2025-05-31,"compressed","cumulative_poisson",4408.82779089102,0,0.00268700168000424,TRUE,TRUE,0.077346016689253,0.922655475122003,1188
"Virginia",2025-05-31,"compressed","cumulative_nb",4427.25368057986,0,0.000658656632901433,TRUE,TRUE,0.0769277532536244,0.923073696288458,1188
"Washington",2025-01-02,"calendar","cumulative_poisson",6304.04218724897,0,0.000461299292583206,TRUE,TRUE,0.0482925711769469,0.951725242274846,1539
"Washington",2025-01-02,"calendar","cumulative_nb",5914.67266829763,0,0.000597545511596326,TRUE,TRUE,0.116606341868944,0.883531517742335,1539
"Washington",2025-01-02,"compressed","cumulative_poisson",2464.94919773306,0,4.24448143602207e-05,TRUE,TRUE,0.0880135597054547,0.911994387606419,648
"Washington",2025-01-02,"compressed","cumulative_nb",2476.56683950161,0,0.000329086415146174,TRUE,TRUE,0.09017585376799,0.909832362064974,648
"Washington",2025-02-15,"calendar","cumulative_poisson",7774.13525520631,0,0.0010755882540604,TRUE,TRUE,0.152741679458953,0.847391320765681,1728
"Washington",2025-02-15,"calendar","cumulative_nb",6686.38338093903,0,0.00218236747135769,TRUE,TRUE,0.223459779088953,0.777092044767028,1728
"Washington",2025-02-15,"compressed","cumulative_poisson",2956.95970815449,0,0.000161774955486249,TRUE,TRUE,0.0901390584872147,0.909870127044247,783
"Washington",2025-02-15,"compressed","cumulative_nb",2968.55150945911,0,3.42391635270722e-05,TRUE,TRUE,0.0901321798012684,0.909876950958637,783
"Washington",2025-03-29,"calendar","cumulative_poisson",8416.20407063822,0,0.000370256640287003,TRUE,TRUE,0.171104055632827,0.829154780207284,1890
"Washington",2025-03-29,"calendar","cumulative_nb",7445.04529068718,0,0.000420307398801244,TRUE,TRUE,0.322031575544864,0.678988693605721,1890
"Washington",2025-03-29,"compressed","cumulative_poisson",3575.86366195326,0,0.000350687092160129,TRUE,TRUE,0.0830218888955235,0.916983627621176,945
"Washington",2025-03-29,"compressed","cumulative_nb",3586.43196149588,0,0.000303715930169535,TRUE,TRUE,0.0842469526982547,0.915758654204084,945
"Washington",2025-04-26,"calendar","cumulative_poisson",8810.8822812444,0,2.9587677586207e-05,TRUE,TRUE,0.166206254325275,0.834027541187161,1998
"Washington",2025-04-26,"calendar","cumulative_nb",7988.1610416185,0,0.000900106584770251,TRUE,TRUE,0.348123040296894,0.653005064720196,1998
"Washington",2025-04-26,"compressed","cumulative_poisson",3970.58226575253,0,0.000105250457497208,TRUE,TRUE,0.0762799884875647,0.923726099426896,1053
"Washington",2025-04-26,"compressed","cumulative_nb",3982.71333673458,0,0.000175174938898515,TRUE,TRUE,0.0769845592110248,0.923021536931006,1053
"Washington",2025-05-31,"calendar","cumulative_poisson",9826.6830845134,0,0.00247076025560222,TRUE,TRUE,0.0875048455878546,0.912497710958581,2133
"Washington",2025-05-31,"calendar","cumulative_nb",8680.66488319447,0,3.7421689001952e-05,TRUE,TRUE,0.260400824484802,0.740127024222078,2133
"Washington",2025-05-31,"compressed","cumulative_poisson",4830.01015382887,0,0.00129859309191671,TRUE,TRUE,0.116994304963845,0.883006106618198,1188
"Washington",2025-05-31,"compressed","cumulative_nb",4699.81353162228,0,0.00182196744226027,TRUE,TRUE,0.126838662106434,0.873186389801626,1188
"West Virginia",2025-01-02,"calendar","cumulative_poisson",2697.89594692926,0,0.00025561259405571,TRUE,TRUE,0.0850902199142761,0.914910941493926,1539
"West Virginia",2025-01-02,"calendar","cumulative_nb",2712.74462315276,0,0.000219481783998221,TRUE,TRUE,0.0850144187334044,0.91498674077928,1539
"West Virginia",2025-01-02,"compressed","cumulative_poisson",1762.16964076405,0,0.000151662876685124,TRUE,TRUE,0.0896109734348507,0.910390533653463,648
"West Virginia",2025-01-02,"compressed","cumulative_nb",1775.63116288429,0,0.000135744813862124,TRUE,TRUE,0.0895707968764107,0.910430709683579,648
"West Virginia",2025-02-15,"calendar","cumulative_poisson",3229.59356604783,0,0.00150120134738896,TRUE,TRUE,0.0672637630143817,0.932736993024073,1728
"West Virginia",2025-02-15,"calendar","cumulative_nb",3241.32930660001,0,0.000190608662986702,TRUE,TRUE,0.0678634992168696,0.932137206831113,1728
"West Virginia",2025-02-15,"compressed","cumulative_poisson",2195.92657970462,0,0.000579570447289957,TRUE,TRUE,0.0878370264328115,0.91216430983263,783
"West Virginia",2025-02-15,"compressed","cumulative_nb",2210.28969754473,0,8.35397318996733e-05,TRUE,TRUE,0.087829163899531,0.912172174269426,783
"West Virginia",2025-03-29,"calendar","cumulative_poisson",3617.57125073133,0,0.000280615935756567,TRUE,TRUE,0.0703158677378544,0.929684772043746,1890
"West Virginia",2025-03-29,"calendar","cumulative_nb",3630.6415654467,0,0.000163181723678241,TRUE,TRUE,0.0702164492995118,0.92978416917338,1890
"West Virginia",2025-03-29,"compressed","cumulative_poisson",2737.55575473116,0,0.000231124222342893,TRUE,TRUE,0.0852416639159972,0.914759517484467,945
"West Virginia",2025-03-29,"compressed","cumulative_nb",2753.1950330912,0,0.000117544418209992,TRUE,TRUE,0.0852505418300132,0.914750641345265,945
"West Virginia",2025-04-26,"calendar","cumulative_poisson",3929.73535578463,0,0.0014993643102672,TRUE,TRUE,0.0710146493450351,0.928986270469789,1998
"West Virginia",2025-04-26,"calendar","cumulative_nb",3944.05445120654,0,0.000553916808926802,TRUE,TRUE,0.0709165225825375,0.929084382055675,1998
"West Virginia",2025-04-26,"compressed","cumulative_poisson",3093.20067284985,0,0.000186293221968059,TRUE,TRUE,0.0846760139285125,0.915325218633206,1053
"West Virginia",2025-04-26,"compressed","cumulative_nb",3109.56724089006,0,0.000216106070602073,TRUE,TRUE,0.0846837053257286,0.915317527498642,1053
"West Virginia",2025-05-31,"calendar","cumulative_poisson",4346.3844608967,0,0.000372309454093722,TRUE,TRUE,0.0715058932868554,0.928495091007294,2133
"West Virginia",2025-05-31,"calendar","cumulative_nb",4361.86724185192,0,4.47242051122287e-05,TRUE,TRUE,0.0714329678468473,0.928568009651097,2133
"West Virginia",2025-05-31,"compressed","cumulative_poisson",3506.48763881108,0,0.00255866098503421,TRUE,TRUE,0.0847387474160467,0.915262546592643,1188
"West Virginia",2025-05-31,"compressed","cumulative_nb",3523.55253340134,0,0.000587154688069802,TRUE,TRUE,0.084746307321165,0.915254987014949,1188
"Wisconsin",2025-01-02,"calendar","cumulative_poisson",3515.47057009886,0,0.00181965192286038,TRUE,TRUE,0.0751689373468695,0.924832349759644,1539
"Wisconsin",2025-01-02,"calendar","cumulative_nb",3531.68244001262,0,6.25880681781044e-05,TRUE,TRUE,0.0751065950132928,0.924894696714691,1539
"Wisconsin",2025-01-02,"compressed","cumulative_poisson",1951.63749579074,0,5.15107479734933e-05,TRUE,TRUE,0.0816276440763332,0.918373328889968,648
"Wisconsin",2025-01-02,"compressed","cumulative_nb",1966.4426476938,0,0.000313735896985246,TRUE,TRUE,0.0816047145695402,0.918396263473304,648
"Wisconsin",2025-02-15,"calendar","cumulative_poisson",4744.62202953459,0,0.00101093178337952,TRUE,TRUE,0.0286867973066555,0.971313283381189,1728
"Wisconsin",2025-02-15,"calendar","cumulative_nb",4564.52540216396,0,0.0013503490176434,TRUE,TRUE,0.0672524973601561,0.932747876546741,1728
"Wisconsin",2025-02-15,"compressed","cumulative_poisson",2435.89745041459,0,9.32775215586878e-05,TRUE,TRUE,0.0812876353569399,0.918713212545547,783
"Wisconsin",2025-02-15,"compressed","cumulative_nb",2451.75859016962,0,0.000698319919225405,TRUE,TRUE,0.0812889728899195,0.918711880084931,783
"Wisconsin",2025-03-29,"calendar","cumulative_poisson",5290.30806111984,0,0.000223871143617771,TRUE,TRUE,0.0696153736896825,0.930386704284575,1890
"Wisconsin",2025-03-29,"calendar","cumulative_nb",5111.25020694796,0,0.00026822327362061,TRUE,TRUE,0.0665992318645718,0.933402754785312,1890
"Wisconsin",2025-03-29,"compressed","cumulative_poisson",3040.73328263962,0,0.000280163087359675,TRUE,TRUE,0.0776412654102325,0.922360005860762,945
"Wisconsin",2025-03-29,"compressed","cumulative_nb",3057.8283446701,0,2.10626431491612e-05,TRUE,TRUE,0.0776382153339121,0.922363035781317,945
"Wisconsin",2025-04-26,"calendar","cumulative_poisson",5666.66177212713,0,0.000141830216191297,TRUE,TRUE,0.07425832426629,0.925746782831471,1998
"Wisconsin",2025-04-26,"calendar","cumulative_nb",5520.67084319377,0,1.66066673168269e-05,TRUE,TRUE,0.0695299514312507,0.930473666277485,1998
"Wisconsin",2025-04-26,"compressed","cumulative_poisson",3433.95182391068,0,0.000168017922425712,TRUE,TRUE,0.0796753805786872,0.920326803865068,1053
"Wisconsin",2025-04-26,"compressed","cumulative_nb",3451.81308489852,0,5.30350492796705e-05,TRUE,TRUE,0.0794049067287785,0.920597216376212,1053
"Wisconsin",2025-05-31,"calendar","cumulative_poisson",6144.14643963841,0,0.00145654904813464,TRUE,TRUE,0.0745877669799087,0.925418520137662,2133
"Wisconsin",2025-05-31,"calendar","cumulative_nb",6040.40067747223,0,0.00381161554690479,TRUE,TRUE,0.0708098001584037,0.929194684633056,2133
"Wisconsin",2025-05-31,"compressed","cumulative_poisson",3899.31223296247,0,0.000323455699825947,TRUE,TRUE,0.081376336008835,0.91862661240533,1188
"Wisconsin",2025-05-31,"compressed","cumulative_nb",3917.97398070705,0,0.000662940025570435,TRUE,TRUE,0.0810798267558671,0.918923048817829,1188
"Wyoming",2025-01-02,"calendar","cumulative_poisson",2540.95193051295,0,0.00015221016880318,TRUE,TRUE,0.0754493413974358,0.92455317567114,1539
"Wyoming",2025-01-02,"calendar","cumulative_nb",2552.47345273755,0,0.000141024255170368,TRUE,TRUE,0.0753509338790634,0.924651590724314,1539
"Wyoming",2025-01-02,"compressed","cumulative_poisson",1477.86547388365,0,4.68272285791826e-05,TRUE,TRUE,0.0863815534418674,0.913619397353141,648
"Wyoming",2025-01-02,"compressed","cumulative_nb",1488.68884030296,0,0.00016526713365816,TRUE,TRUE,0.0862866759701644,0.913714276653659,648
"Wyoming",2025-02-15,"calendar","cumulative_poisson",3054.24720623506,0,0.00157156803046021,TRUE,TRUE,0.0756079165691465,0.924392164501697,1728
"Wyoming",2025-02-15,"calendar","cumulative_nb",3063.24912036154,0,0.000179939623255798,TRUE,TRUE,0.0755984678168487,0.924401632361441,1728
"Wyoming",2025-02-15,"compressed","cumulative_poisson",1833.45285789488,0,5.04716571896324e-05,TRUE,TRUE,0.082488420106462,0.917512243165948,783
"Wyoming",2025-02-15,"compressed","cumulative_nb",1844.85869080606,0,3.74001903308274e-05,TRUE,TRUE,0.0824282944294732,0.917572372857735,783
"Wyoming",2025-03-29,"calendar","cumulative_poisson",3417.53945057892,0,7.75873926481818e-05,TRUE,TRUE,0.075521467539252,0.924479650069444,1890
"Wyoming",2025-03-29,"calendar","cumulative_nb",3427.61900836613,0,0.000462733642040858,TRUE,TRUE,0.0754016215013277,0.924599601522949,1890
"Wyoming",2025-03-29,"compressed","cumulative_poisson",2260.79131840289,0,3.23040118129225e-05,TRUE,TRUE,0.0792606825488781,0.920739889056685,945
"Wyoming",2025-03-29,"compressed","cumulative_nb",2272.88296293008,0,2.39088002836896e-05,TRUE,TRUE,0.0792314091058097,0.920769166607704,945
"Wyoming",2025-04-26,"calendar","cumulative_poisson",3682.11927117411,0,0.000419718287647752,TRUE,TRUE,0.0772948749165767,0.922706455079175,1998
"Wyoming",2025-04-26,"calendar","cumulative_nb",3693.00233603837,0,0.00162351314302445,TRUE,TRUE,0.0772123843735661,0.922789047481394,1998
"Wyoming",2025-04-26,"compressed","cumulative_poisson",2530.97184069894,0,0.000121384539158609,TRUE,TRUE,0.0787797126713774,0.921220874341049,1053
"Wyoming",2025-04-26,"compressed","cumulative_nb",2543.46508062134,0,0.000231061718912851,TRUE,TRUE,0.0787603255396078,0.921240265372872,1053
"Wyoming",2025-05-31,"calendar","cumulative_poisson",4020.09718445313,0,7.15770937567139e-05,TRUE,TRUE,0.0756128168715664,0.924388233091207,2133
"Wyoming",2025-05-31,"calendar","cumulative_nb",4031.78398229151,0,0.00041414101623749,TRUE,TRUE,0.0755482286052328,0.924452887003371,2133
"Wyoming",2025-05-31,"compressed","cumulative_poisson",2852.6335052013,0,4.21634665621617e-05,TRUE,TRUE,0.0781459276466728,0.921854662595601,1188
"Wyoming",2025-05-31,"compressed","cumulative_nb",2865.55436234866,0,0.000212770436193888,TRUE,TRUE,0.0781228813596705,0.921877711966097,1188
